,Age,Attrition,DailyRate,Department,DistanceFromHome,Education,EducationField,EmployeeNumber,Gender,HourlyRate,JobLevel,JobSatisfaction,MaritalStatus,TravelTime,email
0,41,Yes,1102,Sales,1,2,Life Sciences,1,Female,94,2,4,Single,1.6,tq55l9bd@example.com
1,49,No,279,Research & Development,8,1,Life Sciences,2,Male,61,2,2,Married,1.6,qizp0d5j@example.com
2,37,Yes,1373,Research & Development,2,2,Other,4,Male,92,1,3,Single,1.6,b9n6g193@example.com
3,33,No,1392,Research & Development,3,4,Life Sciences,5,Female,56,1,3,Married,1.61,bges57o1@example.com
4,27,No,591,Research & Development,2,1,Medical,7,Male,40,1,2,Married,1.61,g6b2bzx9@example.com
5,32,No,1005,Research & Development,2,2,Life Sciences,8,Male,79,1,4,Single,1.61,be49ne62@example.com
6,59,No,1324,Research & Development,3,3,Medical,10,Female,81,1,1,Married,1.61,gn0xuzq6@example.com
7,30,No,1358,Research & Development,24,1,Life Sciences,11,Male,67,1,3,Divorced,1.61,k2w83259@example.com
8,38,No,216,Research & Development,23,3,Life Sciences,12,Male,44,3,3,Single,1.62,pyx6ravb@example.com
9,36,No,1299,Research & Development,27,3,Medical,13,Male,94,2,3,Married,1.62,g1gzmjhp@example.com
10,35,No,809,Research & Development,16,3,Medical,14,Male,84,1,2,Married,1.62,5bg6juso@example.com
11,29,No,153,Research & Development,15,2,Life Sciences,15,Female,49,2,3,Single,1.62,d38i4991@example.com
12,31,No,670,Research & Development,26,1,Life Sciences,16,Male,31,1,3,Divorced,1.62,7az0zukm@example.com
13,34,No,1346,Research & Development,19,2,Medical,18,Male,93,1,4,Divorced,1.63,bk9kmr34@example.com
14,28,Yes,103,Research & Development,24,3,Life Sciences,19,Male,50,1,3,Single,1.63,8vxxvqm6@example.com
15,29,No,1389,Research & Development,21,4,Life Sciences,20,Female,51,3,1,Divorced,1.63,8rcrm4cr@example.com
16,32,No,334,Research & Development,5,2,Life Sciences,21,Male,80,1,2,Divorced,1.63,n78v8azl@example.com
17,22,No,1123,Research & Development,16,2,Medical,22,Male,96,1,4,Divorced,1.64,gnpx573z@example.com
18,53,No,1219,Sales,2,4,Life Sciences,23,Female,78,4,4,Married,1.64,rz50y8jo@example.com
19,38,No,371,Research & Development,2,3,Life Sciences,24,Male,45,1,4,Single,1.64,2nmp207v@example.com
20,24,No,673,Research & Development,11,2,Other,26,Female,96,2,3,Divorced,1.64,lrnmr64o@example.com
21,36,Yes,1218,Sales,9,4,Life Sciences,27,Male,82,1,1,Single,1.64,dve112pl@example.com
22,34,No,419,Research & Development,7,4,Life Sciences,28,Female,53,3,2,Single,1.65,r3uwacnm@example.com
23,21,No,391,Research & Development,15,2,Life Sciences,30,Male,96,1,4,Single,1.65,herbubep@example.com
24,34,Yes,699,Research & Development,6,1,Medical,31,Male,83,1,1,Single,1.65,km1h6tse@example.com
25,53,No,1282,Research & Development,5,3,Other,32,Female,58,5,3,Divorced,1.65,yxvcqcdg@example.com
26,32,Yes,1125,Research & Development,16,1,Life Sciences,33,Female,72,1,1,Single,1.65,65jwls3r@example.com
27,42,No,691,Sales,8,4,Marketing,35,Male,48,2,2,Married,1.66,25p1a1fv@example.com
28,44,No,477,Research & Development,7,4,Medical,36,Female,42,3,4,Married,1.66,8f793upt@example.com
29,46,No,705,Sales,2,4,Marketing,38,Female,83,5,1,Single,1.66,13os4djx@example.com
30,33,No,924,Research & Development,2,3,Medical,39,Male,78,1,4,Single,1.66,8npfp9f3@example.com
31,44,No,1459,Research & Development,10,4,Other,40,Male,41,2,4,Married,1.66,twglqx35@example.com
32,30,No,125,Research & Development,9,2,Medical,41,Male,83,1,3,Single,1.67,03t1pgve@example.com
33,39,Yes,895,Sales,5,3,Technical Degree,42,Male,56,2,4,Married,1.67,zq1khc3k@example.com
34,24,Yes,813,Research & Development,1,3,Medical,45,Male,61,1,4,Married,1.67,e1lup37m@example.com
35,43,No,1273,Research & Development,2,2,Medical,46,Female,72,1,3,Divorced,1.67,bl87gtx7@example.com
36,50,Yes,869,Sales,3,2,Marketing,47,Male,86,1,3,Married,1.67,zadoq9v7@example.com
37,35,No,890,Sales,2,3,Marketing,49,Female,97,1,4,Married,1.68,gcpfhbkz@example.com
38,36,No,852,Research & Development,5,4,Life Sciences,51,Female,82,1,1,Married,1.68,y3qrizea@example.com
39,33,No,1141,Sales,1,3,Life Sciences,52,Female,42,2,1,Married,1.68,cfap0n7f@example.com
40,35,No,464,Research & Development,4,2,Other,53,Male,75,1,4,Divorced,1.68,j40hmzzw@example.com
41,27,No,1240,Research & Development,2,4,Life Sciences,54,Female,33,1,1,Divorced,1.69,z3pqoq7l@example.com
42,26,Yes,1357,Research & Development,25,3,Life Sciences,55,Male,48,1,3,Single,1.69,igm7orhm@example.com
43,27,No,994,Sales,8,3,Life Sciences,56,Male,37,3,3,Single,1.69,kcjjdjfk@example.com
44,30,No,721,Research & Development,1,2,Medical,57,Female,58,2,4,Single,1.69,s8u15uv1@example.com
45,41,Yes,1360,Research & Development,12,3,Technical Degree,58,Female,49,5,3,Married,1.69,uyxgqr94@example.com
46,34,No,1065,Sales,23,4,Marketing,60,Male,72,2,3,Single,1.7,dopntk7x@example.com
47,37,No,408,Research & Development,19,2,Life Sciences,61,Male,73,1,2,Married,1.7,5eiq4jfe@example.com
48,46,No,1211,Sales,5,4,Marketing,62,Male,98,2,4,Single,1.7,rtnx6s5m@example.com
49,35,No,1229,Research & Development,8,1,Life Sciences,63,Male,36,1,4,Married,1.7,cmd2jymd@example.com
50,48,Yes,626,Research & Development,1,2,Life Sciences,64,Male,98,3,3,Single,1.7,3pwwbych@example.com
51,28,Yes,1434,Research & Development,5,4,Technical Degree,65,Male,50,1,3,Single,1.71,7scot36r@example.com
52,44,No,1488,Sales,1,5,Marketing,68,Female,75,2,1,Divorced,1.71,x9ahjnzg@example.com
53,35,No,1097,Research & Development,11,2,Medical,70,Male,79,3,1,Married,1.71,2b7qefg3@example.com
54,26,No,1443,Sales,23,3,Marketing,72,Female,47,2,4,Married,1.71,6sp1hort@example.com
55,33,No,515,Research & Development,1,2,Life Sciences,73,Female,98,3,4,Single,1.71,n81yuswg@example.com
56,35,No,853,Sales,18,5,Life Sciences,74,Male,71,3,1,Married,1.72,nszobrsg@example.com
57,35,No,1142,Research & Development,23,4,Medical,75,Female,30,1,1,Married,1.72,7shx7bls@example.com
58,31,No,655,Research & Development,7,4,Life Sciences,76,Male,48,2,4,Divorced,1.72,aj15mpwb@example.com
59,37,No,1115,Research & Development,1,4,Life Sciences,77,Male,51,2,3,Divorced,1.72,sv59016m@example.com
60,32,No,427,Research & Development,1,3,Medical,78,Male,33,2,4,Married,1.72,gwnndc7p@example.com
61,38,No,653,Research & Development,29,5,Life Sciences,79,Female,50,2,4,Single,1.73,pfug345i@example.com
62,50,No,989,Research & Development,7,2,Medical,80,Female,43,5,3,Divorced,1.73,i34hkhzf@example.com
63,59,No,1435,Sales,25,3,Life Sciences,81,Female,99,3,1,Single,1.73,ba497awm@example.com
64,36,No,1223,Research & Development,8,3,Technical Degree,83,Female,59,3,3,Divorced,1.73,jh5vw2gi@example.com
65,55,No,836,Research & Development,8,3,Medical,84,Female,33,4,3,Divorced,1.73,crjqqyru@example.com
66,36,No,1195,Research & Development,11,3,Life Sciences,85,Male,95,2,2,Single,1.74,mcawejkb@example.com
67,45,No,1339,Research & Development,7,3,Life Sciences,86,Male,59,3,1,Divorced,1.74,2udfiya5@example.com
68,35,No,664,Research & Development,1,3,Medical,88,Male,79,1,1,Married,1.74,qyclxces@example.com
69,36,Yes,318,Research & Development,9,3,Medical,90,Male,79,1,3,Married,1.74,saau52cl@example.com
70,59,No,1225,Sales,1,1,Life Sciences,91,Female,57,2,3,Single,1.75,etl5ov6y@example.com
71,29,No,1328,Research & Development,2,3,Life Sciences,94,Male,76,1,2,Married,1.75,e241y8lz@example.com
72,31,No,1082,Research & Development,1,4,Medical,95,Male,87,1,2,Single,1.75,oygcfwng@example.com
73,32,No,548,Research & Development,1,3,Life Sciences,96,Male,66,2,2,Married,1.75,4br7n74s@example.com
74,36,No,132,Research & Development,6,3,Life Sciences,97,Female,55,1,4,Married,1.75,mg51bixa@example.com
75,31,No,746,Research & Development,8,4,Life Sciences,98,Female,61,2,4,Single,1.76,vholsmv4@example.com
76,35,No,776,Sales,1,4,Marketing,100,Male,32,2,1,Single,1.76,s060lg6r@example.com
77,45,No,193,Research & Development,6,4,Other,101,Male,52,3,1,Married,1.76,ypj1lmpo@example.com
78,37,No,397,Research & Development,7,4,Medical,102,Male,30,3,3,Single,1.76,wbz0095t@example.com
79,46,No,945,Human Resources,5,2,Medical,103,Male,80,2,2,Divorced,1.76,25y7u48m@example.com
80,30,No,852,Research & Development,1,1,Life Sciences,104,Male,55,2,4,Married,1.77,bvib0z3q@example.com
81,35,No,1214,Research & Development,1,3,Medical,105,Male,30,1,3,Single,1.77,wl9ialra@example.com
82,55,No,111,Sales,1,2,Life Sciences,106,Male,70,3,4,Married,1.77,lu5u960j@example.com
83,38,No,573,Research & Development,6,3,Medical,107,Female,79,2,4,Divorced,1.77,21o24mqh@example.com
84,34,No,1153,Research & Development,1,2,Medical,110,Male,94,2,2,Married,1.77,27xfumta@example.com
85,56,No,1400,Research & Development,7,3,Life Sciences,112,Male,49,3,4,Single,1.78,m5m756q2@example.com
86,23,No,541,Sales,2,1,Technical Degree,113,Male,62,1,1,Divorced,1.78,58m4gmos@example.com
87,51,No,432,Research & Development,9,4,Life Sciences,116,Male,96,1,4,Married,1.78,i5sxfg3x@example.com
88,30,No,288,Research & Development,2,3,Life Sciences,117,Male,99,2,4,Married,1.78,7u43ru65@example.com
89,46,Yes,669,Sales,9,2,Medical,118,Male,64,3,4,Single,1.78,cy2slcaq@example.com
90,40,No,530,Research & Development,1,4,Life Sciences,119,Male,78,4,2,Married,1.79,0bdf3wbu@example.com
91,51,No,632,Sales,21,4,Marketing,120,Male,71,2,4,Single,1.79,u1eqv2wo@example.com
92,30,No,1334,Sales,4,2,Medical,121,Female,63,2,2,Divorced,1.79,gbp69jln@example.com
93,46,No,638,Research & Development,1,3,Medical,124,Male,40,3,1,Married,1.79,4hpkpgl8@example.com
94,32,No,1093,Sales,6,4,Medical,125,Male,87,2,3,Single,1.8,ur0ngup1@example.com
95,54,No,1217,Research & Development,2,4,Technical Degree,126,Female,60,3,3,Married,1.8,ek06dvj0@example.com
96,24,No,1353,Sales,3,2,Other,128,Female,33,2,3,Married,1.8,bf0fiz3w@example.com
97,28,No,120,Sales,4,3,Medical,129,Male,43,2,3,Married,1.8,bpqkuqpv@example.com
98,58,No,682,Sales,10,4,Medical,131,Male,37,4,3,Single,1.8,zhr5vx5f@example.com
99,44,No,489,Research & Development,23,3,Medical,132,Male,67,2,2,Married,1.81,lqmtlixk@example.com
100,37,Yes,807,Human Resources,6,4,Human Resources,133,Male,63,1,1,Divorced,1.81,dbcurb9r@example.com
101,32,No,827,Research & Development,1,1,Life Sciences,134,Male,71,1,1,Single,1.81,9j59dn9i@example.com
102,20,Yes,871,Research & Development,6,3,Life Sciences,137,Female,66,1,4,Single,1.81,fkv1ghrl@example.com
103,34,No,665,Research & Development,6,4,Other,138,Female,41,2,3,Single,1.81,b07rozke@example.com
104,37,No,1040,Research & Development,2,2,Life Sciences,139,Male,100,2,4,Divorced,1.82,x32is9nw@example.com
105,59,No,1420,Human Resources,2,4,Human Resources,140,Female,32,5,4,Married,1.82,erp1o43x@example.com
106,50,No,1115,Research & Development,1,3,Life Sciences,141,Female,73,5,2,Married,1.82,adtkpik0@example.com
107,25,Yes,240,Sales,5,3,Marketing,142,Male,46,2,3,Single,1.82,439a6o00@example.com
108,25,No,1280,Research & Development,7,1,Medical,143,Male,64,1,4,Married,1.82,9x9y0ent@example.com
109,22,No,534,Research & Development,15,3,Medical,144,Female,59,1,4,Single,1.83,pmpitu7u@example.com
110,51,No,1456,Research & Development,1,4,Medical,145,Female,30,3,1,Single,1.83,3i1a2liv@example.com
111,34,Yes,658,Research & Development,7,3,Life Sciences,147,Male,66,2,3,Single,1.83,g8m1s63b@example.com
112,54,No,142,Human Resources,26,3,Human Resources,148,Female,30,4,4,Single,1.83,vxbbewj2@example.com
113,24,No,1127,Research & Development,18,1,Life Sciences,150,Male,52,1,3,Married,1.83,l5ibvjxx@example.com
114,34,No,1031,Research & Development,6,4,Life Sciences,151,Female,45,2,2,Divorced,1.84,c28m5554@example.com
115,37,No,1189,Sales,3,3,Life Sciences,152,Male,87,3,4,Single,1.84,r5pvarn9@example.com
116,34,No,1354,Research & Development,5,3,Medical,153,Female,45,3,1,Single,1.84,glymgnu4@example.com
117,36,No,1467,Sales,11,2,Technical Degree,154,Female,92,3,4,Married,1.84,06y7gqpb@example.com
118,36,No,922,Research & Development,3,2,Life Sciences,155,Female,39,1,4,Divorced,1.84,4jktxufy@example.com
119,43,No,394,Sales,26,2,Life Sciences,158,Male,92,4,4,Married,1.85,t6zb4t72@example.com
120,30,No,1312,Research & Development,23,3,Life Sciences,159,Male,96,1,3,Divorced,1.85,2lnz05o2@example.com
121,33,No,750,Sales,22,2,Marketing,160,Male,95,2,2,Married,1.85,a0xooz31@example.com
122,56,Yes,441,Research & Development,14,4,Life Sciences,161,Female,72,1,2,Married,1.85,es4twveu@example.com
123,51,No,684,Research & Development,6,3,Life Sciences,162,Male,51,5,3,Single,1.86,zhpd47s2@example.com
124,31,Yes,249,Sales,6,4,Life Sciences,163,Male,76,2,3,Married,1.86,w8sw3dm8@example.com
125,26,No,841,Research & Development,6,3,Other,164,Female,46,1,2,Married,1.86,3mdp3xkf@example.com
126,58,Yes,147,Research & Development,23,4,Medical,165,Female,94,3,4,Married,1.86,6q3svjof@example.com
127,19,Yes,528,Sales,22,1,Marketing,167,Male,50,1,3,Single,1.86,j4j96osq@example.com
128,22,No,594,Research & Development,2,1,Technical Degree,169,Male,100,1,4,Married,1.87,kgc324ul@example.com
129,49,No,470,Research & Development,20,4,Medical,170,Female,96,2,1,Married,1.87,3nks4g97@example.com
130,43,No,957,Research & Development,28,3,Medical,171,Female,72,1,3,Single,1.87,0gd9kb84@example.com
131,50,No,809,Sales,12,3,Marketing,174,Female,77,3,4,Single,1.87,57s1w6yg@example.com
132,31,Yes,542,Sales,20,3,Life Sciences,175,Female,71,2,3,Married,1.87,qxhcrdyp@example.com
133,41,No,802,Sales,9,1,Life Sciences,176,Male,96,3,3,Divorced,1.88,zucb2a4t@example.com
134,26,No,1355,Human Resources,25,1,Life Sciences,177,Female,61,1,3,Married,1.88,dwsadsty@example.com
135,36,No,216,Research & Development,6,2,Medical,178,Male,84,2,2,Divorced,1.88,3fh31fb9@example.com
136,51,Yes,1150,Research & Development,8,4,Life Sciences,179,Male,53,3,4,Single,1.88,0ryxcf02@example.com
137,39,No,1329,Sales,4,4,Life Sciences,182,Female,47,2,3,Married,1.88,0wpioj99@example.com
138,25,No,959,Sales,28,3,Life Sciences,183,Male,41,2,3,Married,1.89,wftn37nb@example.com
139,30,No,1240,Human Resources,9,3,Human Resources,184,Male,48,2,4,Married,1.89,avmraeto@example.com
140,32,Yes,1033,Research & Development,9,3,Medical,190,Female,41,1,1,Single,1.89,temk5kel@example.com
141,45,No,1316,Research & Development,29,3,Medical,192,Male,83,1,4,Single,1.89,7odjwwmg@example.com
142,38,No,364,Research & Development,3,5,Technical Degree,193,Female,32,2,3,Single,1.89,pkgoxvj1@example.com
143,30,No,438,Research & Development,18,3,Life Sciences,194,Female,75,1,3,Single,1.9,vac0axtq@example.com
144,32,No,689,Sales,9,2,Medical,195,Male,35,2,4,Divorced,1.9,7sxjeplh@example.com
145,30,No,201,Research & Development,5,3,Technical Degree,197,Female,84,1,1,Divorced,1.9,u8h7ox5p@example.com
146,30,No,1427,Research & Development,2,1,Medical,198,Male,35,1,4,Single,1.9,lmfp633q@example.com
147,41,No,857,Research & Development,10,3,Life Sciences,199,Male,91,4,1,Divorced,1.91,fmgxtk39@example.com
148,41,No,933,Research & Development,9,4,Life Sciences,200,Male,94,1,1,Married,1.91,41l7m20l@example.com
149,19,No,1181,Research & Development,3,1,Medical,201,Female,79,1,2,Single,1.91,5tmf33gd@example.com
150,40,No,1395,Research & Development,26,3,Medical,202,Female,54,2,2,Divorced,1.91,785q5v4w@example.com
151,35,No,662,Sales,1,5,Marketing,204,Male,94,3,2,Married,1.91,31bawddx@example.com
152,53,No,1436,Sales,6,2,Marketing,205,Male,34,2,3,Married,1.92,tf26sqvp@example.com
153,45,No,194,Research & Development,9,3,Life Sciences,206,Male,60,2,2,Divorced,1.92,qrqkncfl@example.com
154,32,No,967,Sales,8,3,Marketing,207,Female,43,3,4,Single,1.92,eaiglcb5@example.com
155,29,No,1496,Research & Development,1,1,Technical Degree,208,Male,41,2,3,Married,1.92,fhkcrhyz@example.com
156,51,No,1169,Research & Development,7,4,Medical,211,Male,34,2,3,Married,1.92,u69qzucf@example.com
157,58,No,1145,Research & Development,9,3,Medical,214,Female,75,1,2,Married,1.93,78hofaxr@example.com
158,40,No,630,Sales,4,4,Marketing,215,Male,67,3,4,Married,1.93,a2j1q8wu@example.com
159,34,No,303,Sales,2,4,Marketing,216,Female,75,1,3,Married,1.93,03dn2z4i@example.com
160,22,No,1256,Research & Development,19,1,Medical,217,Male,80,1,4,Married,1.93,36z2xtb7@example.com
161,27,No,691,Research & Development,9,3,Medical,218,Male,57,1,2,Divorced,1.93,v7cxodt2@example.com
162,28,No,440,Research & Development,21,3,Medical,221,Male,42,1,4,Married,1.94,8026x1cq@example.com
163,57,No,334,Research & Development,24,2,Life Sciences,223,Male,83,3,4,Divorced,1.94,igmdwnjs@example.com
164,27,No,1450,Research & Development,3,3,Medical,224,Male,79,1,3,Divorced,1.94,ewm9ldx4@example.com
165,50,No,1452,Research & Development,11,3,Life Sciences,226,Female,53,5,2,Single,1.94,bvee5m79@example.com
166,41,No,465,Research & Development,14,3,Life Sciences,227,Male,56,1,3,Divorced,1.94,hu4ybfgm@example.com
167,30,No,1339,Sales,5,3,Life Sciences,228,Female,41,3,4,Married,1.95,mj5wxo4g@example.com
168,38,No,702,Sales,1,4,Life Sciences,230,Female,59,2,4,Single,1.95,hlkvhq8f@example.com
169,32,No,120,Research & Development,6,5,Life Sciences,231,Male,43,1,3,Single,1.95,7up4oek6@example.com
170,27,No,1157,Research & Development,17,3,Technical Degree,233,Male,51,1,2,Married,1.95,7od86fqr@example.com
171,19,Yes,602,Sales,1,1,Technical Degree,235,Female,100,1,1,Single,1.96,03dbr9yb@example.com
172,36,No,1480,Research & Development,3,2,Medical,238,Male,30,1,2,Single,1.96,jyllrsa6@example.com
173,30,No,111,Research & Development,9,3,Medical,239,Male,66,2,1,Divorced,1.96,e63o9n8s@example.com
174,45,No,1268,Sales,4,2,Life Sciences,240,Female,30,2,1,Divorced,1.96,i6a7ekgn@example.com
175,56,No,713,Research & Development,8,3,Life Sciences,241,Female,67,1,1,Divorced,1.96,hku33egn@example.com
176,33,No,134,Research & Development,2,3,Life Sciences,242,Male,90,1,4,Single,1.97,hadcxryy@example.com
177,19,Yes,303,Research & Development,2,3,Life Sciences,243,Male,47,1,4,Single,1.97,6x2255e9@example.com
178,46,No,526,Sales,1,2,Marketing,244,Female,92,3,1,Divorced,1.97,7pua1jpj@example.com
179,38,No,1380,Research & Development,9,2,Life Sciences,245,Female,75,1,4,Single,1.97,5mul23dd@example.com
180,31,No,140,Research & Development,12,1,Medical,246,Female,95,1,4,Married,1.97,u60dqggz@example.com
181,34,No,629,Research & Development,27,2,Medical,247,Female,95,1,2,Single,1.98,95slqlr3@example.com
182,41,Yes,1356,Sales,20,2,Marketing,248,Female,70,1,2,Single,1.98,syjgeb9a@example.com
183,50,No,328,Research & Development,1,3,Medical,249,Male,86,1,3,Married,1.98,qufm749r@example.com
184,53,No,1084,Research & Development,13,2,Medical,250,Female,57,2,1,Divorced,1.98,n7uo0l9v@example.com
185,33,No,931,Research & Development,14,3,Medical,252,Female,72,1,2,Married,1.98,3ctpmsr7@example.com
186,40,No,989,Research & Development,4,1,Medical,253,Female,46,5,3,Married,1.99,113n8vb5@example.com
187,55,No,692,Research & Development,14,4,Medical,254,Male,61,5,2,Single,1.99,fxgz1h0b@example.com
188,34,No,1069,Research & Development,2,1,Life Sciences,256,Male,45,2,3,Married,1.99,8x1dmw84@example.com
189,51,No,313,Research & Development,3,3,Medical,258,Female,98,4,2,Single,1.99,vu72vazq@example.com
190,52,No,699,Research & Development,1,4,Life Sciences,259,Male,65,5,3,Married,1.99,a1q10vj1@example.com
191,27,No,894,Research & Development,9,3,Medical,260,Female,99,1,2,Single,2.0,qb8hu5hw@example.com
192,35,Yes,556,Research & Development,23,2,Life Sciences,261,Male,50,2,3,Married,2.0,t3vte7h0@example.com
193,43,No,1344,Research & Development,7,3,Medical,262,Male,37,1,4,Divorced,2.0,5k70sryo@example.com
194,45,No,1195,Research & Development,2,2,Medical,264,Male,65,4,4,Married,2.0,lbn31c18@example.com
195,37,No,290,Research & Development,21,3,Life Sciences,267,Male,65,1,1,Married,2.0,35h223kt@example.com
196,35,No,138,Research & Development,2,3,Medical,269,Female,37,2,2,Single,2.01,bw34t30d@example.com
197,42,No,926,Research & Development,21,2,Medical,270,Female,36,2,3,Divorced,2.01,fgwplvr2@example.com
198,38,No,1261,Research & Development,2,4,Life Sciences,271,Male,88,2,3,Married,2.01,bocdme34@example.com
199,38,No,1084,Research & Development,29,3,Technical Degree,273,Male,54,2,4,Married,2.01,v8ugye0u@example.com
200,27,No,472,Research & Development,1,1,Technical Degree,274,Male,60,2,1,Married,2.02,ll879k9g@example.com
201,49,No,1002,Research & Development,18,4,Life Sciences,275,Male,92,2,4,Divorced,2.02,h4z2r1gj@example.com
202,34,No,878,Research & Development,10,4,Medical,277,Male,43,1,3,Divorced,2.02,bueuyjkk@example.com
203,40,No,905,Research & Development,19,2,Medical,281,Male,99,2,4,Married,2.02,dj7mvslc@example.com
204,38,Yes,1180,Research & Development,29,1,Medical,282,Male,70,2,1,Married,2.02,65t1bhi4@example.com
205,29,Yes,121,Sales,27,3,Marketing,283,Female,35,3,4,Married,2.03,mnd3fbts@example.com
206,22,No,1136,Research & Development,5,3,Life Sciences,284,Male,60,1,2,Divorced,2.03,mc2391im@example.com
207,36,No,635,Research & Development,18,1,Medical,286,Female,73,1,4,Single,2.03,f2ehnabs@example.com
208,40,No,1151,Research & Development,9,5,Life Sciences,287,Male,63,2,4,Married,2.03,t7ucx8gb@example.com
209,46,No,644,Research & Development,1,4,Medical,288,Male,97,3,1,Divorced,2.03,7sgmu6p2@example.com
210,32,Yes,1045,Sales,4,4,Medical,291,Male,32,3,4,Married,2.04,7lt7hmqu@example.com
211,30,No,829,Research & Development,1,1,Life Sciences,292,Male,88,3,3,Single,2.04,p2agyug6@example.com
212,27,No,1242,Sales,20,3,Life Sciences,293,Female,90,2,3,Single,2.04,2g2bzriu@example.com
213,51,No,1469,Research & Development,8,4,Life Sciences,296,Male,81,3,2,Married,2.04,by3ysbc8@example.com
214,30,Yes,1005,Research & Development,3,3,Technical Degree,297,Female,88,1,1,Single,2.04,n625wm3d@example.com
215,41,No,896,Sales,6,3,Life Sciences,298,Female,75,3,4,Single,2.05,0z64ixom@example.com
216,30,Yes,334,Sales,26,4,Marketing,299,Female,52,2,1,Single,2.05,bbtzu1e8@example.com
217,29,Yes,992,Research & Development,1,3,Technical Degree,300,Male,85,1,3,Single,2.05,yew4a7cg@example.com
218,45,No,1052,Sales,6,3,Medical,302,Female,57,3,4,Single,2.05,y4fqqm36@example.com
219,54,No,1147,Sales,3,3,Marketing,303,Female,52,2,1,Married,2.05,mjvxxve4@example.com
220,36,No,1396,Research & Development,5,2,Life Sciences,304,Male,62,2,2,Single,2.06,4pfl1xho@example.com
221,33,No,147,Research & Development,4,4,Medical,305,Female,47,1,2,Married,2.06,p50gkeag@example.com
222,37,No,663,Research & Development,11,3,Other,306,Male,47,3,4,Divorced,2.06,58figli5@example.com
223,38,No,119,Sales,3,3,Life Sciences,307,Male,76,3,3,Divorced,2.06,i5ifgb8i@example.com
224,31,No,979,Research & Development,1,4,Medical,308,Male,90,2,3,Married,2.07,ayq0wybv@example.com
225,59,No,142,Research & Development,3,3,Life Sciences,309,Male,70,1,4,Married,2.07,rbwot4uu@example.com
226,37,No,319,Sales,4,4,Marketing,311,Male,41,1,4,Divorced,2.07,plxmuifu@example.com
227,29,No,1413,Sales,1,1,Medical,312,Female,42,3,4,Married,2.07,bvhctmnj@example.com
228,35,No,944,Sales,1,3,Marketing,314,Female,92,3,3,Single,2.07,uqcnd6mt@example.com
229,29,Yes,896,Research & Development,18,1,Medical,315,Male,86,1,4,Single,2.08,hb2fjawg@example.com
230,52,No,1323,Research & Development,2,3,Life Sciences,316,Female,89,1,4,Single,2.08,vgrquuw1@example.com
231,42,No,532,Research & Development,4,2,Technical Degree,319,Male,58,5,4,Married,2.08,ktn06621@example.com
232,59,No,818,Human Resources,6,2,Medical,321,Male,52,1,3,Married,2.08,lzicyiwe@example.com
233,50,No,854,Sales,1,4,Medical,323,Female,68,5,4,Divorced,2.08,au1wtbeo@example.com
234,33,Yes,813,Research & Development,14,3,Medical,325,Male,58,1,4,Married,2.09,lqn989s9@example.com
235,43,No,1034,Sales,16,3,Marketing,327,Female,80,4,4,Married,2.09,dt0hkpt4@example.com
236,33,Yes,465,Research & Development,2,2,Life Sciences,328,Female,39,1,1,Married,2.09,o9611kny@example.com
237,52,No,771,Sales,2,4,Life Sciences,329,Male,79,5,3,Single,2.09,hw6sykc3@example.com
238,32,No,1401,Sales,4,2,Life Sciences,330,Female,56,1,2,Married,2.09,18xq4jbo@example.com
239,32,Yes,515,Research & Development,1,3,Life Sciences,331,Male,62,1,3,Single,2.1,2r5ln161@example.com
240,39,No,1431,Research & Development,1,4,Medical,332,Female,96,1,3,Divorced,2.1,0obxwoty@example.com
241,32,No,976,Sales,26,4,Marketing,333,Male,100,2,4,Married,2.1,jkpnl8lq@example.com
242,41,No,1411,Research & Development,19,2,Life Sciences,334,Male,36,2,1,Divorced,2.1,5ujc0r2d@example.com
243,40,No,1300,Research & Development,24,2,Technical Degree,335,Male,62,2,4,Divorced,2.1,7g0wdq5y@example.com
244,45,No,252,Research & Development,1,3,Other,336,Male,70,5,4,Married,2.11,3r7g7296@example.com
245,31,No,1327,Research & Development,3,4,Medical,337,Male,73,3,3,Divorced,2.11,ar916lvz@example.com
246,33,No,832,Research & Development,5,4,Life Sciences,338,Female,63,1,4,Married,2.11,euq5ou6w@example.com
247,34,No,470,Research & Development,2,4,Life Sciences,339,Male,84,2,1,Married,2.11,bz34g7ks@example.com
248,37,No,1017,Research & Development,1,2,Medical,340,Female,83,1,1,Married,2.11,tspoo86f@example.com
249,45,No,1199,Research & Development,7,4,Life Sciences,341,Male,77,2,3,Married,2.12,3s0o0jh7@example.com
250,37,Yes,504,Research & Development,10,3,Medical,342,Male,61,3,3,Divorced,2.12,f780jdo8@example.com
251,39,No,505,Research & Development,2,4,Technical Degree,343,Female,64,3,3,Single,2.12,baexou9z@example.com
252,29,No,665,Research & Development,15,3,Life Sciences,346,Male,60,1,4,Single,2.12,3am6br48@example.com
253,42,No,916,Research & Development,17,2,Life Sciences,347,Female,82,2,1,Single,2.13,5iw8525w@example.com
254,29,No,1247,Sales,20,2,Marketing,349,Male,45,2,4,Divorced,2.13,xbho6vp6@example.com
255,25,No,685,Research & Development,1,3,Life Sciences,350,Female,62,2,3,Married,2.13,pnq7343m@example.com
256,42,No,269,Research & Development,2,3,Medical,351,Female,56,1,1,Divorced,2.13,layph3e1@example.com
257,40,No,1416,Research & Development,2,2,Medical,352,Male,49,5,3,Divorced,2.13,lo9ogcng@example.com
258,51,No,833,Research & Development,1,3,Life Sciences,353,Male,96,1,4,Married,2.14,lj44upqt@example.com
259,31,Yes,307,Research & Development,29,2,Medical,355,Male,71,1,2,Single,2.14,wtr7xglo@example.com
260,32,No,1311,Research & Development,7,3,Life Sciences,359,Male,100,1,2,Married,2.14,gzqrzu3p@example.com
261,38,No,1327,Sales,2,2,Life Sciences,361,Male,39,2,4,Married,2.14,qu7ar5qd@example.com
262,32,No,128,Research & Development,2,1,Technical Degree,362,Male,84,2,1,Single,2.14,kgfwpci1@example.com
263,46,No,488,Sales,2,3,Technical Degree,363,Female,75,4,2,Married,2.15,5zpa1btz@example.com
264,28,Yes,529,Research & Development,2,4,Life Sciences,364,Male,79,1,3,Single,2.15,fh9ea5it@example.com
265,29,No,1210,Sales,2,3,Medical,366,Male,78,2,2,Married,2.15,y222jxke@example.com
266,31,No,1463,Research & Development,23,3,Medical,367,Male,64,2,4,Married,2.15,dm7jahi6@example.com
267,25,No,675,Research & Development,5,2,Life Sciences,369,Male,85,2,1,Divorced,2.15,ifwct4l7@example.com
268,45,No,1385,Research & Development,20,2,Medical,372,Male,79,4,4,Married,2.16,4cax92gg@example.com
269,36,No,1403,Research & Development,6,3,Life Sciences,373,Male,47,1,4,Married,2.16,s373rllg@example.com
270,55,No,452,Research & Development,1,3,Medical,374,Male,81,5,1,Single,2.16,hh3dfm6i@example.com
271,47,Yes,666,Research & Development,29,4,Life Sciences,376,Male,88,3,2,Married,2.16,u9v64k48@example.com
272,28,No,1158,Research & Development,9,3,Medical,377,Male,94,1,4,Married,2.16,6nrfqinq@example.com
273,37,No,228,Sales,6,4,Medical,378,Male,98,2,4,Married,2.17,ge6lmc1u@example.com
274,21,No,996,Research & Development,3,2,Medical,379,Male,100,1,3,Single,2.17,2yt3fgg0@example.com
275,37,No,728,Research & Development,1,4,Medical,380,Female,80,3,4,Divorced,2.17,rajhzlbp@example.com
276,35,No,1315,Research & Development,22,3,Life Sciences,381,Female,71,3,2,Divorced,2.17,ukuub7la@example.com
277,38,No,322,Sales,7,2,Medical,382,Female,44,2,1,Divorced,2.18,fzo5mca9@example.com
278,26,No,1479,Research & Development,1,3,Life Sciences,384,Female,84,2,2,Divorced,2.18,kijfn4u3@example.com
279,50,No,797,Research & Development,4,1,Life Sciences,385,Male,96,5,2,Divorced,2.18,ly9a5g7j@example.com
280,53,No,1070,Research & Development,3,4,Medical,386,Male,45,4,3,Married,2.18,jv9ebfqu@example.com
281,42,No,635,Sales,1,1,Life Sciences,387,Male,99,2,3,Married,2.18,w0njyj4q@example.com
282,29,No,442,Sales,2,2,Life Sciences,388,Male,44,2,4,Single,2.19,mjsmoxhq@example.com
283,55,No,147,Research & Development,20,2,Technical Degree,389,Male,37,2,4,Married,2.19,blfrzp1f@example.com
284,26,No,496,Research & Development,11,2,Medical,390,Male,60,2,1,Married,2.19,0u98trtf@example.com
285,37,No,1372,Research & Development,1,3,Life Sciences,391,Female,42,1,4,Single,2.19,gopginar@example.com
286,44,Yes,920,Research & Development,24,3,Life Sciences,392,Male,43,1,3,Divorced,2.19,ws18fntu@example.com
287,38,No,688,Research & Development,23,4,Life Sciences,393,Male,82,2,4,Divorced,2.2,jszcg7x4@example.com
288,26,Yes,1449,Research & Development,16,4,Medical,394,Male,45,1,2,Divorced,2.2,58a2mq4a@example.com
289,28,No,1117,Research & Development,8,2,Life Sciences,395,Female,66,1,4,Single,2.2,45zkqz8y@example.com
290,49,No,636,Research & Development,10,4,Life Sciences,396,Female,35,5,1,Single,2.2,cfbvguy1@example.com
291,36,No,506,Research & Development,3,3,Technical Degree,397,Male,30,2,2,Single,2.2,6qzt2i32@example.com
292,31,No,444,Sales,5,3,Marketing,399,Female,84,1,2,Divorced,2.21,5u0sulum@example.com
293,26,Yes,950,Sales,4,4,Marketing,401,Male,48,2,4,Single,2.21,83sekhxc@example.com
294,37,No,889,Research & Development,9,3,Medical,403,Male,53,1,4,Married,2.21,2dsiywk1@example.com
295,42,No,555,Sales,26,3,Marketing,404,Female,77,4,2,Married,2.21,ddbi0uii@example.com
296,18,Yes,230,Research & Development,3,3,Life Sciences,405,Male,54,1,3,Single,2.21,4l60pi3v@example.com
297,35,No,1232,Sales,16,3,Marketing,406,Male,96,3,2,Married,2.22,dm76qiaq@example.com
298,36,No,566,Research & Development,18,4,Life Sciences,407,Male,81,1,4,Married,2.22,osuxsdhu@example.com
299,51,No,1302,Research & Development,2,3,Medical,408,Male,84,2,2,Divorced,2.22,utpj3km4@example.com
300,41,No,334,Sales,2,4,Life Sciences,410,Male,88,4,2,Single,2.22,zpdxv7kw@example.com
301,18,No,812,Sales,10,3,Medical,411,Female,69,1,3,Single,2.22,311hs7ta@example.com
302,28,No,1476,Research & Development,16,2,Medical,412,Male,68,2,1,Single,2.23,azlnrkq8@example.com
303,31,No,218,Sales,7,3,Technical Degree,416,Male,100,2,4,Married,2.23,uvl3lv4j@example.com
304,39,No,1132,Research & Development,1,3,Medical,417,Male,48,3,4,Divorced,2.23,f2ty08of@example.com
305,36,No,1105,Research & Development,24,4,Life Sciences,419,Female,47,2,2,Married,2.23,b5oc8exd@example.com
306,32,No,906,Sales,7,3,Life Sciences,420,Male,91,2,3,Married,2.24,d642zo23@example.com
307,38,No,849,Research & Development,25,2,Life Sciences,421,Female,81,3,2,Married,2.24,cnjpxl1b@example.com
308,58,No,390,Research & Development,1,4,Life Sciences,422,Male,32,2,3,Divorced,2.24,bulrdew9@example.com
309,31,No,691,Research & Development,5,4,Technical Degree,423,Male,86,1,4,Married,2.24,xdqb5unc@example.com
310,31,No,106,Human Resources,2,3,Human Resources,424,Male,62,2,1,Married,2.24,12xvebot@example.com
311,45,No,1249,Research & Development,7,3,Life Sciences,425,Male,97,3,1,Divorced,2.25,5p8fl7ss@example.com
312,31,No,192,Research & Development,2,4,Life Sciences,426,Male,32,1,4,Divorced,2.25,sg4f3pgl@example.com
313,33,No,553,Research & Development,5,4,Life Sciences,428,Female,74,3,2,Married,2.25,bcp0nsjh@example.com
314,39,No,117,Research & Development,10,1,Medical,429,Male,99,4,1,Married,2.25,xv7lxy38@example.com
315,43,No,185,Research & Development,10,4,Life Sciences,430,Female,33,1,4,Single,2.25,nz3luute@example.com
316,49,No,1091,Research & Development,1,2,Technical Degree,431,Female,90,4,3,Single,2.26,pckrtji3@example.com
317,52,Yes,723,Research & Development,8,4,Medical,433,Male,85,2,2,Married,2.26,0y7y38db@example.com
318,27,No,1220,Research & Development,5,3,Life Sciences,434,Female,85,1,2,Single,2.26,5g0lrrng@example.com
319,32,No,588,Sales,8,2,Technical Degree,436,Female,65,2,2,Married,2.26,koz1t1ic@example.com
320,27,No,1377,Sales,2,3,Life Sciences,437,Male,74,2,3,Single,2.26,zd3v5qpr@example.com
321,31,No,691,Sales,7,3,Marketing,438,Male,73,2,4,Divorced,2.27,dcmka02x@example.com
322,32,No,1018,Research & Development,2,4,Medical,439,Female,74,2,4,Single,2.27,t7q19iu8@example.com
323,28,Yes,1157,Research & Development,2,4,Medical,440,Male,84,1,4,Married,2.27,gsvcu7kn@example.com
324,30,No,1275,Research & Development,28,2,Medical,441,Female,64,2,4,Married,2.27,r5me2c1a@example.com
325,31,No,798,Research & Development,7,2,Life Sciences,442,Female,48,3,3,Married,2.27,uf5zdnle@example.com
326,39,No,672,Research & Development,7,2,Medical,444,Male,54,5,4,Married,2.28,q1oaz4nj@example.com
327,39,Yes,1162,Sales,3,2,Medical,445,Female,41,2,3,Married,2.28,j5ukoubo@example.com
328,33,No,508,Sales,10,3,Marketing,446,Male,46,2,4,Single,2.28,dvwkd6fw@example.com
329,47,No,1482,Research & Development,5,5,Life Sciences,447,Male,42,5,3,Married,2.28,9og7t00c@example.com
330,43,No,559,Research & Development,10,4,Life Sciences,448,Female,82,2,3,Divorced,2.29,8wa08ahj@example.com
331,27,No,210,Sales,1,1,Marketing,449,Male,73,2,2,Married,2.29,0a6k0gmh@example.com
332,54,No,928,Research & Development,20,4,Life Sciences,450,Female,31,2,3,Single,2.29,67e0wkdr@example.com
333,43,No,1001,Research & Development,7,3,Life Sciences,451,Female,43,3,1,Married,2.29,wn64jos9@example.com
334,45,No,549,Research & Development,8,4,Other,452,Male,75,2,4,Married,2.29,eer7fk9o@example.com
335,40,No,1124,Sales,1,2,Medical,453,Male,57,2,4,Married,2.3,hfct7e7i@example.com
336,29,Yes,318,Research & Development,8,4,Other,454,Male,77,1,1,Married,2.3,wvc0u4xn@example.com
337,29,No,738,Research & Development,9,5,Other,455,Male,30,1,4,Single,2.3,7ao5zqzn@example.com
338,30,No,570,Sales,5,3,Marketing,456,Female,30,2,3,Divorced,2.3,syl16hln@example.com
339,27,No,1130,Sales,8,4,Marketing,458,Female,56,2,2,Married,2.3,fzsfbqez@example.com
340,37,No,1192,Research & Development,5,2,Medical,460,Male,61,2,4,Divorced,2.31,sj8ro204@example.com
341,38,No,343,Research & Development,15,2,Life Sciences,461,Male,92,3,4,Divorced,2.31,pvfcnpwh@example.com
342,31,No,1232,Research & Development,7,4,Medical,462,Female,39,3,4,Single,2.31,x8cag6e6@example.com
343,29,No,144,Sales,10,1,Marketing,463,Female,39,2,2,Divorced,2.31,dru13kfp@example.com
344,35,No,1296,Research & Development,5,4,Technical Degree,464,Male,62,3,2,Single,2.31,8br4uikh@example.com
345,23,No,1309,Research & Development,26,1,Life Sciences,465,Male,83,1,4,Divorced,2.32,1a4y5ddf@example.com
346,41,No,483,Research & Development,6,3,Medical,466,Male,95,2,2,Single,2.32,iy8h78yq@example.com
347,47,No,1309,Sales,4,1,Medical,467,Male,99,2,3,Single,2.32,3sbge1ct@example.com
348,42,No,810,Research & Development,23,5,Life Sciences,468,Female,44,4,4,Single,2.32,pf3ivuis@example.com
349,29,No,746,Sales,2,3,Life Sciences,469,Male,61,2,3,Married,2.32,c07jqz0k@example.com
350,42,No,544,Human Resources,2,1,Technical Degree,470,Male,52,1,3,Divorced,2.33,oxo1ntv0@example.com
351,32,No,1062,Research & Development,2,3,Medical,471,Female,75,1,2,Married,2.33,jxzaytya@example.com
352,48,No,530,Sales,29,1,Medical,473,Female,91,3,3,Married,2.33,4ewagr7m@example.com
353,37,No,1319,Research & Development,6,3,Medical,474,Male,51,2,1,Divorced,2.33,yjnwcnho@example.com
354,30,No,641,Sales,25,2,Technical Degree,475,Female,85,2,3,Married,2.33,gzhzj3k9@example.com
355,26,No,933,Sales,1,3,Life Sciences,476,Male,57,2,3,Married,2.34,f8km3760@example.com
356,42,No,1332,Research & Development,2,4,Other,477,Male,98,2,4,Single,2.34,yx9uwcyb@example.com
357,21,Yes,756,Sales,1,1,Technical Degree,478,Female,99,1,2,Single,2.34,nzqifhv2@example.com
358,36,No,845,Sales,1,5,Medical,479,Female,45,2,4,Single,2.34,w2y4vxep@example.com
359,36,No,541,Sales,3,4,Medical,481,Male,48,3,4,Married,2.35,10uqe3xe@example.com
360,57,No,593,Research & Development,1,4,Medical,482,Male,88,2,3,Married,2.35,19cin00n@example.com
361,40,No,1171,Research & Development,10,4,Life Sciences,483,Female,46,1,3,Married,2.35,o89ermrt@example.com
362,21,No,895,Sales,9,2,Medical,484,Male,39,1,4,Single,2.35,38qx5ijh@example.com
363,33,Yes,350,Sales,5,3,Marketing,485,Female,34,1,3,Single,2.35,4im5ouoi@example.com
364,37,No,921,Research & Development,10,3,Medical,486,Female,98,1,1,Married,2.36,e1hvytsw@example.com
365,46,No,1144,Research & Development,7,4,Medical,487,Female,30,2,3,Married,2.36,121emt8u@example.com
366,41,Yes,143,Sales,4,3,Marketing,488,Male,56,2,2,Single,2.36,t7715t9v@example.com
367,50,No,1046,Research & Development,10,3,Technical Degree,491,Male,100,3,4,Single,2.36,lns8h2su@example.com
368,40,Yes,575,Sales,22,2,Marketing,492,Male,68,2,3,Married,2.36,ixjg0505@example.com
369,31,No,408,Research & Development,9,4,Life Sciences,493,Male,42,1,2,Single,2.37,800ecthh@example.com
370,21,Yes,156,Sales,12,3,Life Sciences,494,Female,90,1,2,Single,2.37,5m06yw7c@example.com
371,29,No,1283,Research & Development,23,3,Life Sciences,495,Male,54,1,4,Single,2.37,eh5hwl5k@example.com
372,35,No,755,Research & Development,9,4,Life Sciences,496,Male,97,2,2,Single,2.37,3zmtfs9k@example.com
373,27,No,1469,Research & Development,1,2,Medical,497,Male,82,1,2,Divorced,2.37,gp4w72eh@example.com
374,28,No,304,Sales,9,4,Life Sciences,498,Male,92,2,4,Single,2.38,tsap0oz1@example.com
375,49,No,1261,Research & Development,7,3,Other,499,Male,31,3,3,Single,2.38,kfkafkbo@example.com
376,51,No,1178,Sales,14,2,Life Sciences,500,Female,87,2,4,Married,2.38,7vfuarqi@example.com
377,36,No,329,Research & Development,2,3,Life Sciences,501,Female,96,1,3,Married,2.38,0ea1idbd@example.com
378,34,Yes,1362,Sales,19,3,Marketing,502,Male,67,2,4,Single,2.38,4ac0uq9x@example.com
379,55,No,1311,Research & Development,2,3,Life Sciences,505,Female,97,4,4,Single,2.39,k4b7amaq@example.com
380,24,No,1371,Sales,10,4,Marketing,507,Female,77,2,3,Divorced,2.39,i4cqu78j@example.com
381,30,No,202,Sales,2,1,Technical Degree,508,Male,72,1,2,Married,2.39,kj43d4yo@example.com
382,26,Yes,575,Research & Development,3,1,Technical Degree,510,Male,73,1,1,Single,2.39,8foet3aj@example.com
383,22,No,253,Research & Development,11,3,Medical,511,Female,43,1,2,Married,2.4,yqcd49e1@example.com
384,36,No,164,Sales,2,2,Medical,513,Male,61,3,3,Married,2.4,eoxw1qau@example.com
385,30,Yes,464,Research & Development,4,3,Technical Degree,514,Male,40,1,4,Single,2.4,ahwb6uye@example.com
386,37,No,1107,Research & Development,14,3,Life Sciences,515,Female,95,1,1,Divorced,2.4,j9hda34k@example.com
387,40,No,759,Sales,2,2,Marketing,516,Female,46,2,2,Divorced,2.4,ad2qky1q@example.com
388,42,No,201,Research & Development,1,4,Life Sciences,517,Female,95,1,1,Divorced,2.41,ear9nyyk@example.com
389,37,No,1305,Research & Development,10,4,Life Sciences,518,Male,49,2,2,Single,2.41,47peqiqp@example.com
390,43,No,982,Research & Development,12,3,Life Sciences,520,Male,59,4,2,Divorced,2.41,e0zigou6@example.com
391,40,No,555,Research & Development,2,3,Medical,521,Female,78,2,3,Married,2.41,mc9wh4jf@example.com
392,54,No,821,Research & Development,5,2,Medical,522,Male,86,5,1,Married,2.41,a80exp8i@example.com
393,34,No,1381,Sales,4,4,Marketing,523,Female,72,2,3,Married,2.42,452wyn7p@example.com
394,31,No,480,Research & Development,7,2,Medical,524,Female,31,2,1,Married,2.42,vwjcay4m@example.com
395,43,No,313,Research & Development,21,3,Medical,525,Male,61,1,4,Married,2.42,2tvca5cn@example.com
396,43,No,1473,Research & Development,8,4,Other,526,Female,74,2,3,Divorced,2.42,wu626x8e@example.com
397,25,No,891,Sales,4,2,Life Sciences,527,Female,99,2,4,Single,2.42,a5rumwvk@example.com
398,37,No,1063,Research & Development,25,5,Medical,529,Female,72,2,3,Married,2.43,8n7y28qc@example.com
399,31,No,329,Research & Development,1,2,Life Sciences,530,Male,98,1,1,Married,2.43,aqggcm80@example.com
400,39,No,1218,Research & Development,1,1,Life Sciences,531,Male,52,5,3,Divorced,2.43,dp1r5tu2@example.com
401,56,No,906,Sales,6,3,Life Sciences,532,Female,86,4,1,Married,2.43,5ra5diy8@example.com
402,30,No,1082,Sales,12,3,Technical Degree,533,Female,83,2,3,Single,2.43,hnmvmtgh@example.com
403,41,No,645,Sales,1,3,Marketing,534,Male,49,3,1,Married,2.44,chq4gvjc@example.com
404,28,No,1300,Research & Development,17,2,Medical,536,Male,79,2,1,Divorced,2.44,e0vd93ta@example.com
405,25,Yes,688,Research & Development,3,3,Medical,538,Male,91,1,1,Married,2.44,9v6tpvmt@example.com
406,52,No,319,Research & Development,3,3,Medical,543,Male,39,3,3,Married,2.44,eme9rzn7@example.com
407,45,No,192,Research & Development,10,2,Life Sciences,544,Male,69,1,4,Married,2.45,bu3rq63j@example.com
408,52,No,1490,Research & Development,4,2,Life Sciences,546,Female,30,4,4,Married,2.45,vx6e071t@example.com
409,42,No,532,Research & Development,29,2,Life Sciences,547,Female,92,2,3,Divorced,2.45,a3d5l54m@example.com
410,30,No,317,Research & Development,2,3,Life Sciences,548,Female,43,2,4,Single,2.45,t23o4q35@example.com
411,60,No,422,Research & Development,7,3,Life Sciences,549,Female,41,5,1,Married,2.45,14oip3uj@example.com
412,46,No,1485,Research & Development,18,3,Medical,550,Female,87,2,3,Divorced,2.46,w3q5sc9l@example.com
413,42,No,1368,Research & Development,28,4,Technical Degree,551,Female,88,2,4,Married,2.46,b4py4upv@example.com
414,24,Yes,1448,Sales,1,1,Technical Degree,554,Female,62,1,2,Single,2.46,p8ol3ped@example.com
415,34,Yes,296,Sales,6,2,Marketing,555,Female,33,1,3,Divorced,2.46,l3uwrdu9@example.com
416,38,No,1490,Research & Development,2,2,Life Sciences,556,Male,42,1,4,Married,2.46,r2bvoiw5@example.com
417,40,No,1398,Sales,2,4,Life Sciences,558,Female,79,5,3,Married,2.47,5q6gkq0a@example.com
418,26,No,1349,Research & Development,23,3,Life Sciences,560,Female,90,1,4,Divorced,2.47,sunyxuye@example.com
419,30,No,1400,Research & Development,3,3,Life Sciences,562,Male,53,1,4,Married,2.47,ndbfcet5@example.com
420,29,No,986,Research & Development,3,4,Medical,564,Male,93,3,3,Married,2.47,fgmm5m9o@example.com
421,29,Yes,408,Research & Development,25,5,Technical Degree,565,Female,71,1,2,Married,2.47,6owniz9m@example.com
422,19,Yes,489,Human Resources,2,2,Technical Degree,566,Male,52,1,4,Single,2.48,12p8tvbe@example.com
423,30,No,1398,Sales,22,4,Other,567,Female,69,3,1,Married,2.48,yb0utnhu@example.com
424,57,No,210,Sales,29,3,Marketing,568,Male,56,4,4,Divorced,2.48,79tyejf8@example.com
425,50,No,1099,Research & Development,29,4,Life Sciences,569,Male,88,4,3,Married,2.48,nkzsow0b@example.com
426,30,No,1116,Research & Development,2,3,Medical,571,Female,49,1,4,Single,2.48,o7gua6rg@example.com
427,60,No,1499,Sales,28,3,Marketing,573,Female,80,3,1,Married,2.49,6d91zdju@example.com
428,47,No,983,Research & Development,2,2,Medical,574,Female,65,2,4,Divorced,2.49,bub8j3bk@example.com
429,46,No,1009,Research & Development,2,3,Life Sciences,575,Male,51,4,3,Married,2.49,7nvhrwse@example.com
430,35,No,144,Research & Development,22,3,Life Sciences,577,Male,46,1,3,Single,2.49,pihfglh7@example.com
431,54,No,548,Research & Development,8,4,Life Sciences,578,Female,42,2,3,Single,2.49,uw9h2usw@example.com
432,34,No,1303,Research & Development,2,4,Life Sciences,579,Male,62,1,3,Divorced,2.5,c4p7tqxj@example.com
433,46,No,1125,Sales,10,3,Marketing,580,Female,94,3,4,Married,2.5,hpsuu2yk@example.com
434,31,No,1274,Research & Development,9,1,Life Sciences,581,Male,33,3,2,Divorced,2.5,50pkie9f@example.com
435,33,Yes,1277,Research & Development,15,1,Medical,582,Male,56,3,3,Married,2.5,mzaj9chb@example.com
436,33,Yes,587,Research & Development,10,1,Medical,584,Male,38,1,4,Divorced,2.51,3q0rujek@example.com
437,30,No,413,Sales,7,1,Marketing,585,Male,57,1,2,Single,2.51,vuhhbbx8@example.com
438,35,No,1276,Research & Development,16,3,Life Sciences,586,Male,72,3,3,Married,2.51,7hq87j1p@example.com
439,31,Yes,534,Research & Development,20,3,Life Sciences,587,Male,66,3,3,Married,2.51,nj6ewlxq@example.com
440,34,Yes,988,Human Resources,23,3,Human Resources,590,Female,43,3,1,Divorced,2.51,9wro2i98@example.com
441,42,No,1474,Research & Development,5,2,Other,591,Male,97,1,3,Married,2.52,6blsg1sj@example.com
442,36,No,635,Sales,10,4,Medical,592,Male,32,3,4,Single,2.52,e6c054pp@example.com
443,22,Yes,1368,Research & Development,4,1,Technical Degree,593,Male,99,1,3,Single,2.52,0yaxeclj@example.com
444,48,No,163,Sales,2,5,Marketing,595,Female,37,2,4,Married,2.52,nca88jol@example.com
445,55,No,1117,Sales,18,5,Life Sciences,597,Female,83,4,2,Single,2.52,ngdwoc1f@example.com
446,41,No,267,Sales,10,2,Life Sciences,599,Male,56,2,4,Single,2.53,4blgytkj@example.com
447,35,No,619,Sales,1,3,Marketing,600,Male,85,2,3,Married,2.53,7nd7h1ik@example.com
448,40,No,302,Research & Development,6,3,Life Sciences,601,Female,75,4,3,Single,2.53,46ij0her@example.com
449,39,No,443,Research & Development,8,1,Life Sciences,602,Female,48,1,3,Married,2.53,sd65j0vl@example.com
450,31,No,828,Sales,2,1,Life Sciences,604,Male,77,2,4,Single,2.53,bsvathdt@example.com
451,42,No,319,Research & Development,24,3,Medical,605,Male,56,3,1,Married,2.54,t1p38t1k@example.com
452,45,No,561,Sales,2,3,Other,606,Male,61,2,2,Married,2.54,fg1jl7yp@example.com
453,26,Yes,426,Human Resources,17,4,Life Sciences,608,Female,58,1,3,Divorced,2.54,cd01is7b@example.com
454,29,No,232,Research & Development,19,3,Technical Degree,611,Male,34,2,4,Divorced,2.54,zfr1ok7z@example.com
455,33,No,922,Research & Development,1,5,Medical,612,Female,95,4,3,Divorced,2.54,0j3d47r5@example.com
456,31,No,688,Sales,7,3,Life Sciences,613,Male,44,3,4,Divorced,2.55,y0mrllfc@example.com
457,18,Yes,1306,Sales,5,3,Marketing,614,Male,69,1,2,Single,2.55,2ery9q7m@example.com
458,40,No,1094,Sales,28,3,Other,615,Male,58,3,1,Divorced,2.55,2plandj7@example.com
459,41,No,509,Research & Development,2,4,Other,616,Female,62,2,3,Single,2.55,sqgy7bgi@example.com
460,26,No,775,Sales,29,2,Medical,618,Male,45,2,3,Divorced,2.56,ztbtuf5u@example.com
461,35,No,195,Sales,1,3,Medical,620,Female,80,2,3,Single,2.56,4tbttoxo@example.com
462,34,No,258,Sales,21,4,Life Sciences,621,Male,74,2,4,Single,2.56,uw5fmb2j@example.com
463,26,Yes,471,Research & Development,24,3,Technical Degree,622,Male,66,1,4,Single,2.56,jjsrn6gw@example.com
464,37,No,799,Research & Development,1,3,Technical Degree,623,Female,59,3,4,Single,2.56,3d9totl7@example.com
465,46,No,1034,Research & Development,18,1,Medical,624,Female,86,3,3,Married,2.57,f1qkypx2@example.com
466,41,No,1276,Sales,2,5,Life Sciences,625,Female,91,4,1,Married,2.57,gn8ngj6i@example.com
467,37,No,142,Sales,9,4,Medical,626,Male,69,3,2,Divorced,2.57,y07tn6co@example.com
468,52,No,956,Research & Development,6,2,Technical Degree,630,Male,78,2,1,Divorced,2.57,w1cdodkb@example.com
469,32,Yes,1474,Sales,11,4,Other,631,Male,60,2,3,Married,2.57,tarpvwkl@example.com
470,24,No,535,Sales,24,3,Medical,632,Male,38,1,4,Married,2.58,0trcts56@example.com
471,38,No,1495,Research & Development,10,3,Medical,634,Female,76,2,3,Married,2.58,wf4ceo1e@example.com
472,37,No,446,Research & Development,1,4,Life Sciences,635,Female,65,2,2,Married,2.58,jc7m4zf4@example.com
473,49,No,1245,Research & Development,18,4,Life Sciences,638,Male,58,5,3,Divorced,2.58,ubcxhilt@example.com
474,24,No,691,Research & Development,23,3,Medical,639,Male,89,1,4,Married,2.58,wm6czomf@example.com
475,26,No,703,Sales,28,2,Marketing,641,Male,66,2,2,Married,2.59,2cju6kk9@example.com
476,24,No,823,Research & Development,17,2,Other,643,Male,94,1,2,Married,2.59,oyfhl307@example.com
477,50,No,1246,Human Resources,3,3,Medical,644,Male,99,5,2,Married,2.59,2z2ie12v@example.com
478,25,No,622,Sales,13,1,Medical,645,Male,40,1,3,Married,2.59,q6rbe665@example.com
479,24,Yes,1287,Research & Development,7,3,Life Sciences,647,Female,55,1,3,Married,2.59,qixvjlby@example.com
480,30,Yes,448,Sales,12,4,Life Sciences,648,Male,74,1,1,Married,2.6,nrl50yh3@example.com
481,34,No,254,Research & Development,1,2,Life Sciences,649,Male,83,1,4,Married,2.6,zccupng5@example.com
482,31,Yes,1365,Sales,13,4,Medical,650,Male,46,2,1,Divorced,2.6,98i516vp@example.com
483,35,No,538,Research & Development,25,2,Other,652,Male,54,2,4,Single,2.6,eevp9pf4@example.com
484,31,No,525,Sales,6,4,Medical,653,Male,66,2,4,Divorced,2.6,4wg3v21d@example.com
485,27,No,798,Research & Development,6,4,Medical,655,Female,66,1,3,Divorced,2.61,c7d45puo@example.com
486,37,No,558,Sales,2,3,Marketing,656,Male,75,2,3,Married,2.61,5ygt3dmz@example.com
487,20,No,959,Research & Development,1,3,Life Sciences,657,Female,83,1,2,Single,2.61,e1y33lvr@example.com
488,42,No,622,Research & Development,2,4,Life Sciences,659,Female,81,2,4,Married,2.61,xtvbosvh@example.com
489,43,No,782,Research & Development,6,4,Other,661,Male,50,4,4,Divorced,2.62,ufvz8cmc@example.com
490,38,No,362,Research & Development,1,1,Life Sciences,662,Female,43,1,1,Single,2.62,490ozmex@example.com
491,43,No,1001,Research & Development,9,5,Medical,663,Male,72,2,3,Divorced,2.62,ysxnbbjd@example.com
492,48,No,1236,Research & Development,1,4,Life Sciences,664,Female,40,4,1,Married,2.62,5fheyuvh@example.com
493,44,No,1112,Human Resources,1,4,Life Sciences,665,Female,50,2,3,Single,2.62,wiqh6m8m@example.com
494,34,No,204,Sales,14,3,Technical Degree,666,Female,31,1,3,Divorced,2.63,d7m1snc4@example.com
495,27,Yes,1420,Sales,2,1,Marketing,667,Male,85,1,1,Divorced,2.63,o9q36izp@example.com
496,21,No,1343,Sales,22,1,Technical Degree,669,Male,49,1,3,Single,2.63,yv064wuy@example.com
497,44,No,1315,Research & Development,3,4,Other,671,Male,35,5,4,Married,2.63,m8f7bq7v@example.com
498,22,No,604,Research & Development,6,1,Medical,675,Male,69,1,3,Married,2.63,c9uby4n7@example.com
499,33,No,1216,Sales,8,4,Marketing,677,Male,39,2,3,Divorced,2.64,xracz3pp@example.com
500,32,No,646,Research & Development,9,4,Life Sciences,679,Female,92,2,4,Married,2.64,2qrrq8dz@example.com
501,30,No,160,Research & Development,3,3,Medical,680,Female,71,1,3,Divorced,2.64,ccmvi4mr@example.com
502,53,No,238,Sales,1,1,Medical,682,Female,34,2,1,Single,2.64,bir38zms@example.com
503,34,No,1397,Research & Development,1,5,Life Sciences,683,Male,42,1,4,Married,2.64,wyk89rf4@example.com
504,45,Yes,306,Sales,26,4,Life Sciences,684,Female,100,2,1,Married,2.65,6s1h45ny@example.com
505,26,No,991,Research & Development,6,3,Life Sciences,686,Female,71,1,4,Married,2.65,3sw8ayce@example.com
506,37,No,482,Research & Development,3,3,Other,689,Male,36,3,3,Married,2.65,wlqkfm3l@example.com
507,29,No,1176,Sales,3,2,Medical,690,Female,62,2,3,Married,2.65,tnq3cy6o@example.com
508,35,No,1017,Research & Development,6,4,Life Sciences,691,Male,82,2,4,Single,2.65,clrnai7q@example.com
509,33,No,1296,Research & Development,6,3,Life Sciences,692,Male,30,2,4,Divorced,2.66,0880smpi@example.com
510,54,No,397,Human Resources,19,4,Medical,698,Male,88,3,2,Married,2.66,l1fgnt3i@example.com
511,36,No,913,Research & Development,9,2,Medical,699,Male,48,2,2,Divorced,2.66,qonbt6pn@example.com
512,27,No,1115,Research & Development,3,4,Medical,700,Male,54,1,4,Single,2.66,lzflza83@example.com
513,20,Yes,1362,Research & Development,10,1,Medical,701,Male,32,1,3,Single,2.67,tqywco8w@example.com
514,33,Yes,1076,Research & Development,3,3,Life Sciences,702,Male,70,1,1,Single,2.67,np3s5a3z@example.com
515,35,No,727,Research & Development,3,3,Life Sciences,704,Male,41,1,3,Married,2.67,nhap1ssx@example.com
516,23,No,885,Research & Development,4,3,Medical,705,Male,58,1,1,Married,2.67,fdw25kgh@example.com
517,25,No,810,Sales,8,3,Life Sciences,707,Male,57,2,2,Married,2.67,lcqzs2a1@example.com
518,38,No,243,Sales,7,4,Marketing,709,Female,46,2,4,Single,2.68,c59lgw95@example.com
519,29,No,806,Research & Development,1,4,Life Sciences,710,Male,76,1,4,Divorced,2.68,g9v780ek@example.com
520,48,No,817,Sales,2,1,Marketing,712,Male,56,2,2,Married,2.68,d3q539ih@example.com
521,27,No,1410,Sales,3,1,Medical,714,Female,71,2,4,Divorced,2.68,bjrrd96a@example.com
522,37,No,1225,Research & Development,10,2,Life Sciences,715,Male,80,1,4,Single,2.68,9eg7sk0k@example.com
523,50,No,1207,Research & Development,28,1,Medical,716,Male,74,1,3,Married,2.69,emce960n@example.com
524,34,No,1442,Research & Development,9,3,Medical,717,Female,46,3,2,Single,2.69,t3xdqst1@example.com
525,24,Yes,693,Sales,3,2,Life Sciences,720,Female,65,2,3,Single,2.69,t0kx7h4e@example.com
526,39,No,408,Research & Development,2,4,Technical Degree,721,Female,80,2,3,Single,2.69,b6ipyfcg@example.com
527,32,No,929,Sales,10,3,Marketing,722,Male,55,2,4,Single,2.69,57wyu3ws@example.com
528,50,Yes,562,Sales,8,2,Technical Degree,723,Male,50,2,3,Married,2.7,wvfruy87@example.com
529,38,No,827,Research & Development,1,4,Life Sciences,724,Female,33,2,4,Single,2.7,aeqxfy2j@example.com
530,27,No,608,Research & Development,1,2,Life Sciences,725,Female,68,3,1,Married,2.7,497ilhkb@example.com
531,32,No,1018,Research & Development,3,2,Life Sciences,727,Female,39,3,4,Single,2.7,v0tstf5n@example.com
532,47,No,703,Sales,14,4,Marketing,728,Male,42,2,1,Single,2.7,0lts93x3@example.com
533,40,No,580,Sales,5,4,Life Sciences,729,Male,48,3,1,Married,2.71,tf8bpbcr@example.com
534,53,No,970,Research & Development,7,3,Life Sciences,730,Male,59,4,3,Married,2.71,mbd53d4l@example.com
535,41,No,427,Human Resources,10,4,Human Resources,731,Male,73,5,4,Divorced,2.71,17k460ap@example.com
536,60,No,1179,Sales,16,4,Marketing,732,Male,84,2,1,Single,2.71,losgej7q@example.com
537,27,No,294,Research & Development,10,2,Life Sciences,733,Male,32,3,1,Divorced,2.71,j7bul9yr@example.com
538,41,No,314,Human Resources,1,3,Human Resources,734,Male,59,5,3,Married,2.72,6l0aqcmu@example.com
539,50,No,316,Sales,8,4,Marketing,738,Male,54,1,2,Married,2.72,qkkfn0iq@example.com
540,28,Yes,654,Research & Development,1,2,Life Sciences,741,Female,67,1,2,Single,2.72,l1jmqsmm@example.com
541,36,No,427,Research & Development,8,3,Life Sciences,742,Female,63,3,1,Married,2.72,129bzwn8@example.com
542,38,No,168,Research & Development,1,3,Life Sciences,743,Female,81,3,3,Single,2.73,o9uwzcq6@example.com
543,44,No,381,Research & Development,24,3,Medical,744,Male,49,1,3,Single,2.73,6n0udx2d@example.com
544,47,No,217,Sales,3,3,Medical,746,Female,49,4,3,Divorced,2.73,wkj7xg8m@example.com
545,30,No,501,Sales,27,5,Marketing,747,Male,99,2,4,Divorced,2.73,3hjxn5p0@example.com
546,29,No,1396,Sales,10,3,Life Sciences,749,Male,99,1,3,Single,2.73,hz9bhrlu@example.com
547,42,Yes,933,Research & Development,19,3,Medical,752,Male,57,1,3,Divorced,2.74,5vsghrg1@example.com
548,43,No,775,Sales,15,3,Life Sciences,754,Male,47,2,4,Married,2.74,psepjmpw@example.com
549,34,No,970,Research & Development,8,2,Medical,757,Female,96,2,3,Single,2.74,kgf0aab8@example.com
550,23,No,650,Research & Development,9,1,Medical,758,Male,37,1,1,Married,2.74,mfrprs92@example.com
551,39,No,141,Human Resources,3,3,Human Resources,760,Female,44,2,2,Married,2.74,0mk952oc@example.com
552,56,No,832,Research & Development,9,3,Medical,762,Male,81,4,4,Married,2.75,pukyc8av@example.com
553,40,No,804,Research & Development,2,1,Medical,763,Female,86,1,4,Single,2.75,mza8eg8e@example.com
554,27,No,975,Research & Development,7,3,Medical,764,Female,55,2,1,Single,2.75,zrmgcbzy@example.com
555,29,No,1090,Sales,10,3,Marketing,766,Male,83,1,2,Divorced,2.75,ub5rnoir@example.com
556,53,No,346,Research & Development,6,3,Life Sciences,769,Male,86,2,4,Single,2.75,5rgtdtku@example.com
557,35,No,1225,Research & Development,2,4,Life Sciences,771,Female,61,2,1,Divorced,2.76,lgfc1136@example.com
558,32,No,430,Research & Development,24,4,Life Sciences,772,Male,80,2,4,Married,2.76,vkgbj91z@example.com
559,38,No,268,Research & Development,2,5,Medical,773,Male,92,1,3,Married,2.76,dk8qkdwd@example.com
560,34,No,167,Research & Development,8,5,Life Sciences,775,Female,32,2,1,Divorced,2.76,347qbbmv@example.com
561,52,No,621,Sales,3,4,Marketing,776,Male,31,4,1,Married,2.76,0cnx9wda@example.com
562,33,Yes,527,Research & Development,1,4,Other,780,Male,63,1,4,Single,2.77,yit7vxj1@example.com
563,25,No,883,Sales,26,1,Medical,781,Female,32,2,4,Single,2.77,o7dq2lj5@example.com
564,45,No,954,Sales,2,2,Technical Degree,783,Male,46,2,3,Single,2.77,aheop4s2@example.com
565,23,No,310,Research & Development,10,1,Medical,784,Male,79,1,3,Single,2.77,4l8l945a@example.com
566,47,Yes,719,Sales,27,2,Life Sciences,785,Female,77,2,3,Single,2.78,p8y6uwo6@example.com
567,34,No,304,Sales,2,3,Other,786,Male,60,2,4,Single,2.78,lzsiyg74@example.com
568,55,Yes,725,Research & Development,2,3,Medical,787,Male,78,5,1,Married,2.78,wjmgjj3u@example.com
569,36,No,1434,Sales,8,4,Life Sciences,789,Male,76,3,1,Single,2.78,32baev9r@example.com
570,52,No,715,Research & Development,19,4,Medical,791,Male,41,1,4,Married,2.78,g20ioctq@example.com
571,26,No,575,Research & Development,1,2,Life Sciences,792,Female,71,1,4,Divorced,2.79,l7x0rziv@example.com
572,29,No,657,Research & Development,27,3,Medical,793,Female,66,2,3,Married,2.79,3et6ht5f@example.com
573,26,Yes,1146,Sales,8,3,Technical Degree,796,Male,38,2,1,Single,2.79,uj3rcorb@example.com
574,34,No,182,Research & Development,1,4,Life Sciences,797,Female,72,1,4,Single,2.79,bpfagucz@example.com
575,54,No,376,Research & Development,19,4,Medical,799,Female,95,2,1,Divorced,2.79,01tkrcwj@example.com
576,27,No,829,Sales,8,1,Marketing,800,Male,84,2,4,Married,2.8,h6pkr7dz@example.com
577,37,No,571,Research & Development,10,1,Life Sciences,802,Female,82,1,1,Divorced,2.8,4wi09y0x@example.com
578,38,No,240,Research & Development,2,4,Life Sciences,803,Female,75,2,1,Single,2.8,sincj5lb@example.com
579,34,No,121,Research & Development,2,4,Medical,804,Female,86,1,1,Single,2.8,3u5lghx9@example.com
580,35,No,384,Sales,8,4,Life Sciences,805,Female,72,1,4,Married,2.8,r0e2kyod@example.com
581,30,No,921,Research & Development,1,3,Life Sciences,806,Male,38,1,3,Married,2.81,ppsb6k09@example.com
582,40,No,791,Research & Development,2,2,Medical,807,Female,38,2,2,Married,2.81,esh2gikx@example.com
583,34,No,1111,Sales,8,2,Life Sciences,808,Female,93,2,1,Married,2.81,ahbjbylm@example.com
584,42,No,570,Research & Development,8,3,Life Sciences,809,Male,66,5,4,Divorced,2.81,dd76gkz4@example.com
585,23,Yes,1243,Research & Development,6,3,Life Sciences,811,Male,63,1,1,Married,2.81,bm3vh231@example.com
586,24,No,1092,Research & Development,9,3,Life Sciences,812,Male,60,1,2,Divorced,2.82,114iqskz@example.com
587,52,No,1325,Research & Development,11,4,Life Sciences,813,Female,82,2,3,Married,2.82,1o6hv2a6@example.com
588,50,No,691,Research & Development,2,3,Medical,815,Male,64,4,3,Married,2.82,ixb3f9zy@example.com
589,29,Yes,805,Research & Development,1,2,Life Sciences,816,Female,36,1,1,Married,2.82,8ttrqj2f@example.com
590,33,No,213,Research & Development,7,3,Medical,817,Male,49,3,3,Married,2.82,g7iig21z@example.com
591,33,Yes,118,Sales,16,3,Marketing,819,Female,69,2,1,Single,2.83,crncqjjr@example.com
592,47,No,202,Research & Development,2,2,Other,820,Female,33,4,4,Married,2.83,4l04sq9b@example.com
593,36,No,676,Research & Development,1,3,Other,823,Female,35,2,2,Married,2.83,4lgcw1fe@example.com
594,29,No,1252,Research & Development,23,2,Life Sciences,824,Male,81,1,3,Married,2.83,zdh5jv1l@example.com
595,58,Yes,286,Research & Development,2,4,Life Sciences,825,Male,31,5,2,Single,2.84,um4f9au3@example.com
596,35,No,1258,Research & Development,1,4,Life Sciences,826,Female,40,1,3,Single,2.84,c8obsx4a@example.com
597,42,No,932,Research & Development,1,2,Life Sciences,827,Female,43,2,4,Married,2.84,8taul013@example.com
598,28,Yes,890,Research & Development,2,4,Medical,828,Male,46,1,3,Single,2.84,ipl48uas@example.com
599,36,No,1041,Human Resources,13,3,Human Resources,829,Male,36,1,2,Married,2.84,w5jqa5jg@example.com
600,32,No,859,Research & Development,4,3,Life Sciences,830,Female,98,2,3,Married,2.85,mr2hzuwx@example.com
601,40,No,720,Research & Development,16,4,Medical,832,Male,51,2,3,Single,2.85,u58tpnv3@example.com
602,30,No,946,Research & Development,2,3,Medical,833,Female,52,2,4,Single,2.85,nb0ub5ia@example.com
603,45,No,252,Research & Development,2,3,Life Sciences,834,Female,95,1,3,Single,2.85,sqs4exe0@example.com
604,42,No,933,Research & Development,29,3,Life Sciences,836,Male,98,2,2,Married,2.85,py4fwzpo@example.com
605,38,No,471,Research & Development,12,3,Life Sciences,837,Male,45,2,1,Divorced,2.86,2na79l77@example.com
606,34,No,702,Research & Development,16,4,Life Sciences,838,Female,100,1,4,Single,2.86,84jsrjvn@example.com
607,49,Yes,1184,Sales,11,3,Marketing,840,Female,43,3,4,Married,2.86,0mewhf3e@example.com
608,55,Yes,436,Sales,2,1,Medical,842,Male,37,2,4,Single,2.86,9qoletzf@example.com
609,43,No,589,Research & Development,14,2,Life Sciences,843,Male,94,4,1,Married,2.86,qt7yqjvp@example.com
610,27,No,269,Research & Development,5,1,Technical Degree,844,Male,42,3,4,Divorced,2.87,zwxk764o@example.com
611,35,No,950,Research & Development,7,3,Other,845,Male,59,3,3,Single,2.87,8mdfwzka@example.com
612,28,No,760,Sales,2,4,Marketing,846,Female,81,2,2,Married,2.87,i8equuwi@example.com
613,34,No,829,Human Resources,3,2,Human Resources,847,Male,88,1,4,Married,2.87,6ya29lkd@example.com
614,26,Yes,887,Research & Development,5,2,Medical,848,Female,88,1,3,Married,2.87,99ho8nk6@example.com
615,27,No,443,Research & Development,3,3,Medical,850,Male,50,1,4,Married,2.88,uqfwm215@example.com
616,51,No,1318,Sales,26,4,Marketing,851,Female,66,4,3,Married,2.88,i0l4egfz@example.com
617,44,No,625,Research & Development,4,3,Medical,852,Male,50,2,2,Single,2.88,dlzdb8v0@example.com
618,25,No,180,Research & Development,2,1,Medical,854,Male,65,1,1,Single,2.88,ucd4c7h9@example.com
619,33,No,586,Sales,1,3,Medical,855,Male,48,2,1,Divorced,2.89,gjudi8h3@example.com
620,35,No,1343,Research & Development,27,1,Medical,856,Female,53,1,1,Single,2.89,0hr0akc8@example.com
621,36,No,928,Sales,1,2,Life Sciences,857,Male,56,2,4,Married,2.89,3a57wsfi@example.com
622,32,No,117,Sales,13,4,Life Sciences,859,Male,73,2,4,Divorced,2.89,8ymnf479@example.com
623,30,No,1012,Research & Development,5,4,Life Sciences,861,Male,75,1,4,Divorced,2.89,vuygpfko@example.com
624,53,No,661,Sales,7,2,Marketing,862,Female,78,3,4,Married,2.9,1mppekwx@example.com
625,45,No,930,Sales,9,3,Marketing,864,Male,74,3,1,Divorced,2.9,ycjippd7@example.com
626,32,No,638,Research & Development,8,2,Medical,865,Female,91,2,3,Married,2.9,36r2t8qq@example.com
627,52,No,890,Research & Development,25,4,Medical,867,Female,81,4,4,Married,2.9,iv5c6i1n@example.com
628,37,No,342,Sales,16,4,Marketing,868,Male,66,2,3,Divorced,2.9,9jn2xz3b@example.com
629,28,No,1169,Human Resources,8,2,Medical,869,Male,63,1,4,Divorced,2.91,rf7dykhe@example.com
630,22,No,1230,Research & Development,1,2,Life Sciences,872,Male,33,2,4,Married,2.91,nzr9h1t4@example.com
631,44,No,986,Research & Development,8,4,Life Sciences,874,Male,62,1,4,Married,2.91,oiq9qsqz@example.com
632,42,No,1271,Research & Development,2,1,Medical,875,Male,35,1,4,Single,2.91,ncp0ft14@example.com
633,36,No,1278,Human Resources,8,3,Life Sciences,878,Male,77,1,1,Married,2.91,dkpu9ffk@example.com
634,25,No,141,Sales,3,1,Other,879,Male,98,2,1,Married,2.92,13qtni15@example.com
635,35,No,607,Research & Development,9,3,Life Sciences,880,Female,66,3,3,Married,2.92,a6q4byl7@example.com
636,35,Yes,130,Research & Development,25,4,Life Sciences,881,Female,96,1,2,Divorced,2.92,y6foxdpu@example.com
637,32,No,300,Research & Development,1,3,Life Sciences,882,Male,61,1,4,Divorced,2.92,zj2thwvh@example.com
638,25,No,583,Sales,4,1,Marketing,885,Male,87,2,1,Married,2.92,9zqioppu@example.com
639,49,No,1418,Research & Development,1,3,Technical Degree,887,Female,36,1,1,Married,2.93,yh8cghvr@example.com
640,24,No,1269,Research & Development,4,1,Life Sciences,888,Male,46,1,4,Married,2.93,4y2bg3ji@example.com
641,32,No,379,Sales,5,2,Life Sciences,889,Male,48,2,2,Married,2.93,qb1oh40m@example.com
642,38,No,395,Sales,9,3,Marketing,893,Male,98,1,2,Married,2.93,j8os718k@example.com
643,42,No,1265,Research & Development,3,3,Life Sciences,894,Female,95,2,4,Married,2.94,dlquzg8d@example.com
644,31,No,1222,Research & Development,11,4,Life Sciences,895,Male,48,1,4,Married,2.94,m4vj39qr@example.com
645,29,Yes,341,Sales,1,3,Medical,896,Female,48,1,3,Divorced,2.94,f84czrjb@example.com
646,53,No,868,Sales,8,3,Marketing,897,Male,73,4,4,Married,2.94,q2goitiu@example.com
647,35,No,672,Research & Development,25,3,Technical Degree,899,Male,78,3,2,Married,2.94,bm64srka@example.com
648,37,No,1231,Sales,21,2,Medical,900,Female,54,1,4,Married,2.95,6oa5bnd4@example.com
649,53,No,102,Research & Development,23,4,Life Sciences,901,Female,72,4,4,Single,2.95,4c9j86l2@example.com
650,43,No,422,Research & Development,1,3,Life Sciences,902,Female,33,2,4,Married,2.95,x9vaoxkb@example.com
651,47,No,249,Sales,2,2,Marketing,903,Female,35,2,4,Married,2.95,xs5ow31j@example.com
652,37,No,1252,Sales,19,2,Medical,904,Male,32,3,2,Single,2.95,nfk2c7el@example.com
653,50,No,881,Research & Development,2,4,Life Sciences,905,Male,98,4,1,Divorced,2.96,kp0ifvfz@example.com
654,39,No,1383,Human Resources,2,3,Life Sciences,909,Female,42,2,4,Married,2.96,dvabvjs4@example.com
655,33,No,1075,Human Resources,3,2,Human Resources,910,Male,57,1,2,Divorced,2.96,4x9hvt78@example.com
656,32,Yes,374,Research & Development,25,4,Life Sciences,911,Male,87,1,4,Single,2.96,zheye2qv@example.com
657,29,No,1086,Research & Development,7,1,Medical,912,Female,62,1,4,Divorced,2.96,hgb82f7t@example.com
658,44,No,661,Research & Development,9,2,Life Sciences,913,Male,61,1,1,Married,2.97,q5o1uc4i@example.com
659,28,No,821,Sales,5,4,Medical,916,Male,98,2,4,Single,2.97,u0n671mr@example.com
660,58,Yes,781,Research & Development,2,1,Life Sciences,918,Male,57,1,4,Divorced,2.97,4t7i84c5@example.com
661,43,No,177,Research & Development,8,3,Life Sciences,920,Female,55,2,2,Divorced,2.97,mnxnt26y@example.com
662,20,Yes,500,Sales,2,3,Medical,922,Female,49,1,3,Single,2.97,y0ojuaij@example.com
663,21,Yes,1427,Research & Development,18,1,Other,923,Female,65,1,4,Single,2.98,k9vybc8h@example.com
664,36,No,1425,Research & Development,14,1,Life Sciences,924,Male,68,2,4,Married,2.98,w68fkh4f@example.com
665,47,No,1454,Sales,2,4,Life Sciences,925,Female,65,1,4,Single,2.98,waejiyxu@example.com
666,22,Yes,617,Research & Development,3,1,Life Sciences,926,Female,34,2,3,Married,2.98,sq9epz90@example.com
667,41,Yes,1085,Research & Development,2,4,Life Sciences,927,Female,57,1,4,Divorced,2.98,ognqivm1@example.com
668,28,No,995,Research & Development,9,3,Medical,930,Female,77,1,3,Divorced,2.99,gygqaawc@example.com
669,39,Yes,1122,Research & Development,6,3,Medical,932,Male,70,1,1,Married,2.99,6yfhkl98@example.com
670,27,No,618,Research & Development,4,3,Life Sciences,933,Female,76,1,3,Single,2.99,dkwbnbqd@example.com
671,34,No,546,Research & Development,10,3,Life Sciences,934,Male,83,1,2,Divorced,2.99,fh5w2hlk@example.com
672,42,No,462,Sales,14,2,Medical,936,Female,68,2,3,Single,3.0,46c8l2hn@example.com
673,33,No,1198,Research & Development,1,4,Other,939,Male,100,1,1,Single,3.0,t01szpay@example.com
674,58,No,1272,Research & Development,5,3,Technical Degree,940,Female,37,3,2,Divorced,3.0,9yoy09nn@example.com
675,31,No,154,Sales,7,4,Life Sciences,941,Male,41,1,3,Married,3.0,dytegkkq@example.com
676,35,No,1137,Research & Development,21,1,Life Sciences,942,Female,51,2,4,Married,3.0,ntahmehc@example.com
677,49,No,527,Research & Development,8,2,Other,944,Female,51,3,2,Married,3.01,e9q3jcj8@example.com
678,48,No,1469,Research & Development,20,4,Medical,945,Male,51,1,3,Married,3.01,0ivjba68@example.com
679,31,No,1188,Sales,20,2,Marketing,947,Female,45,2,3,Married,3.01,nr83ridg@example.com
680,36,No,188,Research & Development,7,4,Other,949,Male,65,1,4,Single,3.01,ekc1yz02@example.com
681,38,No,1333,Research & Development,1,3,Technical Degree,950,Female,80,3,1,Married,3.01,4c0quh3e@example.com
682,32,No,1184,Research & Development,1,3,Life Sciences,951,Female,70,1,2,Married,3.02,4pxsfp1b@example.com
683,25,Yes,867,Sales,19,2,Marketing,952,Male,36,1,2,Married,3.02,jgqvvklk@example.com
684,40,No,658,Sales,10,4,Marketing,954,Male,67,3,2,Divorced,3.02,jf227wtl@example.com
685,26,No,1283,Sales,1,3,Medical,956,Male,52,2,1,Single,3.02,zrtpfpr7@example.com
686,41,No,263,Research & Development,6,3,Medical,957,Male,59,1,1,Single,3.02,8jbr74tc@example.com
687,36,No,938,Research & Development,2,4,Medical,958,Male,79,1,3,Single,3.03,bb746iup@example.com
688,19,Yes,419,Sales,21,3,Other,959,Male,37,1,2,Single,3.03,5g41b0m8@example.com
689,20,Yes,129,Research & Development,4,3,Technical Degree,960,Male,84,1,1,Single,3.03,khlji01i@example.com
690,31,No,616,Research & Development,12,3,Medical,961,Female,41,2,4,Married,3.03,b2jpdona@example.com
691,40,No,1469,Research & Development,9,4,Medical,964,Male,35,1,2,Divorced,3.03,1pe45cmr@example.com
692,32,No,498,Research & Development,3,4,Medical,966,Female,93,2,1,Married,3.04,b5a9zn0q@example.com
693,36,Yes,530,Sales,3,1,Life Sciences,967,Male,51,3,4,Married,3.04,85719urs@example.com
694,33,No,1069,Research & Development,1,3,Life Sciences,969,Female,42,2,4,Single,3.04,f6eyl6l6@example.com
695,37,Yes,625,Sales,1,4,Life Sciences,970,Male,46,3,3,Married,3.04,fynrdckh@example.com
696,45,No,805,Research & Development,4,2,Life Sciences,972,Male,57,2,2,Married,3.05,8mgy3lpl@example.com
697,29,No,1404,Sales,20,3,Technical Degree,974,Female,84,1,4,Married,3.05,jdy9fst9@example.com
698,35,No,1219,Sales,18,3,Medical,975,Female,86,2,3,Married,3.05,w2hfnm1i@example.com
699,52,No,1053,Research & Development,1,2,Life Sciences,976,Male,70,4,4,Married,3.05,9fdkpm2k@example.com
700,58,Yes,289,Research & Development,2,3,Technical Degree,977,Male,51,1,3,Single,3.05,ao8h3i5c@example.com
701,53,No,1376,Sales,2,2,Medical,981,Male,45,4,3,Divorced,3.06,lgijsf5f@example.com
702,30,No,231,Sales,8,2,Other,982,Male,62,3,3,Divorced,3.06,yk7agg34@example.com
703,38,No,152,Sales,10,3,Technical Degree,983,Female,85,2,4,Single,3.06,wov92px6@example.com
704,35,No,882,Sales,3,4,Life Sciences,984,Male,92,3,4,Divorced,3.06,fr7ya5hd@example.com
705,39,No,903,Sales,2,5,Life Sciences,985,Male,41,3,3,Single,3.06,d36ulkh9@example.com
706,40,Yes,1479,Sales,24,3,Life Sciences,986,Female,100,4,2,Single,3.07,a8hradme@example.com
707,47,No,1379,Research & Development,16,4,Medical,987,Male,64,2,3,Divorced,3.07,gk1sktzp@example.com
708,36,No,1229,Sales,8,4,Technical Degree,990,Male,84,2,4,Divorced,3.07,vcigvp73@example.com
709,31,Yes,335,Research & Development,9,2,Medical,991,Male,46,1,1,Single,3.07,wcxj3ce6@example.com
710,33,No,722,Sales,17,3,Life Sciences,992,Male,38,4,3,Single,3.07,88vuj2c8@example.com
711,29,Yes,906,Research & Development,10,3,Life Sciences,994,Female,92,1,1,Single,3.08,8z8ihc0h@example.com
712,33,No,461,Research & Development,13,1,Life Sciences,995,Female,53,1,4,Single,3.08,l19tf8w9@example.com
713,45,No,974,Research & Development,1,4,Medical,996,Female,91,1,4,Divorced,3.08,x8z4cmxv@example.com
714,50,No,1126,Research & Development,1,2,Medical,997,Male,66,4,4,Divorced,3.08,nkvpyw3d@example.com
715,33,No,827,Research & Development,1,4,Other,998,Female,84,2,2,Married,3.08,53tccjzx@example.com
716,41,No,840,Research & Development,9,3,Medical,999,Male,64,5,3,Divorced,3.09,ta4wm1l4@example.com
717,27,No,1134,Research & Development,16,4,Technical Degree,1001,Female,37,1,2,Married,3.09,50ag800v@example.com
718,45,No,248,Research & Development,23,2,Life Sciences,1002,Male,42,2,1,Married,3.09,yk0knw21@example.com
719,47,No,955,Sales,4,2,Life Sciences,1003,Female,83,2,4,Single,3.09,xq11sgde@example.com
720,30,Yes,138,Research & Development,22,3,Life Sciences,1004,Female,48,1,3,Married,3.09,kkdxrmed@example.com
721,50,No,939,Research & Development,24,3,Life Sciences,1005,Male,95,4,3,Married,3.1,2l5gwbup@example.com
722,38,No,1391,Research & Development,10,1,Medical,1006,Male,66,1,3,Married,3.1,6s08pl2s@example.com
723,46,No,566,Research & Development,7,2,Medical,1007,Male,75,3,3,Divorced,3.1,ra6982aw@example.com
724,24,No,1206,Research & Development,17,1,Medical,1009,Female,41,2,3,Divorced,3.1,nb2ap9lt@example.com
725,35,Yes,622,Research & Development,14,4,Other,1010,Male,39,1,2,Divorced,3.11,hi3s1jr5@example.com
726,31,No,853,Research & Development,1,1,Life Sciences,1011,Female,96,2,1,Married,3.11,fj47ytgc@example.com
727,18,No,287,Research & Development,5,2,Life Sciences,1012,Male,73,1,4,Single,3.11,6315ezu0@example.com
728,54,No,1441,Research & Development,17,3,Technical Degree,1013,Female,56,3,3,Married,3.11,hjx4hn32@example.com
729,35,No,583,Research & Development,25,4,Medical,1014,Female,57,3,3,Divorced,3.11,diit0v4t@example.com
730,30,No,153,Research & Development,8,2,Life Sciences,1015,Female,73,3,1,Married,3.12,8rwtb5yj@example.com
731,20,Yes,1097,Research & Development,11,3,Medical,1016,Female,98,1,1,Single,3.12,ysm0pa4x@example.com
732,30,Yes,109,Research & Development,5,3,Medical,1017,Female,60,1,2,Single,3.12,2jz9a4uu@example.com
733,26,No,1066,Research & Development,2,2,Medical,1018,Male,32,2,4,Married,3.12,15fu24z3@example.com
734,22,No,217,Research & Development,8,1,Life Sciences,1019,Male,94,1,1,Married,3.12,txjs8ld8@example.com
735,48,No,277,Research & Development,6,3,Life Sciences,1022,Male,97,2,3,Single,3.13,u52lytbw@example.com
736,48,No,1355,Research & Development,4,4,Life Sciences,1024,Male,78,3,3,Single,3.13,bhum7d53@example.com
737,41,No,549,Research & Development,7,2,Medical,1025,Female,42,2,3,Single,3.13,ive476mz@example.com
738,39,No,466,Research & Development,1,1,Life Sciences,1026,Female,65,4,4,Married,3.13,kr92aurk@example.com
739,27,No,1055,Research & Development,2,4,Life Sciences,1027,Female,47,2,4,Married,3.13,g4tipje6@example.com
740,35,No,802,Research & Development,10,3,Other,1028,Male,45,1,4,Divorced,3.14,uz74g02g@example.com
741,42,No,265,Sales,5,2,Marketing,1029,Male,90,5,3,Married,3.14,yizi1p7a@example.com
742,50,No,804,Research & Development,9,3,Life Sciences,1030,Male,64,1,4,Married,3.14,aufvwzea@example.com
743,59,No,715,Research & Development,2,3,Life Sciences,1032,Female,69,4,4,Single,3.14,2sfcxd4d@example.com
744,37,Yes,1141,Research & Development,11,2,Medical,1033,Female,61,2,2,Married,3.14,oce5zjsl@example.com
745,55,No,135,Research & Development,18,4,Medical,1034,Male,62,2,2,Married,3.15,v16bwtza@example.com
746,41,No,247,Research & Development,7,1,Life Sciences,1035,Female,55,5,3,Divorced,3.15,2ohw4emn@example.com
747,38,No,1035,Sales,3,4,Life Sciences,1036,Male,42,2,4,Single,3.15,675safmm@example.com
748,26,Yes,265,Sales,29,2,Medical,1037,Male,79,2,1,Single,3.15,dir1bo1z@example.com
749,52,Yes,266,Sales,2,1,Marketing,1038,Female,57,5,4,Married,3.16,y8wt0j6n@example.com
750,44,No,1448,Sales,28,3,Medical,1039,Female,53,4,4,Married,3.16,29rovoa2@example.com
751,50,No,145,Sales,1,3,Life Sciences,1040,Female,95,2,3,Married,3.16,laknep96@example.com
752,36,Yes,885,Research & Development,16,4,Life Sciences,1042,Female,43,1,1,Single,3.16,trkbpc29@example.com
753,39,No,945,Research & Development,22,3,Medical,1043,Female,82,3,1,Single,3.16,bdkg564c@example.com
754,33,No,1038,Sales,8,1,Life Sciences,1044,Female,88,1,4,Single,3.17,lfhkk1ri@example.com
755,45,No,1234,Sales,11,2,Life Sciences,1045,Female,90,4,4,Married,3.17,rq2een1n@example.com
756,32,No,1109,Research & Development,29,4,Medical,1046,Female,69,1,3,Single,3.17,gccb6qmp@example.com
757,34,No,216,Sales,1,4,Marketing,1047,Male,75,2,4,Divorced,3.17,6ivczw1d@example.com
758,59,No,1089,Sales,1,2,Technical Degree,1048,Male,66,3,4,Married,3.17,jc1al7oh@example.com
759,45,No,788,Human Resources,24,4,Medical,1049,Male,36,1,2,Single,3.18,9aly6252@example.com
760,53,No,124,Sales,2,3,Marketing,1050,Female,38,3,2,Married,3.18,0b2h1sw7@example.com
761,36,Yes,660,Research & Development,15,3,Other,1052,Male,81,2,3,Divorced,3.18,qr3957hk@example.com
762,26,Yes,342,Research & Development,2,3,Life Sciences,1053,Male,57,1,1,Married,3.18,nbx6n57t@example.com
763,34,No,1333,Sales,10,4,Life Sciences,1055,Female,87,1,3,Married,3.18,1fzbcame@example.com
764,28,No,1144,Sales,10,1,Medical,1056,Male,74,1,2,Married,3.19,2wk8mhs4@example.com
765,38,No,1186,Research & Development,3,4,Other,1060,Male,44,1,3,Married,3.19,wqbji46i@example.com
766,50,No,1464,Research & Development,2,4,Medical,1061,Male,62,5,3,Married,3.19,88yjmofe@example.com
767,37,No,124,Research & Development,3,3,Other,1062,Female,35,2,2,Single,3.19,3vs77xml@example.com
768,40,No,300,Sales,26,3,Marketing,1066,Male,74,2,1,Married,3.19,gxaqm7wg@example.com
769,26,No,921,Research & Development,1,1,Medical,1068,Female,66,1,3,Divorced,3.2,pc0ruv4h@example.com
770,46,No,430,Research & Development,1,4,Medical,1069,Male,40,5,4,Divorced,3.2,8jh8q5j9@example.com
771,54,No,1082,Sales,2,4,Life Sciences,1070,Female,41,3,3,Married,3.2,t3qkv0i1@example.com
772,56,No,1240,Research & Development,9,3,Medical,1071,Female,63,1,3,Married,3.2,wecsans3@example.com
773,36,No,796,Research & Development,12,5,Medical,1073,Female,51,3,4,Single,3.2,jchzn84p@example.com
774,55,No,444,Research & Development,2,1,Medical,1074,Male,40,4,1,Single,3.21,hn5hgrnz@example.com
775,43,No,415,Sales,25,3,Medical,1076,Male,79,3,4,Divorced,3.21,colhygbu@example.com
776,20,Yes,769,Sales,9,3,Marketing,1077,Female,54,1,4,Single,3.21,3aizz6op@example.com
777,21,Yes,1334,Research & Development,10,3,Life Sciences,1079,Female,36,1,1,Single,3.21,6bwqb8nn@example.com
778,46,No,1003,Research & Development,8,4,Life Sciences,1080,Female,74,2,1,Divorced,3.22,7anbsdnz@example.com
779,51,Yes,1323,Research & Development,4,4,Life Sciences,1081,Male,34,1,3,Married,3.22,ry6toxui@example.com
780,28,Yes,1366,Research & Development,24,2,Technical Degree,1082,Male,72,3,1,Single,3.22,rt3aqeqa@example.com
781,26,No,192,Research & Development,1,2,Medical,1083,Male,59,1,1,Married,3.22,kibydg4g@example.com
782,30,No,1176,Research & Development,20,3,Other,1084,Male,85,2,1,Married,3.22,r7cysfxu@example.com
783,41,No,509,Research & Development,7,2,Technical Degree,1085,Female,43,1,3,Married,3.23,wj7gkakj@example.com
784,38,No,330,Research & Development,17,1,Life Sciences,1088,Female,65,3,3,Married,3.23,qmkafi6s@example.com
785,40,No,1492,Research & Development,20,4,Technical Degree,1092,Male,61,3,4,Married,3.23,bauz6ra4@example.com
786,27,No,1277,Research & Development,8,5,Life Sciences,1094,Male,87,1,3,Married,3.23,l31m5ko5@example.com
787,55,No,1091,Research & Development,2,1,Life Sciences,1096,Male,65,3,2,Married,3.23,2gb8zutv@example.com
788,28,No,857,Research & Development,10,3,Other,1097,Female,59,2,3,Single,3.24,aifggv1q@example.com
789,44,Yes,1376,Human Resources,1,2,Medical,1098,Male,91,3,1,Married,3.24,fi4pee61@example.com
790,33,No,654,Research & Development,5,3,Life Sciences,1099,Male,34,3,4,Divorced,3.24,2z9rllmy@example.com
791,35,Yes,1204,Sales,4,3,Technical Degree,1100,Male,86,3,1,Single,3.24,715xyxpz@example.com
792,33,Yes,827,Research & Development,29,4,Medical,1101,Female,54,2,3,Single,3.24,4044z387@example.com
793,28,No,895,Research & Development,15,2,Life Sciences,1102,Male,50,1,3,Divorced,3.25,whq6m81o@example.com
794,34,No,618,Research & Development,3,1,Life Sciences,1103,Male,45,2,4,Single,3.25,5uquvr52@example.com
795,37,No,309,Sales,10,4,Life Sciences,1105,Female,88,2,4,Divorced,3.25,afls19sn@example.com
796,25,Yes,1219,Research & Development,4,1,Technical Degree,1106,Male,32,1,4,Married,3.25,x6lizudi@example.com
797,26,Yes,1330,Research & Development,21,3,Medical,1107,Male,37,1,3,Divorced,3.25,4v46l7ym@example.com
798,33,Yes,1017,Research & Development,25,3,Medical,1108,Male,55,1,2,Single,3.26,7huzcidt@example.com
799,42,No,469,Research & Development,2,2,Medical,1109,Male,35,4,1,Married,3.26,6ltlj08n@example.com
800,28,Yes,1009,Research & Development,1,3,Medical,1111,Male,45,1,2,Divorced,3.26,23uxhamg@example.com
801,50,Yes,959,Sales,1,4,Other,1113,Male,81,2,3,Single,3.26,nusv442w@example.com
802,33,No,970,Sales,7,3,Life Sciences,1114,Female,30,2,2,Married,3.27,0ts6pcoa@example.com
803,34,No,697,Research & Development,3,4,Life Sciences,1115,Male,40,1,4,Married,3.27,nnk0bow0@example.com
804,48,No,1262,Research & Development,1,4,Medical,1116,Male,35,4,4,Single,3.27,m8n0bki6@example.com
805,45,No,1050,Sales,9,4,Life Sciences,1117,Female,65,2,3,Married,3.27,fgc0wh54@example.com
806,52,No,994,Research & Development,7,4,Life Sciences,1118,Male,87,3,2,Single,3.27,cjpxrmic@example.com
807,38,No,770,Sales,10,4,Marketing,1119,Male,73,3,3,Divorced,3.28,nq4rfvyh@example.com
808,29,No,1107,Research & Development,28,4,Life Sciences,1120,Female,93,1,4,Divorced,3.28,0ovqspjd@example.com
809,28,No,950,Research & Development,3,3,Medical,1121,Female,93,3,2,Divorced,3.28,dcp41dxy@example.com
810,46,No,406,Sales,3,1,Marketing,1124,Male,52,4,3,Married,3.28,nwb795h7@example.com
811,38,No,130,Sales,2,2,Marketing,1125,Male,32,3,2,Single,3.28,qf4di0zl@example.com
812,43,No,1082,Research & Development,27,3,Life Sciences,1126,Female,83,3,1,Married,3.29,zucz90ae@example.com
813,39,Yes,203,Research & Development,2,3,Life Sciences,1127,Male,84,4,4,Divorced,3.29,lk3gwxkg@example.com
814,40,No,1308,Research & Development,14,3,Medical,1128,Male,44,5,3,Single,3.29,cmora0sk@example.com
815,21,No,984,Research & Development,1,1,Technical Degree,1131,Female,70,1,2,Single,3.29,4q0tox24@example.com
816,39,No,439,Research & Development,9,3,Life Sciences,1132,Male,70,2,2,Single,3.29,6lwbw5tt@example.com
817,36,No,217,Research & Development,18,4,Life Sciences,1133,Male,78,2,4,Single,3.3,xctmbge2@example.com
818,31,No,793,Sales,20,3,Life Sciences,1135,Male,67,1,4,Married,3.3,95ky1vsa@example.com
819,28,No,1451,Research & Development,2,1,Life Sciences,1136,Male,67,1,2,Married,3.3,r02d6urt@example.com
820,35,No,1182,Sales,11,2,Marketing,1137,Male,54,2,4,Divorced,3.3,2gcr2yhb@example.com
821,49,No,174,Sales,8,4,Technical Degree,1138,Male,56,4,2,Married,3.3,ou19s6yw@example.com
822,34,No,1003,Research & Development,2,2,Life Sciences,1140,Male,95,2,3,Single,3.31,2knyql95@example.com
823,29,No,490,Research & Development,10,3,Life Sciences,1143,Female,61,1,2,Divorced,3.31,cmtxm2uw@example.com
824,42,No,188,Research & Development,29,3,Medical,1148,Male,56,2,4,Single,3.31,yx9glydb@example.com
825,29,No,718,Research & Development,8,1,Medical,1150,Male,79,2,4,Married,3.31,xxmy1x3d@example.com
826,38,No,433,Human Resources,1,3,Human Resources,1152,Male,37,1,3,Married,3.31,0bv5pwou@example.com
827,28,No,773,Research & Development,6,3,Life Sciences,1154,Male,39,1,3,Divorced,3.32,6mpmovvh@example.com
828,18,Yes,247,Research & Development,8,1,Medical,1156,Male,80,1,3,Single,3.32,j3ntqrvg@example.com
829,33,Yes,603,Sales,9,4,Marketing,1157,Female,77,2,1,Single,3.32,wmtprbrc@example.com
830,41,No,167,Research & Development,12,4,Life Sciences,1158,Male,46,1,4,Married,3.32,uf6tusx4@example.com
831,31,Yes,874,Research & Development,15,3,Medical,1160,Male,72,1,3,Married,3.33,dypu24dc@example.com
832,37,No,367,Research & Development,25,2,Medical,1161,Female,52,2,4,Divorced,3.33,6oik5k1m@example.com
833,27,No,199,Research & Development,6,3,Life Sciences,1162,Male,55,1,3,Married,3.33,1g398qyx@example.com
834,34,No,1400,Sales,9,1,Life Sciences,1163,Female,70,2,3,Married,3.33,nk8qwpoz@example.com
835,35,No,528,Human Resources,8,4,Technical Degree,1164,Male,100,1,3,Single,3.33,6a1rmq3e@example.com
836,29,Yes,408,Sales,23,1,Life Sciences,1165,Female,45,3,1,Married,3.34,p7031o9y@example.com
837,40,No,593,Research & Development,9,4,Medical,1166,Female,88,3,3,Single,3.34,qwe254uq@example.com
838,42,Yes,481,Sales,12,3,Life Sciences,1167,Male,44,4,1,Single,3.34,uxawojan@example.com
839,42,No,647,Sales,4,4,Marketing,1171,Male,45,2,1,Single,3.34,kr45p3uf@example.com
840,35,No,982,Research & Development,1,4,Medical,1172,Male,58,1,3,Married,3.34,k2syzq16@example.com
841,24,No,477,Research & Development,24,3,Medical,1173,Male,49,1,2,Single,3.35,vfyak4nm@example.com
842,28,Yes,1485,Research & Development,12,1,Life Sciences,1175,Female,79,1,4,Married,3.35,l7gw2p1b@example.com
843,26,No,1384,Research & Development,3,4,Medical,1177,Male,82,1,4,Married,3.35,2nmuezwq@example.com
844,30,No,852,Sales,10,3,Marketing,1179,Male,72,2,3,Married,3.35,zy4ldie7@example.com
845,40,No,902,Research & Development,26,2,Medical,1180,Female,92,2,4,Married,3.35,rlin1aas@example.com
846,35,No,819,Research & Development,2,3,Life Sciences,1182,Male,44,3,2,Divorced,3.36,u3eiel3l@example.com
847,34,No,669,Research & Development,1,3,Medical,1184,Male,97,2,1,Single,3.36,5s64k7qs@example.com
848,35,No,636,Research & Development,4,4,Other,1185,Male,47,1,4,Married,3.36,b8taz8bv@example.com
849,43,Yes,1372,Sales,9,3,Marketing,1188,Female,85,2,3,Single,3.36,lkhvdzub@example.com
850,32,No,862,Sales,2,1,Life Sciences,1190,Female,76,1,1,Divorced,3.36,m1vsmbcw@example.com
851,56,No,718,Research & Development,4,4,Technical Degree,1191,Female,92,5,1,Divorced,3.37,jzwhy0sk@example.com
852,29,No,1401,Research & Development,6,1,Medical,1192,Female,54,1,4,Married,3.37,v0t9pm5f@example.com
853,19,No,645,Research & Development,9,2,Life Sciences,1193,Male,54,1,1,Single,3.37,g61kycij@example.com
854,45,No,1457,Research & Development,7,3,Medical,1195,Female,83,1,3,Married,3.37,h5ltlq7x@example.com
855,37,No,977,Research & Development,1,3,Life Sciences,1196,Female,56,2,4,Married,3.38,rvuhz1lf@example.com
856,20,No,805,Research & Development,3,3,Life Sciences,1198,Male,87,1,3,Single,3.38,uftktca3@example.com
857,44,Yes,1097,Research & Development,10,4,Life Sciences,1200,Male,96,1,3,Single,3.38,frcv5845@example.com
858,53,No,1223,Research & Development,7,2,Medical,1201,Female,50,5,3,Divorced,3.38,hv2nsb9n@example.com
859,29,No,942,Research & Development,15,1,Life Sciences,1202,Female,69,1,4,Married,3.38,ov1jx22y@example.com
860,22,Yes,1256,Research & Development,3,4,Life Sciences,1203,Male,48,1,4,Married,3.39,fkk1z3sz@example.com
861,46,No,1402,Sales,2,3,Marketing,1204,Female,69,4,1,Married,3.39,8l4xhpib@example.com
862,44,No,111,Research & Development,17,3,Life Sciences,1206,Male,74,1,3,Single,3.39,umdt8fii@example.com
863,33,No,147,Human Resources,2,3,Human Resources,1207,Male,99,1,3,Married,3.39,pgwm9rgc@example.com
864,41,Yes,906,Research & Development,5,2,Life Sciences,1210,Male,95,1,1,Divorced,3.39,q5nddk8c@example.com
865,30,No,1329,Sales,29,4,Life Sciences,1211,Male,61,2,1,Divorced,3.4,ec4xv3gc@example.com
866,40,No,1184,Sales,2,4,Medical,1212,Male,62,2,2,Married,3.4,ddjml6so@example.com
867,50,No,1421,Research & Development,2,3,Medical,1215,Female,30,4,1,Married,3.4,t6rgf7ty@example.com
868,28,No,1179,Research & Development,19,4,Medical,1216,Male,78,1,1,Married,3.4,z95c03u2@example.com
869,46,No,1450,Research & Development,15,2,Life Sciences,1217,Male,52,5,2,Married,3.4,gyrbr741@example.com
870,35,No,1361,Sales,17,4,Life Sciences,1218,Male,94,2,1,Married,3.41,ti38u3z7@example.com
871,24,Yes,984,Research & Development,17,2,Life Sciences,1219,Female,97,1,2,Married,3.41,6xr6nbls@example.com
872,33,No,1146,Sales,25,3,Medical,1220,Female,82,2,3,Married,3.41,6b975ed7@example.com
873,36,No,917,Research & Development,6,4,Life Sciences,1221,Male,60,1,3,Divorced,3.41,12nwh2iq@example.com
874,30,No,853,Research & Development,7,4,Life Sciences,1224,Male,49,2,3,Divorced,3.41,tssumxjt@example.com
875,44,No,200,Research & Development,29,4,Other,1225,Male,32,2,4,Single,3.42,gs40bv60@example.com
876,20,No,654,Sales,21,3,Marketing,1226,Male,43,1,4,Single,3.42,tia6m8xs@example.com
877,46,No,150,Research & Development,2,4,Technical Degree,1228,Male,60,2,4,Divorced,3.42,tjfuazhs@example.com
878,42,No,179,Human Resources,2,5,Medical,1231,Male,79,2,1,Married,3.42,6nqnoj1x@example.com
879,60,No,696,Sales,7,4,Marketing,1233,Male,52,2,4,Divorced,3.43,1axdvsso@example.com
880,32,No,116,Research & Development,13,3,Other,1234,Female,77,1,2,Married,3.43,ee0dlq67@example.com
881,32,No,1316,Research & Development,2,2,Life Sciences,1235,Female,38,2,3,Single,3.43,n45l1qbq@example.com
882,36,No,363,Research & Development,1,3,Technical Degree,1237,Female,77,3,1,Divorced,3.43,3f5cfym5@example.com
883,33,No,117,Research & Development,9,3,Medical,1238,Male,60,1,4,Married,3.43,79110mjh@example.com
884,40,No,107,Sales,10,3,Technical Degree,1239,Female,84,2,2,Divorced,3.44,o3zh2kgq@example.com
885,25,No,1356,Sales,10,4,Life Sciences,1240,Male,57,2,4,Single,3.44,yivk00nj@example.com
886,30,No,1465,Research & Development,1,3,Medical,1241,Male,63,1,2,Married,3.44,bg7h1c08@example.com
887,42,No,458,Research & Development,26,5,Medical,1242,Female,60,3,1,Married,3.44,csux9arc@example.com
888,35,No,1212,Sales,8,2,Marketing,1243,Female,78,3,4,Married,3.44,qxyaernk@example.com
889,27,No,1103,Research & Development,14,3,Life Sciences,1244,Male,42,1,1,Married,3.45,1rtj2t8f@example.com
890,54,No,966,Research & Development,1,4,Life Sciences,1245,Female,53,3,3,Divorced,3.45,ey9y3dcs@example.com
891,44,No,1117,Research & Development,2,1,Life Sciences,1246,Female,72,1,4,Married,3.45,8juoz5og@example.com
892,19,Yes,504,Research & Development,10,3,Medical,1248,Female,96,1,2,Single,3.45,7utxnqg8@example.com
893,29,No,1010,Research & Development,1,3,Life Sciences,1249,Female,97,1,4,Divorced,3.45,ndm1hd9s@example.com
894,54,No,685,Research & Development,3,3,Life Sciences,1250,Male,85,4,4,Married,3.46,czxfyzsa@example.com
895,31,No,1332,Research & Development,11,2,Medical,1251,Male,80,2,1,Married,3.46,ycpmx36k@example.com
896,31,No,1062,Research & Development,24,3,Medical,1252,Female,96,2,1,Single,3.46,5fjh47bi@example.com
897,59,No,326,Sales,3,3,Life Sciences,1254,Female,48,2,4,Single,3.46,2ecl69g5@example.com
898,43,No,920,Research & Development,3,3,Life Sciences,1255,Male,96,5,4,Married,3.46,r4w8b41e@example.com
899,49,No,1098,Research & Development,4,2,Medical,1256,Male,85,5,3,Married,3.47,9gutwq50@example.com
900,36,No,469,Research & Development,3,3,Technical Degree,1257,Male,46,1,2,Married,3.47,zuan3fl9@example.com
901,48,No,969,Research & Development,2,2,Technical Degree,1258,Male,76,1,2,Single,3.47,dfw3zg32@example.com
902,27,No,1167,Research & Development,4,2,Life Sciences,1259,Male,76,1,3,Divorced,3.47,ci0sgh84@example.com
903,29,No,1329,Research & Development,7,3,Life Sciences,1260,Male,82,2,4,Divorced,3.47,a6kzdvzy@example.com
904,48,No,715,Research & Development,1,3,Life Sciences,1263,Male,76,5,4,Single,3.48,rros162a@example.com
905,29,No,694,Research & Development,1,3,Life Sciences,1264,Female,87,4,4,Divorced,3.48,alnmpm41@example.com
906,34,No,1320,Research & Development,20,3,Technical Degree,1265,Female,89,1,3,Married,3.48,jts2z2lw@example.com
907,44,No,1099,Sales,5,3,Marketing,1267,Male,88,5,2,Married,3.48,bk2ha4n3@example.com
908,33,No,536,Sales,10,5,Marketing,1268,Male,82,3,3,Divorced,3.49,gil7hgkv@example.com
909,19,No,265,Research & Development,25,3,Life Sciences,1269,Female,57,1,4,Single,3.49,jsay819a@example.com
910,23,No,373,Research & Development,1,2,Life Sciences,1270,Male,47,1,3,Married,3.49,6lltkimk@example.com
911,25,Yes,599,Sales,24,1,Life Sciences,1273,Male,73,1,4,Single,3.49,d50ku3xq@example.com
912,26,No,583,Research & Development,4,2,Life Sciences,1275,Male,53,1,4,Single,3.49,rtapkzur@example.com
913,45,Yes,1449,Sales,2,3,Marketing,1277,Female,94,5,2,Single,3.5,dwy0jemv@example.com
914,55,No,177,Research & Development,8,1,Medical,1278,Male,37,4,2,Divorced,3.5,fnt6a3rx@example.com
915,21,Yes,251,Research & Development,10,2,Life Sciences,1279,Female,45,1,3,Single,3.5,pfjbgp2a@example.com
916,46,No,168,Sales,4,2,Marketing,1280,Female,33,5,2,Married,3.5,06e21sl9@example.com
917,34,No,131,Sales,2,3,Marketing,1281,Female,86,2,1,Single,3.5,zjzrbma1@example.com
918,51,No,237,Sales,9,3,Life Sciences,1282,Male,83,5,2,Divorced,3.51,gf4xlxso@example.com
919,59,No,1429,Research & Development,18,4,Medical,1283,Male,67,3,4,Single,3.51,wffh6dc7@example.com
920,34,No,135,Research & Development,19,3,Medical,1285,Female,46,2,2,Divorced,3.51,ze3ij36v@example.com
921,28,No,791,Research & Development,1,4,Medical,1286,Male,44,1,3,Single,3.51,3h5b950o@example.com
922,44,No,1199,Research & Development,4,2,Life Sciences,1288,Male,92,5,1,Divorced,3.51,8bi4bv9s@example.com
923,34,No,648,Human Resources,11,3,Life Sciences,1289,Male,56,2,2,Married,3.52,0dwx4swj@example.com
924,35,No,735,Research & Development,6,1,Life Sciences,1291,Male,66,1,3,Married,3.52,e15h5ril@example.com
925,42,No,603,Research & Development,7,4,Medical,1292,Female,78,2,2,Married,3.52,co8qyo68@example.com
926,43,No,531,Sales,4,4,Marketing,1293,Female,56,3,4,Single,3.52,3dna8xqp@example.com
927,36,No,429,Research & Development,2,4,Life Sciences,1294,Female,53,2,2,Single,3.52,srctgfih@example.com
928,44,Yes,621,Research & Development,15,3,Medical,1295,Female,73,3,4,Married,3.53,emsnppjw@example.com
929,28,No,193,Research & Development,2,3,Life Sciences,1296,Male,52,1,4,Married,3.53,6fg4thay@example.com
930,51,No,968,Research & Development,6,2,Medical,1297,Female,40,1,3,Single,3.53,fgbux44l@example.com
931,30,No,879,Research & Development,9,2,Medical,1298,Female,72,2,3,Single,3.53,bcrdxuln@example.com
932,29,Yes,806,Research & Development,7,3,Technical Degree,1299,Female,39,1,3,Divorced,3.54,ypu0fxfe@example.com
933,28,No,640,Research & Development,1,3,Technical Degree,1301,Male,84,1,1,Single,3.54,0nqp5b71@example.com
934,25,No,266,Research & Development,1,3,Medical,1303,Female,40,1,2,Single,3.54,rhmzyk97@example.com
935,32,No,604,Sales,8,3,Medical,1304,Male,56,2,4,Married,3.54,evy5u5z6@example.com
936,45,No,364,Research & Development,25,3,Medical,1306,Female,83,5,2,Single,3.54,ylubr7uj@example.com
937,39,No,412,Research & Development,13,4,Medical,1307,Female,94,4,2,Divorced,3.55,oqefcila@example.com
938,58,No,848,Research & Development,23,4,Life Sciences,1308,Male,88,1,3,Divorced,3.55,8r6f5nbg@example.com
939,32,Yes,1089,Research & Development,7,2,Life Sciences,1309,Male,79,2,3,Married,3.55,h8hp681m@example.com
940,39,Yes,360,Research & Development,23,3,Medical,1310,Male,93,1,1,Single,3.55,dwe735q9@example.com
941,30,No,1138,Research & Development,6,3,Technical Degree,1311,Female,48,2,4,Married,3.55,kfrypkct@example.com
942,36,No,325,Research & Development,10,4,Technical Degree,1312,Female,63,3,3,Married,3.56,crx60v6z@example.com
943,46,No,991,Human Resources,1,2,Life Sciences,1314,Female,44,1,1,Single,3.56,ucps5l40@example.com
944,28,No,1476,Research & Development,1,3,Life Sciences,1315,Female,55,2,4,Married,3.56,rv95pk8k@example.com
945,50,No,1322,Research & Development,28,3,Life Sciences,1317,Female,43,4,1,Married,3.56,yexltrx8@example.com
946,40,Yes,299,Sales,25,4,Marketing,1318,Male,57,3,2,Single,3.56,tm97dtw7@example.com
947,52,Yes,1030,Sales,5,3,Life Sciences,1319,Male,64,3,2,Single,3.57,x40cv9yz@example.com
948,30,No,634,Research & Development,17,4,Medical,1321,Female,95,3,1,Married,3.57,dl8pemuv@example.com
949,39,No,524,Research & Development,18,2,Life Sciences,1322,Male,32,2,3,Single,3.57,4risg6ta@example.com
950,31,No,587,Sales,2,4,Life Sciences,1324,Female,57,3,3,Divorced,3.57,kfk9uxjf@example.com
951,41,No,256,Sales,10,2,Medical,1329,Male,40,2,2,Single,3.57,zmqe0t4q@example.com
952,31,Yes,1060,Sales,1,3,Life Sciences,1331,Female,54,1,2,Single,3.58,l1nam1cr@example.com
953,44,Yes,935,Research & Development,3,3,Life Sciences,1333,Male,89,1,1,Married,3.58,wiysvusx@example.com
954,42,No,495,Research & Development,2,1,Life Sciences,1334,Male,37,4,3,Married,3.58,d3o8z0lf@example.com
955,55,No,282,Research & Development,2,2,Medical,1336,Female,58,5,3,Married,3.58,uga59x5w@example.com
956,56,No,206,Human Resources,8,4,Life Sciences,1338,Male,99,5,2,Single,3.58,x26x0gdg@example.com
957,40,No,458,Research & Development,16,2,Life Sciences,1340,Male,74,1,3,Divorced,3.59,imjnuvi3@example.com
958,34,No,943,Research & Development,9,3,Life Sciences,1344,Male,86,3,4,Divorced,3.59,bl88n09h@example.com
959,40,No,523,Research & Development,2,3,Life Sciences,1346,Male,98,2,4,Single,3.59,oq7diieo@example.com
960,41,No,1018,Sales,1,3,Marketing,1349,Female,66,2,1,Divorced,3.59,gjm8h0y3@example.com
961,35,No,482,Research & Development,4,4,Life Sciences,1350,Male,87,2,3,Single,3.6,mpo4fi32@example.com
962,51,No,770,Human Resources,5,3,Life Sciences,1352,Male,84,4,2,Divorced,3.6,sz7q7ddu@example.com
963,38,No,1009,Sales,2,2,Life Sciences,1355,Female,31,2,1,Divorced,3.6,ez8os1q9@example.com
964,34,No,507,Sales,15,2,Medical,1356,Female,66,2,1,Single,3.6,3ol9bw41@example.com
965,25,No,882,Research & Development,19,1,Medical,1358,Male,67,1,4,Married,3.6,w6ptuqxc@example.com
966,58,Yes,601,Research & Development,7,4,Medical,1360,Female,53,3,1,Married,3.61,g1wvlc9i@example.com
967,40,No,329,Research & Development,1,4,Life Sciences,1361,Male,88,1,2,Married,3.61,tjo3zncz@example.com
968,36,No,607,Sales,7,3,Marketing,1362,Female,83,2,1,Married,3.61,yws6wgd0@example.com
969,48,No,855,Research & Development,4,3,Life Sciences,1363,Male,54,3,4,Single,3.61,x4c2sqrp@example.com
970,27,No,1291,Sales,11,3,Medical,1364,Female,98,1,4,Married,3.61,fl83ic6b@example.com
971,51,No,1405,Research & Development,11,2,Technical Degree,1367,Female,82,4,2,Single,3.62,su1egagb@example.com
972,18,No,1124,Research & Development,1,3,Life Sciences,1368,Female,97,1,4,Single,3.62,ogvvt3dq@example.com
973,35,No,817,Research & Development,1,3,Medical,1369,Female,60,2,4,Married,3.62,82antwd1@example.com
974,27,No,793,Sales,2,1,Life Sciences,1371,Male,43,2,4,Single,3.62,5fy4ilia@example.com
975,55,Yes,267,Sales,13,4,Marketing,1372,Male,85,4,3,Single,3.62,ns87pian@example.com
976,56,No,1369,Research & Development,23,3,Life Sciences,1373,Male,68,4,2,Married,3.63,sqd0f4wg@example.com
977,34,No,999,Research & Development,26,1,Technical Degree,1374,Female,92,1,3,Divorced,3.63,9ri7begp@example.com
978,40,No,1202,Research & Development,2,1,Medical,1375,Female,89,2,3,Divorced,3.63,9l0nhev9@example.com
979,34,No,285,Research & Development,29,3,Medical,1377,Male,86,2,3,Married,3.63,so1u5oit@example.com
980,31,Yes,703,Sales,2,3,Life Sciences,1379,Female,90,1,4,Single,3.63,gy9mopmg@example.com
981,35,Yes,662,Sales,18,4,Marketing,1380,Female,67,2,3,Married,3.64,39wh3w95@example.com
982,38,No,693,Research & Development,7,3,Life Sciences,1382,Male,57,1,3,Divorced,3.64,u9jmarme@example.com
983,34,No,404,Research & Development,2,4,Technical Degree,1383,Female,98,2,4,Single,3.64,gg4lqgdu@example.com
984,28,No,736,Sales,26,3,Life Sciences,1387,Male,48,2,1,Married,3.64,kl4tpat1@example.com
985,31,Yes,330,Research & Development,22,4,Medical,1389,Male,98,2,3,Married,3.65,km8qjprs@example.com
986,39,No,1498,Sales,21,4,Life Sciences,1390,Male,44,2,4,Married,3.65,64tg1l9x@example.com
987,51,No,541,Sales,2,3,Marketing,1391,Male,52,3,2,Married,3.65,m0dajnfv@example.com
988,41,No,1200,Research & Development,22,3,Life Sciences,1392,Female,75,2,4,Divorced,3.65,wj74zg79@example.com
989,37,No,1439,Research & Development,4,1,Life Sciences,1394,Male,54,1,3,Married,3.65,tbim6bzs@example.com
990,33,No,1111,Sales,5,1,Life Sciences,1395,Male,61,2,4,Married,3.66,ikisqoo5@example.com
991,32,No,499,Sales,2,1,Marketing,1396,Male,36,2,2,Married,3.66,81o958ed@example.com
992,39,No,1485,Research & Development,25,2,Life Sciences,1397,Male,71,3,3,Married,3.66,gmjdj2oq@example.com
993,25,No,1372,Sales,18,1,Life Sciences,1399,Male,93,2,3,Married,3.66,trlu4fwk@example.com
994,52,No,322,Research & Development,28,2,Medical,1401,Female,59,4,3,Married,3.66,16coquf5@example.com
995,43,No,930,Research & Development,6,3,Medical,1402,Female,73,2,3,Single,3.67,xpqxmncm@example.com
996,27,No,205,Sales,10,3,Marketing,1403,Female,98,2,4,Married,3.67,r05o9s70@example.com
997,27,Yes,135,Research & Development,17,4,Life Sciences,1405,Female,51,1,3,Single,3.67,zk4200wt@example.com
998,26,No,683,Research & Development,2,1,Medical,1407,Male,36,1,4,Single,3.67,o0lyer6g@example.com
999,42,No,1147,Human Resources,10,3,Human Resources,1408,Female,31,4,1,Married,3.67,b2ahrntu@example.com
1000,52,No,258,Research & Development,8,4,Other,1409,Female,54,1,1,Married,3.68,1spcc3y4@example.com
1001,37,No,1462,Research & Development,11,3,Medical,1411,Female,94,1,3,Single,3.68,24oji4lx@example.com
1002,35,No,200,Research & Development,18,2,Life Sciences,1412,Male,60,3,4,Single,3.68,vuzb687l@example.com
1003,25,No,949,Research & Development,1,3,Technical Degree,1415,Male,81,1,4,Married,3.68,les7v07d@example.com
1004,26,No,652,Research & Development,7,3,Other,1417,Male,100,1,1,Single,3.68,fu6lbqg5@example.com
1005,29,No,332,Human Resources,17,3,Other,1419,Male,51,3,1,Single,3.69,tm5tz8mq@example.com
1006,49,Yes,1475,Research & Development,28,2,Life Sciences,1420,Male,97,2,1,Single,3.69,2vvtqrrq@example.com
1007,29,Yes,337,Research & Development,14,1,Other,1421,Female,84,3,4,Single,3.69,jhjld36t@example.com
1008,54,No,971,Research & Development,1,3,Medical,1422,Female,54,4,4,Single,3.69,8ltsxwmv@example.com
1009,58,No,1055,Research & Development,1,3,Medical,1423,Female,76,5,1,Married,3.69,0pj7bd32@example.com
1010,55,No,1136,Research & Development,1,4,Medical,1424,Male,81,4,4,Divorced,3.7,2xonqknx@example.com
1011,36,No,1174,Sales,3,4,Marketing,1425,Female,99,2,2,Single,3.7,ejyhljbf@example.com
1012,31,Yes,667,Sales,1,4,Life Sciences,1427,Female,50,1,3,Single,3.7,mxrn7lyt@example.com
1013,30,No,855,Sales,7,4,Marketing,1428,Female,73,2,1,Divorced,3.7,6ssgbwme@example.com
1014,31,No,182,Research & Development,8,5,Life Sciences,1430,Female,93,4,2,Single,3.71,c747a6ig@example.com
1015,34,No,560,Research & Development,1,4,Other,1431,Male,91,1,1,Divorced,3.71,c7v3kdae@example.com
1016,31,Yes,202,Research & Development,8,3,Life Sciences,1433,Female,34,1,2,Single,3.71,l5siierm@example.com
1017,27,No,1377,Research & Development,11,1,Life Sciences,1434,Male,91,1,1,Married,3.71,y3vpl8fb@example.com
1018,36,No,172,Research & Development,4,4,Life Sciences,1435,Male,37,2,4,Single,3.71,5z3jdx2n@example.com
1019,36,No,329,Sales,16,4,Marketing,1436,Female,98,2,1,Married,3.72,wg51iam1@example.com
1020,47,No,465,Research & Development,1,3,Technical Degree,1438,Male,74,1,4,Married,3.72,1u9gmsop@example.com
1021,25,Yes,383,Sales,9,2,Life Sciences,1439,Male,68,1,1,Married,3.72,a88eo4b0@example.com
1022,37,No,1413,Research & Development,5,2,Technical Degree,1440,Male,84,1,3,Single,3.72,dyd3tw38@example.com
1023,56,No,1255,Research & Development,1,2,Life Sciences,1441,Female,90,1,1,Married,3.72,gk1iapk8@example.com
1024,47,No,359,Research & Development,2,4,Medical,1443,Female,82,4,3,Married,3.73,qt4u5rnd@example.com
1025,24,No,1476,Sales,4,1,Medical,1445,Female,42,2,3,Married,3.73,53x1fcs2@example.com
1026,32,No,601,Sales,7,5,Marketing,1446,Male,97,2,4,Married,3.73,07qu41vq@example.com
1027,34,No,401,Research & Development,1,3,Life Sciences,1447,Female,86,1,2,Married,3.73,i5gk3asr@example.com
1028,41,No,1283,Research & Development,5,5,Medical,1448,Male,90,1,3,Married,3.73,uroenehm@example.com
1029,40,No,663,Research & Development,9,4,Other,1449,Male,81,2,3,Divorced,3.74,qkc9ltd9@example.com
1030,31,No,326,Sales,8,2,Life Sciences,1453,Male,31,3,4,Divorced,3.74,vh4mkuyd@example.com
1031,46,Yes,377,Sales,9,3,Marketing,1457,Male,52,3,4,Divorced,3.74,7xa7oi45@example.com
1032,39,Yes,592,Research & Development,2,3,Life Sciences,1458,Female,54,1,1,Single,3.74,yqygstr2@example.com
1033,31,Yes,1445,Research & Development,1,5,Life Sciences,1459,Female,100,3,2,Single,3.74,3mx2x6nv@example.com
1034,45,No,1038,Research & Development,20,3,Medical,1460,Male,95,3,1,Divorced,3.75,wrrsbfzm@example.com
1035,31,No,1398,Human Resources,8,2,Medical,1461,Female,96,1,2,Single,3.75,lmb29f6b@example.com
1036,31,Yes,523,Research & Development,2,3,Life Sciences,1464,Male,94,1,4,Married,3.75,3u1ri2rx@example.com
1037,45,No,1448,Research & Development,29,3,Technical Degree,1465,Male,55,3,4,Married,3.75,4imfm3jf@example.com
1038,48,No,1221,Sales,7,3,Marketing,1466,Male,96,2,1,Divorced,3.76,uomby2m6@example.com
1039,34,Yes,1107,Human Resources,9,4,Technical Degree,1467,Female,52,1,3,Married,3.76,rlsaiii2@example.com
1040,40,No,218,Research & Development,8,1,Medical,1468,Male,55,3,2,Divorced,3.76,9p24fek9@example.com
1041,28,No,866,Sales,5,3,Medical,1469,Male,84,2,1,Single,3.76,oqejbd9o@example.com
1042,44,No,981,Research & Development,5,3,Life Sciences,1471,Male,90,1,3,Single,3.76,ze9b15ed@example.com
1043,53,No,447,Research & Development,2,3,Medical,1472,Male,39,4,2,Single,3.77,osrezjv4@example.com
1044,49,No,1495,Research & Development,5,4,Technical Degree,1473,Male,96,2,3,Married,3.77,ng6xau7z@example.com
1045,40,No,896,Research & Development,2,3,Medical,1474,Male,68,1,3,Divorced,3.77,298hquvo@example.com
1046,44,No,1467,Research & Development,20,3,Life Sciences,1475,Male,49,1,2,Single,3.77,avz92mcb@example.com
1047,33,No,430,Sales,7,3,Medical,1477,Male,54,2,1,Married,3.77,loc98a7a@example.com
1048,34,No,1326,Sales,3,3,Other,1478,Male,81,2,1,Single,3.78,io4062c5@example.com
1049,30,No,1358,Sales,16,1,Life Sciences,1479,Male,96,2,3,Married,3.78,ln4ov6ud@example.com
1050,42,No,748,Research & Development,9,2,Medical,1480,Female,74,1,4,Single,3.78,up449srj@example.com
1051,44,No,383,Sales,1,5,Marketing,1481,Female,79,2,3,Married,3.78,34xljqab@example.com
1052,30,No,990,Research & Development,7,3,Technical Degree,1482,Male,64,1,3,Divorced,3.78,yfebgyxr@example.com
1053,57,No,405,Research & Development,1,2,Life Sciences,1483,Male,93,2,3,Married,3.79,v5s21n1v@example.com
1054,49,No,1490,Research & Development,7,4,Life Sciences,1484,Male,35,3,2,Divorced,3.79,ter28fop@example.com
1055,34,No,829,Research & Development,15,3,Medical,1485,Male,71,4,1,Divorced,3.79,oc3sp8la@example.com
1056,28,Yes,1496,Sales,1,3,Technical Degree,1486,Male,92,1,3,Married,3.79,2q7jbh4h@example.com
1057,29,Yes,115,Sales,13,3,Technical Degree,1487,Female,51,2,2,Single,3.79,h3nfhbka@example.com
1058,34,Yes,790,Sales,24,4,Medical,1489,Female,40,2,2,Single,3.8,9buvjhnj@example.com
1059,35,No,660,Sales,7,1,Life Sciences,1492,Male,76,1,3,Married,3.8,9zv7u9i9@example.com
1060,24,Yes,381,Research & Development,9,3,Medical,1494,Male,89,1,1,Single,3.8,6r2mprl3@example.com
1061,24,No,830,Sales,13,2,Life Sciences,1495,Female,78,1,2,Married,3.8,gex8pxjs@example.com
1062,44,No,1193,Research & Development,2,1,Medical,1496,Male,86,3,3,Single,3.8,mmi12osk@example.com
1063,29,No,1246,Sales,19,3,Life Sciences,1497,Male,77,2,3,Divorced,3.81,ntcb7zai@example.com
1064,30,No,330,Human Resources,1,3,Life Sciences,1499,Male,46,1,3,Divorced,3.81,olnpg7j9@example.com
1065,55,No,1229,Research & Development,4,4,Life Sciences,1501,Male,30,2,3,Married,3.81,folz2l9y@example.com
1066,33,No,1099,Research & Development,4,4,Medical,1502,Female,82,1,2,Married,3.81,hffk6w7q@example.com
1067,47,No,571,Sales,14,3,Medical,1503,Female,78,2,3,Married,3.82,kn7co01e@example.com
1068,28,Yes,289,Research & Development,2,2,Medical,1504,Male,38,1,1,Single,3.82,mz4nzoy0@example.com
1069,28,No,1423,Research & Development,1,3,Life Sciences,1506,Male,72,1,3,Divorced,3.82,o3axhh7y@example.com
1070,28,No,467,Sales,7,3,Life Sciences,1507,Male,55,2,1,Single,3.82,fargmtjk@example.com
1071,49,No,271,Research & Development,3,2,Medical,1509,Female,43,2,1,Married,3.82,ihr9vw3s@example.com
1072,29,No,410,Research & Development,2,1,Life Sciences,1513,Female,97,1,2,Married,3.83,qa82mtgy@example.com
1073,28,No,1083,Research & Development,29,1,Life Sciences,1514,Male,96,2,2,Married,3.83,agee7wvz@example.com
1074,33,No,516,Research & Development,8,5,Life Sciences,1515,Male,69,2,3,Single,3.83,7s23gm3m@example.com
1075,32,No,495,Research & Development,10,3,Medical,1516,Male,64,3,4,Single,3.83,iwgq3tir@example.com
1076,54,No,1050,Research & Development,11,4,Medical,1520,Female,87,4,4,Divorced,3.83,i3gux0nm@example.com
1077,29,Yes,224,Research & Development,1,4,Technical Degree,1522,Male,100,1,1,Single,3.84,48eed8oy@example.com
1078,44,No,136,Research & Development,28,3,Life Sciences,1523,Male,32,4,1,Married,3.84,3w5v10uc@example.com
1079,39,No,1089,Research & Development,6,3,Life Sciences,1525,Female,32,3,2,Single,3.84,7a6kh4zj@example.com
1080,46,No,228,Sales,3,3,Life Sciences,1527,Female,51,4,2,Married,3.84,apivo9bs@example.com
1081,35,No,1029,Research & Development,16,3,Life Sciences,1529,Female,91,3,2,Single,3.84,2slp0kng@example.com
1082,23,No,507,Research & Development,20,1,Life Sciences,1533,Male,97,2,3,Single,3.85,axot4oyc@example.com
1083,40,Yes,676,Research & Development,9,4,Life Sciences,1534,Male,86,1,1,Single,3.85,51f5qtn4@example.com
1084,34,No,971,Sales,1,3,Technical Degree,1535,Male,64,3,3,Married,3.85,j485wq3l@example.com
1085,31,Yes,561,Research & Development,3,3,Life Sciences,1537,Female,33,1,3,Single,3.85,eeofot5b@example.com
1086,50,No,333,Research & Development,22,5,Medical,1539,Male,88,4,4,Single,3.85,rs28peu9@example.com
1087,34,No,1440,Sales,7,2,Technical Degree,1541,Male,55,1,3,Married,3.86,wd5n8xfx@example.com
1088,42,No,1210,Research & Development,2,3,Medical,1542,Male,68,1,2,Married,3.86,4s6q9u79@example.com
1089,37,No,674,Research & Development,13,3,Medical,1543,Male,47,2,4,Married,3.86,3dtjccbo@example.com
1090,29,No,441,Research & Development,8,1,Other,1544,Female,39,2,1,Married,3.86,9f6hmu1p@example.com
1091,33,No,575,Research & Development,25,3,Life Sciences,1545,Male,44,2,2,Single,3.87,496pa69n@example.com
1092,45,No,950,Research & Development,28,3,Technical Degree,1546,Male,97,1,4,Married,3.87,0upyjqqy@example.com
1093,42,No,288,Research & Development,2,3,Life Sciences,1547,Male,40,3,4,Married,3.87,n39o1aio@example.com
1094,40,No,1342,Sales,9,2,Medical,1548,Male,47,2,1,Married,3.87,wupebuox@example.com
1095,33,No,589,Research & Development,28,4,Life Sciences,1549,Male,79,2,3,Married,3.87,46kyyytn@example.com
1096,40,No,898,Human Resources,6,2,Medical,1550,Male,38,4,4,Single,3.88,th6btbll@example.com
1097,24,No,350,Research & Development,21,2,Technical Degree,1551,Male,57,1,1,Divorced,3.88,u8n1xh2l@example.com
1098,40,No,1142,Research & Development,8,2,Life Sciences,1552,Male,72,2,4,Divorced,3.88,jzugj4vm@example.com
1099,45,No,538,Research & Development,1,4,Technical Degree,1553,Male,66,3,2,Divorced,3.88,8lwx6sfb@example.com
1100,35,No,1402,Sales,28,4,Life Sciences,1554,Female,98,1,3,Married,3.88,p6er5qlf@example.com
1101,32,No,824,Research & Development,5,2,Life Sciences,1555,Female,67,2,2,Married,3.89,ec6dej56@example.com
1102,36,No,1157,Sales,2,4,Life Sciences,1556,Male,70,1,4,Single,3.89,y9xf3sb0@example.com
1103,48,No,492,Sales,16,4,Life Sciences,1557,Female,96,2,3,Divorced,3.89,ei7mneh9@example.com
1104,29,No,598,Research & Development,9,3,Life Sciences,1558,Male,91,1,3,Married,3.89,qjr0zoup@example.com
1105,33,No,1242,Sales,8,4,Life Sciences,1560,Male,46,2,1,Married,3.89,4qttvl9q@example.com
1106,30,Yes,740,Sales,1,3,Life Sciences,1562,Male,64,2,1,Married,3.9,k53hzm6x@example.com
1107,38,No,888,Human Resources,10,4,Human Resources,1563,Male,71,2,3,Married,3.9,s0rrs6er@example.com
1108,35,No,992,Research & Development,1,3,Medical,1564,Male,68,1,1,Single,3.9,0a5px16r@example.com
1109,30,No,1288,Sales,29,4,Technical Degree,1568,Male,33,3,2,Married,3.9,w208ojpq@example.com
1110,35,Yes,104,Research & Development,2,3,Life Sciences,1569,Female,69,1,1,Divorced,3.9,3zjjdmzw@example.com
1111,53,Yes,607,Research & Development,2,5,Technical Degree,1572,Female,78,3,4,Married,3.91,f0aes1np@example.com
1112,38,Yes,903,Research & Development,2,3,Medical,1573,Male,81,2,2,Married,3.91,d68pwx8n@example.com
1113,32,No,1200,Research & Development,1,4,Technical Degree,1574,Male,62,2,1,Married,3.91,rfw5p52r@example.com
1114,48,No,1108,Research & Development,15,4,Other,1576,Female,65,1,1,Married,3.91,13csyouq@example.com
1115,34,No,479,Research & Development,7,4,Medical,1577,Male,35,1,4,Single,3.92,0hd2prkr@example.com
1116,55,No,685,Sales,26,5,Marketing,1578,Male,60,5,4,Married,3.92,zyt6osa1@example.com
1117,34,No,1351,Research & Development,1,4,Life Sciences,1580,Male,45,2,4,Married,3.92,xym2nouj@example.com
1118,26,No,474,Research & Development,3,3,Life Sciences,1581,Female,89,1,4,Married,3.92,pe9cep6k@example.com
1119,38,No,1245,Sales,14,3,Life Sciences,1582,Male,80,2,2,Married,3.92,99oeewjg@example.com
1120,38,No,437,Sales,16,3,Life Sciences,1583,Female,90,2,2,Single,3.93,e5wkvpta@example.com
1121,36,No,884,Sales,1,4,Life Sciences,1585,Female,73,2,3,Single,3.93,w8793dep@example.com
1122,29,No,1370,Research & Development,3,1,Medical,1586,Male,87,1,1,Single,3.93,kscjppws@example.com
1123,35,No,670,Research & Development,10,4,Medical,1587,Female,51,2,3,Single,3.93,flyh6bzt@example.com
1124,39,No,1462,Sales,6,3,Medical,1588,Male,38,3,3,Married,3.93,ukw1xp0w@example.com
1125,29,No,995,Research & Development,2,1,Life Sciences,1590,Male,87,2,4,Divorced,3.94,6g0q372l@example.com
1126,50,No,264,Sales,9,3,Marketing,1591,Male,59,5,3,Married,3.94,651h6mtk@example.com
1127,23,No,977,Research & Development,10,3,Technical Degree,1592,Male,45,1,3,Married,3.94,p9yt4ag9@example.com
1128,36,No,1302,Research & Development,6,4,Life Sciences,1594,Male,80,2,1,Married,3.94,oh51lu1z@example.com
1129,42,No,1059,Research & Development,9,2,Other,1595,Male,93,5,4,Single,3.94,h7kncwuh@example.com
1130,35,No,750,Research & Development,28,3,Life Sciences,1596,Male,46,2,3,Married,3.95,oycs7264@example.com
1131,34,No,653,Research & Development,10,4,Technical Degree,1597,Male,92,2,3,Married,3.95,bwvot9jx@example.com
1132,40,No,118,Sales,14,2,Life Sciences,1598,Female,84,2,1,Married,3.95,fmclf0fq@example.com
1133,43,No,990,Research & Development,27,3,Technical Degree,1599,Male,87,1,2,Divorced,3.95,dbvwrq4i@example.com
1134,35,No,1349,Research & Development,7,2,Life Sciences,1601,Male,63,1,4,Married,3.95,mfnb9rd4@example.com
1135,46,No,563,Sales,1,4,Life Sciences,1602,Male,56,4,1,Single,3.96,t9qm4eys@example.com
1136,28,Yes,329,Research & Development,24,3,Medical,1604,Male,51,1,2,Married,3.96,kxvxcw1u@example.com
1137,22,No,457,Research & Development,26,2,Other,1605,Female,85,1,3,Married,3.96,2dijb5fj@example.com
1138,50,No,1234,Research & Development,20,5,Medical,1606,Male,41,4,3,Married,3.96,q93hsj59@example.com
1139,32,No,634,Research & Development,5,4,Other,1607,Female,35,1,4,Married,3.96,pknmom3n@example.com
1140,44,No,1313,Research & Development,7,3,Medical,1608,Female,31,5,4,Divorced,3.97,bbj7o4e1@example.com
1141,30,No,241,Research & Development,7,3,Medical,1609,Male,48,1,2,Married,3.97,4lt4ncq9@example.com
1142,45,No,1015,Research & Development,5,5,Medical,1611,Female,50,2,1,Single,3.97,8xnvjxfb@example.com
1143,45,No,336,Sales,26,3,Marketing,1612,Male,52,2,1,Married,3.97,n2d43fai@example.com
1144,31,No,715,Sales,2,4,Other,1613,Male,54,2,1,Single,3.98,hmqknwko@example.com
1145,36,No,559,Research & Development,12,4,Life Sciences,1614,Female,76,2,3,Married,3.98,3pbcgghx@example.com
1146,34,No,426,Research & Development,10,4,Life Sciences,1615,Male,42,2,4,Divorced,3.98,f2dq5dmb@example.com
1147,49,No,722,Research & Development,25,4,Life Sciences,1617,Female,84,1,1,Married,3.98,alijjg1t@example.com
1148,39,No,1387,Research & Development,10,5,Medical,1618,Male,76,2,1,Married,3.98,hqej7ps4@example.com
1149,27,No,1302,Research & Development,19,3,Other,1619,Male,67,1,1,Divorced,3.99,o6gr3n3h@example.com
1150,35,No,819,Research & Development,18,5,Life Sciences,1621,Male,48,2,1,Married,3.99,8h31w4t7@example.com
1151,28,No,580,Research & Development,27,3,Medical,1622,Female,39,2,1,Divorced,3.99,rjjpywsp@example.com
1152,21,No,546,Research & Development,5,1,Medical,1623,Male,97,1,4,Single,3.99,ceenjgi8@example.com
1153,18,Yes,544,Sales,3,2,Medical,1624,Female,70,1,4,Single,3.99,ked0sgp1@example.com
1154,47,No,1176,Human Resources,26,4,Life Sciences,1625,Female,98,5,3,Married,4.0,gf97akc0@example.com
1155,39,No,170,Research & Development,3,2,Medical,1627,Male,76,2,3,Divorced,4.0,oo2e6mcd@example.com
1156,40,No,884,Research & Development,15,3,Life Sciences,1628,Female,80,3,3,Married,4.0,3oko83p1@example.com
1157,35,No,208,Research & Development,8,4,Life Sciences,1630,Female,52,2,3,Married,4.0,o4ziwmi2@example.com
1158,37,No,671,Research & Development,19,3,Life Sciences,1631,Male,85,2,3,Married,4.0,u9x7f7ea@example.com
1159,39,No,711,Research & Development,4,3,Medical,1633,Female,81,2,3,Single,4.01,581i7v0y@example.com
1160,45,No,1329,Research & Development,2,2,Other,1635,Female,59,2,4,Divorced,4.01,5wbjngnp@example.com
1161,38,No,397,Research & Development,2,2,Medical,1638,Female,54,3,3,Married,4.01,2nkzzf7y@example.com
1162,35,Yes,737,Sales,10,3,Medical,1639,Male,55,3,1,Married,4.01,o64l2o17@example.com
1163,37,No,1470,Research & Development,10,3,Medical,1640,Female,71,1,2,Married,4.01,ecpdcu97@example.com
1164,40,No,448,Research & Development,16,3,Life Sciences,1641,Female,84,3,4,Single,4.02,uib55xiw@example.com
1165,44,No,602,Human Resources,1,5,Human Resources,1642,Male,37,2,4,Married,4.02,tofv6mi0@example.com
1166,48,No,365,Research & Development,4,5,Medical,1644,Male,89,4,4,Married,4.02,uy6ysj58@example.com
1167,35,Yes,763,Sales,15,2,Medical,1645,Male,59,2,4,Divorced,4.02,06rxq5v8@example.com
1168,24,No,567,Research & Development,2,1,Technical Degree,1646,Female,32,1,4,Single,4.03,vd4jmtqm@example.com
1169,27,No,486,Research & Development,8,3,Medical,1647,Female,86,1,3,Married,4.03,qcgpp9b4@example.com
1170,27,No,591,Research & Development,2,3,Medical,1648,Male,87,1,4,Single,4.03,jnbjtsz3@example.com
1171,40,Yes,1329,Research & Development,7,3,Life Sciences,1649,Male,73,1,1,Single,4.03,j50ql0mw@example.com
1172,29,No,469,Sales,10,3,Medical,1650,Male,42,2,3,Single,4.03,to5i32oh@example.com
1173,36,No,711,Research & Development,5,4,Life Sciences,1651,Female,42,3,1,Married,4.04,cf67q53l@example.com
1174,25,No,772,Research & Development,2,1,Life Sciences,1653,Male,77,2,3,Divorced,4.04,p06racy6@example.com
1175,39,No,492,Research & Development,12,3,Medical,1654,Male,66,2,2,Married,4.04,5ogfnm3y@example.com
1176,49,No,301,Research & Development,22,4,Other,1655,Female,72,4,2,Married,4.04,dh2jnlt6@example.com
1177,50,No,813,Research & Development,17,5,Life Sciences,1656,Female,50,3,1,Divorced,4.04,6wt47li0@example.com
1178,20,No,1141,Sales,2,3,Medical,1657,Female,31,1,3,Single,4.05,q72z6279@example.com
1179,34,No,1130,Research & Development,3,3,Life Sciences,1658,Female,66,2,2,Divorced,4.05,zgldxtdn@example.com
1180,36,No,311,Research & Development,7,3,Life Sciences,1659,Male,77,1,2,Single,4.05,idqyg6ux@example.com
1181,49,No,465,Research & Development,6,1,Life Sciences,1661,Female,41,4,3,Married,4.05,v3923lvl@example.com
1182,36,No,894,Research & Development,1,4,Medical,1662,Female,33,2,3,Married,4.05,9ywo1v04@example.com
1183,36,No,1040,Research & Development,3,2,Life Sciences,1664,Male,79,2,1,Divorced,4.06,vuob2fqw@example.com
1184,54,No,584,Research & Development,22,5,Medical,1665,Female,91,4,3,Married,4.06,0tj765ve@example.com
1185,43,No,1291,Research & Development,15,2,Life Sciences,1666,Male,65,4,3,Married,4.06,wxefk4kz@example.com
1186,35,Yes,880,Sales,12,4,Other,1667,Male,36,2,4,Single,4.06,vqpsfs16@example.com
1187,38,No,1189,Research & Development,1,3,Life Sciences,1668,Male,90,2,4,Married,4.06,d9dnh9kn@example.com
1188,29,No,991,Sales,5,3,Medical,1669,Male,43,2,2,Divorced,4.07,wuvasx1e@example.com
1189,33,No,392,Sales,2,4,Medical,1670,Male,93,2,4,Divorced,4.07,8cxx9979@example.com
1190,32,No,977,Research & Development,2,3,Medical,1671,Male,45,2,2,Divorced,4.07,jfn3o45h@example.com
1191,31,No,1112,Sales,5,4,Life Sciences,1673,Female,67,2,4,Married,4.07,tk5emkt5@example.com
1192,49,No,464,Research & Development,16,3,Medical,1674,Female,74,1,1,Divorced,4.07,86zd74ld@example.com
1193,38,No,148,Research & Development,2,3,Medical,1675,Female,42,1,2,Single,4.08,zo2jyjnl@example.com
1194,47,No,1225,Sales,2,4,Life Sciences,1676,Female,47,4,2,Divorced,4.08,4mqids62@example.com
1195,49,No,809,Research & Development,1,3,Life Sciences,1677,Male,36,4,3,Single,4.08,ff37jnj4@example.com
1196,41,No,1206,Sales,23,2,Life Sciences,1678,Male,80,3,3,Single,4.08,rg31cgq2@example.com
1197,20,No,727,Sales,9,1,Life Sciences,1680,Male,54,1,1,Single,4.09,0uwgkduh@example.com
1198,33,No,530,Sales,16,3,Life Sciences,1681,Female,36,2,4,Divorced,4.09,l2fnj0dy@example.com
1199,36,No,1351,Research & Development,26,4,Life Sciences,1682,Male,80,2,3,Married,4.09,q8isbulv@example.com
1200,44,No,528,Human Resources,1,3,Life Sciences,1683,Female,44,1,4,Divorced,4.09,rvd5ofgl@example.com
1201,23,Yes,1320,Research & Development,8,1,Medical,1684,Male,93,1,3,Single,4.09,s8wq6wsc@example.com
1202,38,No,1495,Research & Development,4,2,Medical,1687,Female,87,1,3,Married,4.1,ie7ziq63@example.com
1203,53,No,1395,Research & Development,24,4,Medical,1689,Male,48,3,4,Married,4.1,j6zdg974@example.com
1204,48,Yes,708,Sales,7,2,Medical,1691,Female,95,1,3,Married,4.1,hig656oj@example.com
1205,32,Yes,1259,Research & Development,2,4,Life Sciences,1692,Male,95,1,2,Single,4.1,2b6rjvgd@example.com
1206,26,No,786,Research & Development,7,3,Medical,1693,Male,76,1,4,Single,4.1,09jm3ypw@example.com
1207,55,No,1441,Research & Development,22,3,Technical Degree,1694,Male,94,1,2,Divorced,4.11,jyhr6xl9@example.com
1208,34,No,1157,Research & Development,5,2,Medical,1696,Male,57,2,4,Married,4.11,m0gh91ll@example.com
1209,60,No,370,Research & Development,1,4,Medical,1697,Male,92,3,4,Divorced,4.11,n6a5pyba@example.com
1210,33,No,267,Research & Development,21,3,Medical,1698,Male,79,1,2,Married,4.11,25408xyt@example.com
1211,37,No,1278,Sales,1,4,Medical,1700,Male,31,2,4,Divorced,4.11,ixujhkuq@example.com
1212,34,No,678,Research & Development,19,3,Life Sciences,1701,Female,35,1,4,Married,4.12,7zh63a02@example.com
1213,23,Yes,427,Sales,7,3,Life Sciences,1702,Male,99,1,4,Divorced,4.12,795hjlq5@example.com
1214,44,No,921,Research & Development,2,3,Life Sciences,1703,Female,96,3,4,Married,4.12,g6iiatxg@example.com
1215,35,No,146,Research & Development,2,4,Medical,1704,Male,79,1,4,Single,4.12,0kl1vt3d@example.com
1216,43,No,1179,Sales,2,3,Medical,1706,Male,73,2,4,Married,4.12,wig7ike8@example.com
1217,24,No,581,Research & Development,9,3,Medical,1707,Male,62,1,3,Married,4.13,16ysg8ca@example.com
1218,41,No,918,Sales,6,3,Marketing,1708,Male,35,3,3,Single,4.13,d1zav0tn@example.com
1219,29,No,1082,Research & Development,9,4,Medical,1709,Female,43,1,3,Married,4.13,8u1iggha@example.com
1220,36,No,530,Sales,2,4,Life Sciences,1710,Female,51,2,4,Single,4.13,zya8szla@example.com
1221,45,No,1238,Research & Development,1,1,Life Sciences,1712,Male,74,3,3,Married,4.14,xg7rgel7@example.com
1222,24,Yes,240,Human Resources,22,1,Human Resources,1714,Male,58,1,3,Married,4.14,i9eztgul@example.com
1223,47,Yes,1093,Sales,9,3,Life Sciences,1716,Male,82,4,3,Married,4.14,ocrwt1s9@example.com
1224,26,No,390,Research & Development,17,4,Medical,1718,Male,62,1,3,Married,4.14,lhw95h1v@example.com
1225,45,No,1005,Research & Development,28,2,Technical Degree,1719,Female,48,4,2,Single,4.14,p8o78sbo@example.com
1226,32,No,585,Research & Development,10,3,Life Sciences,1720,Male,56,1,3,Married,4.15,2ir4nkrk@example.com
1227,31,No,741,Research & Development,2,4,Life Sciences,1721,Male,69,1,3,Married,4.15,24t7622x@example.com
1228,41,No,552,Human Resources,4,3,Human Resources,1722,Male,60,2,2,Married,4.15,dxr7fdg1@example.com
1229,40,No,369,Research & Development,8,2,Life Sciences,1724,Female,92,2,1,Married,4.15,8obbbj03@example.com
1230,24,No,506,Research & Development,29,1,Medical,1725,Male,91,1,1,Divorced,4.15,bcjogsst@example.com
1231,46,No,717,Research & Development,13,4,Life Sciences,1727,Male,34,2,2,Single,4.16,vpkcpm89@example.com
1232,35,No,1370,Research & Development,27,4,Life Sciences,1728,Male,49,2,3,Married,4.16,4g1y3f8r@example.com
1233,30,No,793,Research & Development,16,1,Life Sciences,1729,Male,33,1,4,Married,4.16,mk730lrx@example.com
1234,47,No,543,Sales,2,4,Marketing,1731,Male,87,2,2,Married,4.16,17gtszn2@example.com
1235,46,No,1277,Sales,2,3,Life Sciences,1732,Male,74,3,4,Divorced,4.16,17yqpihd@example.com
1236,36,Yes,1456,Sales,13,5,Marketing,1733,Male,96,2,1,Divorced,4.17,l9z5pj7r@example.com
1237,32,Yes,964,Sales,1,2,Life Sciences,1734,Male,34,2,2,Single,4.17,ykgbr9qy@example.com
1238,23,No,160,Research & Development,4,1,Medical,1735,Female,51,1,2,Single,4.17,gjz57kl3@example.com
1239,31,No,163,Research & Development,24,1,Technical Degree,1736,Female,30,2,4,Single,4.17,5gycc93e@example.com
1240,39,No,792,Research & Development,1,3,Life Sciences,1737,Male,77,2,4,Married,4.17,e1ob5sg2@example.com
1241,32,No,371,Sales,19,3,Life Sciences,1739,Male,80,3,3,Married,4.18,60r1wqd2@example.com
1242,40,No,611,Sales,7,4,Medical,1740,Male,88,5,2,Single,4.18,n6eau7eb@example.com
1243,45,No,176,Human Resources,4,3,Life Sciences,1744,Female,56,3,3,Married,4.18,gjgwlpmv@example.com
1244,30,No,1312,Research & Development,2,4,Technical Degree,1745,Female,78,1,1,Single,4.18,v79gs98r@example.com
1245,24,No,897,Human Resources,10,3,Medical,1746,Male,59,1,4,Married,4.18,b0875ik8@example.com
1246,30,Yes,600,Human Resources,8,3,Human Resources,1747,Female,66,1,4,Divorced,4.19,9idw09ez@example.com
1247,31,No,1003,Sales,5,3,Technical Degree,1749,Male,51,2,3,Married,4.19,ooxdetow@example.com
1248,27,No,1054,Research & Development,8,3,Medical,1751,Female,67,1,4,Single,4.19,5vqgee48@example.com
1249,29,Yes,428,Sales,9,3,Marketing,1752,Female,52,1,2,Single,4.19,9k5ej5dh@example.com
1250,29,No,461,Research & Development,1,3,Life Sciences,1753,Male,70,2,3,Single,4.2,ttoybquw@example.com
1251,30,No,979,Sales,15,2,Marketing,1754,Male,94,3,1,Divorced,4.2,ltn9comd@example.com
1252,34,No,181,Research & Development,2,4,Medical,1755,Male,97,1,4,Married,4.2,ofjd15j0@example.com
1253,33,No,1283,Sales,2,3,Marketing,1756,Female,62,2,2,Single,4.2,kj8h90x4@example.com
1254,49,No,1313,Sales,11,4,Marketing,1757,Female,80,2,4,Single,4.2,uctyrug8@example.com
1255,33,Yes,211,Sales,16,3,Life Sciences,1758,Female,74,3,1,Single,4.21,6xbyoly1@example.com
1256,38,No,594,Research & Development,2,2,Medical,1760,Female,75,1,2,Married,4.21,re532jmf@example.com
1257,31,Yes,1079,Sales,16,4,Marketing,1761,Male,70,3,3,Married,4.21,fl3qbrxz@example.com
1258,29,No,590,Research & Development,4,3,Technical Degree,1762,Female,91,1,1,Divorced,4.21,17icakag@example.com
1259,30,No,305,Research & Development,16,3,Life Sciences,1763,Male,58,2,3,Married,4.21,9y4p0xwa@example.com
1260,32,No,953,Research & Development,5,4,Technical Degree,1764,Male,65,1,2,Single,4.22,i4nbs975@example.com
1261,38,No,833,Research & Development,18,3,Medical,1766,Male,60,2,4,Married,4.22,8wup69rw@example.com
1262,43,Yes,807,Research & Development,17,3,Technical Degree,1767,Male,38,1,3,Married,4.22,zdaqunnj@example.com
1263,42,No,855,Research & Development,12,3,Medical,1768,Male,57,1,2,Divorced,4.22,trd190vt@example.com
1264,55,No,478,Research & Development,2,3,Medical,1770,Male,60,5,1,Married,4.22,25gmmu8t@example.com
1265,33,No,775,Research & Development,4,3,Technical Degree,1771,Male,90,2,2,Divorced,4.23,k9afbkrz@example.com
1266,41,No,548,Research & Development,9,4,Life Sciences,1772,Male,94,1,1,Divorced,4.23,pkg45zdz@example.com
1267,34,No,1375,Sales,10,3,Life Sciences,1774,Male,87,2,3,Divorced,4.23,iuweni1b@example.com
1268,53,No,661,Research & Development,1,4,Medical,1775,Female,60,4,3,Married,4.23,pfxolh6z@example.com
1269,43,No,244,Human Resources,2,3,Life Sciences,1778,Male,97,1,4,Single,4.23,tk1hkt5n@example.com
1270,34,No,511,Sales,3,2,Life Sciences,1779,Female,32,2,4,Single,4.24,hymea2xd@example.com
1271,21,Yes,337,Sales,7,1,Marketing,1780,Male,31,1,2,Single,4.24,xg8eyt95@example.com
1272,38,No,1153,Research & Development,6,2,Other,1782,Female,40,1,3,Married,4.24,92j4j1f6@example.com
1273,22,Yes,1294,Research & Development,8,1,Medical,1783,Female,79,1,1,Married,4.24,ul9drvuw@example.com
1274,31,No,196,Sales,29,4,Marketing,1784,Female,91,2,4,Married,4.25,ncnnwl03@example.com
1275,51,No,942,Research & Development,3,3,Technical Degree,1786,Female,53,3,3,Married,4.25,l4dkhi0z@example.com
1276,37,No,589,Sales,9,2,Marketing,1787,Male,46,2,2,Married,4.25,wfdi2gp3@example.com
1277,46,No,734,Research & Development,2,4,Medical,1789,Male,46,5,4,Divorced,4.25,pyb8v14a@example.com
1278,36,No,1383,Research & Development,10,3,Life Sciences,1790,Male,90,3,1,Married,4.25,1drgc4wg@example.com
1279,44,Yes,429,Research & Development,1,2,Medical,1792,Male,99,1,2,Divorced,4.26,p40j707i@example.com
1280,37,No,1239,Human Resources,8,2,Other,1794,Male,89,2,2,Divorced,4.26,3p39gfuf@example.com
1281,35,Yes,303,Sales,27,3,Life Sciences,1797,Male,84,2,4,Single,4.26,bt9a1qa8@example.com
1282,33,No,867,Research & Development,8,4,Life Sciences,1798,Male,90,1,1,Married,4.26,dd2qmynh@example.com
1283,28,No,1181,Research & Development,1,3,Life Sciences,1799,Male,82,1,4,Married,4.26,7unjmi0c@example.com
1284,39,No,1253,Research & Development,10,1,Medical,1800,Male,65,3,3,Single,4.27,yysxe0kx@example.com
1285,46,No,849,Sales,26,2,Life Sciences,1801,Male,98,2,2,Single,4.27,0itm8h8d@example.com
1286,40,No,616,Research & Development,2,2,Life Sciences,1802,Female,99,1,1,Married,4.27,wzuymf6m@example.com
1287,42,No,1128,Research & Development,13,3,Medical,1803,Male,95,2,1,Married,4.27,twrm66uj@example.com
1288,35,No,1180,Research & Development,2,2,Medical,1804,Male,90,2,4,Divorced,4.27,nqlqfij6@example.com
1289,38,No,1336,Human Resources,2,3,Human Resources,1805,Male,100,1,2,Divorced,4.28,g1nr0gnb@example.com
1290,34,Yes,234,Research & Development,9,4,Life Sciences,1807,Male,93,2,1,Married,4.28,ui7l8rg0@example.com
1291,37,Yes,370,Research & Development,10,4,Medical,1809,Male,58,2,1,Single,4.28,571ed0wj@example.com
1292,39,No,766,Sales,20,3,Life Sciences,1812,Male,83,2,4,Divorced,4.28,tlreodnr@example.com
1293,43,No,343,Research & Development,9,3,Life Sciences,1813,Male,52,1,3,Single,4.28,6pe40rhk@example.com
1294,41,No,447,Research & Development,5,3,Life Sciences,1814,Male,85,2,2,Single,4.29,pjm5mfpt@example.com
1295,41,No,796,Sales,4,1,Marketing,1815,Female,81,3,3,Divorced,4.29,bhedpqas@example.com
1296,30,No,1092,Research & Development,10,3,Medical,1816,Female,64,3,3,Single,4.29,cg0e1udy@example.com
1297,26,Yes,920,Human Resources,20,2,Medical,1818,Female,69,1,2,Married,4.29,1hkafsxi@example.com
1298,46,Yes,261,Research & Development,21,2,Medical,1821,Female,66,2,2,Married,4.29,wvi0ob0n@example.com
1299,40,No,1194,Research & Development,1,3,Life Sciences,1822,Female,52,2,4,Divorced,4.3,m4aurs20@example.com
1300,34,No,810,Sales,8,2,Technical Degree,1823,Male,92,2,3,Married,4.3,rz5k6o9k@example.com
1301,58,No,350,Sales,2,3,Medical,1824,Male,52,4,2,Divorced,4.3,i5gagdmv@example.com
1302,35,No,185,Research & Development,23,4,Medical,1826,Male,91,1,3,Married,4.3,fbheddwk@example.com
1303,47,No,1001,Research & Development,4,3,Life Sciences,1827,Female,92,3,2,Divorced,4.31,cz2t664h@example.com
1304,40,No,750,Research & Development,12,3,Life Sciences,1829,Female,47,2,1,Divorced,4.31,qlcqysdb@example.com
1305,54,No,431,Research & Development,7,4,Medical,1830,Female,68,2,4,Married,4.31,d2n6fepo@example.com
1306,31,No,1125,Sales,7,4,Marketing,1833,Female,68,3,1,Married,4.31,vi5b7sjs@example.com
1307,28,No,1217,Research & Development,1,3,Medical,1834,Female,67,1,1,Married,4.31,ewfs3d0e@example.com
1308,38,No,723,Sales,2,4,Marketing,1835,Female,77,2,4,Married,4.32,xmfq6nm3@example.com
1309,26,No,572,Sales,10,3,Medical,1836,Male,46,2,4,Single,4.32,ij1chcc9@example.com
1310,58,No,1216,Research & Development,15,4,Life Sciences,1837,Male,87,4,3,Married,4.32,w7wwqf1t@example.com
1311,18,No,1431,Research & Development,14,3,Medical,1839,Female,33,1,3,Single,4.32,noibv8j9@example.com
1312,31,Yes,359,Human Resources,18,5,Human Resources,1842,Male,89,1,1,Married,4.32,xo6ktcuq@example.com
1313,29,Yes,350,Human Resources,13,3,Human Resources,1844,Male,56,1,1,Divorced,4.33,dyb2kqx2@example.com
1314,45,No,589,Sales,2,4,Life Sciences,1845,Female,67,2,3,Married,4.33,xv05bq0k@example.com
1315,36,No,430,Research & Development,2,4,Other,1847,Female,73,2,2,Married,4.33,gs756fkt@example.com
1316,43,No,1422,Sales,2,4,Life Sciences,1849,Male,92,2,4,Married,4.33,qp891e42@example.com
1317,27,No,1297,Research & Development,5,2,Life Sciences,1850,Female,53,1,4,Single,4.33,172yh2ih@example.com
1318,29,No,574,Research & Development,20,1,Medical,1852,Male,40,1,4,Married,4.34,0cbfvbjw@example.com
1319,32,No,1318,Sales,10,4,Marketing,1853,Male,79,2,4,Single,4.34,ojb2vmru@example.com
1320,42,No,355,Research & Development,10,4,Technical Degree,1854,Male,38,1,3,Married,4.34,0kqp36pl@example.com
1321,47,No,207,Research & Development,9,4,Life Sciences,1856,Female,64,1,3,Single,4.34,yp21fb35@example.com
1322,46,No,706,Research & Development,2,2,Life Sciences,1857,Male,82,3,4,Divorced,4.34,s962nrbf@example.com
1323,28,No,280,Human Resources,1,2,Life Sciences,1858,Male,43,1,4,Divorced,4.35,ysqugqqv@example.com
1324,29,No,726,Research & Development,29,1,Life Sciences,1859,Male,93,2,3,Divorced,4.35,w3h6ie8e@example.com
1325,42,No,1142,Research & Development,8,3,Life Sciences,1860,Male,81,1,3,Single,4.35,eu0lt66g@example.com
1326,32,Yes,414,Sales,2,4,Marketing,1862,Male,82,2,2,Single,4.35,bd83feqi@example.com
1327,46,No,1319,Sales,3,3,Technical Degree,1863,Female,45,4,1,Divorced,4.36,tjf0n59n@example.com
1328,27,No,728,Sales,23,1,Medical,1864,Female,36,2,3,Married,4.36,81ehq1lz@example.com
1329,29,No,352,Human Resources,6,1,Medical,1865,Male,87,1,2,Married,4.36,2uv8duc4@example.com
1330,43,No,823,Research & Development,6,3,Medical,1866,Female,81,5,3,Married,4.36,6tz6e2mi@example.com
1331,48,No,1224,Research & Development,10,3,Life Sciences,1867,Male,91,5,2,Married,4.36,3tzjrg43@example.com
1332,29,Yes,459,Research & Development,24,2,Life Sciences,1868,Male,73,1,4,Single,4.37,js3cpzrs@example.com
1333,46,Yes,1254,Sales,10,3,Life Sciences,1869,Female,64,3,2,Married,4.37,0s0czz8s@example.com
1334,27,No,1131,Research & Development,15,3,Life Sciences,1870,Female,77,1,1,Married,4.37,gzxw668x@example.com
1335,39,No,835,Research & Development,19,4,Other,1871,Male,41,2,4,Divorced,4.37,vjndzifq@example.com
1336,55,No,836,Research & Development,2,4,Technical Degree,1873,Male,98,1,4,Married,4.37,t2rxxi7u@example.com
1337,28,No,1172,Sales,3,3,Medical,1875,Female,78,1,2,Married,4.38,x3posfji@example.com
1338,30,Yes,945,Sales,9,3,Medical,1876,Male,89,1,4,Single,4.38,fbvrvims@example.com
1339,22,Yes,391,Research & Development,7,1,Life Sciences,1878,Male,75,1,2,Single,4.38,obb0xftu@example.com
1340,36,No,1266,Sales,10,4,Technical Degree,1880,Female,63,2,3,Married,4.38,tj8rfyhw@example.com
1341,31,No,311,Research & Development,20,3,Life Sciences,1881,Male,89,2,3,Divorced,4.38,jp636fad@example.com
1342,34,No,1480,Sales,4,3,Life Sciences,1882,Male,64,3,4,Married,4.39,rarjy36u@example.com
1343,29,No,592,Research & Development,7,3,Life Sciences,1883,Male,59,1,1,Single,4.39,x7qfhz96@example.com
1344,37,No,783,Research & Development,7,4,Medical,1885,Male,78,2,1,Married,4.39,qo7w8fjv@example.com
1345,35,No,219,Research & Development,16,2,Other,1886,Female,44,2,2,Married,4.39,9gae7q4g@example.com
1346,45,No,556,Research & Development,25,2,Life Sciences,1888,Female,93,2,4,Married,4.39,82j25935@example.com
1347,36,No,1213,Human Resources,2,1,Human Resources,1890,Male,94,2,4,Single,4.4,bm6wegtb@example.com
1348,40,No,1137,Research & Development,1,4,Life Sciences,1892,Male,98,4,1,Divorced,4.4,8gnzyj9l@example.com
1349,26,No,482,Research & Development,1,2,Life Sciences,1893,Female,90,1,3,Married,4.4,fdmfrbj8@example.com
1350,27,No,511,Sales,2,2,Medical,1898,Female,89,2,3,Single,4.4,idsumd7v@example.com
1351,48,No,117,Research & Development,22,3,Medical,1900,Female,58,4,4,Divorced,4.41,y5bofvqp@example.com
1352,44,No,170,Research & Development,1,4,Life Sciences,1903,Male,78,2,1,Married,4.41,vdn4ld5a@example.com
1353,34,Yes,967,Research & Development,16,4,Technical Degree,1905,Male,85,1,1,Married,4.41,ss88sg8l@example.com
1354,56,Yes,1162,Research & Development,24,2,Life Sciences,1907,Male,97,1,4,Single,4.41,4hnx3fgy@example.com
1355,36,No,335,Sales,17,2,Marketing,1908,Male,33,2,2,Married,4.41,x92ld96w@example.com
1356,41,No,337,Sales,8,3,Marketing,1909,Female,54,2,2,Married,4.42,crw5rm9v@example.com
1357,42,No,1396,Research & Development,6,3,Medical,1911,Male,83,3,1,Married,4.42,775y4n02@example.com
1358,31,No,1079,Sales,10,2,Medical,1912,Female,86,2,4,Divorced,4.42,v10an1gz@example.com
1359,34,No,735,Sales,3,1,Medical,1915,Female,75,2,4,Married,4.42,ncem6spg@example.com
1360,31,No,471,Research & Development,4,3,Medical,1916,Female,62,1,3,Divorced,4.42,1g3zknhm@example.com
1361,26,No,1096,Research & Development,6,3,Other,1918,Male,61,1,4,Married,4.43,up590an2@example.com
1362,45,No,1297,Research & Development,1,4,Medical,1922,Male,44,2,3,Single,4.43,xhhh16hv@example.com
1363,33,No,217,Sales,10,4,Marketing,1924,Male,43,2,3,Single,4.43,49g1b3h1@example.com
1364,28,No,783,Sales,1,2,Life Sciences,1927,Male,42,2,4,Married,4.43,yn9jqqs2@example.com
1365,29,Yes,746,Sales,24,3,Technical Degree,1928,Male,45,1,1,Single,4.43,bcqz2nta@example.com
1366,39,No,1251,Sales,21,4,Life Sciences,1929,Female,32,2,3,Married,4.44,pqzckywt@example.com
1367,27,No,1354,Research & Development,2,4,Technical Degree,1931,Male,41,1,2,Married,4.44,zjis4pw4@example.com
1368,34,No,735,Research & Development,22,4,Other,1932,Male,86,2,4,Married,4.44,3v7rr8ag@example.com
1369,28,Yes,1475,Sales,13,2,Marketing,1933,Female,84,2,3,Single,4.44,83r2p8ul@example.com
1370,47,No,1169,Research & Development,14,4,Technical Degree,1934,Male,64,2,2,Married,4.44,7mj2yp9g@example.com
1371,56,No,1443,Sales,11,5,Marketing,1935,Female,89,2,1,Married,4.45,pngr9vnd@example.com
1372,39,No,867,Research & Development,9,2,Medical,1936,Male,87,2,1,Married,4.45,ol2t5nyx@example.com
1373,38,No,1394,Research & Development,8,3,Medical,1937,Female,58,2,2,Divorced,4.45,0uojj1jv@example.com
1374,58,No,605,Sales,21,3,Life Sciences,1938,Female,72,4,4,Married,4.45,u5kdc2r8@example.com
1375,32,Yes,238,Research & Development,5,2,Life Sciences,1939,Female,47,1,3,Single,4.45,o2iy1zm4@example.com
1376,38,No,1206,Research & Development,9,2,Life Sciences,1940,Male,71,1,4,Divorced,4.46,hd4cgaun@example.com
1377,49,No,1064,Research & Development,2,1,Life Sciences,1941,Male,42,5,4,Married,4.46,7k40yemd@example.com
1378,42,No,419,Sales,12,4,Marketing,1943,Male,77,2,4,Divorced,4.46,9oobcf56@example.com
1379,27,Yes,1337,Human Resources,22,3,Human Resources,1944,Female,58,1,2,Married,4.46,pa23fxcw@example.com
1380,35,No,682,Sales,18,4,Medical,1945,Male,71,2,1,Married,4.47,s5x2tqhb@example.com
1381,28,No,1103,Research & Development,16,3,Medical,1947,Male,49,1,3,Single,4.47,pekw2mvv@example.com
1382,31,No,976,Research & Development,3,2,Medical,1948,Male,48,1,1,Divorced,4.47,b1govqgi@example.com
1383,36,No,1351,Research & Development,9,4,Life Sciences,1949,Male,66,1,2,Married,4.47,ighw4jpg@example.com
1384,34,No,937,Sales,1,3,Marketing,1950,Male,32,3,4,Single,4.47,cjejthfo@example.com
1385,34,No,1239,Sales,13,4,Medical,1951,Male,39,3,3,Divorced,4.48,k1h7ljat@example.com
1386,26,No,157,Research & Development,1,3,Medical,1952,Male,95,1,1,Single,4.48,gnpu0dhr@example.com
1387,29,No,136,Research & Development,1,3,Life Sciences,1954,Male,89,2,1,Married,4.48,nb5o15ms@example.com
1388,32,No,1146,Research & Development,15,4,Medical,1955,Female,34,2,4,Divorced,4.48,hdre1jvh@example.com
1389,31,No,1125,Research & Development,1,3,Life Sciences,1956,Male,48,2,1,Married,4.48,oz2m8q3a@example.com
1390,28,Yes,1404,Research & Development,17,3,Technical Degree,1960,Male,32,1,4,Divorced,4.49,x60fllqu@example.com
1391,38,No,1404,Sales,1,3,Life Sciences,1961,Male,59,1,1,Single,4.49,ayddvalw@example.com
1392,35,No,1224,Sales,7,4,Life Sciences,1962,Female,55,2,4,Married,4.49,apyskud2@example.com
1393,27,No,954,Sales,9,3,Marketing,1965,Male,44,2,4,Single,4.49,blxlkzqw@example.com
1394,32,No,1373,Research & Development,5,4,Life Sciences,1966,Male,56,2,4,Single,4.49,bizw82eu@example.com
1395,31,Yes,754,Sales,26,4,Marketing,1967,Male,63,2,4,Married,4.5,szk8g97a@example.com
1396,53,Yes,1168,Sales,24,4,Life Sciences,1968,Male,66,3,1,Single,4.5,h8agqbax@example.com
1397,54,No,155,Research & Development,9,2,Life Sciences,1969,Female,67,2,3,Married,4.5,54dnwee0@example.com
1398,33,No,1303,Research & Development,7,2,Life Sciences,1970,Male,36,2,3,Divorced,4.5,hr2657yw@example.com
1399,43,No,574,Research & Development,11,3,Life Sciences,1971,Male,30,3,3,Married,4.5,1518tnkk@example.com
1400,38,No,1444,Human Resources,1,4,Other,1972,Male,88,1,2,Married,4.51,36qd453o@example.com
1401,55,No,189,Human Resources,26,4,Human Resources,1973,Male,71,5,2,Married,4.51,a4ze04zy@example.com
1402,31,No,1276,Research & Development,2,1,Medical,1974,Female,59,1,4,Divorced,4.51,x35j742y@example.com
1403,39,No,119,Sales,15,4,Marketing,1975,Male,77,4,1,Single,4.51,yfyf29ra@example.com
1404,42,No,335,Research & Development,23,2,Life Sciences,1976,Male,37,2,3,Single,4.52,1drlr39m@example.com
1405,31,No,697,Research & Development,10,3,Medical,1979,Female,40,3,3,Married,4.52,kei87ue0@example.com
1406,54,No,157,Research & Development,10,3,Medical,1980,Female,77,2,1,Single,4.52,qzajq084@example.com
1407,24,No,771,Research & Development,1,2,Life Sciences,1981,Male,45,2,3,Single,4.52,5oe3wem7@example.com
1408,23,No,571,Research & Development,12,2,Other,1982,Male,78,1,4,Single,4.52,1a0qog8x@example.com
1409,40,No,692,Research & Development,11,3,Technical Degree,1985,Female,73,2,3,Married,4.53,7nh1zo7p@example.com
1410,40,No,444,Sales,2,2,Marketing,1986,Female,92,2,2,Married,4.53,dlyayz5t@example.com
1411,25,No,309,Human Resources,2,3,Human Resources,1987,Female,82,1,2,Married,4.53,h78zxen4@example.com
1412,30,No,911,Research & Development,1,2,Medical,1989,Male,76,1,2,Married,4.53,odsjhhmy@example.com
1413,25,No,977,Research & Development,2,1,Other,1992,Male,57,1,3,Divorced,4.53,b2f36t8v@example.com
1414,47,No,1180,Research & Development,25,3,Medical,1993,Male,84,3,3,Single,4.54,yayh0qnk@example.com
1415,33,No,1313,Research & Development,1,2,Medical,1994,Male,59,1,3,Divorced,4.54,87q3j5hg@example.com
1416,38,No,1321,Sales,1,4,Life Sciences,1995,Male,86,2,2,Married,4.54,f5vor7w2@example.com
1417,31,No,1154,Sales,2,2,Life Sciences,1996,Male,54,1,3,Married,4.54,wk11izpd@example.com
1418,38,No,508,Research & Development,6,4,Life Sciences,1997,Male,72,2,3,Married,4.54,mwdlrvmp@example.com
1419,42,No,557,Research & Development,18,4,Life Sciences,1998,Male,35,2,1,Divorced,4.55,ox0vwg9d@example.com
1420,41,No,642,Research & Development,1,3,Life Sciences,1999,Male,76,1,4,Married,4.55,63w6o07a@example.com
1421,47,No,1162,Research & Development,1,1,Medical,2000,Female,98,3,2,Married,4.55,zbm8v1pw@example.com
1422,35,No,1490,Research & Development,11,4,Medical,2003,Male,43,1,3,Married,4.55,d4qalzoy@example.com
1423,22,No,581,Research & Development,1,2,Life Sciences,2007,Male,63,1,3,Single,4.55,p3li9m74@example.com
1424,35,No,1395,Research & Development,9,4,Medical,2008,Male,48,2,3,Single,4.56,rh2w8z39@example.com
1425,33,No,501,Research & Development,15,2,Medical,2009,Female,95,2,4,Married,4.56,jyavdj52@example.com
1426,32,No,267,Research & Development,29,4,Life Sciences,2010,Female,49,1,2,Single,4.56,8ic0p584@example.com
1427,40,No,543,Research & Development,1,4,Life Sciences,2012,Male,83,1,4,Married,4.56,detos4rg@example.com
1428,32,No,234,Sales,1,4,Medical,2013,Male,68,1,2,Married,4.56,asz5gp7r@example.com
1429,39,No,116,Research & Development,24,1,Life Sciences,2014,Male,52,2,4,Single,4.57,bi00ssaq@example.com
1430,38,No,201,Research & Development,10,3,Medical,2015,Female,99,3,3,Married,4.57,e6ztw0py@example.com
1431,32,No,801,Sales,1,4,Marketing,2016,Female,48,3,4,Married,4.57,5i07pgoq@example.com
1432,37,No,161,Research & Development,10,3,Life Sciences,2017,Female,42,3,4,Married,4.57,zazjzbow@example.com
1433,25,No,1382,Sales,8,2,Other,2018,Female,85,2,3,Divorced,4.58,w5rfc8cj@example.com
1434,52,No,585,Sales,29,4,Life Sciences,2019,Male,40,1,4,Divorced,4.58,ser1xdng@example.com
1435,44,No,1037,Research & Development,1,3,Medical,2020,Male,42,1,4,Single,4.58,pevz0gok@example.com
1436,21,No,501,Sales,5,1,Medical,2021,Male,58,1,1,Single,4.58,bc8jn9u8@example.com
1437,39,No,105,Research & Development,9,3,Life Sciences,2022,Male,87,5,4,Single,4.58,cb5mvgjj@example.com
1438,23,Yes,638,Sales,9,3,Marketing,2023,Male,33,1,1,Married,4.59,vtvkaxag@example.com
1439,36,No,557,Sales,3,3,Medical,2024,Female,94,3,4,Married,4.59,4akk29ve@example.com
1440,36,No,688,Research & Development,4,2,Life Sciences,2025,Female,97,2,2,Divorced,4.59,makeydnk@example.com
1441,56,No,667,Research & Development,1,4,Life Sciences,2026,Male,57,2,3,Divorced,4.59,2787njqr@example.com
1442,29,Yes,1092,Research & Development,1,4,Medical,2027,Male,36,1,4,Married,4.59,1k1ctsr1@example.com
1443,42,No,300,Research & Development,2,3,Life Sciences,2031,Male,56,5,3,Married,4.6,pj1iqbd7@example.com
1444,56,Yes,310,Research & Development,7,2,Technical Degree,2032,Male,72,1,3,Married,4.6,kbu37x9a@example.com
1445,41,No,582,Research & Development,28,4,Life Sciences,2034,Female,60,4,2,Married,4.6,3sisnav2@example.com
1446,34,No,704,Sales,28,3,Marketing,2035,Female,95,2,3,Married,4.6,fgr2ecu3@example.com
1447,36,No,301,Sales,15,4,Marketing,2036,Male,88,2,4,Divorced,4.6,4koo0r2l@example.com
1448,41,No,930,Sales,3,3,Life Sciences,2037,Male,57,2,2,Divorced,4.61,tlyn8mij@example.com
1449,32,No,529,Research & Development,2,3,Technical Degree,2038,Male,78,1,1,Single,4.61,cnxz5ivj@example.com
1450,35,No,1146,Human Resources,26,4,Life Sciences,2040,Female,31,3,4,Single,4.61,qzj0ycg5@example.com
1451,38,No,345,Sales,10,2,Life Sciences,2041,Female,100,2,4,Married,4.61,f9zculj7@example.com
1452,50,Yes,878,Sales,1,4,Life Sciences,2044,Male,94,2,3,Divorced,4.61,ye8d2st1@example.com
1453,36,No,1120,Sales,11,4,Marketing,2045,Female,100,2,4,Married,4.62,btowfzxz@example.com
1454,45,No,374,Sales,20,3,Life Sciences,2046,Female,50,2,3,Single,4.62,8stuhrhb@example.com
1455,40,No,1322,Research & Development,2,4,Life Sciences,2048,Male,52,1,3,Single,4.62,nmsx4r8e@example.com
1456,35,No,1199,Research & Development,18,4,Life Sciences,2049,Male,80,2,3,Married,4.62,3zxqxpzg@example.com
1457,40,No,1194,Research & Development,2,4,Medical,2051,Female,98,1,3,Married,4.63,02huczf0@example.com
1458,35,No,287,Research & Development,1,4,Life Sciences,2052,Female,62,1,4,Married,4.63,ba6ydfx7@example.com
1459,29,No,1378,Research & Development,13,2,Other,2053,Male,46,2,2,Married,4.63,532rw8p7@example.com
1460,29,No,468,Research & Development,28,4,Medical,2054,Female,73,1,1,Single,4.63,zb7y1ft4@example.com
1461,50,Yes,410,Sales,28,3,Marketing,2055,Male,39,3,1,Divorced,4.63,ls6dn8p1@example.com
1462,39,No,722,Sales,24,1,Marketing,2056,Female,60,4,4,Married,4.64,xa3rho37@example.com
1463,31,No,325,Research & Development,5,3,Medical,2057,Male,74,2,1,Single,4.64,44zg7yt7@example.com
1464,26,No,1167,Sales,5,3,Other,2060,Female,30,1,3,Single,4.64,d4jq58bc@example.com
1465,36,No,884,Research & Development,23,2,Medical,2061,Male,41,2,4,Married,4.64,0rykamti@example.com
1466,39,No,613,Research & Development,6,1,Medical,2062,Male,42,3,1,Married,4.64,4pmii4to@example.com
1467,27,No,155,Research & Development,4,3,Life Sciences,2064,Male,87,2,2,Married,4.65,pq74gpj5@example.com
1468,49,No,1023,Sales,2,3,Medical,2065,Male,63,2,2,Married,4.65,1ig1ayo2@example.com
1469,34,No,628,Research & Development,8,3,Medical,2068,Male,82,2,3,Married,4.65,by8rgrij@example.com
