income,credit_score,debt_to_income,employment_duration,housing_status,loan_amount,is_default
57450,330,0.37306297618446727,0.54,Mortgage,19110.21,0
47926,427,0.2874705731763235,1.54,Own,6676.08,0
59715,593,0.21145558941483197,8.48,Own,9511.77,0
72845,740,0.5196180740568812,3.51,Mortgage,15031.08,0
46487,687,0.3379157975006456,11.93,Mortgage,14856.23,0
46487,823,0.5236578705954497,0.46,Own,15941.1,0
73688,846,0.3370157911844601,1.88,Mortgage,26034.41,0
61511,409,0.378398848856204,2.2,Rent,15423.07,0
42957,627,0.5976401206569775,2.75,Own,12113.17,0
58138,704,0.5757521060175799,21.65,Mortgage,11794.29,0
43048,544,0.23584493533344533,1.86,Rent,12719.5,0
43014,462,0.5343276932246109,3.66,Mortgage,8931.5,0
53629,698,0.2952017418485966,3.84,Mortgage,17800.28,0
21300,698,0.1356243689551964,7.37,Mortgage,16508.51,0
24126,792,0.38789050741270015,3.65,Rent,17333.82,0
41565,538,0.5885259297271177,4.65,Rent,19003.41,0
34807,764,0.5871568435026426,7.0,Own,18096.35,0
54713,331,0.16323268908123403,0.53,Mortgage,8092.64,0
36379,422,0.4856183333089249,16.55,Mortgage,13593.86,1
28815,833,0.5014165221251037,9.36,Rent,13799.79,0
71984,409,0.28437239215833,2.46,Mortgage,21886.29,0
46613,570,0.42929759059423567,6.52,Mortgage,22325.55,0
51012,679,0.3440797391386109,7.18,Mortgage,12869.9,0
28628,599,0.21394654885496336,9.49,Rent,10043.6,0
41834,548,0.4806321406124938,1.04,Mortgage,15792.64,0
51663,820,0.23137635390620656,6.08,Mortgage,13406.44,0
32735,333,0.2702238765208296,0.17,Own,14582.2,1
55635,527,0.19500920245773054,0.61,Mortgage,21078.01,0
40990,698,0.4596356518943522,7.48,Rent,16344.38,0
45624,519,0.3293620269152897,8.38,Rent,12600.75,0
40974,670,0.32168662741946663,4.49,Mortgage,11705.82,0
77784,827,0.40228143344500633,4.36,Own,7819.85,0
49797,374,0.17863172362366866,6.92,Mortgage,17812.03,0
34134,435,0.5490769448128797,11.83,Mortgage,16410.93,1
62338,373,0.33255447811796546,2.73,Mortgage,17817.51,0
31687,553,0.2832634293410149,0.61,Rent,14916.07,0
53132,317,0.16334530445259623,9.13,Mortgage,9718.88,0
20604,342,0.18397710218370714,2.09,Rent,15278.45,1
30077,349,0.56018015695693,0.72,Own,20697.45,1
52952,814,0.32830851669986116,4.77,Mortgage,15291.23,0
61076,602,0.46109195967963035,4.31,Rent,23213.44,0
52570,441,0.1402581763292666,3.21,Rent,16261.25,0
48265,501,0.42173227206324193,9.82,Rent,24838.46,0
45483,506,0.5607595961687106,1.59,Mortgage,25245.0,1
27822,714,0.24998172544074557,0.07,Own,10512.04,0
39202,520,0.38957025035671966,1.95,Rent,11766.47,0
43090,661,0.5701095521579252,0.05,Mortgage,12714.74,0
65856,380,0.45966127690236014,3.92,Rent,6460.26,0
55154,584,0.13116275119203866,2.38,Rent,17319.82,0
23554,668,0.2893685736302194,8.41,Mortgage,17183.02,0
54861,791,0.1428863780436442,7.99,Rent,15960.55,0
44223,645,0.530658798099587,2.85,Rent,8882.46,0
39846,503,0.41083135060180775,1.22,Mortgage,22942.45,0
59175,324,0.5781908724169429,2.74,Own,5597.89,0
65464,368,0.10987816459290359,5.13,Own,8385.12,0
63969,815,0.31154368492695217,1.05,Own,19430.87,0
37411,791,0.15218204977219738,7.42,Own,16579.59,0
45361,539,0.2752439113099564,2.01,Mortgage,11929.47,0
54968,660,0.1809434116782935,13.45,Mortgage,15274.9,0
64633,740,0.26439687999671013,3.59,Own,15645.87,0
42812,330,0.5096310023610146,9.39,Mortgage,20888.04,1
47215,621,0.1803496632413518,4.78,Own,8918.53,0
33404,643,0.33683237847609415,4.04,Rent,16459.48,0
32056,835,0.5607915670302632,5.73,Rent,20393.85,0
62187,654,0.5993896439271532,8.34,Rent,10009.72,0
70343,770,0.22532055908754164,5.17,Own,14742.2,0
48919,404,0.5677840853830501,7.98,Rent,14705.19,0
65052,621,0.23069434040051276,1.06,Own,6932.13,0
55424,826,0.3067642494917967,1.63,Mortgage,16460.85,0
40323,803,0.5389618061166637,1.31,Rent,16759.37,0
55420,384,0.49308805246212406,8.0,Rent,22481.35,0
73070,534,0.5287437786118676,0.45,Rent,14893.38,0
49462,562,0.5001283396522254,7.94,Mortgage,17188.78,0
73469,305,0.21753050250502068,2.46,Own,22361.01,0
10703,793,0.37939755771530104,0.41,Rent,11791.12,0
62328,588,0.292625359180961,2.76,Rent,9095.63,0
51305,649,0.3298554842241843,1.79,Own,15610.36,0
45514,499,0.1769781510618154,4.48,Rent,14013.84,0
51376,634,0.25788377961258524,3.2,Rent,14545.97,0
20186,516,0.5288235607110935,1.76,Rent,12885.0,1
46704,652,0.548779204943082,9.91,Own,10800.79,0
55356,624,0.4050765419495693,2.61,Rent,19671.27,0
72168,527,0.34913362850037644,3.18,Mortgage,14897.96,0
42225,444,0.4564198440746502,9.37,Own,26227.37,1
37872,607,0.40442662511110117,0.47,Rent,9800.08,0
42473,584,0.5918375031739068,2.47,Mortgage,25031.76,0
63731,691,0.19504439608210164,2.58,Mortgage,16462.51,0
54931,659,0.3245223631232408,3.42,Mortgage,15092.72,0
42053,464,0.5591202511427769,0.56,Mortgage,9496.66,0
57699,523,0.5573685299542621,0.54,Mortgage,11687.15,0
51456,423,0.3476734232805868,2.69,Rent,21293.17,0
64529,643,0.16740450100069074,0.17,Mortgage,1672.44,0
39469,823,0.5074789837464513,1.47,Own,6023.9,0
45085,351,0.3925825932516738,1.12,Rent,6940.6,0
44118,428,0.4865830079286284,3.36,Rent,20855.19,1
28047,434,0.3312618157052951,0.06,Mortgage,18403.68,1
54441,426,0.2019419609684133,5.63,Mortgage,9934.88,0
53915,370,0.11199470373976042,9.68,Rent,12641.91,0
50076,572,0.37956913441987605,6.13,Own,15649.16,0
46481,486,0.1805230894407948,8.52,Rent,20098.37,0
28769,302,0.19356860429891073,5.15,Rent,9934.64,1
43690,584,0.3181528154785822,3.54,Mortgage,15666.01,0
44859,321,0.32103853671944893,1.24,Own,13278.52,0
37965,465,0.23719354510285265,1.64,Mortgage,14485.08,0
47580,609,0.16596110421173424,1.91,Mortgage,10517.56,0
56060,776,0.5724763759111688,0.19,Mortgage,16049.12,0
78292,797,0.16582030793912997,12.21,Mortgage,11087.77,0
52618,733,0.2753862923005648,11.53,Own,15477.41,0
53863,533,0.2524339963037231,0.57,Mortgage,22812.49,0
48883,675,0.533168948479276,4.07,Mortgage,20218.61,0
21218,545,0.3050312242392853,3.15,Own,21949.05,1
49602,602,0.16202174961718216,5.75,Rent,16582.11,0
50903,704,0.1051305142022477,4.62,Mortgage,20664.19,0
86948,320,0.46097480173726246,0.66,Rent,5988.89,0
47114,556,0.45725054628392514,5.4,Mortgage,6527.05,0
54523,698,0.3088918356566138,4.69,Mortgage,9974.94,0
49479,828,0.1631540001561618,3.79,Own,10319.97,0
32469,350,0.2858169062863739,2.57,Own,20239.57,1
67142,746,0.3949412254585154,15.5,Rent,7456.36,0
61278,569,0.4519714709034205,9.47,Mortgage,8216.28,0
61865,561,0.1391199462171381,4.4,Own,14390.51,0
36359,664,0.37815373530733953,0.03,Mortgage,15684.96,0
71041,348,0.2380620392240688,2.83,Mortgage,19375.24,0
28972,817,0.40863314356682134,6.03,Rent,13663.02,0
58802,417,0.42407006143238046,0.62,Mortgage,14086.43,0
82856,752,0.5553018508873593,2.61,Own,19436.0,0
35141,696,0.30518918769448,1.06,Rent,10500.52,0
41505,326,0.36879533006765874,2.06,Own,15613.34,1
51494,671,0.23410756138025465,0.14,Rent,17849.8,0
42447,396,0.2432785120725637,0.68,Rent,13148.06,0
26740,828,0.12301689078068126,3.03,Mortgage,19303.38,0
51028,485,0.24303447114925317,11.42,Rent,10716.2,0
34065,514,0.13191434479532896,3.37,Rent,22811.77,0
57103,550,0.5819578952929149,3.02,Mortgage,13426.32,0
36208,515,0.4121316176880523,7.75,Rent,12804.9,0
73249,328,0.18657428059314704,1.56,Rent,7695.76,0
38251,401,0.15838317991016757,0.5,Own,9399.54,0
45169,422,0.2850613102387717,1.18,Own,10941.99,0
62202,353,0.25382366230942066,7.83,Mortgage,9360.2,0
31537,582,0.2396273904572265,5.65,Rent,9087.39,0
53411,416,0.33409802246551057,0.48,Mortgage,15219.34,0
69607,413,0.5564369214882318,5.5,Mortgage,18005.72,0
25887,842,0.3840251272015148,13.41,Mortgage,16397.86,0
52769,592,0.36061575229330955,0.23,Own,-984.51,0
53898,494,0.503274217580529,4.79,Mortgage,9792.55,0
61727,591,0.10201230579844459,2.38,Rent,20685.46,0
31445,560,0.19869283457761674,3.48,Own,8281.61,0
30193,506,0.34809296719441807,3.76,Own,14394.75,0
57829,348,0.4526545302610333,7.37,Own,9519.19,0
54454,305,0.3425140974698192,4.07,Rent,21527.02,0
53757,678,0.1818579906504386,4.5,Mortgage,11027.2,0
55196,693,0.5649914088307882,2.02,Mortgage,18438.87,0
39799,523,0.26433256555272266,0.67,Own,11377.98,0
53483,322,0.494107840697252,5.74,Own,2870.71,0
54396,409,0.5457066672988063,0.0,Mortgage,17354.85,0
39284,698,0.27322468884433326,1.99,Rent,5404.17,0
77986,471,0.5226558906650524,1.23,Own,10433.71,0
57107,605,0.4553868415833987,2.46,Own,24329.43,0
32130,450,0.552140418331003,1.86,Rent,30648.67,1
59848,727,0.22565535086148883,6.09,Own,15100.58,0
35379,766,0.5656388030691378,1.51,Rent,10542.85,0
61806,366,0.13265323833496515,4.11,Mortgage,15129.59,0
67378,455,0.4968356426528244,3.04,Mortgage,8429.76,0
37689,505,0.3178325103508164,8.07,Own,12888.97,0
64450,454,0.18894498342648033,2.79,Mortgage,23011.94,0
56191,808,0.1397014775513398,9.97,Rent,16047.33,0
62330,373,0.29477375694946906,0.0,Own,7887.99,0
78451,348,0.29466196086326046,4.64,Rent,17032.18,0
46319,766,0.21497869215349272,0.05,Mortgage,6441.78,0
38693,478,0.20775769917642142,6.26,Mortgage,5615.69,0
36657,347,0.299757149023408,1.34,Mortgage,18828.78,1
37762,371,0.3050569416025787,2.39,Own,11181.29,0
48843,412,0.3211823995815961,2.39,Rent,22867.46,0
55117,458,0.534379693363884,9.37,Own,9728.13,0
54150,329,0.4056272532113787,0.54,Mortgage,21137.59,0
62407,396,0.11021658303576251,5.5,Mortgage,23207.86,0
50195,550,0.3595496208810919,19.88,Own,15778.07,0
71803,818,0.48122564799287726,0.11,Rent,13487.01,0
46030,391,0.1282071533222586,16.89,Mortgage,11997.74,0
90802,412,0.3113039396370533,0.09,Rent,12310.63,0
59385,558,0.3256050716287835,9.2,Mortgage,6990.35,0
37142,406,0.5770102261678879,16.25,Own,18203.57,1
33936,689,0.3378419768914802,24.83,Mortgage,18028.13,0
57237,657,0.4749501313311011,3.07,Own,13852.78,0
46648,498,0.25145102260452645,10.09,Own,15149.76,0
60710,726,0.4896533255942157,0.65,Own,12730.28,0
57098,777,0.26133118324867033,2.77,Mortgage,8917.9,0
48907,802,0.31501179367250487,1.84,Rent,8479.83,0
37298,419,0.3397411389058489,2.51,Rent,12158.03,0
27277,608,0.5631814847090056,6.05,Mortgage,13037.19,0
43302,837,0.12672677390243378,0.46,Own,20777.49,0
62845,774,0.1984335755054036,31.5,Rent,18342.34,0
53211,643,0.4528713730987519,5.04,Rent,22701.7,0
31313,435,0.3887888299409844,10.34,Mortgage,18450.78,1
52597,576,0.22576569520748793,8.85,Own,7075.16,0
55779,832,0.2446004437455024,7.26,Rent,7577.23,0
36742,330,0.28365474280434,0.2,Mortgage,9699.09,0
52305,546,0.3251734746651642,3.63,Mortgage,13236.5,0
50873,710,0.5090136616263891,1.99,Own,11118.97,0
32855,326,0.10690773823598129,0.6,Mortgage,18460.04,1
55366,372,0.5490098706067392,2.1,Own,20892.52,1
58411,396,0.3065135558157641,5.18,Rent,8958.51,0
66245,645,0.21524875878320657,1.31,Mortgage,6785.46,0
65807,775,0.3542063497636726,2.94,Rent,23221.97,0
29334,599,0.4298350213497891,2.59,Own,16157.13,0
35932,598,0.12237610959680176,0.27,Own,12323.32,0
57725,586,0.45788867583304127,4.95,Own,22907.86,0
57706,748,0.4803805937919312,4.82,Mortgage,21225.98,0
57725,511,0.18309114216170966,16.97,Mortgage,12041.82,0
107790,375,0.18394071418845145,1.77,Mortgage,19352.22,0
58563,700,0.20189227727043843,2.71,Rent,20761.5,0
67033,333,0.49831435603365193,2.58,Rent,19192.78,0
64310,797,0.23600152796559457,12.61,Mortgage,21340.63,0
59770,815,0.4979679190271773,2.63,Rent,10252.31,0
45270,627,0.3702619294694245,2.92,Own,15130.56,0
61384,397,0.4835856650859044,1.45,Mortgage,23227.38,0
38407,665,0.37683652083980546,0.01,Own,13050.98,0
46447,762,0.2678844496058954,0.59,Own,11774.33,0
42719,327,0.5553570713290291,6.09,Own,15555.24,1
51228,685,0.45764783092873207,5.74,Rent,7084.8,0
84719,572,0.3420274012578358,1.95,Own,16631.86,0
21991,426,0.41871423818763476,3.2,Rent,6670.48,1
60293,501,0.4079216779344965,1.76,Own,21333.82,0
25809,820,0.27905810825213506,6.56,Mortgage,6894.24,0
42921,586,0.3118858733897609,9.24,Own,19246.15,0
66334,749,0.2591283888165603,11.47,Own,11351.46,0
50964,387,0.5997590657077265,0.96,Mortgage,9711.39,0
33833,617,0.39003222699219464,5.94,Rent,15131.21,0
39270,318,0.14602766054873115,16.48,Mortgage,16496.62,0
60193,406,0.3595535918508178,5.26,Own,15460.21,0
39044,757,0.12498098233591995,2.16,Own,16699.67,0
53246,610,0.24432602415648294,5.05,Rent,18455.1,0
50683,711,0.32298055798809155,5.83,Own,4944.53,0
40225,797,0.3671352433009559,2.53,Own,15676.14,0
82159,543,0.5880906998641274,0.55,Rent,8180.25,0
59508,679,0.5911108619020761,4.67,Rent,8657.39,0
19622,814,0.1490346849531772,8.1,Rent,9498.49,0
52796,506,0.3690663363814446,30.11,Rent,5137.39,0
40073,693,0.508554697596057,1.26,Own,14944.77,0
62786,320,0.21885641012637738,6.03,Rent,6164.16,0
38112,826,0.4752815492942358,0.14,Rent,17025.28,0
48278,642,0.5393095278524896,17.5,Own,22593.79,0
57574,501,0.4312436980177293,0.06,Rent,22824.06,0
62986,419,0.2638516744225594,2.22,Own,9544.98,0
31995,688,0.5615661596702863,0.4,Rent,9064.08,0
44982,836,0.5417600468370845,4.85,Rent,18906.48,0
42875,533,0.45791265939701875,2.07,Mortgage,15283.37,0
40200,619,0.2818340567185865,6.6,Own,14629.67,0
76481,479,0.4959481811973997,3.33,Rent,8460.58,0
56074,667,0.25805449075107056,2.72,Mortgage,15602.08,0
31086,375,0.22647642566678536,2.14,Mortgage,19325.46,1
63767,795,0.35750669345564057,0.45,Own,11137.17,0
81832,821,0.5985676125006254,1.15,Mortgage,17318.86,0
65486,500,0.5021609707170606,5.1,Own,15798.39,0
27209,645,0.46489636605916185,3.43,Mortgage,11736.19,0
42736,782,0.3260063733469887,0.36,Own,14744.53,0
69003,518,0.255975004592908,3.93,Rent,9767.07,0
39384,359,0.527950381575258,0.28,Own,19279.26,1
56657,849,0.3838663899905096,3.58,Mortgage,9851.55,0
61619,520,0.5066274755609494,16.76,Own,12010.48,0
36096,801,0.34387685478548935,1.84,Rent,19512.87,0
49107,432,0.47697874700605014,6.43,Rent,12383.0,0
1380,352,0.5338705293358474,6.84,Mortgage,10320.7,1
34634,749,0.2956950132349998,2.59,Mortgage,15918.43,0
46211,361,0.10678478495200797,4.5,Mortgage,23976.5,0
31283,322,0.22746328301045451,3.19,Rent,20820.44,1
74486,343,0.5574575205422044,1.67,Rent,18050.82,0
28547,346,0.44377113027614545,7.03,Mortgage,19970.98,1
43399,323,0.46860935821847016,6.07,Rent,17581.92,1
51961,388,0.2626443071327107,11.54,Rent,16143.55,0
71619,473,0.4506364923374976,4.81,Mortgage,19570.09,0
28462,418,0.4231410727047126,2.46,Rent,16735.39,1
67447,477,0.1891868317385145,6.26,Mortgage,14733.73,0
50153,641,0.5843453887153223,4.83,Rent,15931.71,0
35277,358,0.27701279667387,4.79,Own,16660.48,1
56931,737,0.26464348692002115,9.48,Own,16531.74,0
52985,727,0.284580772115099,12.07,Rent,16824.98,0
40996,725,0.14585980766038467,0.99,Rent,10065.39,0
51047,680,0.41248175854660796,1.88,Own,13965.76,0
44220,785,0.2193121218731984,5.25,Mortgage,8665.77,0
51702,484,0.5016563781920904,4.07,Mortgage,16313.35,0
59931,759,0.29707809006697294,5.28,Own,16720.78,0
73790,401,0.32927924114532603,2.84,Mortgage,21590.54,0
31432,314,0.42321102705777947,2.66,Mortgage,16501.66,1
81995,350,0.48093556697686957,0.63,Own,13148.52,0
20718,608,0.21555765242405586,4.89,Own,12893.07,0
47723,333,0.583147164859073,0.97,Rent,18228.55,1
58824,504,0.41116077298334064,5.56,Own,11594.57,0
54214,369,0.10281931175019379,17.07,Own,15766.36,0
40659,529,0.30781110496177555,1.48,Mortgage,19768.27,0
46878,779,0.3184089103153771,0.77,Mortgage,25124.13,0
42604,832,0.5045824879871985,0.12,Rent,20777.76,0
41159,407,0.25256988706025196,2.38,Mortgage,12372.97,0
62744,540,0.2656132581474817,1.21,Mortgage,11268.26,0
55355,550,0.13524704642628396,3.38,Mortgage,18150.96,0
39606,434,0.2417730122629074,3.71,Own,13930.77,0
63493,389,0.458480850742925,2.15,Mortgage,7605.5,0
54609,739,0.41737845977990984,6.93,Own,27961.63,0
62192,597,0.14069704400394703,11.76,Mortgage,15865.06,0
59444,706,0.1573469460573915,1.19,Own,21246.53,0
37565,607,0.28846298196255404,9.05,Mortgage,13332.67,0
41597,401,0.4718788810705049,0.7,Rent,14843.21,1
61209,660,0.516459139064315,1.3,Rent,15757.73,0
59155,827,0.10731202150500871,4.12,Rent,13635.83,0
49686,592,0.2645052886537004,1.83,Mortgage,11203.64,0
51759,445,0.3121309318142875,0.21,Rent,25987.64,0
69164,703,0.5555664053952283,1.75,Own,16774.78,0
41126,301,0.3507032788547214,11.76,Rent,7110.13,0
58206,418,0.23485038262284189,0.96,Rent,15508.52,0
46967,490,0.2950235325819224,7.21,Rent,7806.18,0
46734,302,0.3182172207473736,6.41,Rent,10771.73,0
66481,786,0.43499793676463927,0.56,Own,15534.03,0
62381,476,0.12054389148371261,2.0,Rent,17696.35,0
62202,556,0.29472583151217513,1.05,Mortgage,2384.13,0
69582,833,0.4232773184572257,0.12,Rent,23579.21,0
50315,776,0.24166115768219873,0.95,Mortgage,11705.78,0
60229,697,0.3958755033320771,1.13,Mortgage,13877.15,0
45345,795,0.2786394650520221,0.91,Rent,22667.66,0
54862,519,0.47936043375338777,0.48,Rent,23557.44,0
48047,472,0.13029884823124674,3.74,Mortgage,11902.26,0
51454,689,0.5589809903506782,1.95,Own,20316.0,0
58927,801,0.18580627397448782,11.94,Own,15793.62,0
37726,559,0.17927354337467458,1.04,Rent,28272.53,0
81385,430,0.5203214723866063,4.62,Own,11633.3,0
34909,412,0.5346414615119444,11.54,Own,23248.48,1
31787,319,0.14648665672290015,0.24,Rent,12074.04,1
67371,514,0.5543594640074552,3.63,Mortgage,9631.9,0
61874,609,0.23664893336448814,3.0,Mortgage,13483.37,0
59361,550,0.40931084270402773,13.21,Own,6797.16,0
59425,787,0.13429674520394788,5.45,Mortgage,10345.0,0
49816,681,0.2903305505641005,2.15,Rent,13399.36,0
36541,708,0.3253623045522689,6.22,Own,13734.5,0
51137,570,0.39991328467815523,4.37,Mortgage,19582.08,0
39842,706,0.3626359857072329,2.13,Own,19109.26,0
64626,493,0.33074648074579627,7.69,Mortgage,14822.22,0
47794,740,0.579820105882794,5.52,Own,6313.88,0
37617,612,0.19251138849387958,0.03,Mortgage,4325.32,0
45179,378,0.1789971153233341,10.02,Mortgage,12350.43,0
56193,479,0.4567095304503358,2.53,Rent,10822.49,0
41544,313,0.13727594243511607,5.18,Rent,12041.35,0
37666,545,0.34144572799713835,2.53,Rent,23110.09,0
53655,313,0.3420265595761036,10.66,Own,11963.48,0
53674,398,0.2550126654795457,5.26,Own,10672.85,0
42395,332,0.5652218708400989,4.33,Own,14982.59,1
42934,735,0.24127171754800572,19.63,Mortgage,12400.55,0
53480,556,0.24422097611912327,1.65,Mortgage,17985.23,0
28278,333,0.21714998211186057,0.34,Mortgage,16227.8,1
28888,318,0.17289401761028153,3.63,Own,24268.21,1
39223,559,0.2820055276742264,2.76,Rent,13540.83,0
46798,715,0.440443630000215,3.03,Own,24654.85,0
54663,436,0.47108143138537795,4.84,Own,18489.5,0
72130,658,0.5067094582153405,4.77,Rent,17652.65,0
62864,415,0.1987719442657793,2.49,Rent,5058.16,0
47600,703,0.11781634411986489,9.93,Own,4303.9,0
49714,501,0.587342929244196,5.27,Mortgage,6950.24,0
34962,675,0.10716625964321427,11.03,Mortgage,16067.83,0
49722,549,0.5803394189790293,12.22,Rent,18771.19,0
45670,745,0.5144072093558999,0.92,Own,17672.85,0
54840,577,0.5560373805125682,5.71,Mortgage,15188.93,0
37591,411,0.29359285630557297,1.91,Mortgage,19516.78,0
57790,772,0.19860099942551665,9.05,Rent,20972.22,0
72991,691,0.40323184258778244,6.6,Own,13458.4,0
48368,442,0.4706255853582434,1.11,Rent,17790.93,0
56025,331,0.16543053316233028,13.96,Own,16920.02,0
60352,480,0.498810757342267,5.75,Own,19031.63,0
43981,815,0.20429666000627897,14.84,Own,16637.95,0
53361,568,0.34583864645423,1.13,Own,16320.4,0
50188,535,0.5282412249390764,10.19,Own,11978.04,0
51465,576,0.19671225552134627,5.51,Own,16028.2,0
38404,574,0.22094232399139377,4.02,Mortgage,13301.37,0
50367,385,0.13138557824959576,8.59,Mortgage,9654.88,0
57469,362,0.17330705589156523,5.01,Mortgage,16499.95,0
71767,703,0.17326290989068435,5.54,Mortgage,9887.56,0
64389,491,0.20171375107706876,1.46,Own,14784.9,0
82297,592,0.24310019853249196,8.49,Mortgage,13168.53,0
38489,330,0.5074916822392704,5.25,Own,12188.22,1
63084,629,0.5578819320905587,9.3,Rent,22026.64,0
52750,406,0.30314030461447516,2.17,Rent,23191.43,0
82847,575,0.16410447599415542,2.02,Mortgage,13515.73,0
37875,381,0.21190496254776534,0.12,Own,19986.72,0
37404,363,0.4681029884276128,7.32,Mortgage,7092.77,1
41009,428,0.43871275960644485,2.0,Own,9091.97,0
18141,555,0.5836036508028453,1.98,Mortgage,14694.53,1
42113,530,0.10724434029754162,5.83,Rent,9667.0,0
38613,796,0.4753793801411784,1.46,Rent,16878.19,0
52255,436,0.35289680022649084,11.99,Mortgage,16437.68,0
55126,754,0.5513464889612296,3.86,Mortgage,14762.86,0
78142,654,0.38808333706343345,17.45,Own,26836.03,0
64256,784,0.3233338622307077,0.4,Rent,16840.08,0
41346,445,0.4329253047464974,2.05,Mortgage,17880.17,0
36523,332,0.5167617210904988,2.4,Own,17427.75,1
57378,559,0.241249275086426,6.55,Rent,10495.05,0
30196,386,0.15376352189212897,1.2,Own,24751.24,1
77471,564,0.3165090591596602,2.35,Rent,7980.57,0
67691,841,0.2072599364058643,12.08,Rent,16425.42,0
42962,691,0.3147705876976046,0.61,Own,18721.7,0
24302,531,0.5955240863994751,6.84,Own,19918.22,1
70308,746,0.38706104688701093,6.06,Rent,13443.9,0
48281,428,0.44680011142337184,0.7,Rent,18717.38,0
68567,570,0.4389642112307093,5.83,Own,9758.49,0
26083,388,0.5103504181430317,4.22,Mortgage,23352.17,1
41009,765,0.5720642995076898,1.7,Own,14185.25,0
50078,469,0.4294090491040268,1.86,Mortgage,12516.44,0
50704,427,0.33804732237660406,8.95,Own,11810.96,0
43249,473,0.2589154732089557,1.31,Mortgage,16487.12,0
59342,325,0.2801371500619335,3.6,Mortgage,7099.63,0
33985,810,0.26724030406202837,5.72,Rent,19423.79,0
47864,787,0.262232745636945,0.7,Own,12014.47,0
51804,705,0.4473125021910471,13.47,Own,21522.23,0
57716,325,0.39385451497593205,1.51,Own,8787.78,0
60674,382,0.20099752245886313,1.92,Mortgage,15660.23,0
33130,663,0.5848130095830979,5.48,Mortgage,17769.42,0
26988,666,0.31386275767715965,0.41,Rent,18311.08,0
69165,359,0.3830432005340392,4.94,Mortgage,12416.45,0
54984,591,0.4513004833948814,12.39,Own,8826.37,0
38772,490,0.4068386883384477,1.43,Mortgage,12715.32,0
73267,760,0.25552588454780045,2.25,Mortgage,20833.28,0
51735,532,0.49885328674368834,1.32,Rent,25461.39,0
67689,773,0.15507681978981344,8.54,Mortgage,6885.58,0
51012,704,0.3844979173518357,0.92,Own,11310.06,0
80911,570,0.23665861150705034,2.13,Own,6337.91,0
76330,433,0.4078811838365092,4.59,Own,12258.11,0
46265,470,0.2089967405421849,2.59,Own,11810.45,0
64573,714,0.4860998276046691,0.34,Rent,9022.32,0
59680,327,0.2137681656329163,14.76,Rent,23315.04,0
70529,435,0.5451960674834163,2.06,Own,20734.35,0
35526,704,0.5307774523351155,2.95,Own,16216.96,0
60290,804,0.2811967260069056,0.92,Mortgage,14448.77,0
65876,540,0.2929101444370129,10.03,Mortgage,19462.52,0
23618,743,0.45075172884374526,1.72,Mortgage,9992.45,0
32251,733,0.14518676898624197,0.1,Mortgage,16191.88,0
19411,527,0.14045970608783967,1.9,Mortgage,11973.98,0
45958,808,0.16816209841697158,20.69,Own,26717.48,0
60763,602,0.3812376677249262,0.79,Mortgage,8209.17,0
72535,333,0.17450115241554662,0.16,Mortgage,13638.9,0
51111,301,0.2388086408864907,4.32,Mortgage,8527.49,0
74429,661,0.423455703770104,2.32,Rent,18760.53,0
29298,494,0.10781188891835777,7.92,Rent,18749.17,0
24449,607,0.19011830397673493,6.58,Rent,11511.52,0
49166,549,0.5649653314378519,1.03,Own,8788.82,0
55760,446,0.43178881170435657,4.16,Rent,13070.98,0
49509,645,0.2527755571116067,0.16,Mortgage,11510.54,0
18988,647,0.12265171203058431,2.89,Mortgage,15320.5,0
48663,553,0.39302440420621354,6.26,Mortgage,23098.83,0
30432,698,0.2114331549462203,2.68,Own,18306.74,0
60045,633,0.5800877193591666,0.63,Rent,18795.83,0
55498,475,0.44348047749342234,0.32,Rent,14978.79,0
35901,424,0.587061943173053,9.61,Mortgage,28217.82,1
42291,697,0.5244494487057834,11.1,Mortgage,15582.67,0
34111,430,0.34151370759527033,2.1,Rent,18628.06,1
49059,706,0.43478157382707183,0.9,Rent,20493.17,0
64327,633,0.5060535977696501,19.23,Mortgage,14744.39,0
35214,319,0.3890892408313116,3.95,Rent,16037.31,1
57560,504,0.1307437504841096,3.24,Rent,12150.79,0
42046,654,0.3352231569368156,6.77,Own,15090.01,0
38106,472,0.16528666539331996,0.92,Mortgage,22317.23,0
48394,488,0.4574233876050853,4.34,Rent,20819.58,0
34471,301,0.4403144578188011,11.04,Own,18437.77,1
41695,467,0.5964540960260567,0.12,Own,19551.52,1
32031,667,0.41440490089705384,5.59,Own,14812.81,0
79470,835,0.5000689711919708,4.01,Own,19740.81,0
50528,669,0.23414392544441628,15.06,Own,14238.49,0
39504,736,0.2700120676479899,1.5,Own,6832.93,0
53209,506,0.5585121261889187,9.79,Own,24162.23,0
48315,348,0.47759612981287247,1.85,Mortgage,13978.63,0
46685,843,0.4276345873988189,2.81,Mortgage,20271.43,0
59212,428,0.22701384629152013,1.2,Mortgage,13186.29,0
61362,746,0.4492889643625826,9.96,Own,1549.34,0
42042,334,0.5433818225209757,1.09,Rent,14635.93,1
41362,498,0.21539882744732822,9.8,Own,5791.59,0
45874,376,0.4530619739579116,3.04,Mortgage,18776.79,1
15471,668,0.2968469766987544,9.01,Mortgage,13854.01,0
27272,825,0.15938370647031,1.54,Own,21094.34,0
70503,648,0.481730338266841,0.71,Mortgage,16166.64,0
74674,805,0.1835683945921682,4.05,Rent,9849.53,0
46264,537,0.22644813674518569,3.56,Rent,18348.99,0
58648,579,0.4914710204393461,2.21,Rent,7202.01,0
54668,731,0.47106639281231877,5.44,Own,13464.52,0
96183,437,0.2270915330221975,0.5,Mortgage,5680.33,0
66793,568,0.5704823071731836,4.86,Mortgage,16750.46,0
48081,500,0.20764261253859576,1.19,Rent,16236.55,0
35666,441,0.5968111074820162,0.69,Mortgage,15630.63,1
25903,654,0.46894993597571977,12.02,Own,10320.7,0
53051,628,0.2962538452757013,3.08,Rent,21762.02,0
38654,530,0.16517460333124198,7.21,Own,19543.54,0
28666,607,0.26025497757980687,0.47,Own,16170.25,0
40301,445,0.19686925573252437,0.3,Mortgage,12095.78,0
33776,451,0.41091979324700967,3.41,Own,13250.66,0
75307,439,0.2784275765689783,1.9,Rent,14923.27,0
63224,320,0.2475036306219285,0.02,Own,9495.31,0
49880,553,0.47856659585918604,1.01,Mortgage,19265.6,0
72199,363,0.21529971742509155,1.23,Own,21296.68,0
51160,517,0.39344465871275236,1.7,Own,23545.37,0
37080,371,0.19729804641177281,10.5,Mortgage,13281.57,0
72846,461,0.4573993038665478,2.73,Mortgage,21886.34,0
58083,429,0.4125607418762983,5.69,Mortgage,22194.55,0
34441,524,0.49907675758851555,0.09,Mortgage,11839.53,0
47144,753,0.1342485373813395,8.41,Mortgage,9981.08,0
36865,683,0.20505272475251077,1.37,Mortgage,20432.98,0
29258,406,0.17723018027673285,1.85,Mortgage,12257.41,0
63892,402,0.19528062014286832,0.23,Own,11330.45,0
78641,440,0.15150703956902536,2.64,Own,19081.76,0
29021,433,0.38104095071803645,9.57,Own,8070.41,0
58444,498,0.3967157035252773,2.38,Rent,12770.89,0
40240,809,0.5217448777970052,11.96,Mortgage,5679.77,0
42693,378,0.3088690882218813,10.1,Own,10796.35,0
41114,781,0.3661923565372238,0.32,Mortgage,11712.71,0
37040,811,0.5956520297055555,1.82,Rent,11248.93,0
50727,549,0.3659225416795896,12.06,Mortgage,12849.57,0
37535,782,0.38678804387600807,0.15,Own,4728.57,0
54056,471,0.5979587074386921,7.26,Rent,9967.15,0
49246,316,0.5970646907248863,11.85,Mortgage,21724.33,1
46415,593,0.31201522279864347,7.36,Rent,16490.89,0
36386,693,0.41747341480148226,6.81,Mortgage,12438.18,0
41348,797,0.34040125391862663,9.27,Rent,11723.11,0
61330,518,0.46035772582860013,5.48,Own,18826.04,0
57513,533,0.5691932605666957,2.75,Mortgage,15429.4,0
35336,689,0.2548296541866366,0.32,Mortgage,9389.56,0
51489,547,0.5094375852194707,7.76,Mortgage,12332.16,0
61270,351,0.42742446638799003,11.78,Own,8816.02,0
24958,314,0.24009240063710865,3.58,Rent,11537.14,1
58150,623,0.49864982909099687,3.8,Own,18425.42,0
40060,740,0.31356650959878574,2.58,Rent,17923.87,0
58558,411,0.16019858774064746,9.72,Mortgage,20145.74,0
38551,306,0.5967081786379047,0.07,Rent,15710.87,1
22926,544,0.3128231664861595,4.9,Rent,7454.35,0
25586,747,0.37077627368808064,11.9,Mortgage,8771.66,0
50721,664,0.5039808653818804,0.54,Mortgage,17370.42,0
53895,666,0.5804380675599667,15.99,Rent,15508.79,0
36435,586,0.5364439249801578,17.16,Mortgage,9204.13,0
59578,405,0.3625266039007833,13.28,Mortgage,13288.25,0
25077,312,0.3728480377665576,3.1,Rent,24498.89,1
49008,445,0.24044346830483146,2.41,Own,19657.91,0
31834,777,0.3314014390795419,6.12,Own,22493.07,0
40222,414,0.5734194410875737,1.92,Mortgage,9103.87,1
50710,808,0.4634704719693281,0.35,Rent,23351.97,0
37093,451,0.10593849537076647,11.58,Mortgage,12399.04,0
44231,356,0.1582533909113705,5.04,Own,22861.05,0
65094,681,0.5619056349789275,1.16,Own,16791.51,0
41346,456,0.5243596644638071,0.09,Rent,18142.48,1
62535,432,0.3430822328741985,6.43,Rent,18473.26,0
33054,462,0.40848914043362927,9.58,Own,15493.99,1
57947,574,0.24482300519036246,2.6,Rent,17917.24,0
71623,376,0.496415376050212,0.42,Own,9905.92,0
12925,343,0.40165872344472,5.23,Mortgage,14355.31,1
38046,849,0.4474128527279576,1.76,Own,18903.48,0
58656,617,0.28745491900449893,0.78,Own,15544.32,0
46954,833,0.31521900325574026,3.57,Rent,13246.24,0
55567,453,0.2038410414822284,3.29,Rent,16168.77,0
40940,536,0.5740262714604359,3.64,Rent,8179.9,0
51298,816,0.5732785101932872,8.68,Mortgage,20230.55,0
47664,520,0.5088756236199521,3.31,Rent,4605.36,0
67516,609,0.567777559599592,11.54,Mortgage,14875.19,0
53816,476,0.4326640262901894,9.22,Rent,18801.03,0
55064,519,0.2173259346515374,5.27,Rent,15407.73,0
43821,337,0.48010526109624563,0.29,Own,12654.6,1
42685,730,0.26263810462085124,10.01,Own,20498.11,0
43511,502,0.3202408446492071,11.8,Own,11555.38,0
55916,747,0.23717508192768486,2.35,Mortgage,23423.53,0
43685,794,0.3118109588606348,3.73,Rent,13950.54,0
54346,424,0.4396586828283475,1.65,Own,13773.54,0
81131,364,0.1553052806525149,0.07,Rent,18640.58,0
63066,543,0.15260346449650822,3.26,Own,13448.71,0
45109,826,0.441885006044071,0.69,Rent,15479.93,0
68018,525,0.48979058338730375,1.01,Own,17856.47,0
43878,764,0.3757333423561825,3.28,Own,8873.12,0
19428,592,0.19082050703373274,10.09,Own,18064.32,0
34878,680,0.3153784241804942,9.31,Own,6533.13,0
21938,465,0.47908776119200724,16.77,Own,14935.01,1
44727,517,0.4428665507762499,3.3,Rent,13217.28,0
50276,574,0.15493273890968504,4.01,Own,8443.93,0
75146,351,0.5845735904791225,8.63,Rent,23457.21,0
54903,673,0.21168194044316826,6.01,Own,15836.88,0
46713,662,0.21019475229022735,1.01,Rent,11736.56,0
62441,313,0.3299286238727279,2.54,Own,15709.88,0
16832,639,0.2636215645000243,13.24,Own,27434.05,1
53534,838,0.591992994322197,0.79,Own,10023.11,0
61562,388,0.138244886627066,1.17,Mortgage,18289.77,0
27821,340,0.25321959546163875,2.56,Rent,10427.28,1
67156,603,0.29136108021364804,14.06,Rent,17411.54,0
55077,567,0.3467294968609702,0.6,Own,11704.33,0
43770,437,0.10820321436347438,5.59,Own,14182.19,0
59491,305,0.14118106590414028,0.71,Own,15790.76,0
84060,541,0.22890482136490578,3.72,Mortgage,21600.3,0
52727,461,0.37700104084279806,3.85,Own,7630.39,0
53723,817,0.4838857850967362,0.22,Own,23498.33,0
43109,700,0.4432476744074746,15.41,Rent,5408.86,0
37252,455,0.38351245636130527,8.22,Mortgage,16638.27,0
62455,384,0.2986164198638297,1.8,Rent,15301.86,0
37158,309,0.5353472511280769,0.7,Mortgage,14343.34,1
51073,437,0.3298862716291302,2.12,Mortgage,15181.38,0
42835,455,0.249626402804465,11.23,Rent,17609.13,0
57184,707,0.4146675574260287,0.71,Rent,17308.58,0
55004,524,0.44605749829315444,2.15,Mortgage,14102.33,0
65563,483,0.29923512242942774,3.41,Mortgage,18516.33,0
42349,494,0.11407164052295729,0.17,Own,13852.0,0
45951,695,0.1470657501183553,1.56,Own,15467.28,0
35318,433,0.5227994459468309,4.53,Rent,20788.92,1
43335,608,0.12827396059265397,1.96,Mortgage,20933.33,0
55659,841,0.3960098335210661,10.22,Rent,20238.9,0
61354,308,0.19185469272469594,13.8,Own,9874.87,0
36167,469,0.21446314562208854,2.91,Own,17131.5,0
63044,589,0.23666697986809057,3.8,Own,17307.43,0
70334,467,0.11914569309851022,4.98,Mortgage,23838.06,0
56201,643,0.1886176370701462,5.46,Rent,18964.28,0
78151,796,0.42524999225697024,0.33,Mortgage,11864.75,0
38393,444,0.34935856810400256,0.28,Mortgage,13091.15,0
31330,712,0.49866454286946793,10.03,Own,2287.46,0
23319,756,0.13062105327574677,1.24,Own,14614.25,0
72440,601,0.5444491481258156,4.39,Rent,13153.65,0
59815,345,0.5981992659497364,4.9,Mortgage,12376.64,0
49166,316,0.1078699861243915,0.9,Rent,11101.85,0
54199,659,0.5838200327699666,7.17,Rent,22685.43,0
33117,560,0.21793135648551,10.05,Rent,1561.13,0
86686,422,0.44627156910301846,1.68,Rent,8655.62,0
51938,530,0.24624172155246313,10.51,Own,26933.45,0
51640,411,0.3609064393737602,0.42,Rent,19920.42,0
60886,545,0.35520925491808286,8.06,Own,16529.47,0
57215,690,0.2805527397245361,5.11,Rent,14976.46,0
53358,691,0.4587733841441669,4.37,Own,12074.12,0
38142,627,0.3998182409316572,1.31,Rent,8617.82,0
57072,514,0.3541385019715878,2.25,Mortgage,16838.23,0
78230,666,0.5914196559591283,12.06,Mortgage,18998.39,0
70181,381,0.5700046630936632,3.13,Own,11534.93,0
73897,375,0.5777179228968308,4.51,Own,5915.9,0
42331,826,0.540661979901644,13.73,Rent,18323.44,0
35155,802,0.2275776693771899,3.14,Mortgage,18876.17,0
48113,778,0.27498801548909046,2.46,Rent,19159.6,0
50835,671,0.21552730977275394,11.18,Own,14207.48,0
66412,564,0.5930884436114232,12.09,Rent,4207.37,0
24613,563,0.1763309348817456,2.19,Mortgage,8874.26,0
72943,409,0.2832558777794528,4.48,Mortgage,21429.32,0
47629,606,0.19952221235967824,16.58,Mortgage,8247.13,0
43596,499,0.2117269060921266,0.29,Mortgage,18499.76,0
34818,525,0.22354394240160577,0.2,Mortgage,9893.78,0
25177,484,0.41983533777997706,3.63,Own,9390.74,1
62347,330,0.1380246850957639,1.72,Rent,24129.39,0
51099,398,0.386264936811892,4.36,Rent,24314.32,0
30650,638,0.5096431181420515,6.44,Rent,15816.2,0
30573,565,0.4832618883022154,0.36,Own,12576.89,0
44963,649,0.17558584914116274,10.7,Own,20160.24,0
75035,843,0.5573658673894026,1.62,Own,7101.99,0
46106,756,0.48504519070238705,2.4,Own,21057.97,0
27452,387,0.10265125546642304,2.06,Rent,25102.51,1
46313,362,0.46868681676979307,9.16,Mortgage,17903.35,1
45909,686,0.4687108393109993,0.94,Mortgage,9186.02,0
9546,758,0.3484080402699924,0.15,Own,22623.0,0
49185,568,0.12299120800318611,17.84,Rent,16563.7,0
46535,645,0.3899529691411747,19.72,Rent,14298.31,0
60443,377,0.48287338001715463,1.49,Own,10154.94,0
77734,664,0.23543702766050031,0.05,Rent,9300.96,0
66898,313,0.43353410912589374,5.19,Mortgage,20766.92,0
45966,435,0.27696309752219095,5.23,Own,14619.07,0
33402,603,0.3869274164511156,14.1,Rent,14566.84,0
88600,696,0.2922828747158124,1.77,Rent,15630.41,0
50888,378,0.2518807330088896,1.05,Rent,5237.98,0
50208,717,0.5279572377160222,4.79,Own,14889.79,0
49638,541,0.47691912959268834,4.15,Mortgage,14967.56,0
52971,350,0.27272456698657455,6.32,Rent,22475.76,0
47834,683,0.31731582080760445,10.82,Own,19138.09,0
41395,674,0.445851708937673,4.1,Own,8928.76,0
41797,505,0.5055393902952546,0.81,Rent,13032.88,0
49508,788,0.44217063141235624,4.56,Own,20231.41,0
41848,680,0.3704657903413192,2.34,Mortgage,8486.43,0
39307,610,0.5771929159656358,3.01,Mortgage,23480.02,0
51596,674,0.4870718098707818,16.03,Own,14797.35,0
46175,341,0.15779593019564433,4.05,Rent,17681.07,0
72559,832,0.37906954939600956,0.81,Mortgage,12790.53,0
10235,821,0.30477832069782573,2.93,Rent,12721.84,0
66372,452,0.4974678183953969,1.3,Own,10390.82,0
68691,611,0.122331516928716,0.73,Mortgage,22684.05,0
18899,593,0.305361784981214,6.23,Rent,17958.86,0
44859,412,0.259138157671743,4.95,Own,10167.84,0
44428,411,0.17059299228985916,3.44,Rent,18527.71,0
28887,474,0.289402057659786,2.75,Mortgage,19702.4,1
38332,601,0.4364001390922395,1.94,Own,20407.32,0
33341,815,0.2808389425162632,0.46,Own,16407.13,0
76284,520,0.39000328767618264,1.78,Rent,15854.96,0
64035,470,0.39640589796965453,9.11,Rent,10342.77,0
69073,617,0.39355556352901666,7.65,Own,21658.23,0
60825,512,0.36476594197210277,17.93,Mortgage,18333.51,0
33064,552,0.15849411784119397,5.34,Mortgage,19944.52,0
42132,423,0.20922796371766297,4.03,Rent,5585.68,0
57340,512,0.5000335381254946,1.76,Rent,19782.88,0
31668,384,0.3511827444613551,0.4,Rent,15125.36,1
60694,815,0.4530381579181575,4.81,Mortgage,19138.15,0
46395,364,0.38495454010638086,3.35,Mortgage,9010.28,0
44377,617,0.11934512725011917,7.12,Rent,24065.83,0
60664,645,0.49810688450895024,2.65,Rent,11740.03,0
56663,542,0.13216209726452474,21.19,Own,20758.97,0
44585,436,0.5715870255792865,2.53,Own,13976.49,0
67389,546,0.20768846085253792,2.03,Own,24251.48,0
33784,740,0.3562030717300748,10.24,Own,16488.59,0
59239,344,0.13179402123289327,2.52,Rent,24423.7,0
58896,388,0.5474661893329106,10.24,Mortgage,14649.91,0
45356,527,0.5899701272824022,0.14,Mortgage,9435.73,0
54891,590,0.17314625136059494,5.9,Own,16480.61,0
31233,721,0.2478932712467599,0.37,Mortgage,14333.86,0
63860,366,0.1079372108969239,0.8,Own,11979.48,0
47226,550,0.4934827459837282,6.02,Rent,21215.75,0
42159,340,0.2557321663407063,1.71,Own,8234.52,0
65735,398,0.3944187346709156,1.18,Mortgage,24557.84,0
39434,605,0.1196092506400073,8.09,Mortgage,14074.92,0
28873,755,0.4577301333373738,14.62,Mortgage,8189.56,0
26650,600,0.36470198167836343,1.32,Rent,16949.11,0
59090,498,0.4624901229994176,1.91,Own,15913.82,0
30793,787,0.49478215657548197,6.26,Rent,14231.05,0
76321,405,0.14462143308941686,8.44,Rent,11850.68,0
18771,700,0.3890460603966126,35.42,Own,21570.39,0
75446,776,0.4249720169408109,1.6,Mortgage,17696.94,0
53165,421,0.35835937697249753,4.07,Mortgage,12571.6,0
48549,376,0.19120469913256113,0.72,Mortgage,16991.16,0
41826,611,0.4977986420288685,2.01,Mortgage,11100.05,0
55987,411,0.5987291644197992,0.23,Rent,19892.69,0
49435,817,0.5846351262142614,1.18,Own,25483.76,0
66549,496,0.48876478248861566,3.53,Own,20535.48,0
51713,397,0.3090538613932108,0.89,Own,11697.21,0
52254,758,0.2686502489200111,11.01,Rent,10188.8,0
44545,529,0.1342728995504159,6.19,Mortgage,15494.27,0
49145,467,0.3081431518758452,0.14,Mortgage,6952.91,0
54617,307,0.17802429886589952,10.47,Own,19574.76,0
24347,471,0.22716735675301422,18.93,Mortgage,18328.65,1
29777,659,0.5459433865886756,3.48,Rent,14232.84,0
61148,494,0.5842628157556095,1.89,Mortgage,13549.76,0
52562,568,0.5742795002328802,1.53,Mortgage,14447.15,0
47240,318,0.19667784292169546,0.46,Mortgage,22808.97,0
50276,653,0.5504471041176614,3.38,Own,12971.96,0
55213,348,0.17075265045013258,0.26,Rent,9020.21,0
41903,763,0.3538301039380749,3.5,Own,11091.12,0
38325,655,0.4218316836321867,1.46,Rent,19946.98,0
52937,457,0.3312334365502094,3.24,Own,10196.14,0
35324,365,0.5759187177084043,2.71,Rent,20992.93,1
56123,607,0.26660636154580253,1.82,Rent,13992.35,0
24461,636,0.36368883154903175,2.98,Own,6032.24,0
65437,420,0.1377249677398318,3.21,Own,18743.4,0
57088,703,0.5261122900390786,8.97,Mortgage,13643.22,0
53840,395,0.3066816979719723,5.48,Rent,16857.78,0
64740,413,0.4502660577959987,2.84,Rent,11883.9,0
74982,728,0.4411228155247091,11.78,Rent,21154.66,0
65215,839,0.4381314464171234,7.05,Rent,17228.3,0
22386,301,0.3534691393787205,0.39,Rent,25831.94,1
30806,511,0.23875939527392034,0.83,Mortgage,18552.71,0
40627,632,0.41254727928069324,0.43,Mortgage,13836.14,0
50391,323,0.580895751905609,1.92,Mortgage,10677.49,1
57764,667,0.516974627973157,2.86,Rent,7913.79,0
39113,805,0.1543841157768883,3.51,Own,14356.2,0
52801,475,0.11159370079327505,9.53,Own,14550.75,0
38669,728,0.3494856784352174,0.09,Rent,22954.92,0
40827,741,0.48791467585736803,2.8,Mortgage,12943.99,0
28900,847,0.2569512765836036,2.65,Own,20073.49,0
36151,813,0.4506191389521138,14.73,Own,14466.26,0
29724,660,0.5659606321194045,1.38,Mortgage,24459.22,1
35361,573,0.32949225346733446,0.65,Rent,7170.06,0
65804,476,0.22207982811531093,0.77,Rent,21760.24,0
35759,563,0.5588789310401235,3.67,Rent,12504.97,0
89485,485,0.33613198200185745,2.48,Rent,19457.82,0
57399,826,0.303919653337555,7.02,Rent,22858.84,0
52772,578,0.27668078577046196,1.95,Own,13243.94,0
37124,497,0.3115084762194066,0.68,Mortgage,9518.7,0
60504,648,0.43682892709117915,2.45,Own,9034.46,0
41365,720,0.316859813610077,10.73,Own,10730.24,0
51830,604,0.26211194427961004,2.6,Own,2854.47,0
88401,363,0.4718188327798598,8.97,Mortgage,13862.05,0
48559,589,0.2014857135121981,2.32,Own,18248.92,0
67239,317,0.20096686232044406,1.65,Own,16229.93,0
39452,363,0.44821776827447835,7.46,Rent,13109.76,1
49475,629,0.5333532650947366,1.17,Mortgage,10565.67,0
76562,316,0.2206054197485647,1.32,Rent,12145.26,0
40595,742,0.19556248748821478,0.26,Rent,16418.55,0
77186,440,0.43515294064537613,1.04,Own,19126.28,0
60616,607,0.41040126088657636,2.38,Rent,7523.29,0
41562,743,0.32362617325980614,2.55,Own,15786.88,0
59486,795,0.14793031992416397,2.73,Rent,16325.31,0
64588,725,0.14589271549093671,3.27,Mortgage,10282.61,0
59327,774,0.48867089452217727,4.24,Mortgage,17734.69,0
26446,544,0.3258845586978427,1.05,Rent,19667.28,0
39092,749,0.5289835456207794,4.76,Own,12149.61,0
46287,650,0.38736682576943116,2.05,Own,10667.03,0
48883,460,0.40936907060881633,6.62,Own,25777.59,0
59310,439,0.5670972209542768,4.07,Rent,19002.4,0
52665,792,0.182307947019719,4.04,Own,15898.89,0
29969,830,0.371512114648498,5.78,Rent,11628.72,0
55702,692,0.1290692999830174,2.02,Mortgage,11136.24,0
59158,700,0.2794625239410595,2.8,Own,17865.54,0
58396,349,0.17404924990060258,4.37,Rent,10887.37,0
66211,594,0.19391798114228528,2.74,Own,10671.12,0
62508,724,0.5673973600302641,2.94,Rent,14325.29,0
56887,311,0.4053412641024404,1.59,Own,18191.37,0
48947,634,0.5460790665949071,1.69,Mortgage,23819.91,0
25085,314,0.3217600921953748,6.0,Rent,16202.05,1
56444,327,0.3988216733316917,0.02,Rent,10892.12,0
53115,687,0.11604725609646319,0.5,Mortgage,13661.34,0
54073,591,0.334751116137167,14.86,Mortgage,21520.62,0
30848,549,0.38202833667189406,1.04,Own,21015.76,0
33784,804,0.10838885713277249,2.71,Rent,21235.37,0
65797,397,0.4947445884118201,9.48,Rent,20068.38,0
49406,636,0.24771149213830276,0.0,Own,24570.51,0
60222,338,0.32624353748038515,12.96,Own,16037.11,0
50424,337,0.3678151426524122,0.27,Rent,18758.48,0
50446,599,0.5960985765642167,0.94,Mortgage,10967.02,0
64074,478,0.14959207343709144,0.15,Own,16164.84,0
42259,768,0.37763978111224905,3.66,Rent,16363.1,0
51441,581,0.3652970729001347,14.33,Own,18943.27,0
43065,463,0.1344548478015911,9.13,Mortgage,11874.84,0
43482,752,0.41696918009756234,5.1,Rent,7174.12,0
45362,396,0.2434272169469053,1.03,Rent,12096.11,0
53332,608,0.15188398308231035,10.19,Rent,20309.06,0
42818,561,0.18932096545922636,7.03,Mortgage,13938.82,0
68836,592,0.5118016166076964,1.55,Own,17347.04,0
36580,548,0.15206238121869695,8.18,Mortgage,12007.19,0
47196,544,0.3334636941201623,10.48,Mortgage,20203.45,0
43404,550,0.19763656058961063,5.99,Mortgage,14471.12,0
71704,422,0.18115993104250602,0.53,Rent,14400.95,0
52948,624,0.20285587970853627,20.75,Mortgage,21637.64,0
65477,800,0.3463914672598102,0.4,Rent,22882.61,0
27716,365,0.21889421055578565,5.31,Rent,21736.58,1
54005,358,0.14836647517628018,0.59,Own,13360.48,0
63344,797,0.5007004346235843,11.79,Own,12025.97,0
51234,672,0.3699107015858428,2.15,Mortgage,10441.33,0
65982,565,0.1784268261842861,3.58,Rent,7555.69,0
42240,535,0.3357149243160851,0.98,Rent,10335.71,0
71140,517,0.13418124993645494,3.95,Own,10756.51,0
84483,826,0.3902149318093793,13.97,Rent,8690.82,0
44557,740,0.2701524097989908,11.6,Mortgage,7414.03,0
43317,705,0.15176426481508207,0.33,Rent,8481.79,0
71800,768,0.19182192493419872,2.38,Mortgage,14744.91,0
73693,409,0.2728513524253633,1.56,Own,17203.28,0
42157,652,0.5032037271461214,3.28,Own,16761.41,0
43697,390,0.18687784811491168,8.97,Rent,12391.71,0
45773,713,0.15483211074639916,6.71,Rent,13256.28,0
29833,372,0.35796950323284216,2.11,Own,16836.37,1
36220,846,0.3793484819901324,2.41,Mortgage,15962.29,0
34937,597,0.1451206588337086,5.31,Mortgage,17808.83,0
38483,582,0.24224223960365102,1.08,Mortgage,10188.09,0
49479,804,0.23138201895712704,0.54,Own,23669.54,0
53513,497,0.19311080473055767,1.39,Own,18157.12,0
73257,331,0.2578190636003269,0.66,Own,18713.98,0
35024,640,0.11855425576914833,2.17,Rent,9695.47,0
64764,633,0.4257748914767392,13.87,Own,9579.66,0
46790,442,0.5942435725169205,0.64,Mortgage,11513.31,0
49258,709,0.41702338373462444,8.53,Mortgage,18684.88,0
60122,343,0.2805382252718931,3.82,Own,9214.36,0
33159,331,0.4339551505728384,5.01,Own,17232.52,1
55736,327,0.3857579605117881,0.93,Mortgage,22293.05,0
52496,722,0.5233789652936723,0.82,Own,11464.91,0
57386,790,0.4109372804910002,0.89,Rent,10317.59,0
54337,459,0.4170381773106243,5.5,Own,11344.57,0
86829,506,0.2108320941364967,6.89,Mortgage,14179.37,0
40433,317,0.3078136192687966,12.64,Mortgage,19751.02,1
42035,402,0.27220803012783856,2.54,Own,20057.89,0
40652,531,0.1057125937018755,3.1,Mortgage,18993.63,0
41667,723,0.25664036469453066,3.17,Own,5281.13,0
40439,846,0.34303106216147516,1.57,Mortgage,14062.89,0
67835,538,0.3999243166050406,1.99,Mortgage,10588.84,0
71307,633,0.5672844733552277,9.38,Mortgage,17021.55,0
41438,448,0.2195568796799082,2.11,Own,19500.2,0
37514,707,0.17621449555427918,10.17,Own,12504.29,0
57071,316,0.534722844499479,1.82,Own,24606.5,1
41716,525,0.5709237470442238,2.08,Rent,10469.44,0
59493,559,0.34397712429054217,4.11,Rent,17659.95,0
53043,473,0.157608280625026,0.54,Rent,25722.31,0
27263,504,0.34269414963848566,12.76,Mortgage,19590.39,1
73212,714,0.1547216635516344,8.59,Mortgage,17972.42,0
76938,807,0.5415927893503314,5.55,Own,14147.93,0
40808,452,0.45407505230812495,22.17,Mortgage,18057.38,0
44184,402,0.22056850885500198,0.08,Rent,12239.58,0
54287,364,0.5433453466583934,2.65,Rent,20639.91,1
55016,416,0.4189508645246597,9.77,Own,11379.23,0
59878,455,0.5766316683604342,2.84,Mortgage,13757.95,0
80153,381,0.5902399245052735,0.03,Mortgage,10802.93,0
47345,817,0.10164089461785905,0.86,Rent,13282.59,0
38025,366,0.16010710451377289,2.85,Own,12710.18,0
29310,537,0.3734611654034179,5.51,Rent,4918.02,0
39036,625,0.5779264372336458,0.89,Mortgage,15166.91,0
49503,366,0.5971168177548478,2.97,Rent,12579.44,1
76918,475,0.38370396765175996,0.06,Rent,8452.47,0
42235,777,0.18690074447261515,3.25,Mortgage,11577.39,0
53356,554,0.1815250100043531,11.31,Mortgage,16808.11,0
49753,362,0.48192887905706916,4.54,Mortgage,6130.26,0
67825,702,0.39596883935314886,2.9,Rent,14196.59,0
87903,491,0.3743869494663815,0.89,Rent,20727.89,0
42036,628,0.33288246165025814,1.13,Rent,12837.87,0
42658,370,0.4625673132908408,0.4,Own,22312.1,1
65662,362,0.5290270895031728,6.78,Own,20379.08,0
60228,596,0.2514790405978181,0.4,Mortgage,16820.16,0
77700,544,0.21045888358794532,2.42,Own,14879.27,0
58758,818,0.4350995831574712,6.93,Mortgage,15033.65,0
44610,692,0.5573662120274767,6.24,Rent,17449.64,0
58859,476,0.27407872007204315,4.31,Mortgage,24994.85,0
66630,503,0.23622410958870768,4.24,Rent,17504.35,0
62307,832,0.21305731511780976,0.47,Mortgage,22442.36,0
57609,427,0.22724545384831543,0.96,Own,9204.63,0
66000,494,0.16746667148015723,3.83,Rent,12298.73,0
67539,493,0.39838911380417674,2.14,Rent,15083.06,0
70732,483,0.24041303433062786,0.1,Rent,21717.61,0
59730,546,0.4074721808289523,8.0,Own,6042.32,0
47493,623,0.14151617475628406,5.3,Own,30088.77,0
52200,459,0.15772839605893954,1.97,Own,14998.51,0
68097,365,0.36807096389847227,0.52,Rent,20889.99,0
37745,553,0.35576547223800703,4.47,Mortgage,14919.77,0
55530,582,0.23575496336894433,2.14,Mortgage,10921.62,0
44099,359,0.5135654258102712,1.47,Own,23566.7,1
50431,417,0.19352358243377474,6.39,Mortgage,14033.42,0
69176,722,0.280330562091593,1.99,Rent,11375.07,0
52866,335,0.3777558530362011,0.73,Rent,16923.24,0
50696,830,0.5336055512576823,3.29,Own,17980.36,0
29602,390,0.3092754875833883,8.81,Own,16674.19,1
61193,600,0.2993004777204522,9.47,Mortgage,17081.42,0
59682,516,0.3897687140158973,9.46,Mortgage,16903.54,0
82448,397,0.2583477077314481,2.73,Mortgage,21165.68,0
45383,755,0.45458662657979476,7.83,Own,15283.01,0
53287,830,0.22434797033350237,9.49,Own,11759.16,0
53740,837,0.5115979984701061,3.08,Own,18612.18,0
73661,327,0.2361767065667306,1.92,Rent,2677.58,0
48570,623,0.5963505811452561,6.05,Mortgage,18010.07,0
54185,522,0.25823123716382135,11.74,Own,22537.56,0
59118,379,0.5394130693275989,17.91,Own,18810.58,0
52799,757,0.2986779770530287,1.71,Own,7056.31,0
43303,475,0.22302742101546516,15.64,Mortgage,22212.17,0
52911,821,0.21308162523017762,3.46,Mortgage,12238.59,0
66104,756,0.5250956409249391,1.83,Rent,15996.77,0
34602,722,0.2543764931564384,22.28,Rent,21452.61,0
51994,399,0.26928150447987353,10.51,Rent,11910.69,0
39498,702,0.19849652791947028,5.9,Rent,15694.74,0
67925,679,0.5806623590581084,11.27,Own,8478.84,0
27152,830,0.22237197029941505,5.72,Rent,14068.83,0
41616,631,0.22372180949080603,2.9,Own,9166.08,0
55658,617,0.571948945127348,14.79,Own,17416.58,0
73482,836,0.5504494274975914,16.52,Mortgage,7748.51,0
49013,388,0.2244554415899551,1.89,Own,14551.61,0
41672,810,0.5323627847589947,2.19,Mortgage,12164.55,0
78217,341,0.22491160654305845,2.41,Rent,11421.28,0
28279,688,0.14223208242643723,8.63,Rent,20504.68,0
17017,380,0.5101806741979126,7.83,Mortgage,9629.65,1
56600,701,0.48577907890764316,20.41,Mortgage,12285.96,0
42469,406,0.24733356084573574,3.13,Rent,15960.03,0
34681,410,0.14506949256130466,6.67,Own,18212.38,0
60625,576,0.20321944223857388,9.71,Own,5969.01,0
53657,513,0.4855282854532327,1.25,Mortgage,14107.69,0
41538,805,0.5823739074712133,4.85,Own,18783.36,0
30795,420,0.22950103589724577,3.97,Own,23319.1,1
63086,433,0.5091294005177246,6.79,Rent,15159.34,0
59753,670,0.2139663286685772,5.94,Mortgage,7997.07,0
48512,556,0.4398001959125418,8.38,Rent,14935.71,0
77699,479,0.14180673451576317,1.86,Own,12591.92,0
33948,347,0.39264782019113,1.22,Own,16700.6,1
27117,318,0.23459494559735908,8.18,Rent,24203.66,1
39621,345,0.5629229743668285,2.24,Own,9138.27,1
49316,750,0.2448754443894768,1.7,Own,20484.49,0
53650,355,0.29922034743115333,2.05,Rent,19515.49,0
46381,391,0.5203395555772905,0.34,Own,18271.98,1
55280,381,0.3191372912733972,7.42,Rent,16309.19,0
31226,378,0.21920612589745922,6.28,Mortgage,25372.93,1
71656,582,0.37377216044714856,4.02,Own,21451.27,0
48767,610,0.5199955978249909,6.3,Own,12080.4,0
66759,459,0.3165888060023262,2.34,Rent,15245.73,0
55140,615,0.16644424460243382,1.75,Mortgage,9573.98,0
56851,455,0.29154345655725844,9.91,Own,21937.89,0
58546,767,0.5772375665470957,2.74,Own,15236.09,0
56715,761,0.1360108101828861,1.09,Mortgage,5376.76,0
59640,416,0.3042225862240099,6.91,Own,2714.0,0
69937,663,0.4240143969700827,2.05,Rent,12209.34,0
52947,765,0.13925886310591143,1.19,Mortgage,10787.89,0
60635,483,0.272476273501534,0.14,Mortgage,12784.24,0
48653,465,0.5702891769701316,17.63,Own,13965.3,0
71601,374,0.11531784610307164,3.15,Mortgage,21481.68,0
39854,571,0.47587093975297157,0.88,Mortgage,22123.94,0
77014,802,0.5206874830679981,7.09,Mortgage,26164.47,0
49397,642,0.2385303627088751,10.93,Own,23541.74,0
28538,550,0.20735718475990614,3.75,Mortgage,18147.85,0
51921,429,0.5574104467931036,0.14,Own,7991.61,0
39784,657,0.4820008477403622,2.27,Mortgage,19010.45,0
62609,707,0.15669035480350116,1.39,Rent,7111.34,0
40210,794,0.20609862775820145,5.06,Mortgage,16658.4,0
43307,781,0.4106775774962772,3.66,Mortgage,7558.96,0
21656,377,0.30970846444844624,2.2,Mortgage,24711.77,1
43215,813,0.3520871852189499,5.23,Rent,16920.91,0
13641,620,0.5757712175511338,4.39,Mortgage,13969.89,1
26241,589,0.310117731595987,11.85,Rent,12743.93,0
61406,596,0.5408409979071345,4.54,Rent,14823.51,0
61787,774,0.4303723593302866,3.54,Rent,11364.41,0
56381,322,0.1608097293567781,8.68,Own,13359.4,0
35495,471,0.47225351832385987,1.13,Own,4979.21,0
49284,617,0.36010453697815736,1.4,Rent,10395.65,0
49945,492,0.2125486251959943,7.65,Own,9188.48,0
32624,417,0.24477466154114905,2.92,Rent,17604.92,0
72550,305,0.3786662123753757,2.63,Own,15167.37,0
63160,782,0.4008512450728965,10.91,Own,19333.03,0
46685,431,0.58408820201474,4.71,Mortgage,12895.61,0
50403,392,0.5273600682052967,8.12,Own,15565.46,0
53125,821,0.2029196434976381,8.3,Own,4833.03,0
19373,593,0.4869960352835727,0.64,Mortgage,19554.62,1
46292,691,0.10414590407582278,5.3,Rent,21333.06,0
39770,548,0.164904230582572,15.24,Mortgage,18254.56,0
34975,716,0.1998502080331416,3.27,Own,10597.33,0
45783,442,0.39859967632956894,6.59,Own,17769.51,0
76965,536,0.19734250315009336,4.18,Rent,15877.44,0
59612,586,0.28263647101765355,1.15,Own,5198.58,0
41432,576,0.22138989107103976,1.09,Mortgage,21205.95,0
58588,686,0.2687083121899817,2.84,Rent,9662.87,0
70990,681,0.571225722367033,3.3,Mortgage,17875.49,0
63869,749,0.5986881762977151,3.5,Own,15142.06,0
50894,590,0.4428610531320546,15.51,Rent,21738.11,0
40295,468,0.3861539357278404,0.53,Own,10681.61,0
60473,742,0.4542239229081416,2.39,Own,12471.93,0
55902,483,0.48582610020945416,3.61,Mortgage,18445.99,0
63427,344,0.4695063718047572,16.5,Own,12012.71,0
59527,567,0.1409462641000024,3.51,Mortgage,22115.88,0
65743,775,0.25514670964338704,7.46,Own,11213.83,0
41971,552,0.2717156908948749,6.92,Mortgage,17941.49,0
69760,695,0.28462723707507065,4.18,Mortgage,14979.56,0
52963,588,0.272156889325771,0.7,Rent,11713.77,0
81128,511,0.4935461487251638,1.23,Rent,21587.38,0
39662,320,0.4738023339421892,1.37,Own,9735.02,1
76039,615,0.1023001514463259,0.2,Own,17657.01,0
52968,737,0.24819076174735952,2.38,Rent,2515.46,0
40228,722,0.4118318238926628,4.71,Mortgage,16614.13,0
42741,532,0.16013281099439977,0.78,Mortgage,21111.43,0
45194,422,0.1355991472427662,0.96,Rent,14255.98,0
56362,513,0.5141990597492408,6.14,Rent,16061.32,0
57842,339,0.3263421360860346,0.93,Own,23529.82,0
41394,631,0.5278436839604267,0.73,Mortgage,20286.93,0
49634,481,0.5117763635882828,19.05,Rent,3870.4,0
82134,564,0.5466852610702928,0.07,Mortgage,12277.55,0
75913,832,0.12413728178032354,1.97,Mortgage,13566.8,0
56544,731,0.1930650330541923,0.18,Rent,16561.79,0
50570,495,0.24807158220071027,9.1,Mortgage,14680.97,0
51800,808,0.16811519391893007,4.38,Own,12381.69,0
59202,746,0.3427349103928571,0.25,Rent,12054.51,0
34658,827,0.49948844501952927,4.78,Mortgage,7804.02,0
46139,501,0.5755909054248523,0.66,Rent,9955.42,0
24971,432,0.544787067238233,3.42,Rent,19203.16,1
55988,438,0.3286683400079041,5.53,Mortgage,9758.86,0
59707,792,0.4182455506854761,0.8,Own,10988.68,0
42752,369,0.21534806172432644,3.44,Rent,7710.06,0
73609,314,0.30150449996595996,3.06,Mortgage,16920.65,0
31613,511,0.5355912977100016,12.37,Rent,19800.57,1
28034,359,0.1145987610097404,27.25,Rent,20814.88,1
53366,551,0.3663796363217372,5.31,Mortgage,13053.67,0
65706,745,0.5363991489495107,9.65,Own,14677.01,0
75258,301,0.16100493692538023,5.2,Mortgage,15143.83,0
43116,635,0.591273100975561,10.45,Rent,12907.22,0
66180,318,0.1061957319905846,2.84,Own,16649.06,0
49422,377,0.5430600057315822,4.68,Own,20657.32,1
47410,771,0.27683628719748343,9.33,Own,19978.6,0
63254,327,0.16634529083888136,12.51,Own,14161.59,0
59784,464,0.17867908762726756,0.12,Rent,12327.04,0
26354,757,0.4505893591771354,0.55,Mortgage,9238.55,0
72148,475,0.5353598383279721,13.38,Mortgage,6314.0,0
70701,328,0.420533176903394,4.2,Own,17722.97,0
40616,578,0.5643624856803765,23.12,Own,14995.96,0
55937,582,0.5212393975284495,7.87,Mortgage,15042.21,0
57410,778,0.10451590347032522,8.52,Own,27230.71,0
53910,818,0.43471483221506735,2.44,Mortgage,22936.36,0
41745,604,0.25231734435714626,1.49,Mortgage,15215.43,0
39925,408,0.32725000586020503,4.56,Own,16043.35,0
49616,623,0.14701537406711337,10.56,Mortgage,9454.11,0
67590,505,0.2410495809358252,6.47,Mortgage,18227.98,0
58154,533,0.4163429837162538,3.19,Mortgage,16145.13,0
44440,757,0.20919106512816202,7.0,Own,10586.82,0
61575,486,0.42376833413559656,5.86,Rent,16247.91,0
7271,781,0.5615160853983362,12.21,Rent,20211.42,1
67231,706,0.10247015250247862,1.53,Rent,25338.36,0
23904,808,0.4928853598649292,0.64,Rent,7436.35,0
44563,819,0.42065944008159417,3.17,Rent,9277.53,0
33204,352,0.12331638136689613,2.24,Own,14500.99,0
30579,697,0.49508356862261016,18.42,Own,16151.39,0
67412,498,0.21226051756856554,0.04,Rent,23405.32,0
42984,690,0.23291027036131243,13.54,Rent,21142.03,0
55197,797,0.1467578412346867,15.51,Mortgage,4631.51,0
49296,471,0.36718990767162973,0.26,Mortgage,12885.92,0
57155,385,0.3491118701341134,11.02,Mortgage,7406.33,0
51152,485,0.2735872531681445,3.18,Rent,8474.16,0
30755,455,0.18437690388338654,7.27,Rent,17918.33,0
64944,792,0.518976777249533,0.41,Own,15700.29,0
42593,820,0.5381892150338359,15.53,Mortgage,23298.94,0
26651,429,0.3702898053568361,4.68,Mortgage,7960.81,1
43578,380,0.22211266679968908,11.45,Own,14873.26,0
72511,683,0.148055032849342,5.59,Own,12296.0,0
62753,594,0.5342720837457814,3.85,Own,22868.49,0
44770,568,0.14802635979477716,0.95,Mortgage,10510.49,0
44761,834,0.10659001887472566,0.98,Own,16081.72,0
45175,677,0.33469878866931935,3.2,Rent,8043.71,0
81151,675,0.46563551098966716,10.22,Rent,22238.75,0
55729,387,0.3287685022385203,0.61,Rent,24185.81,0
56450,410,0.12570530349326806,32.14,Own,11513.79,0
65454,453,0.4450145567109114,10.43,Mortgage,10913.41,0
53581,762,0.4211663102789255,2.49,Mortgage,16319.12,0
46114,455,0.44076486556227745,1.46,Own,10911.05,0
47054,617,0.20560124567452473,12.75,Own,20732.64,0
48925,537,0.4978492045725995,0.66,Mortgage,17281.22,0
49441,633,0.33958410587406673,2.13,Rent,21335.39,0
60914,405,0.3681764052952201,0.44,Rent,9595.56,0
50779,781,0.3729150048271246,15.34,Mortgage,8121.29,0
60989,681,0.2434032185356005,4.81,Own,16826.84,0
48789,560,0.22506705216852116,2.05,Rent,23448.52,0
51179,592,0.1023830652407682,1.61,Rent,10321.18,0
20026,634,0.29830517102770016,2.94,Rent,17305.32,0
63744,775,0.3425514919695327,0.48,Own,11687.11,0
55197,524,0.47140187282764934,11.01,Own,20293.29,0
64970,753,0.13331348047215,3.58,Rent,10579.14,0
6556,595,0.5619947061993557,6.46,Own,16375.19,1
81325,762,0.23197923412352076,1.33,Mortgage,20603.22,0
47906,513,0.2833603450641239,3.5,Own,8278.43,0
66622,457,0.12418123279763091,1.19,Mortgage,18011.3,0
34401,571,0.4265682054090617,8.47,Rent,13212.17,0
59191,537,0.4544613986949334,7.46,Rent,19236.89,0
34198,602,0.5643956086448828,0.8,Mortgage,16844.85,0
40643,820,0.2684145016576144,0.39,Rent,12911.64,0
78710,620,0.22868436493911673,8.69,Rent,14531.21,0
47139,358,0.4630432517854354,0.58,Rent,5812.83,0
53261,657,0.45340044422146397,3.98,Own,19350.01,0
63051,550,0.5685620289266935,3.82,Own,24499.07,0
57435,735,0.20265931211664198,1.13,Mortgage,12282.53,0
52256,445,0.4526463113472676,4.47,Mortgage,14810.79,0
55474,651,0.13343428859467713,3.49,Own,22862.09,0
86051,544,0.34018405337860935,3.56,Rent,6027.94,0
49135,600,0.15969538863285418,2.23,Own,17518.27,0
53016,737,0.4265729940472359,9.11,Rent,23368.54,0
65759,399,0.40073338084584287,0.44,Mortgage,11850.84,0
66582,779,0.12441646681486432,2.89,Mortgage,12290.06,0
67805,714,0.25980891129237804,1.5,Mortgage,21642.33,0
59580,464,0.2975168161383763,9.43,Own,9543.87,0
32854,601,0.22403013475648223,1.27,Own,19309.71,0
74501,420,0.11933502200940507,7.28,Rent,16877.53,0
32804,387,0.25941094805302944,4.73,Mortgage,20676.69,1
54539,516,0.4963124507254143,10.39,Rent,14362.52,0
38685,478,0.28005454429582133,4.5,Rent,22678.94,0
49037,462,0.2616848776171766,4.07,Own,13075.22,0
54931,469,0.5708765689557923,8.08,Own,7632.27,0
54820,600,0.12081535935725066,4.13,Rent,7295.44,0
56328,673,0.4836440978209915,9.31,Rent,9541.58,0
74205,502,0.341546799157175,0.25,Rent,18381.47,0
56803,346,0.5722312537552704,3.42,Own,11244.6,0
46337,762,0.29673537208169587,8.37,Rent,14905.52,0
64461,707,0.45402116850276086,9.43,Own,15454.19,0
67842,493,0.13496768219525743,8.98,Mortgage,11126.39,0
31585,726,0.5643862127919406,4.64,Mortgage,15781.59,0
58961,616,0.2722713333992963,25.56,Rent,19704.79,0
60517,778,0.3620022878921433,1.0,Own,15178.76,0
45536,720,0.16924080438148356,0.96,Mortgage,19592.3,0
70635,568,0.5727789356101204,0.17,Own,13114.15,0
47749,780,0.4364852019649468,22.7,Own,16327.82,0
51883,562,0.12697373841805612,2.14,Mortgage,15485.73,0
47403,725,0.1776033895896417,7.18,Rent,20368.92,0
50233,465,0.29991699882132483,0.31,Rent,17123.25,0
33555,727,0.2083855061921359,1.77,Mortgage,11789.96,0
28399,696,0.2523127847581653,4.89,Own,17439.3,0
73917,515,0.5987455804380882,3.72,Rent,10218.59,0
37295,406,0.4293243485749013,1.16,Own,17019.48,1
35129,397,0.561108801157226,3.1,Mortgage,14847.03,1
17699,781,0.3178991874271645,0.58,Rent,15749.74,0
40415,798,0.4551411422452839,3.91,Rent,14799.78,0
30153,529,0.3298451460806443,0.51,Rent,11955.52,0
74630,556,0.26411227142751204,5.05,Mortgage,11336.03,0
65147,342,0.3595865732505281,0.84,Mortgage,20403.03,0
39677,541,0.3136555208937434,3.96,Mortgage,24410.9,0
83786,394,0.5902703243403469,0.69,Own,16354.0,0
64726,487,0.34808320260820047,2.56,Own,15158.89,0
45127,684,0.5055565664493977,2.17,Own,8860.36,0
12508,699,0.4334097341479243,7.06,Rent,6203.47,0
84364,805,0.3398136186087113,5.12,Rent,6960.69,0
29156,466,0.33707503623316803,13.83,Rent,17653.23,1
25319,424,0.2709450585310188,12.75,Mortgage,6122.87,0
65338,386,0.15349090381602806,6.45,Mortgage,18291.86,0
86596,788,0.4807346644686584,7.36,Rent,9513.42,0
70764,525,0.5590473966002695,4.9,Mortgage,15798.06,0
58458,644,0.20897742733005883,5.88,Own,12961.71,0
58921,817,0.5628367469645987,4.8,Own,9696.8,0
62801,330,0.2161521090291391,1.87,Mortgage,8077.71,0
61383,595,0.36503955099188756,2.16,Own,6384.21,0
54217,713,0.2718109980635689,4.28,Own,9589.76,0
51563,434,0.1572543929561291,6.37,Own,26119.65,0
49061,824,0.12641918747777367,2.61,Rent,21520.28,0
38690,303,0.28267326607211374,0.77,Mortgage,15909.32,1
45789,477,0.12367193227471998,3.08,Mortgage,13168.0,0
24605,558,0.15210321876892566,16.51,Rent,12066.87,0
48524,364,0.1711487893989921,1.2,Own,15548.64,0
35171,662,0.10095785308949953,5.24,Rent,12145.91,0
33446,316,0.17662610792182673,20.24,Own,12112.23,1
52698,499,0.38863934018918733,2.36,Rent,17433.46,0
70880,843,0.5097615610479682,10.94,Own,9953.0,0
63774,511,0.19671497970403493,9.98,Rent,2597.6,0
26442,734,0.14043630192375015,2.07,Rent,12075.28,0
35155,572,0.46475709921793606,0.52,Own,22259.86,0
64111,589,0.10408135572860802,0.98,Own,6858.54,0
35262,782,0.46708105101819064,2.28,Mortgage,8808.09,0
46630,533,0.16555861793344065,15.99,Mortgage,11817.22,0
58250,707,0.21414253105970174,1.6,Rent,7010.57,0
35474,445,0.16003495544401478,13.08,Rent,22517.81,0
51580,729,0.22366907852569726,1.0,Mortgage,15489.08,0
29989,731,0.4990879692308975,17.5,Mortgage,6107.44,0
40979,844,0.16627205256253788,1.74,Own,14359.96,0
54796,796,0.597082816146767,5.01,Mortgage,14803.98,0
26105,388,0.263548888048896,0.36,Rent,13793.47,1
56607,710,0.5609840627541645,1.78,Mortgage,14172.35,0
49705,540,0.19501653991777332,1.18,Mortgage,14353.71,0
58287,522,0.19394875997220087,0.02,Mortgage,16549.15,0
53358,767,0.3826678415215369,0.85,Mortgage,16867.01,0
70462,621,0.12530004245233897,4.5,Rent,7514.96,0
51878,674,0.5005014488177965,2.47,Mortgage,15300.89,0
43558,411,0.31980762533402696,6.41,Mortgage,15907.11,0
51834,826,0.4495982366764273,5.56,Rent,11948.65,0
58149,711,0.1873161017480097,8.03,Mortgage,23529.92,0
50732,568,0.42117867539309517,10.09,Rent,14584.22,0
50608,551,0.3970353271758468,8.57,Mortgage,17519.83,0
39470,673,0.47783062595897186,2.97,Mortgage,12754.93,0
40056,749,0.2487006463254853,1.85,Mortgage,13479.25,0
28960,836,0.5665827874857546,3.49,Own,16712.77,0
76243,667,0.580650534697866,3.83,Mortgage,8077.27,0
31342,554,0.5340618056106774,1.88,Rent,18725.0,1
39606,762,0.38601688308027093,3.88,Own,8844.16,0
39223,567,0.3101441353306753,0.56,Mortgage,19406.37,0
63423,425,0.12899620928497743,1.31,Rent,13658.12,0
45575,692,0.5736139007304948,6.85,Mortgage,25303.59,0
68716,633,0.5758906718491834,1.01,Rent,19914.47,0
39897,667,0.10934422748984193,0.75,Mortgage,19939.57,0
54184,755,0.2784437733203601,1.69,Rent,15724.59,0
37469,366,0.5400181841291309,2.32,Rent,20047.87,1
82177,365,0.14042601651980915,1.99,Own,18800.36,0
32186,699,0.1982831883551037,2.35,Own,5316.06,0
54647,586,0.5893386584097954,0.75,Rent,10645.64,0
59506,485,0.5236444060601743,0.9,Rent,10348.51,0
56206,583,0.5560317470418819,1.34,Own,11111.2,0
47220,815,0.1710772093276586,2.57,Rent,13715.67,0
48052,536,0.2056579794834225,2.05,Mortgage,17582.69,0
50657,317,0.40270829217587456,7.84,Mortgage,20874.14,1
47794,713,0.3508691105013496,3.73,Rent,18029.79,0
64458,308,0.24925169527352445,4.29,Rent,21204.38,0
83157,719,0.5419231498686232,4.11,Own,9718.39,0
41637,328,0.5506943077677865,2.54,Own,12481.41,1
29452,647,0.2458420050733056,19.68,Rent,13698.2,0
48675,749,0.1778765702959699,0.19,Mortgage,11663.08,0
88695,679,0.17454621038515675,1.22,Own,9387.05,0
37944,665,0.34221259769596957,1.67,Mortgage,16950.8,0
74586,526,0.16645924770067647,10.66,Mortgage,11483.96,0
75165,417,0.3366701110476127,12.56,Mortgage,19034.06,0
41696,711,0.33096703642992875,9.36,Mortgage,8887.87,0
58534,655,0.5420551066028285,2.7,Own,19318.21,0
74425,553,0.24810521990001852,12.3,Rent,16074.36,0
44313,842,0.38032622932048876,0.52,Rent,16075.64,0
46946,743,0.4717499321420482,5.28,Own,16219.38,0
41274,380,0.3979573975249532,13.84,Mortgage,14593.76,0
34778,345,0.5770339224900685,7.03,Rent,14681.14,1
40260,348,0.40113874024988505,1.63,Rent,13649.22,1
31640,748,0.550931089235056,6.32,Rent,16495.07,0
50511,706,0.22252819462687148,1.75,Mortgage,17758.48,0
38450,582,0.38037638638971816,0.59,Rent,12737.43,0
53506,772,0.3716529632833272,6.32,Own,21941.19,0
26661,715,0.5947260550700417,0.99,Rent,13169.18,0
54963,420,0.20225315669956176,0.59,Rent,11488.52,0
62502,302,0.17049669918298874,4.01,Own,14243.07,0
20093,615,0.40583603881521024,4.85,Mortgage,11171.07,0
55610,759,0.21184607166603167,0.26,Rent,17331.43,0
68415,526,0.4195776728251449,0.02,Mortgage,14293.43,0
31855,378,0.5862445442597755,10.69,Mortgage,18668.21,1
75088,843,0.5732529976987288,0.61,Mortgage,14695.94,0
56285,370,0.215551512321999,4.38,Rent,14531.9,0
39424,496,0.18544817410607448,15.35,Rent,12959.67,0
49163,357,0.3803696435812729,3.59,Own,19134.13,0
58374,723,0.39338864411157504,0.75,Mortgage,13783.6,0
51140,768,0.4311250356903251,2.5,Own,16322.61,0
58081,347,0.47074546299340425,4.89,Rent,20230.48,0
36189,734,0.40047865533600213,7.2,Rent,14560.53,0
52540,484,0.1558765018598314,4.67,Own,14500.87,0
28794,464,0.49507898528472394,0.17,Own,13848.35,1
48331,630,0.139758592262313,0.77,Mortgage,15950.24,0
36441,629,0.10999634310859605,2.32,Rent,19034.74,0
38967,420,0.48482909830593823,6.12,Mortgage,18886.47,1
68541,512,0.37417871221783794,4.39,Mortgage,17456.33,0
66369,806,0.4492957092932617,0.23,Rent,21049.52,0
59137,467,0.29137366210379934,7.97,Rent,15413.32,0
33615,845,0.10554624676224625,4.65,Mortgage,22023.18,0
45253,726,0.2655076745655127,10.91,Own,20249.48,0
68196,520,0.4040676164615713,2.7,Rent,11731.51,0
52125,309,0.21285153523505487,3.37,Mortgage,18937.07,0
84789,419,0.44390216681646566,2.6,Own,5717.33,0
55899,546,0.49720050494597245,6.41,Mortgage,21011.0,0
52880,659,0.32713349918277956,6.97,Rent,14643.53,0
45363,520,0.5378606490345837,6.42,Own,11114.94,0
52003,805,0.5274082822845589,1.72,Own,6262.46,0
47712,357,0.5390289763959168,5.05,Own,14324.09,1
60621,759,0.43051851632841753,2.07,Rent,21076.91,0
64350,427,0.25239449983678997,8.98,Rent,16213.68,0
38210,385,0.340625641185786,0.28,Mortgage,13019.47,0
30031,403,0.45525532476554564,0.19,Mortgage,14050.12,1
22456,442,0.20528182663128638,0.54,Rent,21649.71,1
57619,504,0.4694217546272632,1.13,Mortgage,18494.2,0
33449,337,0.37404430854652015,0.19,Own,14791.89,1
17706,662,0.14800872014178165,0.37,Rent,19672.53,0
55828,608,0.37864316350008365,1.83,Rent,18967.19,0
87394,351,0.13338806910624165,0.53,Mortgage,10554.82,0
49908,300,0.10715364252331103,8.1,Rent,13269.13,0
62577,310,0.5448138349536422,0.28,Own,22096.95,1
51227,513,0.34495805580224737,11.93,Rent,18380.91,0
48516,817,0.37164482752016237,10.23,Own,23862.41,0
63786,714,0.23996888581513345,1.17,Rent,17995.58,0
45645,307,0.3713723597287467,0.37,Rent,11450.23,0
54010,304,0.1844343460748664,0.56,Rent,14895.49,0
54825,661,0.47282289869226257,4.09,Mortgage,18936.82,0
39978,411,0.5116745802019428,4.59,Mortgage,14955.84,1
64880,572,0.5279378899596302,1.9,Own,15303.01,0
47375,721,0.15332635871396502,1.76,Mortgage,25175.17,0
38663,564,0.37887720017239646,3.79,Rent,13814.34,0
58047,757,0.5043754849220164,1.82,Mortgage,16609.66,0
36522,511,0.16410824410619415,13.61,Mortgage,16302.16,0
50422,377,0.14976120408703833,2.41,Own,19565.67,0
49863,520,0.5084709993350105,1.24,Rent,16303.48,0
66288,668,0.4983680194456114,0.79,Own,15647.35,0
57120,646,0.32434656848173393,4.99,Mortgage,25077.47,0
49624,324,0.15485558443003242,1.98,Rent,14488.21,0
62266,719,0.3580615786584759,1.05,Own,18666.01,0
70853,653,0.29740160000233307,1.61,Own,8564.7,0
58367,716,0.3592737155220064,1.84,Rent,15011.1,0
50155,814,0.3199476010127913,4.92,Own,14518.59,0
30322,514,0.3842572066954446,0.96,Own,14639.57,0
34023,411,0.4635648592566469,6.6,Own,6396.7,0
45421,727,0.48742995182542925,1.82,Mortgage,13227.52,0
40857,515,0.424491099118922,3.35,Own,10657.49,0
47195,712,0.19947030752319636,5.32,Mortgage,20432.26,0
50849,679,0.2985615128025596,3.92,Own,10674.75,0
57945,531,0.13561201436786083,5.43,Own,18140.67,0
48942,557,0.3258368640375857,1.95,Own,18377.0,0
57297,555,0.5851697063624256,16.55,Own,12021.61,0
50967,702,0.4208653537955054,3.07,Rent,10748.0,0
20368,723,0.17730625733174846,1.94,Mortgage,13588.17,0
35909,364,0.2342888298877163,1.76,Rent,13009.52,0
47838,489,0.1322868231512734,0.22,Rent,10083.41,0
31854,472,0.191206945075983,5.77,Rent,13520.96,0
58998,526,0.34392082173888894,1.52,Rent,16559.87,0
72961,687,0.27242819071431634,15.96,Own,9045.48,0
68281,700,0.20198115865438335,1.18,Own,14023.84,0
46798,512,0.17329920678142804,3.77,Rent,12374.71,0
72360,352,0.428035558488603,6.65,Rent,15466.76,0
52230,438,0.3790511884364256,10.21,Mortgage,24423.02,0
44943,717,0.521320156107434,0.85,Rent,7423.35,0
40798,442,0.19162644286387673,21.13,Own,14469.46,0
45462,808,0.523992729964123,11.86,Mortgage,16397.53,0
44177,785,0.3889555862799281,16.46,Rent,12450.7,0
52556,736,0.2331115969898578,9.58,Mortgage,16839.63,0
52408,842,0.2367765702842556,10.51,Rent,7703.02,0
50045,592,0.29519019507192623,4.57,Mortgage,13249.52,0
56554,583,0.3300636083333971,9.33,Mortgage,1659.45,0
67859,313,0.14125254236844134,3.82,Own,13785.97,0
64243,571,0.5209995828331639,3.86,Mortgage,8838.55,0
27726,324,0.16077053466209704,4.13,Rent,16565.76,1
11691,621,0.34172992151494086,28.02,Mortgage,22070.38,1
64014,402,0.2914841165954609,0.55,Rent,16378.75,0
29496,339,0.35614354215597144,8.19,Rent,14628.63,1
46628,534,0.5437412585340861,1.6,Own,12399.44,0
32448,388,0.5945441699280531,2.24,Mortgage,13600.3,1
22970,399,0.11013568634137919,0.42,Own,13675.2,1
58121,443,0.29661971586259706,2.17,Rent,15080.67,0
61387,381,0.5088052654586218,23.42,Mortgage,17384.87,0
41352,528,0.26330144013098855,2.53,Mortgage,11159.86,0
11134,694,0.4245180879592608,5.54,Rent,20737.01,1
41806,812,0.5961296018832303,0.64,Own,13925.95,0
55877,496,0.4233856444079719,12.79,Own,15071.57,0
27816,573,0.15559568881163446,8.79,Mortgage,21430.15,0
52750,671,0.5214659784769928,2.44,Own,4357.17,0
49770,379,0.5833287186462648,2.14,Mortgage,2272.46,0
58689,534,0.45625421064943383,2.83,Own,16947.39,0
51793,586,0.3095340499215351,2.56,Rent,15042.34,0
35403,844,0.5742000876727122,1.49,Rent,22429.23,0
67948,736,0.5842860075245991,23.47,Rent,9374.47,0
47622,426,0.5675583717495787,8.32,Mortgage,17428.03,0
49590,716,0.30590950115504034,1.56,Mortgage,13201.25,0
36000,340,0.4948538369844234,20.01,Rent,19740.67,1
43350,768,0.42708967951703003,0.08,Rent,4073.28,0
36727,596,0.1898533329427934,2.88,Own,13676.98,0
47405,341,0.367757450838577,4.21,Rent,18640.73,0
75675,578,0.4738455045643185,0.19,Rent,11027.9,0
29421,758,0.5479561379826547,0.88,Rent,14727.1,0
25796,332,0.5312991852032768,1.49,Mortgage,15249.05,1
72067,575,0.17732925009274106,6.37,Mortgage,16681.6,0
46860,389,0.3440166232426054,14.05,Rent,9553.64,0
39963,823,0.33913431473039246,4.9,Own,12576.36,0
65598,459,0.5493685309489611,4.14,Own,17473.38,0
40915,757,0.10096865456843343,3.85,Rent,18721.03,0
77390,698,0.4693567688134638,2.16,Mortgage,15862.35,0
60168,390,0.40932075827313263,8.79,Rent,13283.95,0
42681,765,0.5607857365882831,3.89,Own,15469.44,0
82359,519,0.328458675165869,1.31,Mortgage,19213.45,0
40914,718,0.42883612493775036,0.74,Mortgage,16007.86,0
61131,678,0.5863735152107712,21.17,Mortgage,9097.32,0
54489,746,0.4719518814579544,0.09,Rent,9380.18,0
69526,445,0.1336919870648837,13.55,Rent,15183.13,0
73422,532,0.18376677548633727,1.23,Rent,6705.23,0
50480,670,0.510725551479874,5.36,Own,18961.85,0
38698,533,0.26739777048682944,1.79,Mortgage,10360.66,0
56899,666,0.4529590552991375,9.82,Mortgage,9219.05,0
39834,780,0.44991186667191396,3.92,Own,23439.67,0
80200,662,0.5968502616941025,0.76,Own,12443.66,0
52048,810,0.33493636181817044,1.57,Mortgage,16416.99,0
44520,394,0.46891618025296156,1.93,Mortgage,17993.56,1
52770,515,0.12437643864305117,10.85,Own,22258.68,0
29793,842,0.33129551034654425,7.28,Rent,12035.53,0
35425,434,0.19334077240856548,8.85,Rent,15885.81,0
68006,382,0.5202857758565884,0.27,Rent,14403.34,0
40146,690,0.5199541660080355,4.32,Own,26991.6,0
34296,346,0.21818221035284766,35.51,Mortgage,4888.51,0
58049,691,0.25914257655823414,7.69,Own,14197.56,0
67785,684,0.4512388922301761,0.64,Rent,14912.86,0
60784,680,0.4691329617061335,5.68,Rent,14445.4,0
64940,376,0.42881580105718686,6.84,Rent,7776.46,0
38648,558,0.5983473187630807,3.61,Own,5728.16,0
28672,698,0.534341605992556,0.41,Own,7295.44,0
72520,399,0.3085294403762613,0.18,Rent,19312.3,0
45159,800,0.26348836077094184,13.89,Rent,14915.37,0
46237,682,0.3984248739980403,1.49,Mortgage,6203.79,0
69922,491,0.5088181679167519,2.38,Own,22159.12,0
58343,644,0.33767173686827645,7.93,Mortgage,24816.26,0
56838,309,0.4688463034158198,5.84,Rent,16505.95,0
82475,563,0.1095800197530212,17.3,Rent,17135.42,0
40347,567,0.5629200541490521,0.49,Rent,15444.45,0
63917,494,0.4869173637577262,6.14,Mortgage,11864.45,0
50855,706,0.2970950433820665,0.43,Own,5848.48,0
54028,595,0.2920061627596461,0.0,Own,9587.03,0
72927,396,0.15144340387425267,0.64,Mortgage,14728.5,0
57617,761,0.5080768619412642,4.8,Own,17877.46,0
58074,386,0.4843147546285922,5.64,Mortgage,13840.04,0
66087,376,0.41512485376780817,2.88,Mortgage,14525.43,0
44525,782,0.15072823607201727,0.24,Own,15220.36,0
37411,445,0.2311706828185354,5.03,Own,15530.12,0
34327,410,0.3294572366323092,0.45,Mortgage,12065.65,0
20504,596,0.23298597188211298,0.76,Own,17064.91,0
80843,725,0.3169869615764518,3.59,Own,9438.73,0
33451,633,0.21297877031882614,2.08,Mortgage,16532.55,0
46681,822,0.2748002519030084,3.13,Rent,7408.36,0
45847,837,0.4261484417983138,5.04,Mortgage,9030.27,0
54611,461,0.5461805403898475,0.87,Own,11412.62,0
62236,729,0.2925153406164126,11.18,Rent,15972.67,0
62907,368,0.4459541155803788,4.1,Own,16179.15,0
41253,432,0.16739654319126016,0.11,Mortgage,10746.65,0
47493,488,0.37040898892788077,4.95,Mortgage,7906.75,0
54238,578,0.5608521127772568,3.11,Mortgage,21030.05,0
46269,729,0.11396790222869171,6.05,Rent,15333.6,0
74110,841,0.23377868086340428,7.66,Own,14313.92,0
57364,460,0.16624676684007214,13.97,Rent,16820.34,0
61023,752,0.36656073974820735,32.02,Mortgage,10230.24,0
59943,469,0.4398212320356627,3.99,Own,20354.6,0
67602,356,0.12888959603155467,4.12,Mortgage,17880.15,0
52715,539,0.13514221032027565,0.11,Own,13583.22,0
30547,657,0.5348145963744527,10.02,Rent,14688.99,0
55995,500,0.3281165742837542,0.15,Rent,13801.31,0
40229,743,0.33147579981932396,5.01,Rent,21666.16,0
42070,601,0.5722901974790584,0.52,Rent,17156.37,0
58795,405,0.2601048051324659,1.68,Own,17711.94,0
68574,400,0.5485118235163952,0.76,Own,15345.85,0
50319,396,0.5871273722881318,0.74,Rent,14998.83,0
54632,328,0.22084709882521517,0.39,Rent,24395.51,0
75533,805,0.35701942460627145,1.91,Own,13186.69,0
53611,737,0.36717807645012923,2.76,Mortgage,16096.62,0
89025,678,0.5330840558960319,3.12,Rent,25306.84,0
58482,372,0.2519540681909108,2.9,Own,21635.07,0
23588,553,0.49902122167670737,3.71,Rent,16896.48,1
61300,815,0.5855036956390058,9.82,Own,7451.24,0
55717,849,0.5201683263721496,5.0,Rent,25843.99,0
69346,319,0.5545701417283587,0.09,Rent,13797.72,0
60097,834,0.4541772195714848,0.95,Mortgage,15419.53,0
47923,720,0.5519778801385868,2.15,Mortgage,20159.07,0
31635,745,0.18242531767616368,14.88,Mortgage,13969.89,0
46864,435,0.45618070752081297,0.41,Mortgage,16063.42,0
37242,804,0.46593867748573803,6.19,Rent,15322.42,0
41292,600,0.31959047324971035,0.17,Rent,13182.03,0
58828,332,0.13986923367895607,2.25,Mortgage,16756.64,0
75048,577,0.4112218731304136,7.35,Mortgage,11829.68,0
55920,432,0.12594040328524034,2.11,Rent,9317.99,0
32061,826,0.29120124807827474,2.81,Own,17704.16,0
56669,425,0.2968351144878758,11.79,Mortgage,21258.61,0
67949,644,0.5994612542316664,0.34,Own,11287.35,0
40853,316,0.24990101686455526,3.75,Rent,12366.64,0
47989,677,0.5102269689618443,2.28,Own,15024.18,0
50220,359,0.1265858426091769,16.6,Mortgage,15029.63,0
38226,766,0.36488299269292024,7.89,Mortgage,5139.14,0
59724,690,0.368345839278006,0.65,Mortgage,12880.08,0
48185,486,0.4143749265972312,13.11,Mortgage,23976.17,0
56292,797,0.5050026016949691,1.19,Mortgage,21987.21,0
36687,660,0.48096169086157403,0.44,Rent,23521.49,0
43438,748,0.4805040641661873,3.9,Own,18088.06,0
60835,480,0.3161469671621434,6.67,Rent,12340.29,0
44407,429,0.4637357412332632,6.29,Rent,16282.01,0
75904,448,0.3456578588745608,3.82,Rent,17992.05,0
44005,771,0.1334755891725011,3.39,Own,13353.96,0
53370,799,0.5450908913058635,17.46,Own,6377.58,0
63988,654,0.5450816530693802,8.59,Rent,19527.3,0
28724,510,0.2614393823275697,6.0,Own,12757.24,0
23587,329,0.5569513096404701,1.09,Rent,18131.98,1
27115,323,0.47899201925254076,8.57,Rent,7094.62,1
68938,521,0.3004006154310116,6.93,Mortgage,11791.84,0
41722,700,0.26575279921262673,24.16,Own,16939.66,0
88372,811,0.5875713496930505,0.71,Mortgage,18155.19,0
41536,387,0.45631348155565543,6.28,Rent,18742.8,1
52768,764,0.2894049773856001,19.34,Rent,14655.64,0
73131,349,0.4209919439904025,3.1,Rent,15964.2,0
80091,402,0.3857630995186845,6.61,Mortgage,16948.44,0
80922,667,0.36227001135198034,18.52,Mortgage,16598.41,0
68125,791,0.4223509494059219,3.96,Rent,17855.9,0
65360,567,0.3688131610901809,6.0,Mortgage,9243.88,0
58887,696,0.4273951768431903,0.1,Rent,24316.22,0
61675,619,0.5537842811118195,3.67,Rent,14078.92,0
41732,819,0.5966324840726359,1.48,Mortgage,14525.51,0
37727,748,0.45464343667400664,0.7,Own,13544.81,0
49949,775,0.5639104008752164,6.17,Rent,16158.77,0
47447,539,0.529205126941477,0.2,Rent,7788.21,0
43201,557,0.24751869899063958,11.76,Mortgage,12563.58,0
60445,689,0.5664539915215178,3.65,Mortgage,5459.46,0
64329,642,0.13540450002631074,5.22,Mortgage,12660.26,0
51326,686,0.2649609105217724,1.46,Rent,15789.13,0
72162,693,0.41997246755240003,1.01,Own,17847.46,0
32874,569,0.36345772294757106,1.4,Own,14703.8,0
47095,448,0.37120619641468133,1.32,Own,16429.93,0
39247,679,0.49744416490062404,9.99,Rent,6570.33,0
22001,327,0.19735184114309615,7.74,Mortgage,15779.61,1
48759,448,0.5910377549837293,9.58,Own,21285.31,1
48173,719,0.31872911364858525,6.64,Own,17319.05,0
72701,579,0.5749216324027976,5.16,Own,11267.89,0
59462,481,0.2915579322484163,3.75,Rent,15845.25,0
34637,465,0.40089333442581787,1.54,Mortgage,21824.3,1
77811,316,0.3251557356615681,6.11,Mortgage,17847.65,0
68315,449,0.43796758192598517,0.73,Mortgage,17983.83,0
58731,638,0.19181236469209326,3.58,Mortgage,11068.98,0
46602,344,0.3003142664202425,1.09,Own,13188.02,0
35608,801,0.1341905610537157,3.51,Mortgage,14656.79,0
44416,488,0.3990507084950068,1.74,Own,24034.54,0
66331,360,0.5813408492945614,0.27,Rent,10437.22,0
78268,593,0.12295325757869288,3.5,Rent,16298.17,0
73148,332,0.4298150122507832,1.0,Rent,18366.03,0
42667,598,0.4875489818188299,0.88,Mortgage,18708.86,0
33205,714,0.20655421208881444,2.43,Mortgage,13757.79,0
52113,848,0.23653714668427353,2.25,Own,13369.46,0
23473,730,0.20079054312001768,10.09,Mortgage,24637.96,0
54847,794,0.24870631833815374,4.16,Rent,13659.35,0
47785,399,0.1550412795966871,9.64,Mortgage,12908.58,0
43009,322,0.2851739356427112,0.79,Own,19645.79,1
26079,719,0.28446459765719745,2.21,Rent,15641.91,0
57704,723,0.5036337283027045,4.05,Rent,8496.0,0
42009,786,0.5004791578003592,0.83,Own,19897.5,0
32451,388,0.4983616816546824,0.69,Rent,13011.47,1
6916,508,0.3835179566094652,5.41,Own,12957.47,1
49587,570,0.2629403434331673,5.3,Own,28301.13,0
76583,705,0.3054822582002169,1.33,Mortgage,13826.76,0
74918,577,0.2588717523810409,1.29,Rent,15336.7,0
43143,505,0.39096395249036064,6.84,Mortgage,19566.0,0
40966,627,0.5689895606568331,0.62,Mortgage,10339.6,0
57031,635,0.2422483920278571,12.84,Own,17791.64,0
35024,337,0.3294259088230649,14.39,Own,19620.17,1
54526,527,0.4275584650696701,10.24,Mortgage,21632.58,0
61491,782,0.5223474558977914,1.18,Own,18297.13,0
68403,433,0.22666696032048242,0.08,Rent,9475.15,0
48497,689,0.24014497549019528,13.8,Rent,17181.34,0
46944,724,0.5425827661279681,2.11,Mortgage,8274.76,0
36830,809,0.1401290599929015,1.86,Rent,21150.16,0
37596,726,0.4027238029836063,1.52,Mortgage,20370.83,0
46602,773,0.5302277080479936,1.4,Rent,16123.59,0
55510,660,0.5608713751757667,6.63,Own,15920.23,0
63703,510,0.10634362711643439,11.92,Rent,14962.08,0
37952,478,0.2848329887470922,7.71,Own,14867.29,0
72390,357,0.22863239306052333,5.61,Mortgage,19839.14,0
45933,372,0.3840162943873616,1.7,Rent,13442.9,0
49679,514,0.41643113840681467,3.96,Own,25959.01,0
38791,372,0.5998872388027644,1.35,Own,15865.32,1
13636,766,0.35638124844946284,0.59,Mortgage,21207.64,0
63260,570,0.3757334393686349,0.64,Mortgage,6725.37,0
61052,798,0.30715675390282093,4.63,Rent,12113.78,0
45780,653,0.17383861891928784,0.2,Rent,19581.98,0
51004,533,0.2516623201402992,18.11,Rent,16613.48,0
57739,618,0.2234924588555159,26.98,Own,15142.18,0
26561,318,0.500609845674171,0.81,Mortgage,20298.18,1
42064,671,0.3729082107761562,2.79,Rent,25601.72,0
61913,483,0.24809681510767104,7.31,Rent,9221.36,0
31185,576,0.34454645144675167,15.51,Own,20004.47,0
54403,444,0.20943244154770776,11.1,Rent,12788.25,0
29651,380,0.19256357528660897,1.47,Own,19274.13,1
56996,621,0.5299711186209429,0.45,Own,12729.77,0
49465,734,0.5724054272330694,1.7,Mortgage,17646.88,0
25773,342,0.14000730391349395,2.87,Own,18101.33,1
67471,612,0.4824413535932103,2.23,Mortgage,11517.45,0
38981,592,0.32665576821364506,7.43,Own,12624.08,0
37846,368,0.29448582065412665,1.49,Mortgage,14055.17,0
53008,355,0.44470565477391055,9.78,Own,6873.65,0
67229,503,0.23312684266718284,1.28,Rent,17268.66,0
34762,719,0.1102906131417937,2.24,Mortgage,22363.85,0
50925,849,0.2070014239100075,2.97,Mortgage,8703.96,0
56432,542,0.19246253835458446,1.72,Own,18290.92,0
60396,500,0.11702469077678126,7.27,Rent,16715.43,0
52646,773,0.2606577080131607,2.63,Rent,11553.79,0
44494,826,0.33725926675706996,10.9,Mortgage,25204.5,0
37586,376,0.46791434852528924,16.56,Rent,20752.73,1
51292,777,0.2628306627462984,9.82,Rent,21192.73,0
33917,739,0.1972701328288717,3.7,Own,15202.55,0
6179,562,0.2153098846268027,3.56,Rent,7437.78,1
56548,484,0.5455885395808573,1.22,Rent,15856.2,0
63559,354,0.2023602032086844,4.49,Rent,14374.06,0
14556,607,0.5396203337582551,15.26,Rent,20109.27,1
34854,815,0.32354949774389774,0.42,Own,12043.23,0
59287,598,0.5672002161742632,6.98,Own,21671.78,0
80862,529,0.30404606815234936,10.18,Rent,11894.19,0
50311,676,0.18884146690290868,21.6,Own,18528.97,0
39079,585,0.3745149646056688,2.04,Mortgage,11265.72,0
47256,437,0.3938533014245339,2.2,Own,14809.06,0
70623,777,0.4177446516366349,1.31,Own,8336.29,0
40310,306,0.3057483592347636,7.78,Own,15363.82,1
38012,718,0.1243006703972476,0.75,Mortgage,9961.34,0
42758,771,0.41335996147475595,1.56,Mortgage,17774.8,0
35700,719,0.5665150771334859,1.75,Mortgage,18482.41,0
51840,575,0.5787793142528651,2.35,Own,14943.11,0
74370,389,0.3984426839305073,2.74,Mortgage,11732.47,0
54846,581,0.10994350897721591,4.09,Mortgage,17025.38,0
46214,847,0.15301924042440615,14.82,Own,19752.65,0
45622,470,0.5169952628847214,1.42,Rent,14150.54,0
26552,654,0.5148722188266711,7.55,Own,12852.57,0
63246,503,0.573007802634181,5.64,Own,8699.23,0
48832,588,0.38188721143340654,0.62,Own,16089.18,0
47292,761,0.5319081472342195,8.31,Rent,20300.0,0
97896,472,0.5124434628409387,0.47,Own,22149.94,0
54481,600,0.3947104031035501,6.71,Own,16186.56,0
38723,828,0.4918187766835268,6.29,Rent,7994.39,0
43604,439,0.16285527225623572,5.85,Own,12649.85,0
67226,577,0.4196013784400602,1.62,Own,20852.58,0
51699,810,0.576725478168597,4.26,Own,19110.56,0
28425,645,0.1809787492197039,7.17,Rent,9831.41,0
63788,439,0.4720213409000006,5.07,Own,24883.29,0
39977,413,0.26039289867169235,8.16,Rent,9588.28,0
78099,806,0.508551961858915,5.82,Rent,13053.24,0
66200,665,0.44860546685283376,1.6,Mortgage,17515.41,0
43290,696,0.5630871288033117,0.83,Own,14602.79,0
69215,410,0.4559677098469477,5.0,Own,13374.83,0
51017,657,0.3051552974814308,7.13,Mortgage,15067.65,0
62791,537,0.1054462672451629,0.77,Mortgage,20127.05,0
57270,302,0.4964584483854141,0.96,Own,24615.23,1
37304,703,0.3042324833277028,0.06,Own,16517.5,0
40346,324,0.4353170474174298,3.79,Mortgage,11856.77,1
65449,808,0.1525332406242094,3.91,Own,15525.73,0
44978,764,0.5454843179488276,3.47,Own,24872.27,0
43945,360,0.3178288987032526,1.9,Own,19060.78,0
35673,807,0.5598458669043409,2.79,Mortgage,21697.66,0
56353,422,0.4535087168972455,7.27,Mortgage,19153.2,0
80937,796,0.16073113104902662,1.0,Rent,19703.3,0
33987,354,0.38959830670384965,1.13,Rent,15234.19,1
50363,462,0.5549672239708936,5.5,Own,22204.04,0
71183,338,0.4999852799417157,10.08,Own,842.89,0
48805,382,0.30899020378812503,2.08,Rent,17845.18,0
56785,845,0.5775321986269535,13.5,Rent,17393.27,0
34064,412,0.2342880904007634,0.3,Rent,10659.12,0
56424,724,0.2875538516591579,0.63,Own,16723.7,0
47192,529,0.4748570866433992,3.08,Own,17973.31,0
64785,582,0.21645227860775804,6.43,Rent,6341.77,0
67810,586,0.35768723497977395,2.32,Mortgage,16823.69,0
88843,454,0.46439459505207714,4.05,Rent,21499.11,0
58694,464,0.42198388307117407,0.14,Mortgage,23414.56,0
54886,481,0.17768495706048412,3.1,Mortgage,18142.13,0
52915,538,0.4148301580639173,1.39,Own,14592.51,0
44702,638,0.38635526440255363,3.63,Mortgage,19886.36,0
55077,811,0.3789224125195563,3.73,Mortgage,10816.36,0
45568,565,0.5130235932686231,7.0,Rent,18981.41,0
52526,486,0.19194801126250696,3.88,Rent,14828.5,0
69763,339,0.4757829935217237,4.76,Mortgage,20959.77,0
34901,792,0.4804630088675409,3.77,Rent,12682.24,0
67098,690,0.46132271979043415,23.22,Rent,23650.86,0
69756,559,0.35298415673938,7.84,Rent,21128.12,0
48228,475,0.2977693738688687,7.05,Rent,16897.22,0
18172,628,0.29733858003643976,4.93,Mortgage,16487.36,0
40882,499,0.4669043569711203,3.76,Mortgage,23584.8,1
69454,495,0.34894835129143564,2.11,Mortgage,25839.27,0
49656,830,0.2692168621154635,7.66,Mortgage,13363.29,0
35010,361,0.41273484220266077,1.05,Mortgage,13569.47,1
42428,626,0.5185056302515084,0.19,Own,21611.04,0
62609,580,0.13075437058414088,5.99,Rent,3314.06,0
58201,526,0.5860684788857188,0.78,Own,2332.28,0
46416,357,0.14832596979095217,11.71,Mortgage,11386.57,0
44497,776,0.35586906035145915,7.36,Rent,16739.49,0
44123,675,0.38010477201889803,4.61,Mortgage,9677.65,0
36163,542,0.1691053526806741,1.88,Own,8964.81,0
74230,666,0.5577968765088397,5.08,Mortgage,12829.29,0
45165,799,0.335733538646247,3.24,Rent,22062.87,0
68257,551,0.17156025723019666,1.72,Mortgage,13286.15,0
72819,621,0.4558062014238854,14.51,Mortgage,20790.85,0
64974,675,0.43170217262130495,0.88,Rent,15777.51,0
43525,708,0.5814327848907238,7.0,Own,23005.52,0
56055,787,0.3207581623438741,8.05,Own,14064.78,0
49637,642,0.23389798658237967,15.16,Rent,17361.35,0
36444,539,0.12999700314763105,3.99,Rent,16389.35,0
54865,438,0.4665607625401347,3.83,Own,14594.09,0
32314,421,0.40863884461521116,12.65,Rent,19292.87,1
67815,719,0.5863054174503798,8.07,Own,18740.96,0
43030,603,0.4560824899018162,7.21,Mortgage,16458.99,0
53017,414,0.5665807399691081,7.78,Own,5710.74,0
54249,642,0.5957893973897902,3.4,Rent,9428.9,0
46116,550,0.3142155721163429,0.21,Mortgage,10674.11,0
58800,306,0.17514750668463855,1.1,Rent,16485.42,0
42876,478,0.19792538845163185,5.15,Own,15107.32,0
63069,444,0.2591876115561583,2.52,Mortgage,11564.49,0
29810,715,0.3544478835331364,4.67,Own,11192.26,0
51895,420,0.1612099996981781,4.01,Mortgage,18766.32,0
79083,423,0.2508589359276179,2.89,Rent,11683.41,0
34995,449,0.25389692369145767,1.34,Own,2952.07,0
39833,696,0.10204282748235641,6.35,Mortgage,16095.94,0
57708,680,0.2770843698331964,11.99,Mortgage,12589.07,0
52693,300,0.15807610004233572,7.35,Mortgage,19092.91,0
55259,543,0.3148556898311946,0.64,Own,11527.23,0
57337,697,0.19826836870187456,3.86,Rent,14122.14,0
59520,550,0.5110571198465981,9.02,Rent,16683.05,0
66645,598,0.14026267638691178,4.47,Mortgage,4306.8,0
56147,596,0.5328302157091,2.9,Rent,12261.91,0
46381,799,0.3902633077622991,1.67,Own,11399.4,0
60088,414,0.32932033159917873,2.01,Rent,12861.73,0
78498,300,0.37487115844695507,1.39,Rent,12658.0,0
48010,781,0.2880545645888346,1.09,Own,15227.04,0
35382,809,0.16380595249597255,4.44,Own,16159.73,0
66606,634,0.48293990789189,3.56,Rent,18365.71,0
48194,764,0.5639557950482078,6.64,Rent,17768.65,0
17409,440,0.5750338115599324,1.84,Rent,21172.28,1
62711,436,0.4353557531113722,3.09,Mortgage,20071.39,0
41970,466,0.30517371325833365,5.7,Own,22175.4,0
48642,642,0.3391799811382482,16.52,Mortgage,21354.45,0
54979,709,0.4284828484946578,2.15,Mortgage,12641.9,0
52857,364,0.5115362582541739,1.77,Mortgage,13693.99,0
60641,366,0.2872835687715203,2.98,Mortgage,14071.53,0
43467,732,0.5583906123905557,6.43,Rent,21111.75,0
57696,349,0.2621360774653064,16.29,Own,14094.13,0
46106,613,0.36542988766360207,3.85,Rent,19175.33,0
61082,608,0.5806809000178068,8.37,Own,5856.87,0
59230,414,0.5690994577128051,3.12,Mortgage,4840.22,0
35968,641,0.4478725447638746,0.2,Own,21821.32,0
66289,829,0.26228009723750434,11.23,Own,17883.44,0
41960,794,0.20951751659200177,1.71,Own,21345.58,0
62120,568,0.14007167766677212,0.75,Own,7750.48,0
55509,379,0.4543272023696927,27.81,Rent,16279.78,0
77572,755,0.3517253470010179,2.13,Mortgage,7990.25,0
46648,598,0.38614384697212867,0.73,Rent,19910.86,0
44760,501,0.33619608696286896,1.87,Mortgage,15588.53,0
49708,802,0.3414732167867215,3.61,Rent,14844.11,0
45452,784,0.3856368096024826,0.46,Rent,19825.14,0
61999,317,0.5571310030880189,2.17,Rent,14992.48,0
25755,777,0.11468314973402385,5.53,Own,14827.41,0
34194,787,0.5008183897865812,12.38,Own,8216.91,0
33982,745,0.29525813027913284,2.53,Own,22202.59,0
64254,639,0.4724621336414999,4.16,Own,16021.83,0
75659,830,0.5742631646221782,5.05,Rent,18098.87,0
48433,415,0.2531434967631676,0.37,Rent,8647.65,0
47467,373,0.14477731837189947,2.09,Mortgage,22408.73,0
51050,568,0.21614921815746282,5.76,Own,16255.96,0
67428,415,0.2110464155562813,6.65,Own,24015.61,0
36089,463,0.47092470873012704,2.2,Own,20412.57,1
53575,521,0.1309290908625587,0.03,Own,3172.23,0
64627,425,0.1254667899278669,0.03,Own,19272.25,0
57516,475,0.44680429724191795,3.86,Own,19955.49,0
52843,674,0.3783598424380119,4.01,Rent,18514.02,0
65015,797,0.3088837724216017,4.06,Own,16376.01,0
9451,384,0.3876842034885226,6.4,Own,14348.12,1
60168,682,0.46762395298431947,12.71,Rent,15147.55,0
40188,762,0.15173568635338966,23.11,Mortgage,22302.99,0
22540,750,0.37664320799047124,6.04,Rent,22660.13,0
57668,817,0.5122084164571526,3.61,Own,14389.1,0
70604,849,0.2812145852891562,0.76,Rent,11362.14,0
47938,415,0.4815089938113195,2.42,Own,21613.88,1
64293,307,0.5227104195732546,4.25,Rent,19886.68,0
74184,517,0.510464595910067,42.8,Mortgage,16299.49,0
69723,703,0.4251782009929306,0.68,Own,10419.48,0
74599,603,0.4586722591982293,7.88,Rent,6839.09,0
61131,766,0.4938375903573905,34.25,Rent,19012.07,0
51131,387,0.46685465474881604,8.18,Rent,12448.98,0
25970,309,0.32584008114328933,7.29,Own,12318.22,1
46309,607,0.17956047143597778,1.5,Rent,17357.34,0
37351,733,0.25486529994276363,0.02,Own,12518.06,0
82564,463,0.2036232811210291,1.28,Own,12727.53,0
47361,538,0.2807220771625011,7.8,Mortgage,11608.7,0
51848,616,0.3446655400912141,0.57,Mortgage,18545.98,0
58272,634,0.579523335867123,1.76,Rent,10298.64,0
50654,317,0.5797313974946313,4.13,Own,7636.39,0
75425,370,0.4847942604584283,4.34,Rent,10248.19,0
40660,474,0.5900701441816703,3.92,Own,22200.82,1
52919,638,0.5990079079122296,19.79,Own,12097.86,0
38862,547,0.5426283738993217,0.06,Rent,17459.64,0
30199,492,0.13975179160306903,3.34,Own,13455.77,0
40823,718,0.31302205173213093,3.51,Rent,14014.08,0
49444,624,0.367059990512671,1.74,Own,21871.08,0
43560,605,0.16204129280782373,3.72,Rent,15632.77,0
39613,503,0.5043153136215626,5.59,Rent,23335.82,1
28905,422,0.17434170747439046,5.59,Mortgage,24694.86,1
48753,746,0.29166438769649194,0.46,Mortgage,22920.91,0
27429,790,0.13445608996394068,8.11,Own,12400.78,0
61400,732,0.36229654397932143,13.35,Rent,15880.07,0
51236,427,0.398520723417342,0.66,Rent,22414.48,0
28136,847,0.4675884250803398,2.69,Rent,18981.46,0
45361,346,0.2697307443414765,3.58,Rent,20820.13,0
38717,804,0.39526574980159046,0.72,Rent,21249.95,0
54787,414,0.4670736698302359,3.5,Own,21517.53,0
70106,715,0.48101757445501203,1.16,Mortgage,10094.78,0
21872,522,0.2508209232250186,13.69,Rent,14743.23,0
51725,802,0.13385196508906252,2.98,Rent,11793.04,0
47598,395,0.11880973877577714,26.39,Rent,14441.18,0
60070,406,0.4840301423462918,0.24,Own,16082.89,0
53197,331,0.29271945859062287,0.68,Mortgage,15539.5,0
38720,792,0.16697133140167578,2.93,Mortgage,12072.85,0
45214,365,0.1922444677606361,10.37,Rent,8687.73,0
38059,478,0.4830752374015618,4.05,Own,7397.97,0
66140,742,0.3994510003453825,6.59,Mortgage,24159.38,0
50319,848,0.35070158308178545,2.75,Mortgage,21211.55,0
78517,500,0.41150379281226634,0.21,Own,16720.21,0
49090,348,0.16874977707871205,5.22,Mortgage,717.83,0
39373,562,0.25952112145507855,5.03,Own,10903.31,0
27294,432,0.28703175869253605,0.37,Mortgage,17508.9,1
22952,643,0.2572488846898944,0.94,Own,19238.24,0
26237,475,0.5322081560674681,3.23,Rent,13450.69,1
54006,690,0.3907105723263087,2.96,Mortgage,17782.61,0
57630,310,0.4646607037419468,6.98,Mortgage,14532.93,0
26282,500,0.21835304493784827,2.45,Mortgage,20681.04,0
63425,302,0.2320370186478752,5.44,Own,14816.3,0
42754,513,0.21266799153907315,6.09,Mortgage,14646.61,0
52201,606,0.44398978882277873,5.18,Mortgage,12506.06,0
74183,843,0.2745204978452592,4.53,Own,18779.2,0
63452,626,0.30254206620208157,8.19,Mortgage,17081.69,0
45972,498,0.45456080391943054,5.35,Mortgage,9216.82,0
36632,408,0.5858993509416027,8.98,Own,16940.47,1
17722,590,0.180937656866659,5.06,Own,15934.28,0
39212,407,0.13133813411740172,0.87,Own,19817.86,0
46833,707,0.19742296598373046,1.85,Mortgage,14550.86,0
35192,351,0.46748034248163917,2.01,Rent,10130.3,1
48031,411,0.19731364552450817,0.49,Own,12741.78,0
51152,594,0.39217620131244313,5.89,Mortgage,24171.49,0
46627,488,0.3951582682494911,4.52,Rent,13936.77,0
40249,364,0.24721155014854054,4.46,Rent,20166.51,1
52529,764,0.13436313993831436,3.26,Own,8148.09,0
56629,557,0.2996002587258023,3.92,Own,16979.75,0
33644,630,0.1933927111282678,0.04,Own,7333.21,0
71163,800,0.19223660513326205,0.51,Own,15350.95,0
48521,509,0.36129443551437046,5.75,Own,11297.86,0
50282,388,0.43656056904887675,1.52,Mortgage,10377.53,0
60623,327,0.137707526133264,0.57,Mortgage,9785.04,0
53498,537,0.3891606993212504,1.99,Own,13930.84,0
64297,635,0.22310082172423037,1.47,Mortgage,5497.49,0
54306,362,0.4366490305098414,0.15,Own,7803.8,0
40813,799,0.5051079181011834,2.64,Own,15468.14,0
55422,840,0.5035068178329419,0.14,Rent,6264.4,0
32844,768,0.2849306791203672,0.0,Own,7391.87,0
51628,350,0.3836348369387722,7.86,Rent,23933.31,1
49501,411,0.4968475919186901,1.89,Mortgage,22856.16,1
46878,600,0.1304051307402386,4.19,Own,10837.59,0
48071,389,0.40281216808618103,1.77,Rent,16645.4,0
21772,528,0.5182609919122229,13.3,Rent,10879.94,1
41769,449,0.2861784989507632,6.53,Mortgage,11091.32,0
51392,437,0.3277040569906434,2.3,Rent,-678.11,0
52397,434,0.449364034279675,1.18,Own,22643.73,0
34584,756,0.1339423559328494,0.74,Own,17772.84,0
68985,793,0.2928179802103128,7.19,Rent,18712.07,0
37007,826,0.24785538511192448,3.02,Own,17661.74,0
64541,632,0.10849712479356541,1.32,Own,14004.3,0
56407,661,0.19798633061663004,12.61,Rent,12571.52,0
40306,473,0.2979417827944246,2.47,Mortgage,14827.04,0
76629,512,0.19871435420028546,3.92,Mortgage,22328.42,0
32095,642,0.4011991590972782,9.75,Own,15115.33,0
63787,360,0.3243263036681545,8.96,Rent,24705.48,0
65008,360,0.1197406473866924,5.08,Own,11115.35,0
39940,823,0.23752013215625847,10.97,Own,7549.85,0
70886,515,0.10973838518960702,15.19,Rent,10390.29,0
46249,722,0.279067589947238,13.68,Mortgage,14200.41,0
54330,722,0.22955500887291677,2.15,Own,21943.95,0
53904,670,0.44409339108423085,2.53,Mortgage,12576.48,0
47985,505,0.25370346279826617,1.38,Own,7709.68,0
62162,585,0.287579332292182,9.06,Rent,15065.19,0
61902,404,0.4626669659316043,0.65,Rent,21108.99,0
23772,842,0.3404588379543264,2.19,Mortgage,14977.73,0
69565,541,0.37822718929792,0.05,Own,16008.63,0
25062,790,0.5206733318737243,4.51,Rent,14864.78,0
65488,797,0.20344415272868419,5.37,Own,13947.19,0
66900,734,0.5945927642637951,1.43,Own,27000.95,0
33635,783,0.550052545920197,6.67,Mortgage,21568.16,0
43837,746,0.2432764143005305,2.4,Own,24369.55,0
33414,683,0.54646920881028,1.87,Own,29423.6,0
46776,809,0.47697807914840673,15.64,Mortgage,21432.23,0
45379,469,0.5653782359810758,4.44,Rent,12646.51,0
61694,622,0.44556759406287294,1.45,Own,19414.77,0
69654,773,0.4372386914920793,20.44,Own,24556.01,0
70935,531,0.10173220454876566,2.45,Rent,17668.7,0
41567,658,0.33730576433752824,5.22,Mortgage,13274.48,0
46861,574,0.2001343030892115,6.43,Rent,21868.6,0
24748,331,0.26204072958450364,2.74,Own,8631.57,1
37911,476,0.5894078169981708,3.84,Own,15707.27,1
64472,364,0.14275097891308833,1.37,Mortgage,18794.26,0
74233,326,0.46124323522689625,3.14,Mortgage,14461.6,0
31484,778,0.18647242093543662,1.86,Rent,18127.51,0
41113,567,0.10370066974807415,3.96,Mortgage,18262.55,0
49603,365,0.35070935442395024,5.54,Rent,17800.29,0
54202,432,0.18060764937984655,4.76,Rent,14057.61,0
37855,665,0.5827331279907886,7.5,Own,12985.41,0
56360,381,0.20184836855464808,0.21,Rent,14423.08,0
42892,627,0.19601763701743394,0.41,Rent,8141.53,0
49783,397,0.11608346233041908,1.15,Mortgage,21880.88,0
58194,626,0.2649098193394557,21.27,Mortgage,17705.76,0
50096,841,0.11205583746449957,8.05,Own,15842.93,0
43454,424,0.34944331762156355,12.89,Own,11612.95,0
48355,509,0.35280532141370435,1.59,Own,15644.42,0
48674,432,0.12662164353199298,4.26,Rent,15543.75,0
44449,802,0.22003113849370812,4.05,Mortgage,12822.3,0
46118,456,0.5160532425721759,4.21,Rent,20250.46,0
73979,681,0.3312723864626832,6.32,Own,9347.59,0
58413,321,0.3173050207928858,2.5,Mortgage,10447.22,0
45567,718,0.44938847368089907,5.65,Rent,20557.75,0
60454,771,0.45744097174463616,7.77,Mortgage,22520.61,0
44992,533,0.48098130039784326,1.71,Rent,16394.99,0
67596,753,0.5152411625430972,14.57,Own,10063.89,0
55544,461,0.21612532320118474,3.65,Rent,21611.4,0
48390,600,0.13319030363967552,6.6,Rent,16057.64,0
56715,605,0.29013243930666044,6.53,Own,15615.74,0
26436,301,0.5275489553115762,4.16,Own,22723.88,1
33098,570,0.139014332142784,1.95,Rent,19173.98,0
32091,720,0.38797689940147506,5.5,Rent,13158.65,0
52144,442,0.4505414745706967,0.46,Rent,7147.66,0
75987,834,0.3407036066411486,19.93,Own,13421.23,0
83469,336,0.22758772180330403,1.02,Own,17369.28,0
59570,406,0.26315474091168145,1.61,Own,18187.54,0
57512,596,0.13582604899179304,15.44,Mortgage,8869.91,0
22984,396,0.24629177366934005,1.03,Mortgage,11753.22,1
41859,580,0.12218900378063716,0.93,Own,226.68,0
38183,409,0.46316249906698426,8.16,Mortgage,16732.0,1
40687,848,0.5489976392558432,1.45,Mortgage,6429.54,0
47477,487,0.4167565642267965,0.5,Rent,12708.02,0
42918,787,0.4283516114665934,1.29,Rent,10511.74,0
20310,653,0.33607116857019315,10.96,Rent,18364.58,0
61218,318,0.17801822460255404,1.64,Mortgage,16919.44,0
33908,692,0.10386257062668483,5.94,Mortgage,11331.46,0
53588,560,0.27198799880528557,2.51,Rent,15771.23,0
81111,709,0.4757442786854781,1.52,Rent,18377.48,0
36209,702,0.5802157896577907,0.78,Own,16518.39,0
12045,783,0.31554246287094956,17.91,Mortgage,-1877.79,0
45709,603,0.28269550616676653,3.68,Rent,26542.67,0
66514,317,0.32297925316569065,0.61,Rent,17688.69,0
79375,483,0.31388744790209655,1.11,Rent,20616.75,0
31556,704,0.4129399164993225,2.62,Mortgage,11387.42,0
57450,430,0.4670736985490467,3.93,Rent,10330.65,0
43020,778,0.49247901162729013,1.0,Rent,12348.79,0
48410,307,0.42480240471737396,1.63,Rent,25000.73,1
89665,617,0.318861979393679,7.66,Rent,13410.6,0
27455,690,0.5750518777757693,2.7,Rent,14681.64,0
53806,818,0.4555098481856331,0.01,Own,24281.62,0
57015,435,0.31332902042308874,0.28,Rent,13195.41,0
66286,830,0.32329088854775223,2.89,Own,15078.41,0
51469,666,0.5089904249645077,0.31,Mortgage,8371.54,0
54620,788,0.32027044386121883,0.96,Mortgage,24725.22,0
44125,310,0.35813681138954556,6.51,Mortgage,11203.75,0
54036,745,0.24577614595981204,3.27,Mortgage,14137.96,0
44852,413,0.5194574169426492,3.29,Mortgage,-1712.02,0
59323,495,0.36114274015166004,4.56,Rent,14146.94,0
44455,622,0.37626796919471395,7.77,Rent,14614.09,0
55656,811,0.5403377013566995,0.86,Mortgage,12917.3,0
49561,464,0.5602586339236048,0.95,Rent,6306.68,0
66890,551,0.51209689833326,0.65,Own,17726.67,0
49229,343,0.1326852064886542,13.81,Own,5498.94,0
23404,769,0.3217545508900572,4.31,Rent,6716.21,0
68928,788,0.27166546957621274,0.49,Mortgage,13699.56,0
36414,480,0.20675739066455937,1.25,Mortgage,21057.82,0
40193,376,0.554476937922893,6.47,Own,14760.45,1
41065,673,0.5450344791572519,0.15,Rent,16489.56,0
70616,366,0.3326489416416253,6.47,Own,11643.06,0
17964,824,0.16728042533643175,12.12,Rent,11632.57,0
97066,391,0.10668281016589373,0.29,Mortgage,19406.25,0
65840,543,0.31923354028240936,1.03,Own,21161.28,0
53348,640,0.11997757428677155,0.01,Rent,20553.32,0
49176,603,0.4047779709598801,0.58,Mortgage,18082.8,0
54283,697,0.4042044354400345,4.8,Rent,16639.12,0
57816,747,0.5494697239587242,0.23,Mortgage,7825.49,0
59678,396,0.1950245641446783,2.77,Rent,12159.6,0
58334,630,0.28569712120677204,3.5,Own,11431.18,0
51343,504,0.5297726943921394,11.86,Rent,15357.7,0
47039,748,0.33714825124505754,3.22,Own,18892.04,0
47730,717,0.12986164448597212,0.77,Own,13313.3,0
47076,376,0.1553919557977643,1.71,Own,2534.06,0
67006,848,0.5067272857892255,5.58,Mortgage,21310.77,0
58903,724,0.4718487150142565,0.59,Own,10513.04,0
5894,728,0.537940758583396,1.32,Own,10788.21,1
59838,784,0.15943058295457188,27.34,Own,18224.24,0
52921,434,0.4802083718982637,0.03,Mortgage,12420.6,0
49719,553,0.42755218247909454,0.83,Rent,15119.43,0
44172,554,0.2161466205705214,9.28,Mortgage,16664.55,0
66861,798,0.5869521927778055,0.53,Mortgage,15749.03,0
64212,783,0.3851774095756155,0.17,Rent,13746.33,0
38406,345,0.5534389876985677,0.65,Rent,15621.12,1
56105,742,0.5295465671034932,5.91,Own,26624.35,0
35425,303,0.26656273026130584,24.89,Own,21477.57,1
29305,300,0.36797843099340666,4.47,Rent,19802.1,1
40599,589,0.3156841497023358,0.66,Rent,17402.47,0
62935,408,0.45453878513003787,1.02,Mortgage,23457.38,0
64296,759,0.3940210022717139,3.86,Mortgage,19836.21,0
57696,565,0.4924267665186206,6.29,Mortgage,21968.52,0
60876,437,0.10587612979899227,5.44,Rent,22145.25,0
57742,733,0.44389663070727925,4.28,Own,18849.61,0
40377,343,0.2595325776098275,21.44,Mortgage,18112.16,1
56478,809,0.212111069944709,1.1,Mortgage,13833.7,0
62006,561,0.5006206831793362,0.95,Rent,25133.42,0
61314,451,0.1446106055940927,9.8,Mortgage,15148.08,0
67833,512,0.2142300225495706,1.72,Rent,9836.08,0
60624,533,0.2018671705498891,2.02,Own,17236.98,0
55271,660,0.3099127225298509,3.98,Mortgage,14411.64,0
66052,619,0.26116839227863053,2.4,Mortgage,10305.13,0
49602,521,0.46023415855483507,1.7,Mortgage,10596.83,0
36771,509,0.44968494030073825,12.46,Rent,15520.88,0
47553,695,0.26273544555301953,0.69,Rent,15826.63,0
38826,788,0.31849038807289765,2.59,Own,8196.74,0
39872,763,0.2039540920898865,0.01,Rent,13281.5,0
47832,751,0.4354174502481353,8.24,Mortgage,20012.79,0
38113,712,0.29811137006628774,0.92,Mortgage,2245.4,0
45380,775,0.16641305222110767,7.41,Rent,13785.94,0
21595,555,0.16363274595575564,0.8,Own,15157.74,0
53199,449,0.2611603392105878,2.7,Rent,18306.87,0
50018,426,0.4736625143180979,6.51,Rent,13956.57,0
37743,691,0.1127521680657502,1.58,Mortgage,13063.2,0
59888,779,0.22888734659144108,1.88,Mortgage,18055.23,0
64063,696,0.18124307944437865,5.5,Mortgage,14744.25,0
25886,701,0.5782389106528074,1.04,Rent,23838.64,1
38559,573,0.45264080198551315,15.16,Rent,18108.2,0
38462,438,0.21661634205947308,1.05,Own,19071.11,0
35901,402,0.2037302927180973,6.93,Mortgage,15377.1,0
62442,541,0.5290152726936383,8.11,Own,24401.04,0
47092,416,0.19511334820820656,2.34,Mortgage,12200.33,0
46032,513,0.5985296000986134,0.85,Own,9254.39,0
19942,783,0.24115156000569984,0.91,Mortgage,14531.25,0
59531,828,0.1421663574347675,21.15,Rent,13687.01,0
31411,523,0.44547094700842904,6.46,Mortgage,14308.37,0
50898,569,0.4048213962920869,2.99,Own,24888.1,0
54160,433,0.5999110826807283,1.49,Own,11044.96,0
70409,413,0.5010428721859875,0.1,Mortgage,14693.78,0
30367,740,0.31441826656661953,5.55,Rent,6835.06,0
4707,664,0.4383057240815418,15.72,Mortgage,24464.99,1
52757,531,0.508924726801676,0.56,Rent,3380.88,0
77007,757,0.3568632627216476,7.02,Mortgage,15722.55,0
68584,674,0.2364357253676058,0.83,Rent,8293.84,0
53144,506,0.20505282114318482,7.85,Mortgage,8039.79,0
42625,819,0.2476407183068072,2.31,Mortgage,10582.51,0
62106,767,0.5240343908349026,6.23,Rent,9486.76,0
35396,742,0.2902161862443676,13.04,Rent,16346.84,0
57145,620,0.24333207928315873,4.84,Mortgage,8624.53,0
57582,392,0.5029436138975405,12.67,Own,20201.86,0
65903,707,0.11596017088727176,1.34,Rent,21663.88,0
91394,457,0.39697913546517105,19.11,Own,23270.88,0
55886,398,0.5368159015931359,10.31,Own,7348.52,0
42365,524,0.30504187452780374,0.57,Own,11088.93,0
49616,740,0.23465908067964222,2.67,Own,12592.25,0
23463,700,0.3458545347179782,13.09,Mortgage,12175.38,0
39579,363,0.4587385838460397,0.41,Rent,19009.23,1
43860,578,0.35830278151759976,3.02,Mortgage,16589.9,0
42138,818,0.10381949731288656,6.43,Mortgage,10360.5,0
52285,547,0.13916227805400797,0.17,Mortgage,13588.35,0
37663,667,0.4606642115448507,6.99,Mortgage,14834.3,0
66815,397,0.2999756674377493,2.24,Mortgage,14142.06,0
50003,567,0.4923879156351175,1.43,Rent,11318.76,0
49860,359,0.42474495705295445,4.29,Mortgage,9451.87,0
45081,799,0.39075791716093944,3.93,Mortgage,18757.19,0
52327,607,0.5506875841892056,10.35,Mortgage,9087.06,0
62376,792,0.11066103674035635,5.64,Own,18538.96,0
36993,710,0.17751718069890085,2.74,Mortgage,16188.92,0
40128,439,0.4121879777459879,5.25,Rent,10720.26,0
45444,627,0.13291402327504773,6.93,Rent,17551.36,0
29811,763,0.4224852425303457,13.85,Rent,11419.4,0
37711,462,0.5920605385126338,6.09,Own,17826.38,1
42856,359,0.539404049497267,3.92,Rent,11063.79,1
63115,330,0.3954584620127143,2.33,Own,15545.41,0
53938,632,0.5469883371529811,11.1,Rent,14755.52,0
52903,375,0.15813407563313261,7.86,Own,11906.07,0
62763,616,0.3273470824627821,0.4,Rent,13425.33,0
47939,716,0.31433805790603786,6.01,Mortgage,11782.65,0
55856,489,0.2682237934964955,3.87,Rent,20854.33,0
48451,788,0.10010069906715521,0.55,Rent,11498.04,0
53980,614,0.5455145093056261,4.16,Rent,14643.88,0
41258,595,0.48885330507639746,1.07,Mortgage,4546.04,0
13417,800,0.4264287577998944,6.16,Own,11563.76,0
47985,476,0.16448342192581702,1.63,Own,18174.06,0
71341,514,0.2891025668457521,0.81,Mortgage,17374.61,0
63893,631,0.5621634986839156,0.43,Mortgage,17182.11,0
64480,427,0.40846480253477335,3.37,Own,14855.93,0
68541,568,0.40170526826301256,1.11,Own,16258.72,0
51329,834,0.5565632873785173,9.66,Own,22217.47,0
52959,665,0.3799168624498188,0.02,Own,10378.41,0
40735,647,0.3988116242784896,9.28,Own,21131.68,0
45258,441,0.2728578472381087,3.68,Mortgage,10591.65,0
59236,444,0.28572046461618583,12.76,Own,16513.46,0
68058,544,0.4428034312070763,1.14,Own,10717.49,0
47908,741,0.260217608315656,0.54,Rent,19238.37,0
43247,589,0.3795539602939251,4.9,Mortgage,8559.1,0
50007,411,0.23959834557828982,6.13,Mortgage,9976.12,0
59018,513,0.18306261897722267,2.33,Own,14438.36,0
28342,499,0.3272012294693507,0.07,Rent,11060.82,0
15557,704,0.2087230062070536,2.61,Rent,11448.28,0
41741,720,0.5492471525407704,1.33,Own,14409.64,0
31689,306,0.2518064829135165,2.13,Rent,8744.45,1
42377,824,0.39870104776966053,3.53,Own,15640.04,0
47783,585,0.23172092027260197,6.06,Mortgage,16840.77,0
43201,688,0.22900963136238325,16.51,Rent,7127.64,0
71787,715,0.27531804073920396,0.78,Own,16220.92,0
54901,449,0.5579372836604746,5.7,Own,16015.71,0
54507,727,0.2957488691426333,1.33,Own,17183.75,0
59333,592,0.5106332347120722,1.25,Mortgage,15578.71,0
32917,633,0.19864903726921648,5.02,Rent,16758.52,0
65586,571,0.12408477156821554,7.48,Mortgage,16741.94,0
48863,342,0.49083896065072075,19.04,Mortgage,16226.93,1
60057,767,0.3709374487285507,7.32,Rent,16862.02,0
33922,618,0.35186290651346075,0.86,Mortgage,22705.66,0
26693,791,0.2361029246247068,1.28,Own,21548.28,0
62268,826,0.13615850742967592,7.16,Rent,14431.41,0
55646,471,0.34143001816642304,3.74,Mortgage,11880.46,0
36469,620,0.5336131793996859,1.75,Rent,21352.29,0
36955,343,0.16001100685174294,3.19,Mortgage,26441.7,1
66881,831,0.5645854396735861,12.32,Own,14858.62,0
32158,753,0.23736454012080735,7.04,Mortgage,17498.48,0
74640,382,0.3660931464143311,3.0,Rent,13371.52,0
36490,842,0.13325419773329092,19.7,Mortgage,17655.31,0
59575,621,0.31252329690132286,7.92,Own,5088.2,0
45070,533,0.16294894320358175,0.03,Own,12377.96,0
59047,839,0.12398689303860375,0.6,Own,18618.03,0
41838,551,0.5832788467138249,4.04,Mortgage,10625.12,0
47558,748,0.4650472677320663,2.15,Rent,17772.79,0
50613,538,0.4595288605068304,8.37,Mortgage,17600.57,0
34967,789,0.14527484474187605,11.3,Mortgage,17895.7,0
61112,763,0.564675262243871,1.38,Mortgage,12463.24,0
42301,613,0.3347342575049428,7.2,Rent,18826.23,0
46571,474,0.5261420340287155,3.83,Own,24242.1,1
35084,479,0.10630055055688539,2.49,Own,12546.22,0
11564,684,0.24910324066875347,7.73,Own,11650.56,0
47134,594,0.5980235610632328,4.16,Rent,14148.42,0
86189,514,0.31391902134769956,5.04,Mortgage,16375.88,0
61769,374,0.5442467694321773,0.32,Mortgage,9849.3,0
49711,643,0.2639991741855199,4.41,Mortgage,12728.01,0
46056,441,0.36266456613410314,1.79,Rent,22278.73,0
50336,498,0.5271095329629802,3.4,Mortgage,20679.83,0
58206,470,0.4029102801019677,1.26,Rent,10046.07,0
32287,705,0.46259617132235586,4.77,Own,24329.53,0
66714,527,0.21441660210978206,0.8,Own,12850.37,0
60730,710,0.17794521872756972,0.66,Rent,16677.3,0
60772,361,0.215153221704828,1.04,Own,15208.36,0
56577,626,0.34652432314352843,8.5,Rent,19593.17,0
50294,432,0.5004823823839092,0.17,Mortgage,9283.01,0
60092,488,0.27699692523813313,6.54,Own,12364.44,0
58877,655,0.3824078909959856,0.29,Own,10416.4,0
44689,370,0.5024062304891189,4.48,Mortgage,9718.12,0
41395,562,0.21938823304632096,7.43,Mortgage,11285.26,0
51527,605,0.5414878674599047,1.31,Rent,10820.5,0
73235,523,0.5765411561111916,1.09,Own,18206.72,0
31413,627,0.11948506789966082,1.71,Mortgage,13063.12,0
27987,373,0.1295555550423936,6.01,Own,13730.89,0
52471,810,0.14547985937310845,1.47,Own,5824.26,0
50763,441,0.4883842042548223,3.48,Own,19941.23,0
52600,401,0.19466847258948886,0.72,Own,6437.45,0
53659,364,0.46284799323295356,3.09,Rent,15477.37,0
46651,492,0.32063803493594323,4.9,Mortgage,21643.34,0
72347,361,0.5181275046857013,0.37,Own,22686.61,0
25986,831,0.5042777064021307,8.45,Mortgage,8082.89,0
37572,540,0.5798312806912235,13.86,Mortgage,14104.3,0
48451,709,0.22551892523820552,1.08,Rent,18850.3,0
25352,599,0.21461958138601608,7.12,Rent,12974.92,0
47362,494,0.11575398764429964,1.88,Own,20404.11,0
74922,753,0.3052080477132645,5.65,Own,4811.68,0
50313,600,0.3295315843777086,1.83,Rent,15760.54,0
53460,755,0.582256916714719,9.91,Mortgage,17244.23,0
31097,501,0.5153926470859865,2.13,Mortgage,9270.62,0
40754,601,0.18339585902496178,9.45,Rent,19004.07,0
44372,636,0.4992446813041004,7.27,Own,9877.75,0
45234,331,0.18914964041787793,1.09,Own,23117.44,0
69224,397,0.13888253492888855,0.85,Own,13385.68,0
58365,490,0.5185413757283682,7.56,Rent,14202.66,0
33328,840,0.5879797909284641,2.47,Rent,9831.88,0
53697,347,0.14405927226390206,14.92,Mortgage,13249.56,0
57473,549,0.506962438109241,14.32,Rent,11465.4,0
67102,525,0.5296063243215837,5.91,Own,16509.72,0
73708,571,0.1593777921332211,3.47,Mortgage,16293.54,0
34773,784,0.24162673588597303,1.08,Own,14558.97,0
37837,627,0.4668303195065324,10.7,Own,15849.51,0
31136,479,0.5038651397912642,0.43,Mortgage,9530.57,0
46489,322,0.2769870610248326,2.31,Own,9834.7,0
56995,669,0.17996469983976046,1.92,Mortgage,21027.54,0
64810,544,0.424172238004619,15.9,Own,11271.33,0
48860,459,0.4509843016217391,0.63,Own,16486.21,0
45202,672,0.35180392694751395,11.04,Mortgage,3484.62,0
52276,584,0.1724705338200078,3.05,Own,17128.6,0
37472,820,0.522243372161306,0.24,Own,20811.78,0
81343,749,0.4226329795332583,6.53,Mortgage,15604.52,0
25885,435,0.5345821244154176,0.53,Mortgage,15850.22,1
52771,395,0.5664845372450413,1.35,Mortgage,22841.03,1
80354,418,0.5028489277190344,8.04,Rent,16419.79,0
50101,673,0.5793287072581674,0.84,Own,11578.42,0
47149,573,0.5771288728729319,1.97,Mortgage,12805.42,0
44638,476,0.409672277695168,2.24,Own,11960.85,0
47294,576,0.4640870509477528,4.44,Mortgage,19874.09,0
70592,437,0.4497042676534343,7.8,Own,21444.73,0
16822,431,0.41056809751107837,1.31,Own,20336.45,1
73001,343,0.10967758791542612,1.15,Mortgage,11357.79,0
28640,422,0.2779533410428181,1.25,Mortgage,15361.03,1
46000,435,0.15003915685574018,2.4,Rent,18504.39,0
43561,666,0.2501295550660888,3.83,Mortgage,9162.29,0
58828,672,0.13428240346304873,0.07,Mortgage,19545.09,0
26028,425,0.5600157483256659,7.58,Mortgage,19256.93,1
56932,738,0.32566495782797633,13.07,Rent,18000.58,0
80364,350,0.1946822238376927,9.27,Own,19107.44,0
29552,436,0.39238961553197593,0.19,Rent,14587.41,1
52845,457,0.19822546668631005,3.72,Own,10821.73,0
40070,355,0.5022201608952132,8.41,Mortgage,20851.7,1
56388,727,0.25295955487012556,2.11,Mortgage,15228.85,0
50287,742,0.2574503164324654,11.37,Mortgage,12390.43,0
40377,625,0.5349754719582096,10.9,Rent,15642.58,0
57318,379,0.3796014423251174,0.76,Rent,15606.91,0
77065,773,0.543651052877755,3.4,Mortgage,12684.25,0
47136,676,0.30644401493267903,0.13,Rent,17720.57,0
60796,632,0.2719638482760389,1.66,Mortgage,24580.63,0
30600,474,0.35310149863305407,8.35,Rent,8783.98,0
35653,740,0.13074583560145478,18.47,Mortgage,8903.2,0
57086,425,0.1771003856046606,12.23,Rent,21175.67,0
72261,518,0.20976081786315867,0.22,Own,18941.78,0
55334,577,0.5083386413432309,13.07,Mortgage,23353.99,0
45304,784,0.46689937845538043,8.65,Rent,24451.37,0
49989,440,0.1966536393919718,10.11,Rent,18871.32,0
31243,409,0.23837378218676294,12.32,Mortgage,9268.54,0
59067,351,0.5721309317335638,3.35,Rent,16778.46,0
63234,618,0.14290148111301207,1.19,Own,13261.43,0
43218,498,0.37372754907403005,0.11,Own,17509.15,0
42949,345,0.36100349600724946,0.12,Rent,11349.02,0
53988,804,0.46285390857884456,5.14,Mortgage,17758.9,0
43449,839,0.23071768817675128,2.06,Rent,18675.17,0
49008,813,0.5673863253989525,3.42,Rent,16495.08,0
81495,316,0.30529144081434745,0.7,Own,17189.86,0
46294,614,0.24285980361710244,18.55,Rent,18751.75,0
44624,735,0.2684347084229324,0.7,Mortgage,11319.8,0
40286,687,0.27436117440014274,2.94,Own,16626.77,0
61162,376,0.19946420683263996,2.93,Rent,14698.24,0
47281,670,0.5640269599038803,0.04,Mortgage,20697.86,0
40259,464,0.18743759230466708,5.51,Own,19041.32,0
69819,323,0.5414163171696846,3.86,Mortgage,12241.48,0
71294,334,0.30246460997021374,3.44,Mortgage,18617.82,0
40993,813,0.23463824175537581,8.52,Mortgage,22010.96,0
22001,760,0.19925447641933067,1.38,Rent,17120.61,0
65112,437,0.35217116495413503,9.87,Own,13470.05,0
39730,564,0.43462927149478314,10.0,Rent,9675.13,0
61859,632,0.5491105152302407,8.77,Own,5169.07,0
20448,487,0.42622329185506724,2.09,Mortgage,20593.68,1
63388,362,0.3418312451363851,0.89,Mortgage,8249.65,0
31832,578,0.11673803228911309,3.22,Rent,9924.62,0
60961,841,0.5577134528378098,1.5,Mortgage,15520.57,0
50214,470,0.5511846214912198,0.27,Mortgage,16567.11,0
35690,802,0.2893584836604125,1.64,Mortgage,22357.21,0
43894,832,0.11451733133780626,3.17,Own,16844.22,0
60294,598,0.46668477575380185,0.6,Own,13658.92,0
51588,500,0.49584043842856607,14.44,Rent,13665.01,0
58766,434,0.3712329147776735,5.34,Own,7419.3,0
79646,571,0.3014374926314104,0.73,Mortgage,22205.51,0
26536,834,0.5255664189014995,8.36,Mortgage,19433.81,0
74258,741,0.1962582083433784,13.16,Mortgage,16383.3,0
51565,386,0.31977909460791043,1.52,Rent,22164.25,0
36518,330,0.11224305535934534,0.77,Mortgage,20375.63,1
30045,420,0.1820052639887431,1.95,Mortgage,17697.52,0
47163,368,0.5704156173390054,8.93,Rent,14832.95,1
63824,795,0.3890416251823787,0.96,Own,15189.29,0
48086,445,0.5027961647639092,7.56,Own,7608.29,0
72667,632,0.3432502070513568,6.3,Own,20365.96,0
28232,780,0.5174135490042701,5.27,Rent,14017.76,0
49818,562,0.3694752554206594,2.84,Rent,20329.69,0
31214,592,0.10226885670549282,2.28,Mortgage,18666.95,0
55454,728,0.5498495035154141,0.45,Mortgage,15508.23,0
63303,385,0.1742830599179563,2.21,Rent,19205.63,0
43688,315,0.32527738065388545,4.6,Rent,11101.78,0
10936,417,0.33833716442436235,11.42,Mortgage,7629.32,1
52984,569,0.12361813684485692,8.95,Mortgage,14242.13,0
56551,694,0.12653519271962246,0.16,Mortgage,17190.99,0
56064,461,0.4812759047223534,0.75,Own,19297.63,0
68536,403,0.25022539502534746,9.44,Own,15464.55,0
33934,466,0.30481408311994207,14.01,Mortgage,10493.51,0
60203,599,0.38205625773261986,0.29,Rent,21521.6,0
67887,327,0.2866930522736709,6.04,Own,13211.02,0
23321,723,0.487518713271597,2.28,Mortgage,16937.06,0
54794,455,0.5422323268095838,2.27,Own,17520.9,0
42437,623,0.12985894205992912,5.15,Rent,15346.42,0
48777,647,0.41770169195230433,8.31,Rent,5287.03,0
55215,420,0.25883000372857423,1.61,Rent,11640.61,0
42691,827,0.3916376392083962,6.11,Mortgage,17333.1,0
39864,463,0.3419536590661493,5.05,Mortgage,22867.85,0
50512,361,0.26683926050614115,3.64,Own,18391.64,0
33691,639,0.14740782316532122,4.61,Mortgage,17431.72,0
33712,611,0.3797199557514488,0.09,Mortgage,5056.55,0
60190,675,0.1563962832133902,0.02,Mortgage,20284.57,0
32768,645,0.17806004408834755,4.0,Own,19618.83,0
59994,449,0.5910876274654551,3.71,Mortgage,17848.5,0
56938,476,0.25835259517353937,0.37,Rent,16349.43,0
24112,653,0.39221809481073544,3.39,Mortgage,17527.4,0
39836,813,0.236115971009532,7.08,Mortgage,21140.02,0
67911,608,0.5327547193030734,3.9,Rent,14736.17,0
35282,418,0.24167009543667525,3.65,Own,16883.84,0
43033,818,0.28344257581874444,6.33,Mortgage,13466.99,0
56930,777,0.40419378890501656,0.94,Mortgage,15078.74,0
61750,713,0.5349933538222933,3.06,Mortgage,15572.86,0
46226,650,0.5081070772655066,0.8,Mortgage,18065.12,0
41037,805,0.23192994277848164,3.71,Rent,12513.06,0
71335,494,0.5147774787477671,4.48,Mortgage,14403.7,0
76083,486,0.45059765769548155,0.65,Own,16657.72,0
64682,749,0.5949142452055081,0.39,Rent,14354.97,0
51279,795,0.5677238339931256,0.91,Rent,15781.8,0
37876,814,0.36656836102268864,4.41,Own,9047.88,0
37543,572,0.4749643095962707,1.05,Mortgage,17752.37,0
57837,351,0.38508985099361415,1.61,Mortgage,11956.22,0
56275,562,0.39749772105748615,6.06,Mortgage,8101.31,0
71023,667,0.1507504149888894,1.43,Own,16445.65,0
59756,432,0.10112285423882764,2.53,Rent,16688.01,0
27453,524,0.12409318723744364,13.21,Mortgage,17176.65,0
65779,609,0.5833153339472121,8.71,Own,17250.85,0
35029,315,0.1631341139614946,1.48,Own,17114.3,1
44240,494,0.12219485208759304,4.55,Mortgage,22342.06,0
53753,742,0.2548221048535825,5.48,Own,19177.38,0
79935,602,0.3940899699772641,11.53,Mortgage,19692.72,0
96648,347,0.5742303221514664,3.96,Mortgage,17865.26,0
59100,420,0.4499437892757435,4.12,Mortgage,19328.95,0
47252,798,0.2381764844500834,10.97,Rent,12851.43,0
58017,768,0.5695290091185742,0.28,Own,18243.17,0
63314,340,0.11802053763260043,4.95,Rent,20812.67,0
45189,755,0.5895270036333964,2.69,Mortgage,13949.34,0
76928,833,0.1293203504132245,12.03,Own,21874.75,0
53451,670,0.47692498652858295,16.16,Mortgage,13319.91,0
57466,481,0.12264876958672646,0.93,Own,17369.72,0
59988,816,0.5657807211842536,1.65,Mortgage,9937.3,0
56323,530,0.15433294836556957,1.6,Own,19010.52,0
62584,647,0.12523950651356755,0.53,Mortgage,21125.63,0
40741,778,0.5446325774124737,3.3,Mortgage,14873.48,0
41625,508,0.1478969419588125,3.6,Rent,8344.79,0
33497,577,0.49896564539004173,4.25,Rent,15183.71,0
56592,352,0.47351732022800397,5.44,Own,10575.61,0
61684,309,0.3994390192441831,0.32,Own,15460.2,0
56866,763,0.28898136010965325,4.87,Rent,19178.28,0
75117,457,0.5577902748164946,12.26,Mortgage,17361.75,0
49916,318,0.5355406279340622,3.03,Mortgage,7239.31,0
60031,354,0.31312355547824644,0.56,Own,13373.31,0
33624,320,0.2158624781573241,0.45,Own,16031.17,1
44193,581,0.23628583470920725,1.65,Mortgage,21927.22,0
60433,839,0.21016178868127697,6.98,Rent,14261.48,0
62736,716,0.37062598138027203,1.51,Own,17489.12,0
45590,584,0.5342694142851488,8.42,Mortgage,15880.41,0
48926,831,0.4868059835990852,8.56,Own,12065.05,0
27231,831,0.4977552299727195,3.05,Rent,12731.11,0
44644,810,0.3241442458498227,1.79,Own,14043.71,0
63355,695,0.26122241589919004,4.55,Mortgage,21360.33,0
58628,419,0.4786778853525263,8.32,Rent,11112.42,0
57509,396,0.49664913792724374,0.33,Mortgage,14100.62,0
50746,419,0.4476768532403529,15.33,Rent,12002.64,0
50105,836,0.11605356127113423,5.19,Mortgage,21525.57,0
40095,452,0.3948423440342419,2.54,Own,16918.39,0
60482,544,0.2735229146239423,3.53,Rent,21853.27,0
56314,815,0.19809637451328374,2.44,Rent,1670.01,0
57380,692,0.44719763167114934,2.66,Rent,19638.85,0
42109,442,0.23426306784303894,4.53,Own,10500.82,0
17699,803,0.5564205794779279,0.31,Rent,12051.22,0
66457,519,0.24903953688159744,0.96,Own,14052.8,0
42817,459,0.3775902998218218,1.29,Own,14906.38,0
37058,375,0.5138810818258168,2.62,Rent,14915.71,1
60402,331,0.3010591690136917,2.32,Mortgage,11446.88,0
44119,633,0.5143289796205135,6.4,Rent,14475.99,0
65899,824,0.46184819873433125,1.5,Mortgage,14524.11,0
59255,739,0.5604329765415773,0.29,Mortgage,6736.68,0
60253,651,0.2629172812948827,0.29,Rent,16721.6,0
29510,638,0.15251403239006614,0.06,Rent,15067.67,0
68179,699,0.3151747489652137,0.19,Mortgage,15961.12,0
53918,695,0.492906734594569,9.78,Rent,12513.19,0
44460,501,0.3252175566950276,5.97,Rent,15126.99,0
52150,829,0.23099396509653533,27.52,Own,4156.1,0
23356,392,0.1138015887865074,0.1,Mortgage,12305.77,0
56129,657,0.2565119014779137,9.45,Own,12756.13,0
34559,695,0.456690555581569,5.95,Rent,14749.7,0
29709,359,0.17380687811336828,5.11,Rent,14850.29,1
27164,776,0.270439690153619,2.2,Own,19769.32,0
66690,300,0.11011573085255613,2.36,Own,9439.96,0
40561,610,0.46087750161299557,9.34,Rent,18603.69,0
73005,467,0.5403415235255876,6.25,Mortgage,25017.1,0
41962,491,0.3842641588440171,5.55,Own,12560.26,0
24389,333,0.11293605294631551,0.16,Mortgage,18664.71,1
33252,333,0.20881265627476656,1.02,Rent,22165.36,1
68537,716,0.31923456764746405,16.43,Mortgage,22030.51,0
47661,457,0.3937906102807428,3.03,Mortgage,13543.19,0
41775,799,0.3481381712352356,7.6,Rent,20411.48,0
52400,665,0.5579330232056358,2.47,Rent,19299.32,0
57526,639,0.5693181582007527,7.23,Rent,21029.12,0
66760,634,0.15357623126958278,0.63,Mortgage,18451.04,0
71727,626,0.16919543910366933,0.22,Own,20849.4,0
44603,413,0.27902745611619906,3.14,Rent,13867.56,0
30109,717,0.3106174409502973,4.48,Rent,12705.79,0
43798,767,0.39303334633056275,1.96,Own,4099.8,0
53904,442,0.48657987489382837,6.29,Rent,12886.61,0
35543,608,0.16788385278087128,3.42,Rent,13449.49,0
35642,700,0.5013198480387702,13.18,Own,5982.54,0
55156,619,0.40501415673765706,0.44,Mortgage,15223.6,0
49270,511,0.5904422303975008,0.34,Mortgage,20362.68,0
50491,616,0.4255838390412662,11.78,Mortgage,10436.47,0
38622,484,0.4580457523703588,5.53,Rent,24362.2,1
46543,504,0.19760443320108476,5.56,Own,16855.24,0
36136,663,0.48443097767951815,0.14,Mortgage,19221.8,0
63352,515,0.13963308884158684,13.88,Own,14755.52,0
65528,545,0.428265218094093,7.39,Mortgage,10551.59,0
22307,538,0.1277864544243507,7.23,Mortgage,17712.75,0
36057,690,0.1576129106547984,12.15,Rent,18799.21,0
27552,819,0.1539331371582954,4.32,Mortgage,14142.01,0
40249,576,0.12624203241127815,2.51,Mortgage,16276.95,0
48748,501,0.2605694584729482,3.28,Own,14968.72,0
28255,513,0.5971762289512681,7.51,Rent,11748.78,1
36172,777,0.2741126842307682,7.32,Rent,16641.17,0
34940,807,0.4803879566692749,4.7,Mortgage,11472.91,0
53109,374,0.16615850792855028,1.23,Rent,18819.53,0
51040,441,0.32724554013272733,8.54,Own,26593.18,0
39173,621,0.1925579177824461,5.21,Rent,20497.01,0
52652,760,0.19604858504660203,1.25,Mortgage,14074.66,0
41799,445,0.149845018287019,3.28,Rent,16747.72,0
45925,353,0.3160220765139661,29.4,Rent,20666.75,0
75101,655,0.1377674603743347,1.99,Mortgage,14517.33,0
70106,576,0.5549056781778304,0.62,Rent,17792.07,0
30506,699,0.32395016078597716,0.11,Rent,18589.79,0
62445,815,0.5192830707189406,1.02,Mortgage,16310.45,0
62170,798,0.5897322248527561,1.03,Mortgage,15950.67,0
32776,610,0.4388895894101198,9.76,Own,20256.05,0
62281,570,0.5507553785670867,0.85,Mortgage,23663.81,0
73068,748,0.1676837602515012,9.93,Mortgage,14554.59,0
33161,411,0.514996822931218,0.45,Rent,21201.75,1
36237,538,0.23560866660498794,11.86,Mortgage,7563.56,0
65264,443,0.3362990194210804,1.48,Rent,17421.11,0
54072,673,0.4232913245471661,4.73,Mortgage,4093.37,0
58272,319,0.5517717962676069,0.87,Own,11131.95,0
55108,588,0.555496900464871,2.47,Own,9821.01,0
55860,496,0.1460511885709225,0.45,Rent,23186.79,0
30102,681,0.2822777444105292,4.33,Rent,13586.7,0
65709,791,0.4965876033421084,2.12,Rent,14757.35,0
67543,463,0.45157844461611274,9.56,Own,13898.69,0
46559,548,0.11317622251041401,1.0,Own,7768.88,0
49347,367,0.32494470252847485,1.64,Mortgage,16434.38,0
27033,320,0.5146265475618088,0.98,Mortgage,15381.24,1
57713,811,0.46884221866688636,4.15,Rent,10939.25,0
58580,689,0.30592489616616136,0.59,Own,21898.86,0
49067,835,0.46758056117337776,1.05,Mortgage,21742.67,0
66865,410,0.37560535456830324,5.67,Own,8711.61,0
44988,759,0.5563144990341432,0.39,Own,11566.18,0
58469,377,0.39356358720027185,6.8,Rent,17349.2,0
34705,733,0.30036708939718404,0.55,Own,12675.05,0
49646,679,0.5314603122841172,4.4,Rent,13911.95,0
47384,739,0.12493442115332046,30.62,Mortgage,9911.93,0
53379,638,0.5502553218187384,0.96,Own,9961.47,0
44457,723,0.44817340724889265,1.51,Rent,12399.72,0
48027,468,0.5703029302120389,11.43,Own,15654.54,0
62390,561,0.22525243456347918,4.92,Own,15990.0,0
43448,528,0.44746068231993064,3.39,Mortgage,10916.2,0
25901,460,0.5047316334529973,4.14,Rent,9255.92,1
76243,726,0.4510512898929384,1.75,Own,8789.81,0
70721,421,0.20516685114463254,9.67,Own,19944.42,0
30616,448,0.23779478403642182,6.84,Mortgage,25625.95,1
60345,410,0.3833711742263368,5.14,Own,17150.9,0
42455,520,0.3233753013453847,13.42,Rent,2165.17,0
53952,363,0.4675585942082642,4.32,Rent,17841.27,0
54413,653,0.2893383457331602,3.59,Rent,20927.6,0
46483,773,0.5297402609298613,18.59,Own,11753.83,0
38243,784,0.3159602025183751,1.15,Own,19398.69,0
39641,312,0.12002064035739621,0.77,Rent,20357.46,0
36257,452,0.10868203794247286,0.89,Own,21445.54,0
37522,538,0.42337129304227383,22.75,Mortgage,12070.49,0
48992,489,0.37027655914091295,5.28,Rent,15375.51,0
39263,385,0.3713723216781444,1.83,Mortgage,15909.47,1
60230,320,0.4950045080142228,1.43,Mortgage,21592.58,0
72308,618,0.28786011731985983,0.29,Own,12952.04,0
41299,457,0.5977234987974923,0.71,Own,19709.32,1
53591,780,0.5727650503049261,11.94,Rent,16362.91,0
57495,375,0.10648088357891236,6.88,Own,19799.9,0
57080,628,0.5478713840993781,14.2,Mortgage,18790.95,0
51139,715,0.44027482518505356,2.76,Own,11721.89,0
61140,502,0.35104516840801747,4.6,Rent,16345.35,0
57233,528,0.3913737370470213,3.31,Own,11547.6,0
31435,451,0.5209286816321607,10.66,Mortgage,14884.15,1
63037,371,0.5755186960365118,23.77,Mortgage,23740.42,0
63309,524,0.38016681236822125,13.5,Rent,12881.77,0
38550,772,0.19064572359429496,4.56,Rent,11944.94,0
50569,659,0.4198769919111325,0.32,Own,14076.11,0
60249,839,0.13810948419429034,4.81,Own,18376.51,0
46860,345,0.41756936841743386,0.51,Rent,18338.96,1
66094,300,0.5043059012634368,0.75,Mortgage,16801.11,0
85458,544,0.2766657182429435,1.06,Own,11015.13,0
38210,518,0.13559221212758685,2.26,Rent,13758.06,0
29284,590,0.44611306420645314,4.48,Rent,22038.02,1
54557,757,0.26966437508428953,2.03,Mortgage,7413.91,0
60823,503,0.22454832594027582,3.01,Rent,16293.16,0
46537,501,0.444590879471621,0.24,Own,13904.38,0
71798,781,0.5847932344543975,4.83,Own,17341.6,0
29920,810,0.4726611887128688,5.35,Rent,15675.73,0
60393,577,0.3456750202796878,0.52,Rent,7493.8,0
40912,315,0.40025536121207406,7.69,Mortgage,17942.51,1
75790,824,0.17113945434289443,5.21,Mortgage,10122.08,0
79887,655,0.506606642841404,3.36,Rent,9093.57,0
38500,655,0.4021475053057094,4.02,Own,15253.49,0
41756,377,0.5829151989990087,3.5,Mortgage,12944.5,1
62893,366,0.589741684144974,0.28,Rent,11008.97,0
44193,513,0.2772933462202015,6.64,Mortgage,13056.9,0
49318,748,0.5942729677563354,3.59,Mortgage,11333.55,0
50380,732,0.5784167640512952,0.95,Mortgage,22733.78,0
21204,844,0.41991598190256807,5.71,Mortgage,16569.02,0
49792,414,0.26673221422957816,5.94,Mortgage,14208.15,0
39654,719,0.4766701103738845,1.2,Mortgage,18793.8,0
42603,798,0.23561861567806794,7.96,Own,14056.12,0
71654,679,0.41492194833729035,3.05,Mortgage,13701.35,0
31152,442,0.11229080689978202,1.0,Rent,19666.5,0
62198,323,0.41429139827208683,5.36,Rent,11529.83,0
45815,838,0.5758041423667809,4.54,Mortgage,9886.73,0
45803,374,0.21757152135310984,0.93,Mortgage,18279.64,0
61855,834,0.4890897433578888,10.29,Rent,15819.06,0
55100,340,0.2467117749578008,9.64,Mortgage,15772.52,0
58559,712,0.4539248743643207,9.05,Rent,13247.65,0
64522,714,0.4499861849367627,2.55,Rent,17978.58,0
45030,748,0.19236887084523926,8.7,Own,8148.81,0
40816,735,0.3985639552105099,9.32,Own,5314.6,0
33722,538,0.5295844765565768,28.33,Rent,13014.65,0
37618,341,0.2912665347197806,15.8,Mortgage,18147.66,1
94236,309,0.4551384756744563,2.41,Rent,21222.99,0
68670,564,0.4372150176172732,1.1,Rent,17739.81,0
29733,744,0.22875700090030185,1.73,Mortgage,10387.07,0
30163,438,0.5593217798928517,3.41,Own,10426.96,1
57227,495,0.3817560420581365,8.19,Rent,21052.36,0
58208,373,0.27764632840276204,6.42,Own,19527.3,0
58233,524,0.18217918785121837,7.75,Mortgage,17748.6,0
46175,401,0.3367291762098845,2.39,Own,19602.83,0
48118,563,0.46505671895085,1.42,Mortgage,15843.72,0
54918,460,0.41182013488549396,0.12,Mortgage,13959.1,0
51288,532,0.4635262797763816,4.92,Own,14199.96,0
16710,790,0.4958803761501921,7.92,Rent,18186.93,0
46553,610,0.32050238324472,11.0,Rent,16185.66,0
37228,526,0.36008309201214617,3.23,Mortgage,5172.68,0
52628,572,0.5932110557904453,13.13,Own,19412.87,0
94778,616,0.5840256979104328,1.13,Own,17929.32,0
55512,385,0.3074085623794296,3.61,Own,16629.4,0
45297,590,0.4425897621032475,1.2,Own,22045.93,0
63827,768,0.2337950891639264,1.04,Mortgage,10962.16,0
57240,703,0.1763487728178242,15.33,Own,9669.39,0
56301,726,0.48420061131186676,8.51,Own,17504.75,0
59102,674,0.3180899847090122,0.06,Rent,11216.1,0
80848,551,0.1885264018250095,1.56,Mortgage,23332.55,0
33036,832,0.4794239617602736,1.15,Own,11533.98,0
57104,606,0.5575851798970117,0.8,Own,11407.08,0
36104,729,0.5666367502288685,5.98,Mortgage,12985.81,0
58332,563,0.3981668542313098,4.18,Mortgage,13513.82,0
36219,367,0.3398205644874368,3.03,Rent,13156.85,1
43739,406,0.1709332930809028,1.05,Mortgage,13684.37,0
45573,699,0.4963949021280516,1.63,Own,13188.48,0
64637,498,0.5726615760501449,2.2,Rent,7220.95,0
63776,491,0.5447302068086983,7.7,Own,17523.2,0
31314,813,0.47589172721883544,22.64,Mortgage,12821.32,0
50824,741,0.10228443129538803,1.02,Mortgage,14234.98,0
39356,300,0.3038754373036704,2.09,Mortgage,8929.53,0
31122,657,0.30535708585090393,1.64,Rent,7377.5,0
46744,414,0.547184116479866,0.23,Own,14529.88,0
45372,496,0.13282535845952417,1.24,Own,22773.71,0
86400,573,0.3656112919409633,11.59,Rent,22603.08,0
56494,459,0.1680672019635586,9.25,Mortgage,10456.82,0
29335,472,0.4311469571329861,0.92,Own,11299.81,1
41528,844,0.49612774408909044,2.28,Mortgage,15850.92,0
65320,757,0.42097960598581563,1.86,Mortgage,1669.78,0
81326,732,0.49729257051031295,0.8,Own,12069.59,0
26210,780,0.4037481488659401,4.87,Mortgage,16113.04,0
21801,754,0.19491955523743823,4.07,Own,13850.82,0
78064,495,0.29133175925118737,2.78,Own,5503.58,0
55844,608,0.5784344080986276,9.67,Rent,5856.36,0
36975,793,0.24408745638900334,4.83,Own,7844.43,0
58019,738,0.131431192131675,1.5,Rent,14612.64,0
10463,658,0.2924149874477763,2.34,Mortgage,10820.32,0
50050,335,0.2831535594220572,0.81,Rent,22785.85,0
54917,333,0.33515440786620887,4.47,Mortgage,8317.53,0
63864,387,0.3801517110406063,4.42,Rent,21139.85,0
34791,315,0.5962116332535448,10.21,Mortgage,8984.97,1
51285,720,0.47811697109300855,9.68,Own,27579.64,0
36118,425,0.11794538212885516,9.07,Rent,18311.01,0
53830,307,0.4563561641032563,3.98,Own,3914.55,0
36569,771,0.5121158742058792,5.28,Own,21084.67,0
43878,767,0.5478153694421932,7.47,Mortgage,12689.53,0
35062,809,0.31200305145120066,0.48,Mortgage,19639.57,0
59767,701,0.25681278405292474,1.79,Mortgage,14945.19,0
62876,475,0.519662396361619,0.93,Mortgage,13224.44,0
46480,666,0.4888077046792694,3.58,Rent,13731.1,0
50573,787,0.3680212249829129,9.09,Own,9143.27,0
28271,317,0.1589413922075761,1.31,Mortgage,12796.23,1
45504,355,0.42588066953405057,6.56,Own,8538.57,0
49246,334,0.1328337832164371,2.6,Rent,12639.69,0
89311,646,0.15018340234508362,11.67,Mortgage,15975.31,0
33320,331,0.2655701194626158,4.93,Rent,20288.7,1
71962,432,0.28558774843403123,18.77,Rent,22432.76,0
64952,498,0.3309870194451401,1.41,Own,14937.73,0
54209,555,0.26957147960937433,12.88,Own,9370.4,0
76379,641,0.11689407771725965,2.21,Rent,14741.47,0
55581,530,0.1787078422128668,4.86,Rent,14190.9,0
55837,600,0.15755598291601716,0.96,Mortgage,21588.61,0
49203,846,0.31559179928297976,7.13,Own,19377.21,0
68353,325,0.20606446359083228,19.14,Rent,16163.23,0
66447,834,0.2467726464474834,7.74,Rent,22603.52,0
40614,773,0.3357837316823631,4.78,Own,12469.13,0
30211,686,0.21778092990526401,2.97,Rent,18134.4,0
46955,584,0.22296455219302966,2.12,Mortgage,12475.56,0
37999,749,0.5165720886932843,2.72,Rent,12642.27,0
49047,619,0.3740434340303248,1.99,Rent,4659.16,0
68561,455,0.5283797257899984,8.94,Own,15504.5,0
43140,770,0.35726295760960525,11.18,Own,15645.83,0
49357,719,0.5546321162116608,14.94,Mortgage,14315.03,0
50870,412,0.22737103574650078,2.71,Rent,17270.31,0
62726,721,0.4083350167236005,3.95,Mortgage,19997.67,0
16296,584,0.35161588692693946,4.3,Rent,14912.14,1
40899,353,0.5593454633415965,5.26,Rent,18017.21,1
53169,624,0.30923978892866555,0.01,Own,16868.22,0
68001,757,0.5274119066332837,9.25,Mortgage,20381.9,0
42621,564,0.38195202530293204,1.56,Rent,17665.74,0
21851,681,0.45427147593024864,3.19,Rent,24112.78,1
59295,512,0.5434465465597781,9.21,Own,16324.8,0
40469,632,0.5984532073523976,28.81,Own,10313.36,0
32155,309,0.4655697793238598,7.92,Own,21308.97,1
40634,657,0.25726097645889134,0.13,Mortgage,18207.19,0
47232,502,0.24950599664605486,2.3,Mortgage,17376.48,0
40928,357,0.2545519124459821,1.42,Rent,7285.47,0
16916,793,0.14895416014974913,16.64,Mortgage,22444.12,0
63455,809,0.12679944596443468,1.53,Own,20007.87,0
69123,522,0.3904214381618488,14.35,Own,16570.18,0
59772,668,0.5052942636108462,13.86,Mortgage,765.4,0
32934,717,0.1180672699076801,9.14,Rent,13308.69,0
46977,846,0.3833171482109202,0.52,Rent,24563.15,0
49902,402,0.28588056061141465,0.01,Rent,17385.06,0
58981,460,0.5462426012788093,7.9,Rent,8950.08,0
60025,499,0.17269346444044312,9.27,Own,12213.68,0
38987,459,0.3817160025047729,16.37,Mortgage,13007.28,0
51229,435,0.5854603534973962,1.23,Own,20646.12,0
56859,697,0.2725164832325313,6.61,Rent,7455.18,0
71837,691,0.47088845564675275,3.66,Rent,20285.52,0
60567,405,0.5412255775200427,1.99,Own,18948.48,0
61835,353,0.19310528123586437,4.66,Rent,26211.34,0
51257,576,0.5962635901310019,3.97,Own,17664.5,0
71156,410,0.5046933325195151,1.73,Own,8803.7,0
56146,523,0.1687821290562698,1.56,Own,14759.82,0
37083,374,0.2554423502574188,3.33,Own,10042.74,0
71050,805,0.41248501917867186,3.21,Rent,16944.52,0
60468,313,0.5424588813021962,1.8,Rent,23714.52,1
43354,781,0.19741776129613872,1.53,Rent,10709.75,0
42807,488,0.4656027912727475,15.43,Mortgage,19657.81,0
54448,663,0.2353240066090104,9.92,Own,11904.38,0
56947,538,0.5027082253138323,8.49,Mortgage,7246.11,0
52959,700,0.4417210136375167,1.21,Own,22993.38,0
54669,603,0.36145451733430367,1.05,Own,16163.52,0
75499,390,0.42493298120450007,8.29,Rent,17457.18,0
66073,691,0.5382226227669086,1.02,Own,19308.53,0
52859,483,0.2932129299232419,3.5,Mortgage,6496.24,0
64119,316,0.48462509007801435,1.25,Rent,13671.57,0
34512,311,0.17945271743774824,2.37,Rent,6786.68,0
55968,465,0.4505927827209508,9.6,Own,12383.18,0
77139,445,0.47532868123585525,11.1,Rent,20746.39,0
46729,581,0.32149884837722764,28.54,Mortgage,17247.63,0
37285,848,0.49681105264978864,14.4,Own,11914.5,0
40218,468,0.3785516829389385,5.56,Mortgage,15123.57,0
33655,469,0.5681371988347329,2.83,Rent,14272.77,1
38228,645,0.15623321798068227,0.3,Mortgage,16554.55,0
44442,798,0.1654107131325909,4.68,Mortgage,11873.16,0
28916,759,0.5212137210222777,1.18,Rent,14387.22,0
50234,596,0.5211806372831761,9.49,Own,15756.35,0
63534,441,0.3356123756041294,3.98,Own,17128.96,0
36383,352,0.5819811049361153,6.61,Rent,16097.19,1
72789,417,0.4396946593133516,5.6,Own,6809.56,0
57661,664,0.591426623381031,2.13,Mortgage,8700.21,0
65458,435,0.3661976976006591,7.12,Rent,18119.94,0
40132,713,0.2008066721240078,9.27,Rent,13728.61,0
62817,376,0.32219656351456527,6.82,Own,12777.67,0
33620,317,0.5902434209735072,7.5,Own,13743.46,1
63353,702,0.2852069765147037,2.23,Rent,13736.76,0
52577,504,0.5785082165674167,14.38,Rent,6162.52,0
58298,798,0.4985106738371583,2.76,Rent,23646.49,0
32366,623,0.32105316389649874,11.37,Rent,14436.57,0
36573,580,0.3709355159787918,9.75,Mortgage,15072.72,0
58958,465,0.40371953864114773,0.66,Mortgage,15393.83,0
35774,542,0.43288304236515285,16.95,Rent,19811.16,0
56948,778,0.13834960830755985,28.05,Rent,18418.2,0
29492,463,0.5667940262081066,4.66,Rent,14625.75,1
62722,623,0.3984998565503327,7.64,Mortgage,10636.84,0
31512,507,0.5655746098019099,13.57,Own,21183.49,1
58284,614,0.4159492356441824,0.1,Mortgage,15280.18,0
59384,603,0.3155077445048755,13.3,Rent,17974.62,0
39548,538,0.3834640057681661,4.94,Rent,9577.06,0
58730,523,0.5147516370201425,8.81,Rent,18245.44,0
53906,387,0.26306291572583684,3.89,Rent,7874.3,0
41917,836,0.5782300285379594,3.78,Mortgage,13013.38,0
34871,728,0.33297759890286815,11.39,Own,15664.52,0
20560,519,0.5781185010486932,3.54,Rent,23686.53,1
55244,574,0.5403783073716315,3.19,Rent,18291.82,0
26527,365,0.4838309782079061,4.68,Rent,22187.05,1
51430,722,0.333718899718603,3.65,Own,17300.06,0
46048,554,0.39347257215716,2.96,Mortgage,9450.21,0
60187,424,0.5190147061801629,1.0,Own,9478.65,0
45469,445,0.3720279009323503,2.53,Mortgage,18806.94,0
45058,684,0.46909478826924556,1.66,Rent,9991.24,0
60978,746,0.4953295255033816,2.56,Own,7280.57,0
55025,686,0.3565476228343424,4.5,Own,10120.05,0
54742,682,0.3681237591768344,4.69,Rent,16340.92,0
57039,576,0.1989173586109412,1.36,Own,11031.19,0
26966,681,0.2223695888535421,0.44,Rent,21275.79,0
61351,423,0.5524715915971059,6.82,Rent,17135.08,0
59187,566,0.5201648063316591,3.76,Mortgage,15945.86,0
34749,410,0.10506127927005701,2.92,Mortgage,16939.07,0
46338,680,0.5346937929940312,0.69,Rent,18018.82,0
49410,457,0.11261744279340105,2.68,Rent,18091.34,0
47982,847,0.3291402014711642,8.52,Own,10914.97,0
55007,417,0.13371636305545134,4.35,Rent,21303.27,0
71470,627,0.5844115692285845,0.48,Rent,18140.44,0
66226,367,0.5861596279021081,2.02,Own,13025.22,0
30316,733,0.40543547098330857,19.51,Rent,18863.3,0
59331,658,0.29610245541176683,3.93,Rent,8337.62,0
69933,742,0.35599637509728965,1.69,Mortgage,19275.55,0
55802,463,0.48114966024095784,12.23,Rent,16440.14,0
66364,660,0.21159647986009186,2.05,Rent,4276.99,0
80184,418,0.32086124560846474,6.54,Own,24989.4,0
65355,494,0.46863434512654245,0.8,Mortgage,8464.53,0
53739,540,0.29769623891856367,0.85,Mortgage,17870.09,0
65676,808,0.11599826104634822,4.12,Rent,22071.68,0
52173,441,0.3536972095275599,1.37,Mortgage,1928.79,0
50358,330,0.46870558126977335,0.25,Mortgage,16163.1,1
44728,522,0.58840820459228,13.05,Mortgage,19431.16,0
73451,565,0.11852307659867536,0.29,Own,20580.5,0
37723,581,0.3699603010754886,6.32,Own,21084.1,0
72985,680,0.3249693310694788,2.02,Mortgage,19629.65,0
57497,361,0.22122439464546997,13.55,Mortgage,13320.1,0
29010,820,0.41888136002361887,21.36,Rent,17296.55,0
55514,370,0.18181124642789107,2.04,Mortgage,25057.17,0
18499,835,0.2419323836574264,4.47,Own,21318.0,0
59382,439,0.4908786950875622,7.41,Rent,11665.66,0
63278,615,0.33020587001277746,0.66,Own,20326.81,0
41114,639,0.5968353234599424,6.18,Own,21781.45,0
51853,827,0.29323037207439706,11.83,Own,10601.44,0
79312,840,0.33163053305010814,0.98,Own,14894.75,0
42413,715,0.250128881044267,9.12,Own,13570.23,0
34116,766,0.21814680309552273,0.61,Rent,19622.45,0
72224,674,0.5611407055974086,4.2,Own,12951.39,0
79438,590,0.47441332006436554,2.07,Mortgage,11854.11,0
50055,342,0.26670126610070666,3.19,Rent,20457.79,0
65171,352,0.45007799482286237,1.79,Mortgage,8974.19,0
70122,531,0.5828918752182803,1.51,Rent,15927.65,0
38862,511,0.13702398280695696,6.8,Mortgage,11354.95,0
42720,307,0.23225220218542966,1.26,Own,20454.35,1
68463,782,0.2002892745975007,2.62,Mortgage,11942.72,0
75275,341,0.5348915818222051,1.6,Own,15183.55,0
58443,632,0.18959516477575802,1.36,Rent,3044.57,0
36802,532,0.25403799799483207,4.93,Own,15009.03,0
79805,369,0.3719303866630924,0.23,Mortgage,14116.75,0
42035,315,0.4105471777934748,7.78,Own,15357.88,1
44972,368,0.504091881266328,3.95,Own,21509.72,1
55135,352,0.3036616232769519,8.81,Rent,17990.78,0
73312,678,0.3671223613269464,1.2,Own,16978.22,0
62809,762,0.5827310375221026,6.18,Rent,11306.42,0
56222,826,0.24868086832170314,2.73,Mortgage,25685.25,0
56949,362,0.22404710558266241,0.4,Rent,5808.41,0
50652,560,0.45529959567087575,6.98,Mortgage,9018.02,0
58372,799,0.48556813560023593,7.18,Mortgage,11177.38,0
12056,420,0.3073894515901542,1.58,Own,15950.67,1
45550,539,0.20648945911094532,12.39,Rent,15217.44,0
53619,764,0.4894613279056962,7.22,Mortgage,11227.76,0
32734,406,0.43524644763951903,1.83,Own,15880.82,1
55794,479,0.5381139006401197,1.37,Own,20790.94,0
46932,315,0.5221632321635606,2.9,Mortgage,15278.24,1
76332,654,0.20259759225211668,1.73,Own,8704.07,0
73595,608,0.5161695900443402,1.22,Rent,14480.4,0
43012,480,0.18758687055945186,2.55,Mortgage,10911.57,0
47737,473,0.5318519518889527,0.13,Mortgage,8010.37,0
48890,653,0.4851604670163392,2.57,Own,15193.49,0
43225,653,0.3849305371411993,1.25,Mortgage,10476.9,0
52925,518,0.4211108379052231,1.53,Mortgage,13345.98,0
38625,614,0.1520396354373791,0.43,Mortgage,17111.37,0
33040,733,0.11994259074316602,4.44,Rent,16603.67,0
59340,581,0.26532337086695434,3.19,Rent,21024.93,0
59442,558,0.510702905708595,6.94,Rent,6396.53,0
37935,304,0.33289278658998633,21.75,Rent,13977.75,1
63430,693,0.21169701502660346,0.64,Own,20059.59,0
40526,635,0.5172744499574079,1.59,Mortgage,6602.56,0
53797,362,0.21431362932448647,5.74,Rent,14146.62,0
62305,343,0.5077468616204709,1.35,Own,16003.49,0
49495,452,0.32648976545907415,0.15,Rent,9516.76,0
56821,455,0.33174744363364095,0.58,Own,11619.96,0
42253,777,0.2363598049291211,2.84,Rent,9053.63,0
47053,574,0.5500870104496762,2.82,Rent,16394.84,0
46912,657,0.14439263784706705,17.93,Mortgage,2501.8,0
38801,725,0.17220315065176225,3.14,Rent,11173.15,0
47348,831,0.4179423841231039,5.67,Rent,11401.13,0
26770,782,0.5250576328781741,3.39,Own,19538.05,0
42632,513,0.1477256250926138,1.57,Mortgage,7190.39,0
45726,378,0.4668761247083041,0.56,Mortgage,21482.6,1
46157,438,0.4712557665697432,9.8,Own,18735.9,0
46377,397,0.39076136508246406,0.83,Rent,20225.38,0
49073,497,0.3433640240848316,0.51,Own,12865.71,0
57191,455,0.26054387965376724,1.2,Rent,12900.52,0
63117,349,0.2757308962163333,0.01,Rent,11065.36,0
40253,778,0.4372167362077354,0.37,Mortgage,17903.59,0
31951,527,0.13264364560695516,5.04,Rent,13241.8,0
34369,756,0.3924674937723128,1.4,Mortgage,10962.1,0
42691,821,0.23936609622642355,2.07,Mortgage,13229.36,0
44721,448,0.33330295597197124,9.02,Own,16855.67,0
38450,357,0.37948980922509923,7.41,Rent,8682.76,0
30558,461,0.5428296718171656,3.39,Own,10243.82,1
43158,776,0.3895374441661774,4.75,Own,21749.57,0
52721,406,0.2135797858195095,0.45,Own,10465.91,0
58925,726,0.1397297265861885,7.17,Own,22237.47,0
41638,694,0.41349419979548585,3.63,Mortgage,12364.21,0
43805,485,0.3725241981755696,4.23,Mortgage,8221.82,0
36099,745,0.435898948288031,5.48,Mortgage,21851.49,0
49528,747,0.32969828956866853,3.47,Mortgage,23726.42,0
37273,386,0.512562923666514,3.69,Rent,12096.12,1
58596,548,0.5600898411193166,3.46,Mortgage,20463.62,0
23212,739,0.12000221111181356,3.43,Rent,15515.53,0
44605,556,0.4720432680815605,6.94,Own,15788.64,0
54516,576,0.11758027237342109,2.79,Rent,16569.2,0
52757,737,0.32254834343627237,0.01,Mortgage,15101.0,0
90395,815,0.33080160838566,4.73,Mortgage,15511.81,0
55247,501,0.4481091987625151,15.25,Mortgage,15030.37,0
34939,479,0.2762016491004735,1.49,Own,12119.91,0
48568,624,0.5104506691591093,8.47,Own,11460.99,0
23356,774,0.27143202897293117,3.04,Mortgage,9253.91,0
48791,699,0.2712589441707437,5.15,Own,5573.51,0
37504,516,0.2113803338293235,11.08,Rent,14543.28,0
63730,752,0.44193449891904235,7.37,Rent,10785.63,0
41756,703,0.1382936137085299,10.8,Rent,6811.65,0
48248,539,0.2815275429423838,0.05,Rent,10888.92,0
40466,485,0.2334453730747814,1.04,Mortgage,12343.74,0
76082,347,0.2146678175507076,2.75,Mortgage,12252.23,0
45181,685,0.13049165858697062,9.41,Rent,21963.54,0
77488,507,0.19519155786240358,9.11,Rent,12024.07,0
62212,456,0.32312220509935075,1.02,Mortgage,22228.04,0
57231,524,0.3518707276336783,0.77,Own,11244.3,0
55530,443,0.2347523368948967,9.0,Rent,17410.87,0
55906,718,0.4251217542332836,3.9,Own,9997.1,0
21084,410,0.2678966688284873,4.93,Mortgage,23577.88,1
45816,764,0.2836229191248101,8.28,Rent,21127.71,0
62677,431,0.4913121670605537,1.19,Rent,18743.25,0
49266,633,0.3759833607124511,0.73,Own,24887.79,0
28922,374,0.5765874255970121,9.8,Own,19350.35,1
49213,711,0.2796506006325691,0.59,Own,17192.55,0
75561,818,0.5139202479972017,0.46,Own,8224.29,0
68703,335,0.4691687679038825,1.62,Rent,3219.02,0
49069,522,0.5450944637209475,1.91,Mortgage,8527.87,0
64271,829,0.5783956864615405,1.38,Own,6567.79,0
44502,540,0.10383825903841051,6.77,Own,11000.36,0
24441,433,0.14414887393375805,18.13,Mortgage,20471.42,1
36133,690,0.43716941061375425,1.11,Rent,9666.69,0
73443,401,0.29509992984830313,7.61,Mortgage,12687.83,0
45890,797,0.5095625508713733,0.23,Mortgage,15284.32,0
46349,810,0.10598991483303563,0.63,Own,15460.85,0
45502,836,0.5034887014982152,3.62,Mortgage,12032.73,0
78562,844,0.16762099915182613,39.23,Mortgage,20942.03,0
74389,642,0.245124521981314,14.92,Rent,15121.96,0
83281,305,0.5845391001303774,0.59,Own,15853.95,0
47614,493,0.12579905677408407,1.37,Own,27377.99,0
54434,436,0.27452030622633694,14.57,Own,23685.14,0
27250,772,0.14226438782175324,0.82,Rent,15095.56,0
72154,515,0.5268022030066841,6.79,Rent,17732.43,0
32483,648,0.45150806126871157,0.01,Rent,10390.38,0
53251,482,0.5001686939078647,4.99,Rent,4555.07,0
33540,467,0.3636397558809864,3.41,Own,18408.08,1
41166,337,0.27886000983573567,3.18,Own,9713.84,0
37441,770,0.10113680980256304,8.84,Mortgage,17821.89,0
40881,751,0.2389636560214571,0.42,Rent,25738.56,0
41913,789,0.3572767733830573,2.37,Mortgage,5619.7,0
41775,441,0.4321810182380418,2.95,Rent,3604.23,0
62500,402,0.21446871072937837,0.66,Mortgage,10407.78,0
33427,341,0.16945042314406714,0.45,Own,19050.7,1
53308,446,0.20080743101493573,0.99,Own,21251.52,0
68269,365,0.27703802584556003,1.38,Rent,19043.43,0
42302,492,0.17418914560073814,16.92,Own,16439.26,0
39231,597,0.17840866721055584,3.23,Rent,15084.23,0
46542,337,0.12187585000337767,3.57,Mortgage,15618.51,0
67695,801,0.5283625971772264,6.14,Rent,20919.86,0
52911,727,0.20987931203037122,5.76,Mortgage,11779.09,0
42031,651,0.5109512195306436,3.49,Mortgage,15208.22,0
57258,625,0.3191546930686193,2.08,Rent,9227.06,0
33465,337,0.41621890735680456,2.01,Own,16796.03,1
60220,396,0.13785106807909767,0.3,Mortgage,15091.05,0
56129,407,0.3917902493900923,11.49,Own,27932.09,0
45382,450,0.24499770158665088,7.34,Mortgage,7610.74,0
37421,373,0.14760497657559787,4.88,Mortgage,19687.25,0
36699,356,0.5541162480839178,2.52,Mortgage,12438.45,1
58022,634,0.4018140211747454,4.37,Mortgage,19122.08,0
68434,551,0.22085381362200948,3.32,Rent,18744.25,0
40440,553,0.30982400536120347,1.6,Mortgage,13553.06,0
56875,684,0.27845006703985264,1.77,Own,9842.31,0
18694,755,0.45028983292891067,10.38,Own,9717.2,0
41230,558,0.403716588013747,5.04,Rent,15525.71,0
49534,764,0.10989108803094341,0.01,Mortgage,11385.22,0
36354,333,0.19891349480233675,1.98,Rent,13848.92,0
35952,794,0.33906398612043076,2.08,Own,8792.91,0
39983,625,0.32274289612689533,6.13,Mortgage,17539.42,0
54382,537,0.35833744097176523,6.03,Own,10536.81,0
47190,840,0.45740541665315737,3.12,Rent,12917.61,0
16426,765,0.44100449924911356,15.08,Rent,21579.28,0
18189,603,0.2864067110709957,10.29,Own,15741.43,0
40897,416,0.5387908139692976,10.06,Mortgage,18777.77,1
56865,506,0.13146628522425938,2.14,Mortgage,10223.67,0
8787,780,0.3922549475558632,2.82,Own,16384.61,0
42504,702,0.5748427462847648,2.71,Own,17156.06,0
42106,532,0.3745407189126606,2.9,Mortgage,10172.11,0
70825,583,0.32755315040642796,11.0,Own,15305.01,0
44224,779,0.16695879434821223,1.43,Rent,12895.77,0
55744,308,0.5050945476358056,8.1,Mortgage,16360.17,0
52118,678,0.286897445020456,3.61,Mortgage,8384.61,0
18041,680,0.45062295474234404,1.43,Rent,9752.36,0
61523,659,0.19877344020352852,3.75,Own,8034.48,0
53230,475,0.12093160146607454,1.09,Mortgage,9247.8,0
57624,784,0.25273372626400026,0.57,Mortgage,11871.98,0
108893,704,0.24070693072844543,9.11,Mortgage,17564.91,0
18738,332,0.5367376267636371,6.01,Own,15460.51,1
75870,764,0.532336889292377,1.15,Mortgage,15444.55,0
45688,456,0.36694711130069035,14.26,Own,10118.99,0
54309,501,0.10949947278609681,0.12,Rent,14887.54,0
49317,474,0.21416233146023803,2.03,Own,21282.68,0
43636,543,0.4195062971067166,0.11,Own,16476.2,0
41452,568,0.15070420071518378,0.77,Rent,19053.83,0
54942,745,0.45031113235972353,0.99,Own,12473.15,0
27242,373,0.10598113147937174,8.31,Rent,12603.31,0
61258,395,0.44126838768463517,24.84,Mortgage,17607.14,0
43757,472,0.5222696214296897,10.1,Rent,10308.43,0
33048,705,0.3346088598230581,5.04,Rent,14396.58,0
43249,454,0.5145404950550189,6.42,Mortgage,15934.72,0
68857,482,0.49076386662193483,3.7,Mortgage,13047.9,0
41969,622,0.43570957508383856,2.75,Own,10775.84,0
55376,588,0.32257464069891684,5.89,Own,11748.85,0
39035,557,0.23595202220074693,18.08,Own,8110.88,0
61368,473,0.5304319810844343,0.15,Mortgage,16386.85,0
60282,629,0.4242951898314742,1.89,Mortgage,19171.99,0
77729,530,0.49900841762528814,2.0,Mortgage,12475.07,0
47366,460,0.3759834638644459,2.67,Own,28687.84,0
60029,485,0.18593321724696235,4.93,Mortgage,11207.46,0
51471,442,0.5897189697567682,3.61,Mortgage,11291.6,0
69438,581,0.1913693757288187,0.09,Rent,18848.57,0
39217,326,0.5556207505124516,2.65,Rent,18104.74,1
61175,545,0.204069323022487,4.83,Mortgage,18349.52,0
47079,786,0.28687472087321797,3.51,Own,20356.81,0
49037,501,0.3200417222687133,10.28,Rent,10341.07,0
51376,320,0.5606879947640726,2.54,Mortgage,16864.84,1
53783,393,0.5440992854565317,0.06,Rent,8003.57,0
48256,307,0.511610488976218,1.68,Rent,20327.89,1
53220,771,0.28833757374786717,0.73,Own,19977.69,0
73671,638,0.10224662341446009,1.44,Mortgage,20217.21,0
64781,558,0.4407916600537597,2.25,Mortgage,14736.45,0
63037,354,0.30547691723260195,5.65,Own,20135.77,0
43166,847,0.47852909641871777,1.96,Own,15839.33,0
36661,305,0.4974260230417751,10.78,Own,21915.78,1
64329,676,0.31986170145871207,1.78,Mortgage,13455.96,0
63140,349,0.4740512826584742,0.74,Rent,13385.27,0
72090,411,0.5199686402598387,0.92,Mortgage,17138.22,0
40940,445,0.5642380658007501,13.63,Mortgage,8689.74,0
46556,529,0.3912276662446972,3.03,Own,13816.86,0
25407,796,0.4892393845299413,2.58,Own,14745.36,0
44112,605,0.3472824351048236,0.36,Own,8317.14,0
64948,841,0.12083150021498104,6.61,Mortgage,15494.13,0
43002,760,0.17761071389959168,5.93,Own,17473.52,0
59607,525,0.16411225461983506,2.36,Own,19181.73,0
47142,358,0.18588279505773944,5.88,Rent,7510.15,0
54860,375,0.10510637480642163,2.29,Rent,20066.17,0
32784,727,0.5293534116325763,0.38,Own,4617.3,0
51278,431,0.3800746599745062,6.7,Rent,10466.04,0
5132,797,0.29157500150563387,16.79,Mortgage,25208.19,0
47196,604,0.3048894357884876,5.22,Rent,15769.72,0
25542,366,0.3316755468594348,1.62,Own,9773.69,1
68089,529,0.1369417502097963,1.57,Mortgage,8188.13,0
61661,632,0.2373327057899601,13.22,Mortgage,8668.3,0
57000,576,0.5258132185460425,1.81,Rent,10264.15,0
72815,443,0.4718376181069922,7.31,Own,19871.55,0
35766,550,0.3817027691269539,5.15,Own,17739.52,0
76210,379,0.3403519923349815,4.49,Rent,20337.08,0
63982,356,0.2294865924954497,1.0,Rent,9707.7,0
46451,665,0.33562748482355276,0.18,Rent,5034.78,0
67034,607,0.39892763803340736,3.35,Own,18195.12,0
33405,473,0.4563189757157903,22.18,Rent,14679.69,1
37632,761,0.1833200938761619,1.09,Rent,11019.56,0
40871,792,0.5065551342353887,3.85,Rent,19978.46,0
42065,673,0.2729056385169113,5.56,Own,21493.05,0
34151,648,0.3516290416451777,3.31,Mortgage,23618.67,0
68346,366,0.4039521582981662,3.54,Own,9844.37,0
46117,629,0.34404757811051667,5.41,Own,21146.31,0
55287,493,0.3859784520770595,8.43,Mortgage,16948.24,0
41444,454,0.15576173234143562,2.03,Own,11886.77,0
22690,459,0.3160777275543176,11.48,Mortgage,21048.56,1
54050,565,0.2402337354681132,3.32,Mortgage,10574.99,0
21316,467,0.1430130769434351,5.42,Mortgage,11861.24,0
48970,444,0.19582461281599714,0.56,Mortgage,19516.64,0
29475,485,0.4012222832137292,3.39,Own,11923.6,0
79809,722,0.19834320132572517,0.08,Mortgage,17031.71,0
63670,756,0.19053200505954668,2.48,Rent,12506.63,0
51586,644,0.3764152161933182,0.28,Mortgage,15868.78,0
68955,815,0.5523512533534926,11.36,Mortgage,16231.76,0
37305,403,0.4943464253199149,5.59,Own,10207.2,1
58152,546,0.5525445552599252,7.85,Rent,16037.37,0
52997,322,0.39149010114825755,3.15,Mortgage,12370.49,0
53960,824,0.3049647802293036,9.55,Rent,10218.47,0
69085,443,0.46482068277097166,10.32,Mortgage,9430.54,0
60987,492,0.23068201409132547,2.21,Own,9486.55,0
54330,764,0.13902697900270186,2.36,Rent,11966.97,0
25176,674,0.2723073963655678,3.55,Rent,17871.01,0
35599,565,0.24961834874350872,0.22,Own,8180.87,0
48159,677,0.4377694639085711,27.33,Own,15417.55,0
51400,849,0.3756813394059072,2.23,Own,16873.79,0
33046,373,0.16913149202789277,3.18,Own,20002.54,1
86175,737,0.5542520898852349,7.03,Rent,12274.99,0
72745,525,0.39666947025240207,1.77,Own,15813.39,0
59031,607,0.32884211271188846,1.13,Rent,9223.47,0
51080,647,0.5685974635593268,0.68,Mortgage,8489.42,0
46816,775,0.14865092439895042,3.75,Mortgage,16812.21,0
35721,614,0.49479646906985886,0.03,Own,25343.1,0
51162,824,0.2823327528600047,6.18,Own,18301.7,0
53866,724,0.44769487546198583,3.09,Rent,8922.72,0
31373,823,0.5653627138238393,3.79,Rent,9360.62,0
55012,548,0.35885654024270863,1.53,Mortgage,18079.62,0
47671,481,0.11131941171437368,0.98,Rent,18603.87,0
21382,405,0.11442411508616898,6.02,Own,15273.78,1
37094,490,0.2652804095426883,1.18,Mortgage,13946.75,0
43795,436,0.4908291096975309,7.57,Mortgage,17611.27,0
78315,419,0.24413067153679138,1.14,Own,9843.07,0
58348,371,0.2672343004431088,4.74,Rent,20137.2,0
29967,430,0.49223035659878434,5.16,Own,16768.56,1
57290,756,0.15809458695964043,3.52,Rent,10967.77,0
26790,778,0.5234064809814428,28.71,Mortgage,14578.15,0
66240,351,0.23289625777705328,2.36,Own,32351.83,0
42933,418,0.12561153551445411,10.74,Mortgage,13532.46,0
48595,563,0.15867135320184464,0.93,Mortgage,17815.11,0
69886,538,0.5762774433694118,2.06,Own,19171.75,0
30692,650,0.32566197752193426,0.79,Mortgage,15961.55,0
29043,554,0.22821905299922904,4.63,Rent,12990.17,0
41246,608,0.3606354750895976,5.08,Own,11360.07,0
65575,794,0.4411733266969001,3.02,Rent,14126.76,0
27209,356,0.25939920402203465,6.37,Rent,14286.14,1
7517,702,0.462635601580512,10.11,Rent,21375.0,1
43232,366,0.22612602545360103,7.49,Own,23000.62,0
58276,345,0.15616861602202028,1.38,Rent,24055.99,0
68003,668,0.3748541101845474,1.93,Own,13245.39,0
43052,531,0.17555933794706516,2.39,Rent,20247.83,0
43828,701,0.57024243934957,1.14,Own,16396.02,0
67308,322,0.10022451406592539,2.24,Rent,9606.9,0
21953,566,0.47784804998327324,1.36,Mortgage,7579.63,0
44172,417,0.23973660197845545,27.28,Rent,13386.45,0
52856,354,0.5230434308861834,7.65,Mortgage,14289.8,0
56738,452,0.13007544187018763,9.83,Mortgage,10529.13,0
42352,538,0.5765002991497857,12.76,Rent,21182.62,0
50516,564,0.15069744191650672,5.47,Rent,22438.86,0
12675,567,0.4939413775177227,0.97,Mortgage,14065.62,1
40126,412,0.35867110681780223,7.1,Own,22652.69,1
56802,465,0.3151973959387925,0.08,Rent,17128.7,0
35265,307,0.2400778929551358,0.6,Mortgage,5189.37,0
50884,516,0.5206847676245326,0.15,Own,4843.64,0
56703,730,0.19987569876647507,0.73,Rent,16705.21,0
44861,591,0.46062063749642956,6.97,Own,14228.62,0
52556,349,0.3228958255140032,10.84,Mortgage,10340.15,0
35559,406,0.599247503573635,1.63,Rent,17183.39,1
46900,308,0.40569951008488636,0.63,Own,25943.01,1
59153,755,0.1520948019118842,1.59,Rent,15356.2,0
52354,622,0.3097605945759998,5.21,Own,12880.26,0
41202,608,0.1331494901925979,2.16,Own,11496.28,0
53363,444,0.2428278171945573,16.24,Rent,9076.66,0
60719,711,0.2716583974405523,0.7,Rent,19072.99,0
19250,413,0.5265883041698014,23.2,Rent,12866.5,1
67386,698,0.5189937383037678,0.06,Mortgage,14313.18,0
44956,574,0.1057786099917006,3.0,Rent,12955.74,0
56382,423,0.3661393075025462,1.45,Own,23021.67,0
67958,385,0.21177187780164122,4.18,Rent,7899.79,0
29424,346,0.2600465490227779,0.51,Mortgage,18428.23,1
39358,500,0.1108256427627676,10.43,Mortgage,19351.29,0
45671,575,0.4748729327226565,0.73,Rent,11309.68,0
38243,848,0.5752948878762006,4.43,Own,18030.61,0
76024,429,0.2096335201569259,0.17,Mortgage,14151.14,0
37148,747,0.2708864335239163,1.86,Own,19071.09,0
41666,688,0.20321699736493212,0.81,Mortgage,10153.89,0
53065,562,0.5650243318207643,19.05,Mortgage,16347.46,0
31967,577,0.10467798395371339,0.06,Own,15362.87,0
44064,345,0.3919311406455176,2.17,Own,17710.55,1
54761,467,0.535381980561075,1.8,Mortgage,3091.2,0
45007,744,0.1931535870576734,5.36,Own,11407.18,0
48599,345,0.3949976456810411,0.29,Rent,17928.33,0
42060,839,0.12532405243244246,8.32,Rent,23756.72,0
27282,386,0.5072925667839047,3.14,Mortgage,20238.51,1
54823,684,0.2372145613864691,3.01,Rent,17018.95,0
76323,564,0.5943767085976304,1.29,Mortgage,10762.28,0
50276,321,0.5610048102448885,3.37,Own,16492.3,1
53378,749,0.46625798496635695,2.26,Own,17927.68,0
60390,531,0.34842132068574583,1.41,Rent,23904.32,0
30960,485,0.4832945559304509,0.92,Own,10574.06,0
75537,625,0.16530452377138108,6.52,Rent,13106.34,0
53034,482,0.2550998198070856,0.77,Mortgage,25052.49,0
74477,696,0.11344819428842853,0.92,Rent,14006.86,0
39004,780,0.4225123208048701,4.3,Rent,17452.6,0
77270,702,0.5027688190407572,1.28,Own,9703.61,0
61627,762,0.5731427767565839,3.08,Own,13288.2,0
58295,716,0.44325359252512064,4.03,Own,16625.26,0
53510,501,0.46604562011136463,1.6,Rent,13097.52,0
46272,364,0.5477278891174756,2.1,Own,15906.8,1
68007,316,0.5681890144290631,1.18,Mortgage,16277.34,0
52105,482,0.3456487749348529,3.08,Rent,15354.86,0
20493,690,0.15489369485413715,24.4,Rent,11252.14,0
33242,343,0.33320865493607865,2.25,Rent,19141.3,1
47212,781,0.3780369314361449,5.3,Mortgage,15906.44,0
54649,562,0.415772385697772,5.05,Mortgage,11671.89,0
49151,473,0.5946422786546367,7.72,Own,10973.07,0
68284,740,0.5587816076453853,6.22,Own,9847.99,0
20733,519,0.29818210137286427,0.06,Rent,21024.45,1
52153,693,0.15672684313535493,1.85,Own,11433.58,0
22730,494,0.20739579911133552,10.21,Mortgage,10450.26,0
61395,708,0.18689981141671028,3.88,Own,10054.9,0
48583,770,0.27800636357449826,0.55,Own,5054.43,0
56294,646,0.538244641972616,1.62,Rent,26018.76,0
37041,761,0.3189842530743596,1.67,Mortgage,15444.66,0
69191,360,0.38363868569892856,10.32,Mortgage,10571.9,0
65625,465,0.18958343741935743,4.03,Mortgage,13279.78,0
58753,450,0.3464241404921983,4.69,Own,8716.85,0
48057,410,0.536813860700146,2.29,Mortgage,15922.09,0
58697,787,0.48673163175903844,0.31,Own,14242.91,0
39396,848,0.1405953578995108,0.39,Rent,20568.0,0
62833,302,0.5310361343750576,2.73,Mortgage,11504.64,0
74742,782,0.23691404870996327,0.98,Rent,16807.27,0
66059,312,0.43285812466998363,0.55,Own,15092.75,0
39055,461,0.17319145257136567,1.52,Mortgage,10715.67,0
55421,643,0.4373221850429011,6.77,Own,16798.3,0
30602,748,0.11785071442858167,0.38,Mortgage,14598.69,0
58585,631,0.4003223505351089,2.97,Own,19977.77,0
56759,563,0.42297008538067216,8.75,Own,17011.11,0
21952,382,0.22224835702953208,1.56,Own,12603.23,1
32573,633,0.56848804485524,1.8,Rent,19444.79,0
45752,679,0.12298619360023974,10.78,Mortgage,16447.04,0
45487,518,0.5458546633924695,5.25,Own,12398.73,0
31857,753,0.29094874382126545,7.99,Mortgage,19733.2,0
55834,388,0.456957370851253,1.71,Own,19336.95,0
53772,632,0.4257742136739677,28.69,Mortgage,10480.23,0
47085,609,0.18412310801399775,0.76,Own,11361.77,0
38663,719,0.25949963779492935,16.34,Own,15620.12,0
65730,653,0.3648367404562669,11.62,Rent,13231.59,0
74831,399,0.5232551351923034,4.01,Mortgage,13385.19,0
42746,444,0.5774300379677344,4.4,Rent,11027.69,0
40817,309,0.11029331666862088,7.46,Own,15861.1,0
57368,343,0.27627912773550434,1.83,Rent,16111.43,0
44629,685,0.43407196229123135,3.75,Rent,7840.59,0
47909,794,0.3638647166213336,11.63,Rent,13068.66,0
61094,792,0.5715110579283795,0.35,Rent,12184.69,0
21359,468,0.1084847172679739,11.8,Mortgage,16384.83,0
69774,830,0.3188696993088179,6.52,Rent,17857.87,0
51090,635,0.43440192390231114,7.35,Own,18617.2,0
43827,812,0.20879185693397798,0.33,Own,13148.83,0
48661,429,0.4629356930574742,1.04,Rent,17676.18,0
49436,838,0.14061431411065425,12.97,Rent,7498.19,0
24031,813,0.32551926474065773,0.66,Rent,21660.51,0
72424,549,0.4381174780953524,4.99,Own,11526.29,0
50619,437,0.2333785641202408,7.63,Rent,8263.37,0
56645,574,0.1369232088376314,1.32,Mortgage,11555.41,0
64273,763,0.5785108048997214,6.0,Rent,22232.16,0
34682,440,0.5569115143976313,0.34,Mortgage,18174.92,1
57102,555,0.5631849558058665,3.45,Rent,23952.13,0
45985,755,0.589251191648864,2.04,Own,16505.09,0
62701,733,0.19234902720568578,5.19,Own,21785.07,0
18091,472,0.17888799889622262,10.99,Rent,13209.06,1
48513,772,0.11710729310383852,0.67,Mortgage,8463.85,0
40957,722,0.5459113938088912,2.99,Own,16829.58,0
56483,738,0.47638142056797605,2.75,Own,15372.14,0
57050,356,0.41663120555924704,1.96,Own,17501.69,0
39385,797,0.5638380795930686,3.27,Rent,19161.34,0
39317,468,0.3875383072462486,10.63,Rent,17011.44,0
48340,727,0.164865376362774,18.18,Rent,14525.27,0
36550,718,0.18843223746750395,0.01,Mortgage,14754.75,0
62629,646,0.16609196516904826,6.72,Rent,17408.13,0
44461,816,0.2538290063615163,4.77,Mortgage,7683.24,0
6395,754,0.28974841655680694,26.03,Rent,11489.97,0
44377,501,0.4984195323423437,0.47,Mortgage,25494.3,1
34421,478,0.19562695572267172,8.34,Mortgage,12614.54,0
25530,356,0.46268257642185107,13.59,Rent,18387.82,1
31438,800,0.34561425105725385,12.16,Mortgage,13030.65,0
51641,411,0.5998299605641364,4.11,Own,13977.72,0
69929,447,0.4882912305224345,1.98,Own,4141.05,0
54697,677,0.5844764943266464,5.11,Rent,18118.64,0
40902,647,0.2711757508176642,1.83,Own,12315.22,0
56838,657,0.16152509658312894,2.66,Rent,4842.42,0
43113,355,0.352947902572603,2.95,Mortgage,7978.44,0
39580,615,0.162119736931737,1.8,Own,15545.73,0
32684,484,0.34622585243103243,2.09,Mortgage,11563.43,0
23722,353,0.2349705130876902,0.04,Rent,10936.98,1
44151,336,0.3455236062140433,1.76,Rent,12838.87,0
52370,569,0.5748181018109829,3.2,Mortgage,-667.65,0
48550,807,0.2445170321117486,0.95,Rent,6925.83,0
43760,527,0.5967170246847806,8.19,Own,18201.07,0
35813,727,0.21466473470204275,3.86,Rent,17575.01,0
59123,300,0.2040541894985167,7.9,Own,17799.69,0
30243,322,0.37239426149959465,0.69,Rent,18039.39,1
61640,802,0.5210224691580427,8.59,Own,17187.55,0
34966,747,0.47475175959087135,15.88,Rent,22192.01,0
38713,795,0.4617684676479825,2.17,Rent,18006.63,0
27998,724,0.24131647057606545,1.67,Mortgage,15183.57,0
42478,317,0.11125838803516189,5.2,Mortgage,22700.45,0
64629,744,0.1808741450721262,5.05,Own,17674.05,0
57734,338,0.2747366505695863,0.6,Mortgage,17869.19,0
64676,509,0.5858418752851003,13.07,Mortgage,12494.03,0
57832,510,0.5598887289869398,3.26,Own,15158.94,0
33444,580,0.20032229363304963,7.23,Mortgage,9298.15,0
45038,432,0.4628112389923479,2.23,Own,7427.8,0
38297,748,0.38950842845169076,1.52,Own,6408.98,0
69958,563,0.12492132504386314,0.59,Own,13896.16,0
32048,410,0.2858528056492948,1.6,Own,21842.09,1
63405,537,0.34303687018295126,25.13,Rent,17173.5,0
63394,756,0.4337870616750509,5.36,Rent,19336.89,0
77444,815,0.24745255800722174,8.12,Own,10670.3,0
43854,472,0.5669093145272411,15.91,Mortgage,16511.74,0
60684,492,0.3259395283518348,0.41,Own,25164.69,0
84224,814,0.22426481205848256,0.9,Own,18994.08,0
40735,708,0.2582140436236239,13.15,Mortgage,13129.7,0
26974,383,0.4759427143094821,4.16,Own,6532.81,1
21799,379,0.4201426837872817,5.04,Rent,8433.34,1
60690,508,0.47108901072289,2.79,Own,18283.11,0
21752,821,0.2461709126604499,8.42,Rent,16104.21,0
44415,498,0.2634243092517722,3.64,Mortgage,23984.04,0
56559,533,0.2983595582753925,8.75,Mortgage,15323.47,0
52777,543,0.194296499247502,24.26,Mortgage,7577.1,0
56381,692,0.44552227246812404,5.2,Rent,13861.8,0
53334,745,0.2646747570389243,3.76,Own,15212.77,0
69182,692,0.2631181120709707,2.27,Mortgage,13074.78,0
35715,308,0.23468248494356994,1.08,Mortgage,14984.05,1
39845,452,0.32641390235071266,5.35,Mortgage,16864.52,0
38410,409,0.48598803961710535,0.32,Own,4868.31,0
62452,565,0.5178043527291367,15.65,Own,11643.87,0
63505,672,0.5022539388416134,5.21,Rent,21310.24,0
56768,451,0.4105967888059435,16.02,Rent,23062.64,0
67752,714,0.24021376752913912,1.59,Own,8617.77,0
32329,625,0.46742760290418883,14.64,Own,8626.54,0
75008,475,0.11968097087106436,4.74,Mortgage,18817.67,0
72848,824,0.4990762036552242,8.31,Mortgage,25134.78,0
61034,614,0.49011378203328737,0.99,Rent,16098.9,0
76726,366,0.435000556588239,3.47,Mortgage,15544.12,0
25150,483,0.14896272499278887,4.21,Own,11456.42,0
42133,334,0.5986706677641488,2.49,Own,20063.8,1
38970,804,0.4782045962004976,1.46,Rent,13486.13,0
60822,375,0.4674034155039465,11.76,Own,22849.39,0
34247,771,0.13200392626465576,0.44,Rent,16803.22,0
61362,822,0.2993525632864493,0.84,Mortgage,16295.17,0
70558,582,0.14308649982349073,1.93,Rent,10888.75,0
60428,835,0.28051850340452034,12.61,Own,11066.41,0
54256,573,0.3852427771785917,4.15,Mortgage,11910.33,0
35181,838,0.5394360941783076,2.34,Own,14535.82,0
37297,353,0.24146886649724844,2.58,Own,20526.12,1
68744,354,0.41170732624113726,9.09,Mortgage,19109.41,0
61690,576,0.18232596117240282,0.14,Own,12650.74,0
49414,742,0.276981928471112,0.06,Own,4539.76,0
43731,717,0.5736187376181664,0.24,Mortgage,11375.58,0
19612,524,0.47382045779136583,3.17,Own,15768.03,1
33937,554,0.3729028820935859,4.35,Rent,16158.2,0
78671,475,0.2258483995780808,4.9,Own,24165.18,0
30793,445,0.2898526113219444,6.57,Own,22153.23,1
52842,684,0.17834666692625725,1.05,Mortgage,18971.2,0
65111,561,0.27673359654853047,1.52,Rent,11752.71,0
31176,830,0.17531641314359617,1.4,Own,16408.75,0
52770,670,0.4976535165055571,0.81,Mortgage,17565.93,0
64068,496,0.1403795449711441,1.4,Own,21589.14,0
50187,583,0.19470273990355255,4.76,Own,10054.61,0
93026,601,0.445583364890377,2.28,Own,19455.67,0
24971,431,0.5512583562102894,7.3,Rent,17978.22,1
65880,419,0.5822958048838008,3.84,Mortgage,12455.78,0
47407,435,0.5180114583703884,1.19,Rent,21518.6,1
61578,828,0.20573588818311248,3.15,Own,5517.05,0
56619,333,0.24285564291602488,4.5,Rent,25864.82,0
39002,831,0.5353761764992765,10.06,Own,21582.09,0
53434,507,0.5446664823720554,8.97,Rent,14029.59,0
22131,598,0.4203265829100562,2.78,Mortgage,12885.07,0
59048,821,0.25682054959343503,5.22,Rent,14827.96,0
54472,393,0.21202833152298836,1.77,Mortgage,11240.62,0
59579,713,0.5261413496313732,5.01,Own,13868.63,0
65871,670,0.2026274992248779,12.2,Mortgage,19104.91,0
55514,708,0.43090217534120856,4.9,Own,11458.87,0
52221,682,0.5839766713670661,1.81,Rent,19701.17,0
36783,740,0.45264569624989714,5.16,Rent,13764.96,0
39316,746,0.22883515658229878,11.65,Mortgage,20466.1,0
67801,370,0.24125295063722244,0.74,Rent,21814.07,0
71545,383,0.1464473877104527,3.29,Rent,10004.25,0
46428,508,0.44311874498040604,1.94,Own,4450.53,0
50690,558,0.35921784073189966,1.38,Rent,15827.28,0
36430,538,0.20323584976808354,2.52,Own,16282.44,0
67591,601,0.21383415027471506,2.5,Mortgage,8884.12,0
59981,531,0.10451227738359156,1.18,Rent,23339.55,0
79118,581,0.589209699553323,2.58,Mortgage,13189.38,0
36825,693,0.5140090927704657,5.02,Rent,18198.0,0
44329,717,0.2970849752641116,0.13,Mortgage,11335.96,0
53471,505,0.5730449253970459,22.65,Mortgage,7535.03,0
59697,563,0.4385599695772008,1.75,Own,20838.5,0
46764,610,0.47573126781390684,4.89,Rent,10370.25,0
36905,378,0.4399777499368702,1.67,Mortgage,18928.71,1
63221,641,0.47842441597714536,2.5,Own,10862.32,0
60817,394,0.18546946406778833,3.98,Mortgage,13900.27,0
36255,650,0.38119899876739904,4.73,Mortgage,14204.63,0
70331,361,0.5246881376942287,7.36,Mortgage,14869.39,0
67552,441,0.10977129198502919,7.84,Rent,11787.5,0
52014,410,0.16172147669427053,3.66,Rent,18598.79,0
51193,826,0.22281990483054456,0.39,Mortgage,19713.46,0
58310,456,0.24736334836383847,4.08,Mortgage,21106.96,0
37074,838,0.1913519332953675,3.25,Mortgage,12767.24,0
50450,308,0.41216519496553305,1.21,Rent,9405.62,0
17714,575,0.24700953559687175,0.05,Mortgage,16069.05,0
63146,526,0.17904992185679577,1.9,Mortgage,16852.7,0
26577,485,0.5529130910934001,1.5,Mortgage,16881.56,1
72551,515,0.4475172657736648,3.3,Mortgage,22667.76,0
45048,732,0.22302937328756237,7.17,Rent,15553.88,0
46824,655,0.2804768166555859,2.89,Own,25492.56,0
40583,691,0.47039278144434926,15.14,Own,19397.8,0
45679,574,0.4954550367852395,1.25,Mortgage,19552.12,0
71277,793,0.18821808271011456,1.25,Own,15437.73,0
12682,750,0.5682880420368659,4.64,Own,13442.36,0
69154,719,0.4926359694950061,11.33,Rent,11948.25,0
55070,463,0.5284072185669269,5.57,Mortgage,15915.59,0
31894,482,0.17192940348164967,5.6,Rent,19380.09,0
33870,609,0.17168357610669152,8.21,Own,14015.67,0
75145,316,0.2526844221126837,5.52,Own,13146.85,0
35817,745,0.1323232098124865,7.12,Mortgage,9844.54,0
32699,469,0.14553366342788546,10.05,Mortgage,17560.18,0
67059,579,0.17160357775996862,0.04,Rent,9657.94,0
55078,639,0.45621486634247355,10.84,Mortgage,16989.85,0
35931,818,0.11511514582059959,1.21,Own,16416.27,0
53249,310,0.1416223906843003,12.16,Rent,14305.45,0
34613,823,0.5720917680928407,1.55,Rent,21026.37,0
66512,432,0.14182834083617205,3.04,Mortgage,22950.3,0
65920,447,0.36873118513450087,13.58,Mortgage,4467.6,0
57980,378,0.4212865961313713,0.58,Own,7564.77,0
55424,645,0.5792967568576476,6.84,Rent,17923.35,0
76417,548,0.5499013589558219,2.49,Rent,23465.98,0
49995,841,0.320341383593301,0.12,Rent,8191.57,0
32271,323,0.5710820306582525,14.0,Rent,17107.48,1
56742,770,0.3161329373989591,0.63,Own,6272.57,0
81290,500,0.43495935773531613,7.44,Own,5735.17,0
34778,430,0.22980403535909674,2.42,Own,25342.82,1
44578,655,0.4183222629447716,8.32,Mortgage,16944.05,0
56246,449,0.3690944723043328,6.94,Own,7311.71,0
49191,825,0.40341552137712267,5.01,Own,13920.52,0
35265,603,0.4413256006668308,14.0,Own,11095.56,0
66827,840,0.18672765005106876,0.52,Own,12864.73,0
84800,349,0.25063140048783095,8.01,Mortgage,13433.31,0
52941,763,0.4681206934627641,5.56,Rent,16055.74,0
36438,539,0.1819119931353412,1.89,Rent,17246.64,0
26765,781,0.2721200693594754,3.95,Mortgage,11569.06,0
53869,754,0.4332393455465464,5.17,Own,11314.44,0
66558,582,0.5688254925958368,6.66,Rent,17021.76,0
57127,634,0.13765010339978204,1.04,Rent,11745.97,0
49963,651,0.3582803995453352,0.54,Rent,11708.06,0
41160,626,0.14095266961887695,0.54,Rent,15528.17,0
33617,635,0.28956597547577034,1.74,Own,15152.81,0
62521,380,0.18769325204367268,0.84,Rent,12778.96,0
63706,386,0.4247192112892567,3.84,Mortgage,20261.54,0
26814,557,0.4789162759773469,2.87,Mortgage,17469.35,1
73847,484,0.22367160327944183,11.18,Rent,25090.46,0
58611,422,0.45644357452637296,6.32,Own,13758.08,0
70993,395,0.3234094689283399,1.15,Rent,18526.5,0
29868,814,0.24179001519453505,0.23,Rent,22288.52,0
29512,742,0.3617008343433673,6.17,Rent,10534.74,0
47765,813,0.2898250719104828,9.35,Mortgage,13207.32,0
57541,670,0.21499812727762338,6.04,Mortgage,21131.28,0
76945,604,0.4784223980649921,5.16,Own,18366.63,0
60591,656,0.4987620744676514,1.43,Rent,14885.67,0
46359,447,0.5001561203775018,3.41,Rent,8091.96,0
34604,584,0.2910713980178473,6.45,Rent,8510.31,0
68450,561,0.18476422570468645,1.07,Rent,12734.11,0
35529,790,0.5202056407537392,3.24,Mortgage,10985.95,0
74427,330,0.2646319382431067,0.62,Own,11102.84,0
45734,567,0.4740334011260098,3.78,Mortgage,5835.45,0
73858,311,0.5087252805220573,4.26,Rent,8217.33,0
60183,490,0.4840762488013789,3.83,Mortgage,10594.57,0
47945,699,0.29490301534540386,3.17,Own,15586.74,0
42209,836,0.5690083632946352,4.43,Rent,13279.87,0
44886,390,0.43008120840152453,28.72,Rent,15292.29,0
56424,800,0.3878731421606616,4.87,Mortgage,15074.93,0
51157,600,0.4489545510375069,6.98,Mortgage,6497.08,0
41092,410,0.12236356163269504,1.07,Mortgage,20318.63,0
47515,379,0.29525748638931903,3.78,Own,18665.21,0
51178,732,0.5406085769231054,0.04,Own,15213.66,0
18068,716,0.18053985074785708,0.16,Own,12352.83,0
56872,513,0.30720032386816487,1.95,Rent,21800.71,0
35304,746,0.3026239955859854,3.14,Rent,9921.04,0
32700,317,0.2780208553515122,4.29,Mortgage,19895.57,1
24689,353,0.38117566442949,10.95,Rent,10656.88,1
23091,539,0.5980990247928473,7.39,Own,21581.77,1
29668,717,0.22792442439331487,1.78,Rent,17322.97,0
39364,785,0.45247856128749575,6.8,Mortgage,19475.61,0
79298,743,0.4789974988878354,3.99,Mortgage,16060.36,0
42111,422,0.3922492398398312,7.55,Mortgage,17234.81,0
52666,719,0.1487378439505905,2.65,Mortgage,15156.09,0
56007,515,0.3861867486726487,0.48,Rent,9917.36,0
51965,719,0.5767322378362436,4.82,Mortgage,20470.74,0
48838,527,0.2710300721943367,4.07,Rent,13670.31,0
32070,536,0.4198440631897141,15.35,Mortgage,15487.76,0
71763,629,0.5796988662126241,0.88,Mortgage,7066.88,0
77107,768,0.4989951406173735,5.34,Rent,14112.91,0
24760,786,0.4441538648485215,3.21,Own,16985.61,0
34639,848,0.5855744393841571,2.38,Own,23629.23,0
45802,714,0.1852914776494001,7.91,Own,14675.63,0
35531,518,0.48637439424991935,8.32,Own,13287.42,0
57589,680,0.30341788366138667,6.27,Mortgage,11705.1,0
39075,386,0.2802158438402521,0.44,Rent,11828.71,0
82475,760,0.36033625720098017,2.12,Own,23928.54,0
67858,710,0.11687552938872911,0.24,Mortgage,9676.4,0
53188,824,0.25626481046418137,2.11,Rent,12928.14,0
65404,746,0.18310774726170595,5.22,Mortgage,22117.4,0
66588,599,0.16934544970865237,3.66,Own,20763.36,0
41540,707,0.26867025501004904,6.07,Rent,26580.42,0
37756,674,0.5011321790053547,4.01,Rent,20364.38,0
51172,532,0.20055553392753436,4.06,Mortgage,16224.92,0
62924,348,0.3657078922162048,3.58,Mortgage,18098.81,0
52085,485,0.4743280970175775,2.27,Rent,9941.75,0
26345,504,0.2204857674525593,2.96,Own,14498.4,0
37957,377,0.562101647877886,0.6,Own,10173.04,1
48890,780,0.5332489516658018,8.99,Rent,22149.86,0
48865,685,0.2255891058669213,11.0,Rent,7656.85,0
79588,493,0.5948190336828969,7.27,Own,13770.92,0
29210,402,0.4345855470575082,4.38,Own,9750.71,1
57583,675,0.24305001871020018,4.21,Mortgage,20043.23,0
72336,586,0.440518727652784,3.18,Mortgage,15849.8,0
84071,781,0.4331241352016457,1.32,Own,14851.21,0
43934,549,0.40309681236716455,2.42,Rent,9092.77,0
57371,500,0.45584805553923746,22.98,Rent,22130.5,0
58546,835,0.23415784518762003,0.79,Mortgage,10355.17,0
52932,760,0.5894927427947673,3.91,Rent,12974.95,0
48517,599,0.5289478786375791,10.07,Rent,14978.65,0
56539,777,0.4728706763146605,3.02,Rent,17685.79,0
12016,382,0.11315249680162456,4.65,Rent,13558.84,1
60231,757,0.39519268662531204,8.8,Mortgage,22184.5,0
51892,597,0.45324199407119026,3.97,Rent,15277.51,0
46662,663,0.5270499135539416,6.57,Own,23331.02,0
80702,339,0.5730785608944713,2.13,Mortgage,10400.34,0
39875,639,0.5579265499708762,6.6,Rent,17640.3,0
43953,815,0.3030224662413441,0.21,Rent,11305.25,0
79873,407,0.5482505939869764,0.83,Rent,14219.37,0
37519,615,0.1003744046074356,5.07,Mortgage,8338.36,0
41748,413,0.2757376057538933,2.98,Rent,21874.04,0
47794,466,0.15694053461519683,8.81,Mortgage,21871.31,0
62611,560,0.5415338500251012,2.09,Own,21129.43,0
53117,523,0.5639909527167927,7.29,Rent,19808.37,0
30610,561,0.22800420907511185,0.75,Mortgage,28729.18,0
42017,550,0.2836552240627317,13.31,Own,16057.65,0
40889,825,0.5919388097085462,2.71,Mortgage,23431.43,0
48841,425,0.3830317318646982,1.31,Rent,14950.7,0
56387,505,0.3485279217108198,7.78,Mortgage,18051.35,0
56273,439,0.3502177125082886,14.77,Rent,19117.34,0
23359,361,0.4480940896363913,12.51,Mortgage,5935.23,1
65959,582,0.5772715173860069,1.36,Own,14436.47,0
53788,353,0.2833112148761864,5.57,Rent,13890.85,0
70767,645,0.18632897307452148,3.96,Own,14875.04,0
56662,823,0.19250644607649522,6.46,Rent,11410.59,0
66519,435,0.11017951904245335,3.34,Mortgage,15826.49,0
56998,629,0.3777052480596471,3.17,Own,16784.49,0
70193,443,0.5645586094352254,10.72,Rent,9976.87,0
57833,735,0.45653844768947394,10.25,Own,15187.65,0
48531,581,0.5964822632862354,7.75,Own,13758.47,0
84086,435,0.5547637037127279,6.1,Rent,21027.43,0
63335,788,0.3459288366952121,5.67,Mortgage,17893.33,0
58606,700,0.3432746902955991,0.29,Own,11153.48,0
30855,748,0.4141786149142841,6.92,Rent,19889.23,0
30675,569,0.15546779870115554,5.08,Own,14743.07,0
54390,316,0.4038421202256348,1.8,Own,15315.79,0
52182,568,0.3320370099059091,8.58,Mortgage,10381.34,0
40788,781,0.42137021333630564,8.93,Rent,16011.09,0
52114,518,0.38260498414259625,13.46,Rent,19723.55,0
73829,618,0.25519793014225933,2.71,Own,13796.94,0
60431,537,0.4038809915092034,4.01,Mortgage,22902.2,0
32884,844,0.28300717643483986,11.82,Mortgage,19515.33,0
48327,584,0.19731057032390895,1.9,Mortgage,10827.97,0
37925,336,0.4375354238790158,7.96,Rent,16307.17,1
44184,402,0.25317354650929014,24.12,Rent,8116.77,0
43795,729,0.5445123899330181,5.28,Own,10168.64,0
42835,538,0.19966622985710683,20.58,Mortgage,6298.62,0
31172,424,0.400072019216257,3.63,Mortgage,6969.7,0
48085,487,0.38577438742462666,0.83,Rent,13518.47,0
41590,555,0.19887090040057578,0.97,Own,14050.82,0
6058,829,0.3199434194322699,6.57,Rent,16136.0,0
80794,691,0.4377693857713971,0.0,Rent,10517.64,0
66331,767,0.2592636022449871,5.42,Own,19168.74,0
44355,552,0.1569153287037325,0.82,Mortgage,13931.39,0
50282,475,0.4076203574789403,20.79,Mortgage,16551.08,0
32425,765,0.21206095113025805,0.89,Own,-1109.41,0
75435,588,0.4407374898347939,4.02,Mortgage,15015.08,0
78459,349,0.5197335482920837,5.53,Own,18935.77,0
52350,303,0.1616776857248978,8.56,Own,3618.26,0
65352,799,0.3188045511106504,3.07,Rent,15164.86,0
52629,522,0.3224611346744014,13.58,Mortgage,11054.47,0
29949,561,0.4162679593271471,3.27,Mortgage,22703.14,1
43822,834,0.267203964398784,1.45,Own,8564.18,0
51978,675,0.3092845777943901,4.5,Rent,25805.62,0
43181,360,0.10599562201412763,5.36,Rent,21461.35,0
46720,655,0.16121295559162965,3.54,Mortgage,15567.94,0
48629,323,0.38493104977750203,6.61,Own,7822.12,0
48786,592,0.20794790014751405,2.73,Mortgage,12705.95,0
50783,655,0.17228844489818754,0.02,Mortgage,18430.99,0
34090,328,0.2622063839820816,1.54,Rent,15551.46,1
39244,656,0.18176784746656174,14.59,Rent,9507.54,0
30731,664,0.12981121823905148,7.2,Rent,20537.61,0
64667,708,0.24192912457208768,1.05,Rent,14519.81,0
18415,565,0.18217922068277556,0.34,Own,16413.54,0
67303,590,0.49969787116741815,2.16,Mortgage,19973.95,0
70795,452,0.13132848346533157,9.05,Rent,19411.24,0
45467,518,0.47372161838334603,0.56,Mortgage,20400.06,0
10952,472,0.29139817374160093,3.92,Own,18493.12,1
44580,311,0.4376606546746975,1.61,Rent,11651.78,1
49037,815,0.1263447181666946,6.48,Own,14788.49,0
34841,661,0.5603519973947855,0.0,Rent,21747.84,0
42271,776,0.4836878486258047,1.62,Mortgage,8255.37,0
72952,381,0.17007153593711308,5.69,Own,9359.9,0
59973,639,0.2093921855136802,3.96,Rent,17706.14,0
36131,740,0.42199811631974293,7.54,Mortgage,14548.85,0
26036,525,0.5607813021471751,0.86,Mortgage,6622.9,1
45094,670,0.3229161955031168,3.79,Mortgage,18494.8,0
46798,327,0.34281639751090287,1.09,Rent,17264.61,0
57442,315,0.21890013069451483,5.1,Mortgage,28171.79,0
41970,576,0.29150543781056615,0.7,Mortgage,15968.8,0
57672,632,0.24300885141515285,0.8,Rent,25600.17,0
79027,782,0.2752855748189066,1.99,Own,19918.06,0
62232,587,0.11029881237767361,2.57,Mortgage,5590.28,0
49278,413,0.12053037233611888,3.45,Rent,15152.94,0
47252,337,0.4403432669544515,4.35,Own,14678.83,1
44649,753,0.4408975944613144,3.16,Mortgage,14554.74,0
67709,465,0.2651153001679175,0.23,Rent,10678.75,0
40590,504,0.5427311983769184,2.1,Rent,19009.49,0
50678,544,0.2330560580999617,0.32,Mortgage,13279.01,0
50767,632,0.29789239098694686,0.63,Own,20879.38,0
42473,695,0.46568781214157806,0.49,Own,20144.72,0
29413,806,0.47178405889535013,0.86,Own,13805.97,0
54844,420,0.5305828813525919,8.38,Mortgage,11967.08,0
49084,558,0.11452952095298122,4.94,Mortgage,12208.14,0
57503,709,0.19187934057057923,3.53,Own,15134.76,0
41995,609,0.4202858853350304,6.59,Own,16611.01,0
68312,367,0.2690998846182019,16.25,Own,12759.43,0
36848,413,0.12178083546543408,2.7,Own,12925.14,0
75680,519,0.3932333369533443,2.29,Rent,16426.07,0
23785,519,0.29653659923240583,19.03,Mortgage,20165.53,1
56521,772,0.28204742927200854,7.38,Own,16216.29,0
57131,685,0.23218214234291293,7.51,Rent,14860.58,0
38066,597,0.10299894655848132,4.58,Own,16185.69,0
56365,552,0.19118000848531344,3.54,Own,6020.51,0
69192,704,0.3371176489093025,4.0,Rent,13841.1,0
16747,791,0.2378682265439034,5.28,Own,8716.71,0
57541,656,0.5371943396317276,2.36,Own,12273.89,0
12600,727,0.1714998310781832,7.62,Rent,10425.64,0
35515,514,0.5376701435181007,12.0,Rent,10357.76,0
74437,679,0.3024129042478536,4.23,Rent,10074.65,0
41273,513,0.23792015653435708,2.4,Rent,26626.69,0
32391,397,0.25214592925741974,5.95,Rent,14717.67,0
47030,827,0.265035396414496,1.01,Own,21022.01,0
81018,827,0.35328199234118907,17.3,Mortgage,18803.27,0
22524,834,0.27694115563190225,5.36,Rent,18442.28,0
34230,848,0.4236031735190938,0.35,Mortgage,17718.9,0
72461,627,0.31258950354146553,3.77,Own,25429.84,0
77865,464,0.4358218548413535,6.94,Rent,17137.61,0
48448,415,0.40221320917580106,1.63,Mortgage,6097.89,0
31414,449,0.2222269862146307,0.26,Mortgage,14129.0,0
81437,817,0.5063866439250442,3.36,Mortgage,9768.57,0
73916,331,0.4994907338864617,8.97,Mortgage,7999.99,0
60184,592,0.5944902335081877,1.45,Mortgage,17158.25,0
37813,476,0.1875250672167282,6.31,Rent,4628.47,0
49264,360,0.5239191096368427,2.62,Rent,15543.23,1
47594,715,0.5359904612713076,0.31,Rent,6762.29,0
54962,682,0.42108208330118513,1.81,Mortgage,14122.81,0
71765,306,0.3531923888913452,1.88,Mortgage,18882.77,0
63191,384,0.5786297780845167,11.75,Own,11734.98,0
33839,697,0.5863459639381646,20.02,Mortgage,9086.84,0
70647,692,0.42084872817110053,1.18,Own,13297.15,0
54696,346,0.27977992896208126,2.82,Own,18096.46,0
60305,640,0.5085825917329719,18.8,Rent,16517.1,0
71998,797,0.14462773360746148,2.62,Mortgage,14641.74,0
33326,777,0.24529782201489322,2.15,Mortgage,10816.76,0
49462,725,0.5927771473864251,0.58,Own,12965.24,0
42028,725,0.5071666936034848,7.0,Own,18448.39,0
26482,814,0.5697912357845619,2.96,Mortgage,14331.4,0
55200,428,0.39739728569287847,5.09,Own,16210.16,0
87673,548,0.30383622907405794,3.57,Mortgage,13199.16,0
22398,430,0.5898450516955189,0.96,Mortgage,9349.25,1
49515,622,0.2547127929285774,0.97,Own,25012.92,0
59608,842,0.47870713945446164,14.05,Rent,18920.78,0
51846,365,0.3791034789501041,11.01,Mortgage,16386.51,0
48303,400,0.2142535727572327,4.72,Own,14178.04,0
30511,330,0.10874164370427133,0.01,Own,22108.44,1
53491,490,0.29188204525204176,2.84,Own,11017.52,0
38648,714,0.3738426964386543,3.78,Mortgage,18349.06,0
17151,799,0.1915952004767333,2.98,Mortgage,15188.99,0
67918,345,0.3072774429306133,12.98,Mortgage,13687.45,0
64375,388,0.4075949653294799,0.21,Own,13612.72,0
50774,674,0.4574615632105622,5.32,Rent,21529.17,0
53436,545,0.1263712649532687,1.88,Rent,5643.75,0
66114,556,0.4320904109011804,4.1,Mortgage,23325.86,0
53365,651,0.12833365443885994,5.33,Mortgage,20119.06,0
63560,404,0.1140927476796719,2.91,Mortgage,15186.97,0
45537,636,0.17620601295525287,0.8,Rent,13814.57,0
69679,825,0.42682202860578267,3.66,Rent,14947.39,0
54811,600,0.12641072144222834,13.51,Mortgage,17423.09,0
52910,376,0.11044810610278707,3.84,Own,21172.07,0
30949,810,0.15897975567377695,0.66,Rent,17419.48,0
54304,529,0.5748604953552855,8.69,Mortgage,16389.8,0
37520,331,0.5536388749636083,1.25,Rent,15132.34,1
40425,357,0.14323298754982702,2.31,Own,5783.95,0
37769,403,0.25200659175828155,2.8,Own,6699.94,0
34006,611,0.5736462195236334,2.08,Rent,20501.76,0
81871,366,0.1488438367282506,2.59,Mortgage,17361.75,0
69970,673,0.14729799099051713,7.94,Rent,19136.97,0
78805,534,0.14300194886736448,1.26,Mortgage,19045.09,0
31656,411,0.5882381195493379,3.18,Rent,18065.37,1
51068,688,0.4715542566412163,0.1,Own,19344.11,0
30597,707,0.20724218367964922,3.54,Rent,10721.78,0
39564,353,0.12297363064825148,0.59,Mortgage,17831.6,0
36228,538,0.5826207544557667,1.66,Mortgage,17264.4,1
68593,594,0.3127445208798456,1.96,Own,21615.02,0
44056,411,0.39918769414748734,0.43,Mortgage,-3097.71,0
66025,387,0.2395981167490627,2.24,Mortgage,26949.51,0
59061,775,0.47918016114546635,3.45,Own,19237.5,0
84554,603,0.19840117294700824,2.82,Mortgage,16281.22,0
27808,604,0.49345596668775726,1.65,Mortgage,10236.65,0
68888,589,0.21530152166751734,1.75,Rent,13541.68,0
67196,507,0.14895611284207175,5.02,Rent,16734.33,0
35399,669,0.33941127726540177,6.34,Rent,23352.07,0
65107,519,0.5066084034478254,4.3,Rent,22628.4,0
55042,530,0.29243234823108466,18.69,Rent,18093.51,0
46587,648,0.11443682533464003,14.49,Rent,18653.55,0
37640,554,0.37665485614913186,0.52,Rent,15994.24,0
39213,751,0.4402356944617638,1.51,Own,9920.44,0
80747,441,0.47034747266800336,10.14,Rent,11086.54,0
50010,368,0.30096247715464197,0.15,Mortgage,19823.01,0
61731,388,0.14850981574620029,4.48,Own,18533.42,0
38136,435,0.39216321723169323,15.45,Rent,11918.23,0
38302,822,0.26477394261909093,5.68,Rent,11218.48,0
66229,741,0.5734437411374265,0.48,Mortgage,18234.76,0
29756,337,0.35135605403066383,6.89,Own,13494.7,1
43771,507,0.33613302339948936,2.36,Mortgage,11049.42,0
50510,509,0.2546047661591784,12.73,Mortgage,16709.68,0
51670,812,0.26939325269177394,1.69,Own,18381.32,0
47313,659,0.356377392039956,3.2,Mortgage,9487.66,0
55937,300,0.2533323976574974,6.86,Own,13306.79,0
60392,680,0.5461524421842061,1.49,Mortgage,18656.24,0
61019,836,0.3195089662145544,1.0,Own,22872.35,0
35212,693,0.24601104200651217,0.01,Rent,16461.26,0
45737,349,0.17769741677057468,3.35,Own,12452.41,0
67921,695,0.436175363150179,13.2,Mortgage,10851.1,0
63419,331,0.11289347164279204,1.65,Mortgage,14990.13,0
29407,844,0.3249978935849702,0.22,Rent,14808.64,0
55272,533,0.375060910183612,4.84,Rent,4208.19,0
20326,325,0.26989230544016585,0.29,Rent,6518.39,1
50704,733,0.4749088736375029,3.54,Own,3580.64,0
78466,360,0.43783024841896945,2.4,Own,15073.45,0
35781,740,0.5856994937849809,3.23,Own,20261.75,0
37485,429,0.354383399644841,0.89,Own,19556.94,1
61460,653,0.3689061823146915,0.47,Own,8602.18,0
26857,497,0.2229196595969111,6.91,Mortgage,10415.85,0
40508,670,0.29274194536536025,1.41,Mortgage,8490.23,0
58946,446,0.11343029557915199,8.06,Mortgage,15444.79,0
40485,797,0.44463739429884475,7.1,Own,19625.98,0
46460,347,0.25581139984177004,1.11,Rent,20687.63,0
61162,471,0.37018350483334894,11.95,Mortgage,11601.56,0
56323,614,0.22749619820547454,0.88,Mortgage,15551.74,0
54002,675,0.41051810016982937,7.98,Own,11279.1,0
44913,832,0.3237912464770222,2.73,Own,15115.24,0
55550,719,0.3409303261931471,1.01,Own,11828.47,0
48144,695,0.5713035699076631,13.91,Mortgage,12201.72,0
56867,821,0.4530801615619301,16.52,Rent,8389.04,0
42546,486,0.23094986780003698,3.58,Own,-31.06,0
47261,332,0.35196090887071274,3.17,Own,13090.62,0
35150,368,0.3333364095259892,11.56,Rent,16693.83,1
49474,490,0.4975263034391819,4.53,Rent,16020.23,0
37834,400,0.5166775570481013,1.55,Rent,7516.3,0
33289,784,0.2417214113708627,2.77,Own,3718.23,0
53879,584,0.5105757269531181,9.04,Own,14601.19,0
53191,689,0.18975070264550073,9.81,Mortgage,9202.02,0
61743,459,0.4813852772688477,14.01,Mortgage,12748.16,0
43533,346,0.22439227190068037,1.7,Mortgage,9154.9,0
56120,458,0.24896557870664796,5.7,Mortgage,7220.05,0
58261,745,0.526233920094497,0.35,Mortgage,20852.28,0
56671,822,0.3100374325281485,6.47,Mortgage,17299.56,0
37615,454,0.595282912428148,4.14,Own,14875.78,1
52240,638,0.17597151495372057,1.44,Mortgage,19442.97,0
55462,664,0.3316745190198417,5.32,Own,15087.4,0
50107,447,0.4662251654544681,0.73,Own,13107.69,0
18702,443,0.10268352898925373,2.03,Rent,23289.98,1
52407,402,0.1759276390965087,2.56,Own,23615.42,0
83187,392,0.11017837470549016,7.51,Own,9954.15,0
44599,585,0.5964389326913768,1.85,Own,16363.61,0
39078,723,0.48031233121073524,0.25,Rent,15718.47,0
55600,418,0.28677954887330015,1.0,Own,19314.27,0
54685,328,0.17814246734838787,4.68,Rent,9704.87,0
67891,810,0.14519162140172534,0.08,Mortgage,21379.82,0
31131,329,0.365953600275456,7.86,Own,10376.18,1
60970,665,0.5879456590995994,11.57,Mortgage,14325.9,0
58856,437,0.43730547232888195,3.42,Own,9317.86,0
47867,774,0.2825691841293647,6.15,Rent,12325.13,0
55080,691,0.3504254866187442,3.11,Mortgage,9825.86,0
65441,734,0.5994516839697259,1.85,Own,10225.09,0
63084,533,0.35938311444222526,0.9,Own,18861.28,0
32854,354,0.5821007428881779,3.65,Rent,14781.06,1
62302,591,0.108180859408913,13.29,Own,24970.76,0
49029,611,0.4604815641170863,11.04,Mortgage,13908.78,0
51093,847,0.41358072460655826,12.61,Rent,11071.0,0
51097,388,0.44266492922866085,16.97,Mortgage,12378.67,0
47746,511,0.3852835446287264,0.9,Mortgage,14228.08,0
67875,617,0.12208838812082792,0.79,Own,16559.66,0
48744,764,0.17478196774591295,2.79,Own,12998.32,0
33206,386,0.5611256351676073,5.84,Rent,8557.51,1
44097,708,0.2164625041835583,2.9,Rent,19668.43,0
52680,539,0.5964686346634709,11.14,Rent,21094.45,0
68438,356,0.43979424219730845,6.32,Mortgage,12870.88,0
59046,412,0.3221772450630923,5.03,Mortgage,22429.69,0
37241,369,0.56002442821802,0.37,Mortgage,12476.02,1
87277,483,0.4974930948087277,0.96,Mortgage,20212.8,0
53971,575,0.314482539792451,2.79,Own,10251.36,0
69130,532,0.13429648613367803,18.73,Rent,26867.13,0
47724,353,0.5341522872672504,2.04,Own,6207.75,0
58000,556,0.48251996567917055,4.97,Own,9498.63,0
62592,389,0.4953674186453574,22.51,Mortgage,25989.66,0
68272,734,0.47242936636277777,1.53,Rent,6441.94,0
65860,707,0.23787724468904145,0.91,Mortgage,13763.02,0
63082,568,0.5294228598346687,3.95,Mortgage,12357.95,0
45273,665,0.10111627657205438,4.01,Rent,15155.46,0
41423,650,0.21863813919187633,12.75,Rent,16274.32,0
54989,598,0.12327979941209785,0.13,Own,13806.19,0
63996,458,0.15529822833448,2.62,Mortgage,18703.32,0
46659,786,0.36618956875875275,1.87,Mortgage,22059.62,0
65977,825,0.11862809497051721,4.23,Mortgage,12094.99,0
71789,654,0.19069052385018978,0.05,Rent,6062.71,0
36255,700,0.21637007369541386,6.21,Mortgage,11627.83,0
37446,704,0.42766940256861086,3.32,Mortgage,16499.31,0
47894,395,0.33441026222411596,6.03,Mortgage,15810.26,0
54614,691,0.32920626152772914,2.97,Mortgage,19410.1,0
42131,651,0.4842162771288122,3.21,Own,24316.41,0
70283,587,0.3283607060371676,11.3,Rent,16058.28,0
56361,822,0.27424437145902314,1.18,Own,12967.04,0
50591,461,0.5812255228021664,1.23,Rent,11365.27,0
28461,481,0.1041466547189285,4.1,Mortgage,14067.06,0
30262,848,0.25269650003769195,5.4,Rent,19256.35,0
54215,381,0.4046963581898615,2.19,Own,11981.24,0
18011,823,0.4914046180264027,3.66,Mortgage,17982.43,0
65189,303,0.5082064773792822,1.29,Own,9577.29,0
47627,794,0.12303656592758624,0.73,Own,14906.92,0
98646,350,0.45456602777879396,1.36,Own,7254.13,0
84618,560,0.46012682173590846,12.41,Rent,12161.86,0
47278,433,0.20703971072813407,8.09,Own,22389.83,0
48404,661,0.15638751423504602,0.76,Rent,16302.72,0
64933,516,0.4748430788476511,0.24,Own,14333.34,0
75547,367,0.22475000311863905,0.49,Own,16352.0,0
25429,442,0.10083690204183862,1.74,Rent,17572.04,0
23204,645,0.21178630178843053,8.34,Rent,16621.78,0
40669,493,0.11553400440815628,1.94,Own,16142.26,0
58741,545,0.2245933433470643,1.03,Own,10013.32,0
57453,613,0.26750979116591045,2.52,Mortgage,7605.51,0
66046,683,0.23570007976897575,0.66,Own,18633.53,0
32004,576,0.5599685335896223,3.18,Own,8456.6,0
15257,371,0.21626647369264232,5.63,Mortgage,16826.52,1
62870,428,0.33376741138905064,2.3,Own,20038.85,0
37577,657,0.5787137969220235,0.95,Own,9846.46,0
19722,824,0.539599745685111,3.02,Rent,11718.34,0
52175,519,0.25462923726638065,7.19,Rent,14232.14,0
61897,305,0.2632451474787344,0.4,Rent,10564.5,0
48169,527,0.39666470125472486,0.37,Own,10485.04,0
43132,316,0.5589314253771149,1.91,Rent,12333.74,1
47609,311,0.10499989772790166,2.68,Own,11145.75,0
44441,798,0.2965598960925906,1.22,Mortgage,17431.4,0
29779,801,0.524887743181112,0.14,Rent,15391.21,0
39279,369,0.305234989193388,1.24,Mortgage,7766.92,0
57819,407,0.46002743760996956,2.86,Own,23640.57,0
54825,500,0.4459624512061011,0.41,Own,13508.01,0
52520,351,0.20272935481518364,6.29,Mortgage,14653.9,0
35072,848,0.32479725218349165,4.02,Mortgage,12383.23,0
47277,558,0.383093356406336,2.85,Mortgage,14944.84,0
17344,781,0.45773146762204486,3.66,Mortgage,10467.18,0
52677,563,0.5111948157875427,5.33,Rent,8232.53,0
71432,602,0.4799666055847467,26.29,Mortgage,13338.81,0
27888,424,0.11415573369261509,7.46,Rent,22172.29,1
41211,569,0.4353189208008327,3.89,Mortgage,17815.76,0
54936,779,0.34865773192783656,7.36,Mortgage,21091.18,0
68792,431,0.38693086792679343,3.22,Rent,12124.56,0
43276,301,0.2864831063729385,1.86,Own,10917.56,0
39616,414,0.4570131072934527,1.52,Own,12424.03,0
20466,780,0.43694425605956666,2.55,Own,17568.77,0
51551,300,0.3897432407281828,0.01,Own,20100.9,1
80631,630,0.5308027662946573,0.97,Rent,13617.66,0
54160,690,0.1509500124458197,0.68,Own,7977.57,0
49665,442,0.25051163796014186,16.14,Rent,19870.6,0
54831,627,0.34756520760141396,0.34,Rent,20549.38,0
49833,676,0.5793024056497678,3.48,Rent,17557.02,0
37804,389,0.1359816931409096,12.61,Rent,22143.87,0
62349,341,0.2685387449924186,4.68,Rent,5420.58,0
53386,334,0.5629452768629749,3.42,Mortgage,10382.79,0
50264,793,0.5489737837245816,6.79,Rent,15103.32,0
35369,423,0.5326227853538011,2.18,Own,9711.39,1
69552,356,0.25419522800069194,1.08,Rent,19586.97,0
59970,755,0.5234178898755028,9.4,Own,9119.35,0
41706,534,0.3526697059479593,0.29,Rent,21722.84,0
65027,691,0.40988942202118117,8.25,Own,10755.19,0
42536,791,0.21941245273043455,0.55,Rent,21998.84,0
38269,642,0.45333694445955053,4.91,Mortgage,10878.74,0
38604,475,0.26384855212781966,3.24,Own,3186.83,0
23433,351,0.2719402130603258,32.65,Own,15705.87,1
57073,849,0.4184085880467877,2.45,Rent,18405.42,0
22532,777,0.21991596108703546,15.77,Own,9810.74,0
31573,788,0.2122193616229083,2.59,Rent,22925.37,0
18866,304,0.2845814712980388,5.72,Mortgage,21842.98,1
48708,508,0.4890318125296168,5.16,Mortgage,14116.21,0
47745,516,0.21234102453157463,0.45,Rent,16592.36,0
45099,835,0.49365919527682656,6.8,Rent,15077.82,0
34361,641,0.447802638582375,1.17,Mortgage,18278.26,0
32416,700,0.4395399402350747,2.46,Own,19256.61,0
56965,761,0.3373778368567053,7.62,Own,6717.61,0
41741,510,0.4729439166796756,14.44,Own,23384.82,0
54745,325,0.10675976005193952,4.1,Mortgage,20935.47,0
36721,551,0.2528036290827109,3.66,Rent,9769.35,0
52715,302,0.43956873191190726,3.52,Mortgage,22260.46,1
69549,301,0.5936477121326413,8.48,Own,24554.76,0
58792,301,0.10125717054213798,24.89,Rent,6425.42,0
43813,449,0.35498613251685396,5.02,Rent,18436.77,0
53857,303,0.5619182145185122,2.38,Own,19594.48,1
46390,796,0.5317696924083368,1.23,Rent,16824.49,0
50118,849,0.11156809737721071,1.11,Own,20851.78,0
45115,767,0.36477906367534263,9.69,Mortgage,15997.51,0
47534,369,0.10214355070846678,24.37,Rent,17473.6,0
53181,500,0.49478747411618773,5.99,Own,5499.51,0
35099,607,0.25443742104467293,15.6,Own,11715.92,0
34761,551,0.48279533095764426,2.15,Mortgage,21326.89,0
29171,586,0.5723966708517859,4.94,Rent,11519.47,0
25995,591,0.5880425270775742,3.58,Rent,14717.36,1
31740,453,0.5470555904390697,3.29,Rent,9353.81,1
52391,432,0.2020717265874831,5.0,Rent,11679.62,0
36608,573,0.19730008496399845,1.86,Mortgage,16691.86,0
57704,808,0.41289021644311386,5.12,Mortgage,14306.3,0
50520,652,0.3720268411239879,5.59,Rent,5909.0,0
20472,304,0.10476730390067443,9.04,Own,11220.47,1
59824,592,0.2958636755756646,6.56,Rent,21966.9,0
62161,659,0.5533455027585876,1.93,Rent,20348.49,0
35092,513,0.549179509459931,3.0,Own,15159.97,1
56302,705,0.20195344204801743,0.64,Rent,16680.28,0
37152,735,0.2909815345786304,1.49,Own,11767.64,0
51465,314,0.3801830054980413,3.68,Mortgage,21928.14,1
31032,572,0.5263921325461122,0.53,Own,13686.67,0
23103,344,0.3659972196206741,4.23,Mortgage,8842.42,1
44257,711,0.5840999062315174,2.47,Rent,6490.53,0
48144,486,0.49952606899394403,0.18,Own,6293.55,0
44034,469,0.576545936489311,2.85,Own,11036.37,0
32239,700,0.4657461091881716,1.65,Rent,23235.1,0
44001,545,0.5388120696812649,0.35,Mortgage,28367.55,1
54039,342,0.5155018961889247,1.74,Own,20343.32,1
49326,478,0.226919240870564,1.74,Own,6284.29,0
52737,756,0.21476821172713437,2.19,Rent,9424.75,0
39948,834,0.5321917127283657,2.28,Mortgage,9451.61,0
67575,543,0.14233886876016147,2.81,Rent,13569.16,0
32357,316,0.3042818023498659,0.48,Own,10794.47,1
57313,411,0.5103288851427795,0.03,Rent,18114.43,0
67728,846,0.5066196659205868,6.66,Rent,13572.64,0
57213,329,0.16939140534013478,2.06,Mortgage,19373.95,0
46962,491,0.34385490042860467,4.75,Mortgage,17976.45,0
42075,736,0.3399162013625654,1.83,Rent,21553.6,0
65541,478,0.2618607262196092,20.73,Rent,11350.52,0
28655,773,0.5585905725321684,1.89,Rent,19767.16,0
35448,433,0.4265588060028659,4.64,Own,11231.62,0
44036,611,0.5900937449221852,1.24,Mortgage,14725.45,0
68564,324,0.13338310541337942,3.65,Own,10825.7,0
55696,670,0.29717508645546586,4.33,Mortgage,16771.16,0
35479,824,0.5175687810494053,1.01,Mortgage,21625.04,0
45345,618,0.3113428346060796,0.66,Own,20851.82,0
40785,529,0.2309390135216621,18.17,Own,16797.52,0
39353,401,0.5989037721585536,11.19,Rent,14297.4,1
64683,749,0.5365624448511569,5.4,Mortgage,14910.57,0
29423,677,0.37323683064972424,9.87,Mortgage,22637.95,0
74131,502,0.3808546181233038,0.5,Mortgage,10792.01,0
62423,566,0.10343148029382662,6.54,Rent,17330.75,0
66362,761,0.590497290441556,1.68,Mortgage,20623.53,0
43055,664,0.5031475809537458,3.88,Mortgage,14954.85,0
47750,403,0.11836467977231444,7.24,Own,19633.54,0
28502,410,0.18816509607957824,0.17,Own,26086.29,1
42130,727,0.5105156151487124,5.93,Rent,14537.87,0
57404,768,0.14343277413598035,2.85,Mortgage,13726.5,0
69440,549,0.5708928637547835,2.9,Rent,16105.15,0
33392,781,0.5999455310753126,11.89,Own,17451.5,0
44517,630,0.5432164047901461,9.82,Mortgage,21665.41,0
47730,500,0.4694519946787584,0.3,Mortgage,21290.13,0
29063,753,0.34364117558438656,4.82,Rent,16647.11,0
58870,803,0.1412147881736868,2.86,Mortgage,5162.89,0
39140,845,0.465223115921101,0.63,Mortgage,7752.43,0
47069,410,0.2984325770139432,9.52,Own,19848.5,0
43220,843,0.3851143155733372,0.37,Rent,11852.34,0
38159,508,0.2466952380708141,0.16,Own,20215.69,0
49894,332,0.22107800475737074,1.1,Rent,19123.84,0
46765,406,0.2621484793232025,1.81,Own,14074.39,0
44422,564,0.5069140117068565,0.31,Rent,10875.16,0
39073,525,0.31324577007977994,5.13,Mortgage,14152.92,0
54792,786,0.25585395598127414,2.87,Mortgage,16013.05,0
74804,478,0.3164851986374604,2.66,Rent,8084.77,0
52098,521,0.11614368297323416,0.79,Rent,19642.96,0
64941,669,0.5453021414076916,2.88,Rent,18507.82,0
29146,466,0.37588077958343913,2.47,Rent,15935.46,1
52366,599,0.15241311356033257,2.42,Mortgage,15953.68,0
33539,680,0.24420346597456763,1.23,Rent,22110.58,0
27846,334,0.5917763744388873,0.5,Mortgage,11338.41,1
38909,706,0.3965287132019616,1.51,Mortgage,13218.09,0
67878,801,0.24570244344992273,5.5,Rent,15312.31,0
64250,613,0.31317283068299706,0.38,Mortgage,12100.72,0
53645,400,0.22923738971766747,2.41,Rent,14361.93,0
27009,514,0.11590212855976981,3.61,Mortgage,7122.46,0
47055,361,0.5210150160760271,16.5,Rent,13096.42,1
54525,668,0.246239320853998,9.28,Rent,14397.6,0
52633,667,0.519205369427506,12.42,Own,11256.66,0
22343,393,0.3392785333569617,8.57,Own,21470.98,1
36645,768,0.1914473184738136,4.45,Rent,17185.71,0
49038,325,0.5009343466023293,9.86,Own,14452.57,1
58044,734,0.28855574052789723,4.16,Mortgage,12010.98,0
17058,420,0.45386459390331024,2.21,Rent,7301.61,1
47568,349,0.5186148345143662,2.33,Rent,11587.9,0
52145,335,0.5814928281719268,4.17,Rent,15331.7,1
62744,709,0.14290726629312098,8.29,Own,14641.86,0
60392,588,0.10419324092021867,0.72,Own,11250.05,0
58738,678,0.37421249076122376,0.2,Mortgage,23357.56,0
38000,399,0.23212048093750007,7.79,Own,20480.75,0
21379,623,0.33455089487178813,5.21,Own,12810.49,0
44104,628,0.13632934357805374,8.61,Mortgage,17923.71,0
65024,520,0.3507945233366798,18.79,Rent,21482.41,0
70901,409,0.1624278265890702,1.45,Rent,16738.5,0
60658,448,0.5192938790995256,1.08,Mortgage,14170.11,0
56440,705,0.47974340131822835,2.08,Own,5933.66,0
55694,709,0.13703678910862108,10.52,Mortgage,14663.96,0
41658,428,0.5181751773639671,0.07,Mortgage,11213.92,0
48049,783,0.26247924621231133,0.05,Rent,12029.3,0
75036,407,0.2764298714386655,1.22,Own,13398.8,0
35861,688,0.1899017871207808,2.36,Rent,13896.98,0
74221,724,0.517652060746239,1.8,Rent,13116.19,0
45169,746,0.3023528819242124,8.71,Mortgage,8329.02,0
69881,367,0.12441793534015685,5.85,Rent,6255.73,0
28897,365,0.5831248139130815,9.1,Rent,19117.71,1
58788,803,0.22794360698043112,2.42,Rent,23494.48,0
38948,803,0.568088638953236,4.53,Own,15521.64,0
28770,620,0.25061918132338024,3.62,Own,9523.98,0
53278,746,0.515713297349057,3.22,Rent,19949.86,0
65142,509,0.4321097462295954,1.7,Mortgage,25355.22,0
37325,669,0.5306417159947824,6.18,Mortgage,21067.52,0
27514,757,0.5880589933514486,3.71,Rent,21727.76,0
48622,462,0.5357418417283064,0.41,Own,9160.95,0
48688,631,0.3018325807500103,0.0,Mortgage,12180.74,0
58224,649,0.5072517407475814,0.1,Mortgage,21035.03,0
64243,767,0.4558254051535465,0.39,Own,8962.33,0
49108,725,0.1308018354158267,2.32,Own,12231.83,0
77832,626,0.564880048868812,1.82,Mortgage,15945.27,0
53363,405,0.33298054581341563,0.85,Rent,17690.31,0
44803,554,0.16722528284812796,3.62,Mortgage,13624.76,0
25826,657,0.312689048599073,17.56,Own,15051.51,0
46060,743,0.4015706225607387,0.88,Own,15826.05,0
44954,412,0.3864730625419548,1.44,Own,13864.97,0
64404,329,0.3873968233931515,3.1,Own,12488.19,0
56937,823,0.22791964157586683,5.12,Rent,14390.67,0
32309,345,0.4163512247105945,4.58,Mortgage,12293.53,1
52583,470,0.5537074168888314,3.68,Own,19464.64,0
60072,429,0.2943334732758004,6.68,Own,16528.03,0
72920,652,0.4152901413100549,9.35,Own,14633.74,0
63312,502,0.2219935035036231,34.38,Mortgage,13806.7,0
61412,525,0.12414051009435093,3.13,Own,20215.48,0
50901,379,0.3928656819597026,26.45,Mortgage,13161.12,0
55824,609,0.12377490109261294,6.56,Rent,18625.44,0
68742,334,0.46179229746023664,5.36,Own,20925.53,0
30008,460,0.4351763489008821,5.1,Rent,17461.82,1
44758,734,0.28466250945065774,12.08,Mortgage,6936.72,0
38411,837,0.30564505482399096,14.78,Rent,12881.23,0
55687,524,0.5588804682386499,0.98,Own,10727.74,0
68453,745,0.10656681276153138,3.4,Rent,9020.97,0
41045,616,0.38165169041149605,14.19,Rent,20457.19,0
14145,713,0.5616805628672317,2.41,Rent,16892.54,1
43816,394,0.5569936238847983,1.32,Rent,2176.24,0
63702,524,0.39232788191234624,0.54,Rent,14943.93,0
58064,365,0.29061499945479896,4.55,Mortgage,11683.29,0
56422,696,0.149451763166187,6.02,Mortgage,19633.66,0
45800,509,0.18689210190617525,1.09,Own,11695.98,0
30814,773,0.43983667760183076,5.6,Mortgage,16584.43,0
57729,789,0.10831704190488392,11.49,Mortgage,16528.79,0
37485,479,0.5417427882039912,1.4,Own,10895.49,0
82761,823,0.39396723507294173,0.65,Mortgage,9963.65,0
58557,758,0.12257333113238209,9.02,Own,25135.98,0
41290,367,0.21988371009581628,12.41,Own,16959.24,0
40829,628,0.3971004552838273,1.21,Mortgage,15251.8,0
48605,501,0.11780063272990757,6.39,Rent,21049.64,0
46407,774,0.4899937009788812,4.47,Own,23787.12,0
66752,817,0.5599610334153016,1.37,Rent,22505.46,0
52796,314,0.5806101966509687,8.68,Own,8126.26,0
39025,341,0.4668296234502626,3.18,Mortgage,15163.08,1
78356,842,0.5284127354197585,6.03,Rent,13614.44,0
50739,588,0.40535373116486817,1.79,Own,24476.45,0
61532,832,0.32927183227078727,8.46,Mortgage,18561.54,0
40876,543,0.4565673766861036,1.53,Rent,8524.86,0
55446,473,0.2120903321313475,2.27,Mortgage,5792.91,0
54666,833,0.15489216309777512,2.48,Mortgage,23108.17,0
21655,808,0.48092548806444935,1.16,Rent,14938.11,0
80229,543,0.5790933964929345,10.37,Own,14811.36,0
69359,359,0.3887396661640118,0.6,Own,13280.94,0
44042,403,0.3412711854989302,4.14,Mortgage,10844.75,0
33465,602,0.3672021156360923,8.41,Own,15196.33,0
55213,376,0.33923209219241623,4.35,Rent,19033.84,0
51300,317,0.32110014058861913,1.98,Rent,14859.52,0
55335,833,0.5735178470731064,7.6,Mortgage,20237.19,0
52873,483,0.33988159556412423,3.46,Mortgage,18439.02,0
57593,849,0.1405512205069893,0.89,Rent,19513.69,0
71709,580,0.48275833953511826,1.91,Rent,15915.75,0
58521,587,0.2957808017039574,4.48,Mortgage,14181.82,0
34255,824,0.4553467728744418,5.38,Mortgage,9246.16,0
70438,773,0.3897846797872033,3.97,Rent,19926.58,0
74609,566,0.4565900325779253,1.59,Mortgage,16279.98,0
97280,656,0.13099697851783978,4.5,Own,13726.15,0
33147,300,0.11693666133391153,2.02,Rent,9319.31,0
53643,326,0.2892708124255706,1.27,Rent,21340.08,0
18768,847,0.44658306891097044,14.55,Mortgage,14931.19,0
58297,459,0.21184126345299706,1.89,Mortgage,24413.48,0
41776,698,0.316700358981286,2.04,Rent,4643.19,0
78851,842,0.5904051319864873,11.35,Mortgage,16564.31,0
38380,426,0.20743727725867275,0.77,Own,8214.25,0
24662,509,0.5239717308856818,4.39,Mortgage,11337.93,1
42931,449,0.5127304424055983,7.66,Rent,13616.31,0
20367,330,0.5456760926444942,1.6,Mortgage,18121.41,1
61266,601,0.5575708718143936,9.29,Rent,16360.22,0
19023,556,0.35366009619906613,7.34,Own,12259.56,0
50426,356,0.4409668915977879,3.33,Rent,11655.84,0
18832,308,0.4094454560078472,0.63,Own,6422.49,1
45195,304,0.25447427018277846,17.55,Own,11940.61,0
74650,413,0.23989379307735367,4.89,Own,11280.01,0
55409,504,0.2707849847505457,3.64,Own,20953.8,0
37047,323,0.20922886600384608,10.83,Own,13010.42,0
49531,792,0.4786917752463977,2.74,Mortgage,13052.18,0
50270,705,0.5822864342132579,4.15,Own,16049.16,0
57089,402,0.5338858709190392,9.77,Mortgage,21833.55,0
29497,359,0.20897020204419028,2.5,Mortgage,21731.5,1
58888,385,0.12595773535608992,7.4,Mortgage,26955.79,0
9434,671,0.47854695353608756,1.48,Rent,7997.89,0
40551,501,0.2951069029543081,6.06,Rent,15819.21,0
42675,388,0.5123063080833574,3.57,Own,14479.33,1
59499,736,0.4896178982932261,0.9,Mortgage,5882.98,0
50339,419,0.4127051259995038,0.73,Rent,9165.19,0
28916,455,0.2276696671896977,3.06,Mortgage,19550.35,1
35225,698,0.1520178839150735,6.2,Rent,17633.48,0
52980,487,0.2263241630280676,4.62,Mortgage,17595.68,0
48813,351,0.3548798476727336,9.65,Rent,17237.29,0
41313,830,0.589731487821191,2.47,Own,6577.45,0
42787,779,0.13184362010017933,9.28,Own,9510.2,0
60442,529,0.2000360004079659,0.19,Own,12318.64,0
42234,780,0.4136397288462126,2.28,Mortgage,19148.33,0
48678,429,0.2521821973335139,0.38,Own,15658.6,0
82549,354,0.5292521497199422,12.58,Own,19520.94,0
28644,570,0.16970849353279752,3.22,Rent,24779.37,0
22222,399,0.5815787617919707,1.9,Rent,7055.17,1
61753,368,0.5561874457582634,3.39,Rent,14403.12,0
39820,598,0.5437645280053606,3.81,Own,14425.26,0
45226,828,0.18653452088170805,9.36,Rent,10856.26,0
38282,653,0.2647480621263222,3.91,Rent,17200.6,0
46102,451,0.5020484211167637,2.82,Own,29277.61,1
73978,629,0.5039040327799731,16.27,Rent,10259.67,0
62031,415,0.45258770760356615,17.3,Mortgage,18010.93,0
62933,841,0.3240254407668759,0.2,Rent,9773.23,0
28756,622,0.25579463533671853,6.14,Mortgage,5974.5,0
32732,528,0.5814789680908635,2.32,Rent,11931.68,0
7413,659,0.169631134944173,5.62,Rent,16364.58,0
37859,304,0.12187703048097806,5.07,Mortgage,16995.79,0
64350,327,0.10456525999493058,2.0,Own,23887.25,0
57754,663,0.48751345481684427,21.58,Mortgage,16392.86,0
46677,761,0.12835257298336974,2.21,Own,15068.08,0
49665,530,0.369321802235956,5.0,Rent,19164.59,0
39666,694,0.2836462205336512,8.39,Own,16240.79,0
53071,570,0.17345394503610348,0.79,Own,14881.27,0
61488,603,0.47029774344360153,1.79,Mortgage,14098.28,0
25761,682,0.12750341552196728,1.11,Own,18180.2,0
54494,327,0.25919691929272615,7.61,Own,17641.55,0
63986,818,0.38109561271004555,8.08,Mortgage,13678.59,0
43773,498,0.3012078616781261,1.48,Own,22207.03,0
60510,381,0.22957409932960007,0.02,Own,19211.58,0
92219,387,0.5630005023530233,2.75,Mortgage,19811.96,0
48434,689,0.5654851942493321,5.81,Mortgage,10433.41,0
55899,750,0.30804726980461317,4.87,Mortgage,12433.55,0
38929,732,0.29687220838070993,2.95,Own,22582.82,0
52718,673,0.2536925237433505,1.8,Rent,20199.13,0
56904,734,0.5278780964561802,3.22,Mortgage,7926.57,0
52922,486,0.38395764299745216,0.08,Mortgage,16676.26,0
34704,689,0.1447611064512276,0.38,Own,19789.47,0
53095,517,0.5266603515591838,0.89,Rent,9869.61,0
71932,407,0.36744313497850034,4.91,Rent,20053.42,0
56729,849,0.30779590205295426,1.23,Own,15256.99,0
64429,648,0.26893247182177893,2.75,Mortgage,22528.19,0
46444,821,0.14971329515647244,4.86,Own,14362.26,0
61248,325,0.5783510782004347,8.88,Rent,7773.26,0
54189,347,0.47062175873615086,3.99,Mortgage,17642.31,0
35736,669,0.16588878154949036,0.97,Rent,9381.37,0
54777,313,0.3556344095674172,15.16,Rent,12137.19,0
35124,486,0.3777875988931435,0.47,Rent,5914.83,0
40506,823,0.1839443785153779,2.29,Rent,10959.94,0
52839,578,0.313610764431152,12.71,Mortgage,21718.08,0
54458,640,0.422873057727004,4.61,Mortgage,15736.36,0
32161,627,0.24200528590738005,5.43,Mortgage,13837.96,0
65809,324,0.26580447744497415,1.8,Own,10617.37,0
58580,828,0.16101423853250404,0.41,Mortgage,16036.92,0
39429,725,0.30662032216287805,2.28,Rent,13894.2,0
26936,328,0.39192864235414737,2.57,Rent,26946.8,1
47826,622,0.1582627703496585,1.58,Mortgage,15112.02,0
43310,612,0.4073921794175178,1.21,Mortgage,17268.16,0
51697,569,0.2988966073764062,2.2,Own,11825.16,0
44553,594,0.4390911271954041,5.1,Mortgage,14913.95,0
19888,522,0.25741848775841303,14.88,Own,17313.4,1
44174,374,0.384249619145802,6.08,Mortgage,10388.49,0
45415,401,0.40640142412990066,7.56,Own,17966.58,0
59504,831,0.44525369957307237,1.83,Mortgage,15648.19,0
39527,472,0.4784694917686496,0.55,Mortgage,3619.26,0
75180,303,0.168175854949954,1.72,Mortgage,19119.7,0
21325,778,0.5826213711001387,2.58,Own,17440.77,0
69667,694,0.5218227078268809,5.85,Rent,16190.43,0
46635,466,0.38115939129930865,14.01,Own,11826.94,0
62893,599,0.545179435389179,8.29,Mortgage,27326.24,0
51197,417,0.2912164839903747,1.55,Rent,12059.48,0
67093,811,0.11714327580306674,8.58,Own,50.48,0
44189,474,0.46351569043397156,2.65,Own,17586.72,0
33520,458,0.57167207467768,0.96,Rent,14322.34,1
71307,683,0.18092733178765116,3.09,Mortgage,7786.21,0
48297,526,0.4219369735081677,4.14,Rent,13735.6,0
53323,337,0.5067127803261584,7.21,Mortgage,14664.16,0
68521,762,0.5525335258190415,2.15,Rent,11221.59,0
34520,730,0.238263879557593,0.79,Own,15552.66,0
58932,403,0.16436690469236578,0.5,Own,16777.73,0
41151,492,0.2239250569379674,0.6,Own,14768.79,0
48017,549,0.38886082050956783,14.98,Mortgage,10387.04,0
51084,312,0.5593641282477658,15.16,Mortgage,17343.28,1
27496,687,0.39126790559925306,17.33,Rent,6909.4,0
38317,370,0.5598106504179983,1.8,Mortgage,17032.06,1
70266,737,0.4850185118456095,1.06,Mortgage,16542.01,0
63292,343,0.39919473208390466,19.79,Rent,13917.69,0
49060,571,0.1108992546316648,22.23,Mortgage,12446.22,0
53646,313,0.26653788393807065,0.41,Rent,8861.75,0
45586,670,0.12872977861245313,6.98,Mortgage,12339.55,0
70348,411,0.26112117513701416,1.7,Mortgage,10932.59,0
46994,678,0.1311667490792204,12.0,Own,9958.26,0
53477,613,0.18390793072503123,0.47,Mortgage,8978.41,0
67190,714,0.3053429581212045,10.97,Rent,21569.87,0
38339,784,0.3574423727164904,0.01,Rent,18820.36,0
73381,468,0.20857084414642743,3.69,Own,27211.71,0
27043,545,0.4662886896289945,2.04,Rent,16179.4,1
74444,565,0.39518231093350986,2.79,Own,18601.94,0
44409,542,0.44588026538163894,2.84,Mortgage,14641.04,0
46359,599,0.46638284054670665,5.3,Own,22559.45,0
21649,626,0.4634601692905118,0.12,Mortgage,14741.86,0
43178,829,0.5681169505984265,5.88,Rent,19872.16,0
34402,641,0.2186101669573335,0.11,Own,15928.95,0
40885,548,0.2350778196156341,1.02,Rent,24198.81,0
47940,679,0.14710053400107534,4.67,Rent,12590.23,0
64366,831,0.3962931787155516,0.45,Rent,20739.62,0
53114,680,0.2975927538189327,23.5,Rent,14458.48,0
54615,341,0.3480994403338814,7.67,Rent,10818.86,0
33567,644,0.1849107288570699,6.12,Own,14743.78,0
36788,560,0.42453012528569156,1.56,Rent,3759.33,0
76980,605,0.40950968031972557,0.25,Own,19674.19,0
38971,539,0.23239221346600977,19.26,Own,18330.43,0
74843,612,0.33270834521303705,0.8,Own,24493.0,0
46354,740,0.5471504690536398,8.88,Rent,10189.82,0
50034,432,0.48674951716289927,1.1,Rent,11282.52,0
66055,350,0.21347193838166587,2.34,Own,8684.92,0
69078,691,0.5394274262498017,5.91,Rent,16828.07,0
48337,822,0.13365648671077143,14.54,Own,12923.6,0
44176,807,0.3069642830277062,0.1,Rent,10874.6,0
49161,653,0.14005911376869803,1.51,Rent,17000.6,0
55069,694,0.5621070970932442,7.24,Own,20511.38,0
63369,395,0.12035122091002168,0.95,Rent,15531.48,0
50063,405,0.175620148053956,0.59,Own,12605.99,0
59283,812,0.5575199719182756,0.24,Own,20858.57,0
74575,541,0.39107882245031467,3.49,Rent,13729.45,0
55719,787,0.497593987548133,7.3,Rent,13655.22,0
54674,814,0.10820338013089756,16.32,Own,17564.75,0
27216,360,0.30954753527765866,1.56,Own,11571.45,1
10539,715,0.5922328151371403,0.65,Own,20122.53,1
55825,593,0.3899095330150779,2.58,Mortgage,10412.16,0
48577,601,0.5248413942999594,0.29,Rent,11949.55,0
42278,469,0.5817797384484393,2.01,Mortgage,9237.3,0
53652,340,0.44252025451120336,5.15,Own,19316.06,0
49093,530,0.2638152308465904,0.92,Mortgage,21775.52,0
66916,708,0.25430346713556695,5.0,Own,14237.16,0
51291,596,0.135638703938234,17.87,Mortgage,17232.99,0
38796,754,0.3138860510030498,9.98,Mortgage,16833.88,0
64852,356,0.5576947078109402,2.21,Rent,16483.75,0
46743,539,0.3390312132969904,2.74,Rent,9212.47,0
57898,475,0.5554974550633904,2.72,Mortgage,11725.76,0
42838,362,0.5085709666141195,9.83,Own,18800.21,1
40252,437,0.5920935566449733,25.44,Rent,21081.43,1
51262,753,0.5738476409460316,8.74,Mortgage,19745.68,0
50192,748,0.4532416345264948,4.08,Own,15082.93,0
57197,525,0.5356086434379874,0.51,Rent,19010.74,0
45970,742,0.4740388508161878,15.45,Mortgage,7312.74,0
22454,505,0.4516972573211089,9.83,Own,4900.84,0
43508,326,0.45777978894890115,9.21,Own,8123.07,0
61907,756,0.460521837678981,2.49,Mortgage,29107.45,0
45539,406,0.28970950593077427,2.96,Own,25390.58,0
46304,743,0.31178120802629206,0.64,Mortgage,7012.95,0
64795,335,0.24703557958652214,13.89,Own,13887.16,0
39320,454,0.17413028783566473,14.34,Mortgage,12840.91,0
26857,468,0.3292217001670962,1.47,Rent,21473.49,1
47590,571,0.5499746446361413,5.95,Own,18273.67,0
42737,846,0.42563235330891447,1.14,Mortgage,13111.44,0
35506,719,0.1280901798590556,2.5,Mortgage,17812.18,0
47369,483,0.505599972282326,1.8,Own,18865.84,0
57372,536,0.5677007636087502,2.47,Rent,5689.67,0
49860,808,0.5147112199933853,1.85,Mortgage,17659.79,0
54604,740,0.4637707070778735,2.12,Rent,14904.54,0
77201,421,0.17506019790666075,7.83,Own,9273.04,0
44856,716,0.274499946126294,1.78,Rent,12042.7,0
54175,834,0.3826434441740152,8.43,Own,16417.77,0
42361,674,0.13843038968919477,4.2,Mortgage,15623.8,0
37304,625,0.15313510706789243,7.58,Rent,14051.84,0
41226,779,0.5671269610055749,12.56,Own,13491.5,0
42818,449,0.4513455966379918,0.74,Mortgage,15277.91,0
55392,789,0.23754352302563778,2.11,Rent,6971.9,0
85236,452,0.26368015488067387,0.29,Own,23576.04,0
39259,316,0.2922146521400847,2.61,Rent,13186.46,1
43750,647,0.13753564628935847,1.36,Mortgage,17530.11,0
49053,758,0.46958849935721403,4.24,Mortgage,23090.0,0
55936,501,0.18841700604560283,7.65,Own,20674.08,0
53953,722,0.5025600124103551,3.33,Rent,16508.74,0
69261,579,0.5229362148884668,2.03,Rent,14451.15,0
13604,721,0.4192170887137321,0.83,Mortgage,14884.0,0
14196,764,0.4849274716994566,0.14,Rent,6858.38,0
42561,654,0.1859175833430217,5.66,Rent,8900.63,0
66459,677,0.38796949133531844,0.16,Rent,16201.12,0
26515,423,0.4383996572230656,12.68,Own,13109.62,1
4885,379,0.43078029042713895,4.51,Mortgage,7509.81,1
58567,532,0.1586449388215904,2.18,Own,16448.92,0
53654,779,0.2721912312400191,0.21,Mortgage,18775.6,0
33646,453,0.2625187607411683,2.67,Own,20825.94,0
35216,708,0.38626343629845417,10.1,Own,17657.66,0
35453,330,0.48261856443387663,17.5,Own,11844.71,1
51658,802,0.3852951830851069,0.44,Rent,18421.23,0
40605,670,0.4774137193258271,7.51,Mortgage,16406.23,0
57410,622,0.14948379834950407,1.49,Own,10374.64,0
7180,631,0.5390693454336387,2.39,Rent,10208.1,1
37147,542,0.3683085346821299,3.97,Own,19245.84,0
33109,729,0.11874933023358644,26.23,Rent,16568.4,0
46154,481,0.42160650151121315,1.17,Own,16288.3,0
41929,772,0.35867359368153773,0.7,Mortgage,15316.98,0
61967,675,0.21018478442428248,4.52,Mortgage,18009.35,0
22109,380,0.4822127293056774,9.59,Own,12441.13,1
50682,849,0.56678412560399,5.22,Own,14363.55,0
58375,719,0.26134172692175295,2.14,Own,18725.19,0
77849,766,0.34695784140818453,18.86,Own,15184.2,0
42773,727,0.16408749934921454,26.52,Rent,11253.63,0
54866,356,0.564899861852408,7.36,Mortgage,11559.61,0
22942,621,0.25939802980961646,8.11,Rent,15223.95,0
14120,841,0.19739234184976293,7.15,Mortgage,2074.45,0
62671,794,0.3392143383847277,1.49,Own,23754.89,0
49916,565,0.12164124475059038,0.81,Mortgage,14130.87,0
67677,526,0.22641841561320245,4.04,Own,17427.59,0
29398,353,0.13382886824570542,15.41,Own,18185.78,1
57798,303,0.1636855772470999,10.53,Rent,16260.09,0
78032,738,0.15607877543293405,0.57,Mortgage,8170.16,0
56295,609,0.5362099775089786,0.29,Rent,9665.5,0
54148,388,0.565217424017314,10.35,Rent,7552.69,0
50128,619,0.33726108289007306,4.75,Rent,20474.45,0
26436,674,0.4152085439266726,1.81,Rent,7285.05,0
70333,800,0.4479509486314992,4.13,Mortgage,11681.83,0
40837,533,0.29565666243603006,1.25,Mortgage,21533.14,0
57567,636,0.2851052335214439,14.68,Rent,9351.72,0
26554,484,0.4377845096118348,8.78,Mortgage,15747.09,1
32308,737,0.2883572576226192,16.38,Own,18796.53,0
71526,479,0.3905047597750886,1.04,Mortgage,14706.04,0
44790,375,0.3575964054057289,9.28,Rent,15778.4,0
71799,571,0.36223030045049076,4.11,Own,17665.04,0
48826,354,0.5146794314382255,1.97,Own,23930.8,1
22371,376,0.4520285544493483,3.27,Own,10328.58,1
63381,595,0.5803413270190465,14.45,Own,12804.19,0
41151,518,0.4954883136257898,5.88,Own,18163.68,0
60480,576,0.17289625729994787,2.23,Rent,14015.84,0
50378,565,0.46924165149992136,46.04,Rent,12195.56,0
26853,342,0.43282377698356767,2.12,Own,20155.03,1
52464,660,0.4230219897556743,8.4,Rent,3872.27,0
82943,527,0.3403723130960018,7.67,Mortgage,20641.51,0
57394,526,0.13123195990799322,6.42,Rent,22940.18,0
49137,362,0.575742383755035,5.53,Mortgage,13973.71,1
66130,470,0.5259623473622059,0.58,Rent,8422.15,0
53160,606,0.34340401870592896,26.45,Mortgage,15886.92,0
53143,333,0.17929048381540422,0.88,Mortgage,17408.04,0
33625,429,0.5122363289278793,4.53,Own,6796.13,1
53507,693,0.31533580270459294,1.43,Rent,15410.54,0
65531,450,0.29505696175317975,0.92,Own,24748.24,0
37459,683,0.4326911159663507,4.1,Mortgage,21312.77,0
71367,316,0.47933769926632575,9.05,Rent,17622.4,0
48624,313,0.13142036831022905,2.37,Rent,17044.7,0
36683,380,0.48377820824175644,0.4,Own,15194.5,1
64964,506,0.4669702506758141,4.89,Rent,15753.82,0
45698,503,0.3946048052610218,7.27,Rent,14525.04,0
61392,678,0.2692094571790672,1.76,Rent,16023.07,0
45623,843,0.18240107362791394,5.87,Mortgage,6841.81,0
49102,322,0.15132648459193163,0.39,Own,4175.43,0
57403,461,0.10059184685928399,2.24,Mortgage,11245.26,0
54363,443,0.20323008784604643,3.21,Own,20161.25,0
20067,403,0.30566848502498645,7.62,Mortgage,17968.22,1
33181,681,0.22182216570004218,2.06,Mortgage,19230.84,0
63941,754,0.2544895268025049,3.02,Mortgage,15476.07,0
48017,716,0.2952262076804951,4.95,Mortgage,21074.88,0
42144,623,0.2541311542327156,4.89,Own,21662.51,0
29621,470,0.4623105193293654,3.65,Rent,20973.66,1
33803,573,0.34586339458248494,1.99,Own,11591.1,0
19673,751,0.10966357387602035,5.54,Rent,15275.01,0
48480,424,0.2133341156811517,9.07,Own,12683.38,0
41023,682,0.45482912231726536,0.84,Own,22375.41,0
35501,616,0.2504652616433929,2.08,Own,20613.73,0
48978,406,0.5600708858495245,5.52,Own,17286.49,1
55459,762,0.4563320237237103,7.05,Mortgage,18445.23,0
81397,729,0.24496348793982067,7.6,Own,16458.94,0
27321,636,0.358204923086722,5.3,Own,10335.34,0
67390,795,0.4336195150900849,3.25,Rent,20360.84,0
64596,661,0.19668293266854767,5.19,Mortgage,25088.42,0
38313,731,0.22309373394343116,0.73,Mortgage,17527.08,0
53048,819,0.3535618729311283,1.16,Own,14397.72,0
43135,705,0.562447361245146,13.12,Own,11365.19,0
52785,676,0.27200518342880764,12.77,Mortgage,13715.4,0
72636,451,0.3010651640503532,6.43,Mortgage,8626.48,0
59084,621,0.1953101053407568,1.98,Own,10425.05,0
57629,513,0.3966043476365547,5.23,Own,14163.04,0
43545,364,0.4700753736254992,5.82,Own,16581.98,1
27739,569,0.32032113315481026,3.62,Rent,7622.42,0
46872,836,0.4751246898299092,6.9,Mortgage,15961.72,0
68099,399,0.2513023616839787,0.15,Rent,22912.66,0
27092,404,0.4534922090142507,1.48,Mortgage,17177.03,1
34173,430,0.22917226658522707,7.91,Mortgage,17476.65,0
51894,688,0.4903247708857851,13.96,Mortgage,17029.33,0
35230,620,0.5153207891496048,10.44,Mortgage,6998.18,0
38112,737,0.4988618341798944,6.3,Mortgage,7439.85,0
43646,318,0.207736302925313,0.9,Own,17990.52,0
29515,524,0.44712471894696937,2.3,Rent,18551.15,1
35388,759,0.3692701936881746,0.26,Rent,20224.04,0
60551,693,0.5930184949945239,5.11,Mortgage,21751.29,0
30389,525,0.28078841048953207,2.99,Rent,12417.5,0
26031,659,0.48562567641952026,4.25,Rent,19854.12,0
40549,729,0.2850390585286585,19.4,Own,19784.58,0
60979,314,0.298428737077021,2.57,Mortgage,22681.07,0
47046,845,0.1554960922025487,1.83,Own,23015.62,0
43031,713,0.21983059291309567,0.82,Rent,13051.65,0
50665,654,0.18224214328616847,0.78,Mortgage,14602.22,0
23814,756,0.17960028052196356,3.66,Mortgage,16039.32,0
57420,830,0.10450826382592807,6.92,Mortgage,10864.31,0
55751,495,0.49689038473638114,4.16,Mortgage,20539.94,0
43860,414,0.3339656089698404,10.33,Mortgage,13939.17,0
65088,716,0.502083783980379,1.9,Mortgage,20845.66,0
33087,651,0.4062752045994025,4.52,Own,22564.43,0
66918,374,0.5156688312402548,5.41,Own,13588.44,0
52317,335,0.3518825016187206,1.65,Rent,6272.43,0
44951,541,0.14702051056941726,2.52,Mortgage,14856.75,0
49701,362,0.40838182161697034,4.47,Mortgage,21685.92,1
48391,808,0.43888243113137004,0.11,Own,21620.58,0
68304,487,0.4132520841505275,10.88,Rent,14497.57,0
33849,392,0.5006681576132899,0.59,Rent,15609.28,1
38562,304,0.46574962200310666,0.24,Mortgage,14237.14,1
65544,737,0.31631622459943454,1.21,Rent,12031.72,0
41066,465,0.5095518277276218,3.49,Rent,6421.65,0
63507,745,0.4458932710713439,1.99,Mortgage,17598.25,0
75491,324,0.1601833692575055,2.9,Mortgage,12582.23,0
43973,807,0.3699364577249099,0.44,Mortgage,16073.64,0
60220,397,0.4642779031149692,1.33,Own,18389.61,0
32694,567,0.37664410085914024,0.51,Mortgage,19518.37,0
61320,692,0.5745143254757988,1.3,Rent,11559.18,0
52991,584,0.15074563410438477,6.08,Own,10116.42,0
57095,408,0.4611608464394138,4.28,Rent,17943.11,0
40316,326,0.5122254057147503,2.03,Own,18305.59,1
25083,354,0.4513265974525861,1.51,Mortgage,12182.22,1
57548,432,0.2927925025322031,30.01,Rent,19973.78,0
19048,351,0.29274015660166297,7.3,Own,14809.74,1
45239,792,0.39328375253750636,8.63,Rent,11284.46,0
64117,597,0.2985490181772633,0.13,Mortgage,10084.39,0
52878,698,0.5415914986829155,0.31,Own,17441.07,0
79225,317,0.1549653091472252,6.23,Rent,16201.05,0
65376,545,0.41957867398637627,1.06,Own,16898.97,0
40191,802,0.16705748038681886,2.77,Mortgage,9470.01,0
50409,388,0.37007990124952084,1.02,Own,3873.78,0
49289,502,0.45779060120534754,0.97,Own,18053.82,0
26267,539,0.1827554582801245,0.58,Rent,21003.99,0
35894,789,0.4520166107448267,4.51,Own,6903.98,0
41588,312,0.16999001560554547,6.72,Mortgage,12895.92,0
19456,614,0.4102768728145695,0.29,Rent,28195.97,1
50712,497,0.3527765146614428,1.61,Own,17815.82,0
46263,542,0.24903747690463082,5.37,Mortgage,21538.22,0
24906,806,0.15577436542765125,2.49,Mortgage,23148.09,0
56063,342,0.4679270698004583,6.1,Own,12578.82,0
60738,629,0.290902566688503,7.12,Own,26705.88,0
53405,728,0.1432653886365882,0.16,Rent,6309.98,0
45138,461,0.4863946691363664,2.4,Mortgage,17544.48,0
58871,734,0.21644734174191035,6.53,Mortgage,16726.83,0
60203,532,0.46822602685276027,2.38,Mortgage,9483.32,0
54611,410,0.38244934297036837,0.03,Own,11289.98,0
37630,531,0.19726450578952562,2.05,Own,11933.12,0
54149,572,0.138202863587396,10.3,Own,7774.72,0
67932,340,0.39662450770131286,15.18,Rent,7933.27,0
41050,765,0.1126059161197144,4.11,Mortgage,13394.52,0
81469,376,0.13273224243205642,1.83,Mortgage,12573.43,0
42115,789,0.4511095409833503,3.14,Own,11717.7,0
50486,416,0.3694369207006516,1.35,Rent,19160.91,0
39912,733,0.26314763282718845,0.92,Rent,11245.95,0
53349,318,0.3696139713342118,3.4,Rent,16339.5,0
23866,495,0.3958246637624597,6.67,Rent,14994.82,1
41809,750,0.3826429331222332,1.26,Rent,13422.96,0
33618,724,0.4212770057577453,12.01,Own,8159.54,0
52030,693,0.5701440500951837,0.92,Own,14145.92,0
64916,583,0.29438876004201275,4.09,Own,11791.99,0
59690,333,0.25057570672878804,7.49,Mortgage,19807.55,0
14425,594,0.11921745551508486,1.2,Rent,18192.77,0
80631,550,0.17353652842838344,1.76,Rent,12059.94,0
54429,638,0.15312490794057135,0.26,Mortgage,10533.33,0
38352,739,0.2677220934362311,14.41,Rent,10529.18,0
52356,479,0.4049953644075277,3.34,Rent,13768.5,0
52642,527,0.12316694556729171,0.33,Rent,20244.55,0
39997,322,0.4638325022273424,8.86,Rent,20901.69,1
52968,626,0.29871647498886966,4.21,Rent,1667.93,0
40887,453,0.5817522578942274,0.28,Own,22592.3,1
43934,445,0.38419248759596936,3.0,Rent,14410.2,0
39705,551,0.48568115619424446,2.85,Own,8123.19,0
28509,601,0.5305906161485165,0.79,Own,14744.09,0
52187,369,0.5444231506627637,2.73,Own,10866.78,0
58779,842,0.35923087483990357,1.66,Own,23261.61,0
57723,392,0.2983712792155405,6.02,Mortgage,12102.69,0
62298,462,0.3802574948442198,0.03,Own,10217.64,0
54865,380,0.30103520080871393,0.56,Mortgage,25495.42,0
42009,362,0.22035748464162078,12.54,Mortgage,16998.95,0
62594,735,0.2619599135833337,2.84,Own,12449.78,0
29637,347,0.21638492811929946,0.97,Rent,24264.49,1
36489,744,0.23471881529743086,7.88,Rent,21544.31,0
35536,373,0.14680386861786018,9.54,Own,11926.2,0
66200,841,0.3132313603619523,1.19,Own,10973.54,0
64141,456,0.21764195330161187,6.25,Mortgage,15493.73,0
57309,786,0.3241832761972381,4.77,Mortgage,14189.1,0
66078,565,0.4960991170881466,6.83,Rent,11441.75,0
36810,555,0.3241561766215886,7.75,Mortgage,14900.3,0
55228,338,0.5773059353548577,5.41,Mortgage,23740.9,1
48122,354,0.17391844726401043,15.64,Own,20232.57,0
62703,327,0.5251324954189374,9.98,Mortgage,16941.14,0
48271,417,0.22412905703649375,1.3,Mortgage,13296.08,0
44225,669,0.566966725427487,12.24,Mortgage,14364.23,0
58113,508,0.21357396322432728,2.23,Rent,18420.98,0
63142,615,0.4734808929824028,6.48,Own,18017.75,0
39974,692,0.13105895042998508,9.42,Rent,15326.96,0
49083,743,0.4149067185800889,2.87,Own,20428.59,0
34123,558,0.2093371089579704,0.26,Own,9176.65,0
12529,497,0.435086270824118,14.94,Mortgage,19921.13,1
53006,744,0.41791466881242345,0.38,Rent,18104.69,0
59133,604,0.5618479398300811,2.14,Rent,7866.86,0
53931,638,0.4133382153102241,4.54,Mortgage,11716.28,0
20756,828,0.3041244058249539,0.63,Rent,22489.7,0
44737,353,0.19678390242460156,9.11,Own,17629.36,0
16724,411,0.4287255042720698,1.14,Own,14422.83,1
70545,718,0.15818330196141625,21.34,Own,16644.86,0
33709,604,0.5142584134608839,12.41,Mortgage,15062.44,0
68831,737,0.22366727346943185,4.64,Rent,16801.66,0
64188,384,0.36207944912436485,5.39,Own,19680.86,0
36491,823,0.3979736521646977,3.81,Mortgage,24054.21,0
33008,551,0.28124499519874346,2.48,Own,10120.44,0
55255,425,0.43193688878612324,2.17,Own,20824.96,0
37335,704,0.22510847944606502,11.11,Rent,13143.59,0
51537,603,0.11731228688829773,4.3,Mortgage,8858.26,0
42757,327,0.5796338680674682,8.67,Own,21546.21,1
23282,565,0.260022915671575,3.61,Own,11545.5,0
16542,351,0.4567311173302333,1.83,Mortgage,19989.99,1
53400,810,0.3537668034601904,0.48,Mortgage,20394.76,0
41576,506,0.43449933855650213,1.96,Rent,24716.96,0
41703,810,0.15546826125783889,10.61,Own,21176.84,0
60437,500,0.3594239375580496,6.22,Rent,21516.65,0
67601,583,0.29610977675611017,7.7,Own,20898.3,0
45911,656,0.3259247834168538,7.42,Rent,16128.29,0
44891,346,0.5831041664721182,0.64,Own,21776.87,1
57502,436,0.16814445241844614,0.86,Mortgage,13687.07,0
29645,429,0.47735008820569913,1.91,Rent,11882.15,1
53347,494,0.2651713970866407,1.79,Mortgage,17974.03,0
58278,663,0.24517899381188116,0.34,Own,21196.16,0
60203,731,0.23538869794963266,0.83,Mortgage,14144.63,0
20948,368,0.2743907766114455,9.7,Rent,13026.64,1
38579,757,0.27855852979680307,4.45,Rent,7820.78,0
36826,839,0.2353735025909857,2.09,Mortgage,10888.19,0
51498,634,0.433746573886738,3.74,Own,11518.17,0
57211,825,0.1238609918501247,1.51,Rent,21129.36,0
72450,315,0.2661469029029421,4.38,Own,12976.38,0
42575,755,0.24010280341803467,0.39,Rent,17406.47,0
42536,809,0.47570901027493506,11.65,Own,7496.6,0
67245,508,0.1732492720097765,1.38,Own,21502.24,0
54448,457,0.5703435710486164,8.55,Mortgage,16177.6,0
69014,636,0.18525930602257748,5.39,Own,8240.76,0
54330,540,0.2850136820317756,3.7,Rent,12408.1,0
32643,357,0.1998500967195613,13.28,Mortgage,11123.88,0
30003,604,0.24334897173604528,0.85,Rent,16157.84,0
26727,644,0.4805123503340625,0.64,Mortgage,13213.07,0
59930,313,0.33820235936918,1.94,Mortgage,13509.74,0
67828,658,0.181287858655125,8.87,Own,10814.16,0
77740,676,0.12331743932228686,0.18,Own,8859.35,0
62646,542,0.21495811008513752,1.37,Rent,19103.55,0
67442,444,0.5728013892630105,2.76,Rent,19983.24,0
41299,714,0.5226583740940167,6.24,Own,11670.45,0
32653,693,0.3200868579620043,1.78,Rent,17494.33,0
62751,657,0.3409976109729915,2.97,Rent,10533.98,0
56265,457,0.5496830696894974,2.05,Own,18925.37,0
51611,317,0.39567269118786763,0.48,Mortgage,14323.2,0
55810,646,0.5403835325743817,6.71,Own,11302.87,0
54847,357,0.3459195521761703,3.09,Rent,9889.92,0
69257,454,0.20004880955941298,8.37,Mortgage,20456.64,0
69424,786,0.46296348997111747,5.93,Own,8046.09,0
58163,830,0.3631966597895063,0.3,Mortgage,14607.32,0
62687,786,0.4342197899842344,3.47,Rent,5404.83,0
57710,450,0.17861545834974732,23.47,Mortgage,10180.47,0
43082,658,0.42380090095947287,1.84,Rent,8643.95,0
61348,667,0.2911285737025603,3.4,Own,2750.44,0
29082,346,0.26599887640559794,5.28,Mortgage,12324.74,1
65808,506,0.43573777053630103,1.13,Mortgage,13333.27,0
32082,749,0.39611955663047826,6.06,Mortgage,9139.91,0
54287,782,0.4245537144683522,5.39,Rent,11947.97,0
37322,442,0.5826665321157456,2.35,Own,13836.43,1
58300,699,0.45059823478470895,1.67,Own,5527.09,0
49491,396,0.4204494811364453,12.57,Rent,15159.41,0
26078,346,0.40677652092070216,0.68,Mortgage,18015.32,1
56310,490,0.2993571246768696,2.83,Rent,16469.71,0
41331,439,0.5195958455710908,7.28,Rent,16569.04,1
63217,530,0.2904693012528553,0.8,Own,14232.13,0
50019,639,0.4501218171627809,13.51,Rent,16743.97,0
55931,790,0.24657182235733358,3.74,Mortgage,20337.88,0
35636,348,0.17387822088314356,3.51,Rent,27569.46,1
41160,752,0.16488165364899807,2.76,Rent,9827.5,0
43120,615,0.4172794283453992,10.1,Rent,10851.35,0
62850,621,0.26397746523979515,14.83,Mortgage,10146.01,0
75160,386,0.23752464429619677,2.39,Rent,21372.13,0
37922,773,0.39602966467823375,3.91,Own,22773.59,0
66152,581,0.11283487723275096,1.89,Rent,18806.42,0
17454,373,0.22311282599233725,2.29,Rent,8356.91,1
32087,752,0.2702736426585438,0.14,Own,13493.37,0
35618,346,0.45418679530359907,7.71,Own,16744.96,1
29712,395,0.3725006235818753,17.42,Own,16707.6,1
26246,330,0.5279943085632247,7.34,Own,24683.49,1
56194,833,0.2672531814992535,3.65,Own,20310.02,0
46788,316,0.24822049613770783,8.79,Own,20068.89,0
55691,511,0.11659870428250527,9.76,Mortgage,12893.06,0
60357,534,0.5758586503191766,3.93,Rent,17078.82,0
53984,691,0.35074607319753415,13.84,Mortgage,6782.39,0
59866,653,0.35126195734690746,0.15,Mortgage,15416.35,0
48957,604,0.5617180726727992,0.05,Own,15887.03,0
32195,849,0.2449591179642899,0.42,Rent,8740.09,0
65867,839,0.26605306502287296,0.3,Mortgage,13504.89,0
41163,808,0.42817384719757157,2.76,Rent,22342.89,0
35966,694,0.4925879774496972,14.09,Rent,14810.08,0
47331,730,0.4496553627162456,5.62,Own,18120.83,0
36307,476,0.4943591412611391,5.39,Rent,26948.44,1
43738,705,0.38755401964529856,2.43,Mortgage,12726.15,0
55160,600,0.5314117413558018,3.82,Mortgage,19252.15,0
55225,744,0.375053365034582,1.81,Own,14069.56,0
36532,426,0.21467031362560454,3.65,Mortgage,20531.7,0
42684,648,0.37085055324930916,6.87,Own,14781.45,0
66114,320,0.45647234257847735,4.09,Mortgage,20280.1,0
57446,719,0.42678766970745574,2.71,Mortgage,21867.46,0
81125,451,0.22150838148536792,9.32,Own,13982.59,0
67701,459,0.12053911400205927,1.69,Rent,20269.94,0
67164,779,0.22624038019529982,3.28,Own,6409.6,0
29181,742,0.5920210356268598,19.12,Rent,15645.46,0
61457,395,0.19223312019522462,17.11,Rent,21543.71,0
49203,651,0.33218587924544674,0.03,Own,26902.03,0
41735,374,0.41917289967878,3.8,Own,8688.18,0
52520,658,0.5397365925247711,2.05,Own,9359.15,0
64178,432,0.4801293187651038,1.72,Rent,12377.95,0
57512,699,0.5544765527803015,4.53,Rent,15822.52,0
36822,438,0.4021918467892426,2.96,Rent,11758.93,0
61136,545,0.5326594040639049,6.6,Rent,19464.95,0
40436,590,0.23192149856960473,0.14,Own,13590.79,0
53250,411,0.3152824210849323,13.08,Own,11436.99,0
45449,469,0.5218862371746372,4.19,Rent,9785.21,0
46717,539,0.2627818338889273,5.76,Mortgage,15275.26,0
61493,636,0.5356110721191975,4.64,Own,17300.76,0
34397,437,0.28155753394416905,22.61,Mortgage,19538.62,0
79177,535,0.2816973518616712,21.45,Mortgage,13072.76,0
22683,302,0.25451645739557227,4.71,Mortgage,17367.77,1
41034,415,0.3734715418187843,5.76,Rent,22878.48,1
55553,771,0.16453436944935998,4.82,Own,21148.29,0
58764,430,0.11830132592400963,1.86,Mortgage,12911.18,0
48492,782,0.5487064899854953,1.07,Rent,18401.14,0
49139,700,0.5644691272868959,2.58,Own,14090.95,0
56158,500,0.13808533094596245,5.74,Rent,12813.7,0
46533,591,0.3748487774807463,0.29,Own,10349.64,0
70897,641,0.36984107987759063,3.61,Own,23867.95,0
62590,515,0.2862153402088087,2.62,Rent,11477.83,0
63092,665,0.38445241025230503,3.75,Mortgage,14212.17,0
35507,768,0.3290596728640325,9.84,Own,5472.21,0
48809,717,0.3448175071022773,0.24,Own,20499.8,0
45493,326,0.47766841154361683,7.21,Mortgage,14834.96,1
34915,754,0.3629801336670586,5.5,Own,20940.0,0
55402,313,0.2618290464026629,1.14,Mortgage,16766.19,0
41935,397,0.3907280560444779,6.62,Own,15672.4,0
59831,578,0.42037699853806276,3.43,Mortgage,19200.31,0
33947,789,0.4311556719996824,3.28,Own,14944.59,0
75785,506,0.40915332548848626,3.3,Own,5801.26,0
36555,532,0.4323013823713999,14.9,Own,16324.81,0
53289,538,0.2550463918336292,14.44,Mortgage,20558.97,0
61877,549,0.3230669565396487,12.24,Own,10684.51,0
41440,605,0.4343530846271738,10.89,Rent,4467.03,0
62787,762,0.47718427080232284,0.19,Rent,11406.02,0
31562,535,0.3170730643291143,2.56,Rent,16644.02,0
71781,590,0.28266642175847256,11.26,Own,9111.26,0
50212,338,0.45794132758642925,7.04,Mortgage,14421.52,0
41053,482,0.21108658991766985,3.05,Mortgage,17047.31,0
45512,329,0.10474609776799929,7.42,Own,10614.59,0
62133,687,0.33558300122522144,1.17,Rent,21457.38,0
41233,442,0.18668657741317043,4.58,Mortgage,18390.23,0
38759,718,0.2891413795181711,3.81,Own,9971.89,0
46676,373,0.24561707513165806,4.26,Mortgage,18480.04,0
32345,354,0.4886309442570612,6.4,Rent,10870.24,1
77308,323,0.26570424969991513,14.96,Rent,12424.36,0
41504,321,0.4203378956946614,1.53,Mortgage,15213.55,1
62474,727,0.43695629829966065,7.1,Own,19121.12,0
53142,331,0.3282271427761777,5.18,Own,14779.98,0
35231,638,0.14053896776445582,5.94,Mortgage,17067.26,0
49910,814,0.4501825430377029,2.8,Rent,22167.73,0
61760,811,0.13758395733768383,14.46,Own,16306.3,0
47176,369,0.149606479850351,3.27,Mortgage,11844.98,0
67896,387,0.19799868438744442,0.65,Mortgage,18487.99,0
65322,518,0.24018789889407896,5.71,Rent,12267.18,0
63783,569,0.5232258501605243,0.69,Rent,13561.42,0
43105,377,0.43746088855224863,1.95,Own,17817.76,1
33802,309,0.2936063942083801,1.29,Own,17929.01,1
40796,767,0.5893137255803766,3.87,Own,14093.88,0
52943,635,0.22180127114157291,2.13,Rent,13435.77,0
58186,485,0.40490719369212724,0.87,Mortgage,24135.41,0
17426,845,0.5236070544765413,7.82,Own,4037.89,0
49878,420,0.5010112889783925,3.16,Own,16824.15,0
52371,573,0.14515387428281337,3.03,Own,15085.13,0
45836,709,0.4486371118372715,10.87,Mortgage,12889.43,0
69369,657,0.22893187777634597,3.87,Own,16441.15,0
56326,397,0.2778667390327334,6.19,Own,10124.73,0
69652,540,0.3444959911555827,1.99,Rent,8487.0,0
46760,413,0.49537508303269673,4.12,Rent,20205.51,1
64062,786,0.18310072133452363,6.48,Rent,11634.86,0
74525,540,0.15427761751980837,1.76,Mortgage,14387.5,0
69675,455,0.17672062252182233,5.83,Rent,3722.77,0
33617,651,0.20911176779599158,4.21,Own,6328.78,0
46194,343,0.12975092690551457,2.85,Own,16263.58,0
44822,611,0.5631782347850387,6.24,Mortgage,20417.89,0
57338,437,0.2595417035443742,1.91,Mortgage,11569.2,0
60295,735,0.1884878149332103,6.27,Own,23160.32,0
37416,442,0.41891710184103514,4.0,Mortgage,21430.79,1
51017,598,0.4934980593833145,1.41,Own,19426.8,0
19701,561,0.47661708280070836,5.52,Rent,20419.33,1
71629,811,0.4593535963935461,10.8,Own,21572.65,0
42314,361,0.12526498771898356,1.86,Mortgage,12399.09,0
50837,722,0.4910797596102231,8.37,Rent,12637.0,0
45355,695,0.35093932062592903,2.05,Own,18481.54,0
67190,330,0.42454301001575845,8.61,Mortgage,8782.13,0
7437,629,0.5782123122696132,0.26,Mortgage,16661.11,1
49750,468,0.505336269237028,0.04,Rent,17295.29,0
48412,565,0.5126860046130024,0.6,Own,18495.23,0
43195,607,0.19073360943908582,10.36,Own,17867.28,0
75893,758,0.33820856316153225,3.81,Mortgage,8561.46,0
36690,484,0.5746627425051779,4.51,Rent,6472.05,0
61576,633,0.39134262603535275,9.23,Own,15329.57,0
55343,814,0.15129318488211915,0.26,Rent,27228.72,0
68922,740,0.4659099124426207,2.45,Mortgage,10194.04,0
39992,690,0.12146342355252496,5.15,Own,13389.37,0
39005,553,0.4711486335018693,2.59,Mortgage,16489.66,0
66441,634,0.5398863135613238,0.16,Own,12305.41,0
56379,699,0.3126250703066674,5.26,Mortgage,18276.78,0
26825,465,0.3068064314925436,2.48,Own,18554.46,1
41910,559,0.25210568862736327,0.1,Rent,22707.62,0
55795,303,0.5384691425518664,0.93,Own,17749.85,1
62566,418,0.37389230202419343,1.23,Own,13348.51,0
39811,769,0.3896299703173094,3.57,Mortgage,19341.2,0
6286,769,0.4308536954249773,1.03,Own,14798.46,0
57848,792,0.2501154737814385,2.24,Own,13114.84,0
31695,799,0.3163931556752059,6.94,Own,12931.53,0
19739,369,0.4708028811031494,8.24,Mortgage,12529.26,1
7515,669,0.5927434842694926,7.93,Own,20446.36,1
62209,480,0.11715277003226512,5.94,Rent,20372.43,0
51929,304,0.12132424897328373,3.9,Rent,16410.65,0
46615,496,0.31404124099146413,4.0,Mortgage,12771.83,0
70835,346,0.4298109174048067,15.33,Own,15939.08,0
59559,439,0.29318231241765846,10.51,Mortgage,11324.85,0
74244,839,0.5998193269825897,5.25,Own,14538.37,0
29108,726,0.19767962904306793,3.16,Mortgage,7441.87,0
49481,609,0.10396272900371376,6.53,Own,14430.34,0
25749,573,0.19506468115638456,0.32,Own,19357.46,0
46559,838,0.5434211875506505,14.47,Mortgage,12338.47,0
46270,689,0.1725744964342323,3.97,Mortgage,20145.17,0
59399,758,0.3394873901533204,3.49,Mortgage,18065.34,0
50683,660,0.3096380903607241,1.72,Own,17179.27,0
59351,368,0.43286266064556445,0.02,Mortgage,12186.34,0
60551,730,0.12729779320972648,0.32,Own,10451.11,0
82323,331,0.429375085533113,1.53,Rent,20017.99,0
45270,812,0.2773758219911677,3.9,Rent,9120.65,0
35884,481,0.5630197795412494,0.44,Own,13046.31,1
53691,547,0.5244436647929529,17.89,Own,16231.36,0
37965,596,0.2997531242387931,2.65,Mortgage,27073.8,0
72229,329,0.5964459217589263,1.9,Own,18588.43,0
45751,601,0.1259718763281236,3.72,Own,11690.26,0
41516,775,0.4943161100320954,0.34,Rent,14911.71,0
42930,651,0.31691826201368134,9.5,Mortgage,13833.24,0
60776,781,0.31665257229379273,3.08,Mortgage,16639.26,0
47633,616,0.18506689907267135,0.98,Own,19988.26,0
40374,696,0.35743995998613043,0.88,Mortgage,11905.65,0
74980,388,0.14235924844004264,2.24,Rent,15973.97,0
37157,533,0.40828858950018865,4.26,Rent,19882.56,0
50533,467,0.22079522042694363,2.7,Rent,9010.04,0
59784,425,0.462429022884685,4.54,Own,14309.56,0
25529,419,0.4036807591282864,6.11,Own,13160.69,1
57203,727,0.473202504375723,6.9,Rent,14902.66,0
34173,489,0.4748710351171056,2.56,Rent,3907.26,0
62341,727,0.1983545226102206,6.31,Mortgage,11481.84,0
35560,501,0.10033736474329805,0.76,Mortgage,4447.25,0
60391,358,0.28288062969636885,3.6,Mortgage,9669.21,0
66587,522,0.5595346078982545,0.38,Mortgage,15674.11,0
62921,791,0.3889496923179171,1.4,Rent,17050.67,0
53769,310,0.4637510028125085,4.38,Mortgage,13029.42,0
46530,811,0.5397851687617765,6.74,Rent,4437.36,0
41353,609,0.5530291238623486,0.5,Rent,12066.19,0
72065,333,0.36451257865471365,1.16,Own,8725.5,0
39507,639,0.3704710424560276,24.08,Mortgage,13724.22,0
34444,780,0.5254694206165582,2.06,Rent,15480.8,0
59980,392,0.5037427176450069,1.67,Own,6942.39,0
38057,432,0.44942929995272274,0.45,Own,13083.32,0
35749,718,0.40223214705815324,5.93,Rent,3983.28,0
28345,767,0.40860755128928006,3.55,Rent,14037.12,0
42756,743,0.28145567231169255,0.86,Mortgage,14018.16,0
48759,329,0.5204588737008455,5.01,Mortgage,7453.96,0
53646,597,0.4088898525436304,3.73,Rent,7770.73,0
64269,360,0.2117640311207655,4.16,Rent,23827.58,0
57903,757,0.21992163925476918,26.35,Own,16704.96,0
47136,603,0.5308015068866148,0.15,Own,11505.35,0
47027,639,0.4128537728182944,12.32,Own,13344.01,0
57652,747,0.2993520642139659,9.22,Own,9047.56,0
69088,601,0.1935503796176438,2.68,Own,16115.95,0
51894,839,0.40510798662260084,10.64,Mortgage,14420.8,0
42963,784,0.19215519000975254,5.23,Own,18646.77,0
35107,376,0.3350835156091505,11.01,Rent,20130.98,1
28321,814,0.4387552671206182,4.52,Mortgage,21745.6,0
59994,848,0.3827077171605604,1.22,Own,19299.08,0
58669,391,0.5610499500631342,4.29,Own,13917.26,0
58660,765,0.11986060092588449,0.99,Own,8208.76,0
48070,765,0.23989743792570142,0.76,Rent,13531.76,0
71104,339,0.12854305061899055,5.31,Own,14757.52,0
42738,628,0.19730211501074976,14.73,Rent,16976.48,0
64329,584,0.16199166792276534,4.44,Rent,12194.49,0
49418,365,0.46633081351011574,7.94,Own,8994.13,0
40874,408,0.284687970647199,0.92,Own,16280.65,0
58887,714,0.5625221356015103,5.31,Mortgage,27086.1,0
56144,391,0.11168886084603527,6.6,Mortgage,22133.55,0
55354,667,0.426462092472089,0.21,Mortgage,20955.02,0
51219,722,0.5852724001327442,0.51,Rent,13153.75,0
49431,539,0.18791935990500933,7.61,Own,11243.79,0
85825,734,0.3212161151427909,2.9,Mortgage,18811.11,0
67763,511,0.4509449455851371,2.6,Rent,21303.42,0
60842,699,0.4165689996615839,12.65,Mortgage,13687.96,0
51676,825,0.38301356528283537,24.12,Mortgage,12078.19,0
65107,767,0.2633780635272026,7.23,Own,12317.13,0
57769,469,0.46409997676645065,7.87,Own,16071.82,0
50393,509,0.4266276385341682,1.17,Rent,14667.49,0
45446,555,0.18140014272187574,1.07,Own,15072.97,0
48786,372,0.5820453656528481,19.73,Mortgage,21212.32,1
2443,446,0.37783645447005976,5.94,Rent,19329.23,1
53159,639,0.3627308005179508,5.8,Rent,14126.69,0
42672,616,0.5241183387937348,1.69,Rent,14995.15,0
73890,453,0.42020675531448837,10.88,Rent,20071.14,0
50290,554,0.13723964330318764,0.23,Own,17642.47,0
32165,650,0.35329468689513,1.61,Mortgage,23240.57,0
49251,846,0.4902982464470067,0.99,Own,18382.43,0
34308,611,0.44999006008844566,6.21,Own,16293.3,0
57101,433,0.5853843620713735,6.28,Rent,12539.33,0
54364,428,0.11245813984296552,3.83,Own,7153.9,0
64367,735,0.23060947832020093,0.03,Own,20302.21,0
38136,579,0.3745782281412128,10.35,Mortgage,20357.32,0
50510,657,0.4097448995103746,15.57,Rent,21820.13,0
29524,551,0.23717799295387207,1.13,Own,8900.85,0
60522,434,0.5134008331879321,9.23,Rent,16913.31,0
57783,822,0.18217389645800644,18.11,Mortgage,11645.28,0
57437,618,0.10042455481085907,1.98,Own,14490.66,0
50024,379,0.5761956991880648,1.02,Mortgage,7188.61,0
56221,490,0.29577839721504984,18.98,Mortgage,11605.22,0
74065,752,0.5787449004780468,0.31,Rent,14481.6,0
45723,643,0.23896580017261201,1.61,Rent,16972.7,0
52079,329,0.13172431756561295,6.77,Rent,18749.46,0
33708,713,0.48625980227651155,4.8,Own,22954.38,0
36976,667,0.5179097659128491,5.77,Rent,14404.87,0
51467,801,0.34604344942381793,6.16,Own,12648.9,0
66559,320,0.13692517008893232,5.79,Mortgage,16745.75,0
46155,848,0.42706703748666885,2.09,Rent,16526.83,0
46461,545,0.19107198723757865,1.87,Mortgage,9422.33,0
43896,582,0.5246907740781421,2.8,Rent,8915.5,0
41978,531,0.2370115597710956,8.24,Mortgage,26461.3,0
54424,615,0.5238531951569638,13.93,Own,16365.2,0
27541,635,0.3134622709467597,3.04,Mortgage,18982.44,0
69214,710,0.39824391962407535,0.45,Own,17834.04,0
40018,544,0.49478125841048315,13.93,Rent,17373.44,0
60828,686,0.12021962149146567,0.42,Rent,21340.54,0
30950,657,0.5105830030948925,0.87,Rent,26183.36,0
60032,321,0.1693240208827488,10.11,Own,17793.07,0
60079,318,0.2792091776014932,4.01,Rent,15603.17,0
55763,586,0.3363905150555315,2.17,Own,20086.54,0
35083,575,0.5477132918343143,13.36,Own,13873.62,0
53743,371,0.11122031394779555,16.16,Mortgage,8981.55,0
32254,664,0.37960130414839266,2.01,Rent,18265.37,0
46208,634,0.4212612500311973,10.14,Mortgage,10471.9,0
65441,498,0.25829115454953677,5.67,Own,11067.82,0
61950,316,0.2452433856547299,1.6,Mortgage,8671.33,0
50227,517,0.3452345792552338,14.19,Rent,2441.78,0
35377,446,0.1935502089323363,0.33,Own,8398.61,0
59683,509,0.3340594648024796,1.91,Mortgage,15536.14,0
50290,713,0.4825126617450737,2.52,Rent,21001.71,0
15195,629,0.5226977520802574,5.87,Rent,12329.51,1
61739,651,0.2925806924494504,0.2,Mortgage,11535.05,0
49636,462,0.40865085657184275,11.03,Own,14682.22,0
68036,400,0.10001025898044749,5.38,Rent,14640.7,0
33570,626,0.3751762418357262,1.61,Own,14720.23,0
2349,626,0.587618152696245,5.37,Rent,20308.42,1
54186,454,0.25613251358060574,3.85,Own,13456.89,0
54373,309,0.3973880621046231,2.05,Own,12552.56,0
24639,652,0.48114182882280654,0.15,Rent,15067.18,0
35322,482,0.4044665104948213,4.0,Mortgage,18259.01,0
91328,754,0.30924998523341973,0.43,Mortgage,29318.66,0
45415,305,0.17628778665476572,8.31,Mortgage,23729.32,1
60964,632,0.33185069872911543,0.46,Own,16233.52,0
40240,632,0.2473921045892958,2.8,Mortgage,12437.77,0
18645,557,0.4479601443806488,2.85,Mortgage,14571.49,1
47446,510,0.32095638385723835,4.06,Rent,11640.53,0
46015,350,0.5249398823036607,0.2,Own,16083.76,1
44001,744,0.1966612184465882,1.14,Mortgage,16613.58,0
48280,676,0.30886006102678676,1.11,Rent,18054.75,0
53964,785,0.37875248819740415,4.57,Own,5164.65,0
47748,350,0.1630073380141476,1.53,Rent,10624.55,0
31039,453,0.3939550389172445,0.78,Mortgage,22263.42,1
57292,609,0.24546070266378803,0.09,Own,9490.09,0
20759,698,0.21476859007432977,9.18,Own,11161.77,0
19244,433,0.17095536986467239,17.8,Mortgage,13378.11,1
61087,519,0.2749409628167556,6.07,Rent,22107.12,0
57605,462,0.5644912075971034,2.66,Own,18316.56,0
49139,801,0.11550292966552925,0.65,Own,13610.4,0
29068,414,0.5260781041539696,3.22,Own,12696.23,1
39381,798,0.2986804488925704,3.06,Mortgage,11587.89,0
46058,771,0.3808008193631923,2.72,Rent,8722.21,0
26061,448,0.3564061484626858,2.38,Mortgage,10941.98,1
38914,540,0.5628701308036168,3.43,Own,23806.13,1
59784,422,0.48506463460285676,0.38,Rent,22443.95,0
71409,368,0.5924117676639746,0.2,Rent,13284.56,0
43708,362,0.4972149758108487,0.33,Mortgage,12527.55,1
61347,315,0.24794424710334365,1.12,Mortgage,20702.16,0
21289,689,0.581441839679657,1.63,Own,11978.14,0
59891,557,0.5917828954039617,0.93,Mortgage,18335.13,0
37940,516,0.16154685180834974,1.45,Mortgage,9466.58,0
54610,778,0.5505220918914886,1.03,Mortgage,15844.2,0
46283,413,0.43210109144658104,0.82,Mortgage,12641.32,0
69806,679,0.5609968850165569,1.73,Mortgage,17294.74,0
36883,536,0.5578695101094934,2.53,Own,21452.79,1
59414,775,0.5456865155936084,6.82,Rent,11972.99,0
45807,428,0.5426377968411894,15.57,Mortgage,9670.22,0
47625,809,0.1588231194966093,12.56,Rent,13509.28,0
47242,464,0.171757854139131,3.23,Rent,21687.54,0
37314,576,0.15888970968848334,3.09,Mortgage,15661.1,0
49788,556,0.14551454440014264,0.67,Mortgage,14626.03,0
49060,431,0.2766426425369942,17.83,Rent,20769.17,0
53618,556,0.4419792071623211,7.14,Own,17592.04,0
51267,440,0.27734630653629244,9.41,Rent,26603.34,0
61969,508,0.4601501666375474,1.33,Own,9544.44,0
63852,818,0.5101415625101013,2.56,Rent,14954.37,0
34240,350,0.43310737007320854,0.54,Mortgage,8086.95,1
63031,802,0.3325523631414844,14.14,Own,9546.94,0
32204,558,0.24775871979547845,1.68,Rent,21567.61,0
58817,477,0.16220168122761544,4.53,Own,10487.34,0
59296,842,0.34682591395569184,0.83,Mortgage,22829.14,0
21330,655,0.4597994766849487,8.12,Own,9457.8,0
51394,617,0.37412160575202413,1.03,Mortgage,14537.23,0
42972,663,0.46074095964523143,8.29,Mortgage,9030.36,0
38618,354,0.2676098361717504,2.57,Own,18275.21,1
70262,455,0.13339803152767402,4.31,Mortgage,16022.08,0
40194,343,0.48554896301628836,1.57,Mortgage,21289.08,1
37904,841,0.209862055914778,10.72,Mortgage,19219.84,0
51135,621,0.40814253011801194,7.13,Own,15616.46,0
60283,313,0.5021463722773666,2.19,Mortgage,15575.11,0
47875,656,0.16955500092233836,4.4,Rent,8673.44,0
67495,782,0.3992473550066379,0.69,Mortgage,16909.77,0
57964,658,0.4446871809200469,0.87,Rent,14517.58,0
17326,617,0.47326543340946226,3.81,Own,18294.76,1
42057,374,0.1738333055707438,5.12,Rent,18745.32,0
41572,493,0.5125580809896857,4.08,Mortgage,11788.03,0
57190,662,0.14707428307523499,4.1,Mortgage,11382.04,0
10627,395,0.3597917340784037,6.78,Mortgage,15385.15,1
88235,339,0.32170634809893994,11.63,Mortgage,13691.05,0
57965,696,0.21088303711777664,2.45,Mortgage,7697.97,0
52233,406,0.2509653707236196,3.85,Mortgage,9982.08,0
67723,316,0.18221789164445093,11.18,Own,20377.0,0
85154,826,0.3128630974106267,3.12,Mortgage,17241.69,0
63061,798,0.1177554637852801,2.95,Rent,14865.11,0
64232,824,0.5444576376480778,7.27,Rent,21251.15,0
51960,342,0.18174366751829765,10.49,Rent,14691.62,0
47877,649,0.5430088782279743,6.69,Own,18532.44,0
42863,329,0.5317887000670016,0.53,Rent,14815.33,1
37608,740,0.3258386035788434,3.13,Rent,15302.24,0
39694,841,0.3488628561075462,1.19,Rent,30706.73,0
29741,754,0.2509567702672407,1.91,Own,11528.97,0
48861,393,0.5984372999877651,3.16,Rent,17753.9,1
24729,594,0.43538609529511174,1.25,Rent,17646.49,0
52863,848,0.5759041429677761,3.63,Own,20749.84,0
49455,388,0.3073984221940891,5.15,Mortgage,14637.43,0
52204,802,0.5415082897163932,10.39,Rent,25005.52,0
42168,513,0.3241173166085335,1.19,Mortgage,13194.94,0
96152,721,0.5334144360506563,1.86,Rent,12757.53,0
70401,825,0.16546327974742983,2.6,Own,19216.83,0
31331,491,0.4184272133842546,1.27,Mortgage,21151.43,1
53493,523,0.43935175741957333,2.02,Own,8763.09,0
40879,686,0.4280853486432137,10.74,Mortgage,11148.3,0
34782,773,0.32351380901967186,0.75,Own,15853.09,0
29898,502,0.441958055015398,2.93,Mortgage,17974.1,1
56483,746,0.21973155040829653,1.86,Mortgage,21742.84,0
39779,367,0.39792429724854306,0.4,Mortgage,15576.7,1
64517,391,0.3771174622246646,0.51,Rent,20772.91,0
64906,477,0.2591697610652135,7.68,Mortgage,5981.74,0
70608,302,0.4894319044906147,9.56,Mortgage,8994.69,0
37214,402,0.1404360327293405,6.76,Rent,14961.54,0
57130,572,0.185719830646035,3.87,Rent,20221.92,0
59486,833,0.33557501980971893,7.41,Own,13389.3,0
42887,415,0.5458683489625479,0.82,Own,13544.44,1
38423,763,0.38757977726397363,7.58,Rent,16906.73,0
74142,403,0.5210334254695965,2.75,Rent,13862.33,0
53412,558,0.3587848595737967,6.94,Rent,22017.84,0
59539,607,0.49272798430547293,1.29,Rent,15495.52,0
37668,666,0.2628986973728126,8.94,Rent,27294.34,0
31710,601,0.507571158593819,4.2,Own,15758.72,0
41458,326,0.30084303528288436,0.04,Rent,13105.69,0
48139,807,0.37941558070592807,3.66,Rent,15445.03,0
34036,826,0.1879407457650805,1.86,Own,20471.54,0
49852,664,0.5602165120527783,0.3,Mortgage,14177.4,0
24672,597,0.4507295597186375,2.96,Own,945.66,0
33199,660,0.5294274095746895,1.87,Own,12630.67,0
60063,803,0.20393145357771622,1.14,Rent,3412.15,0
59056,329,0.13384217763461823,2.15,Mortgage,17579.87,0
44121,738,0.2686046316555074,0.99,Own,9394.6,0
34733,639,0.3583426954774659,1.78,Mortgage,15236.72,0
34588,425,0.5011849414795176,0.61,Own,7643.28,0
44400,665,0.2988632077530442,0.44,Rent,14574.02,0
59667,742,0.2349791624505291,12.04,Own,15849.25,0
63923,562,0.2862725562076902,11.65,Own,12527.68,0
42552,521,0.4518037052305779,8.8,Own,14773.78,0
32697,301,0.26810904847550854,1.31,Mortgage,6582.83,1
54017,693,0.5895828131775708,6.47,Mortgage,15224.55,0
37646,605,0.18748954436036983,4.45,Rent,11807.78,0
42226,445,0.4765480623170013,0.26,Mortgage,15442.77,0
69879,829,0.39458180619121164,11.49,Mortgage,14398.02,0
62406,827,0.21654780007827087,31.03,Mortgage,13803.93,0
52369,607,0.47680681857033924,6.17,Rent,12763.25,0
30921,639,0.3237701052789256,1.32,Rent,16367.67,0
53170,651,0.4411991377715101,4.04,Rent,23336.29,0
65939,508,0.4311286225823211,0.58,Rent,14333.16,0
44365,504,0.15532171662403313,1.77,Own,17703.22,0
70266,314,0.5199915124308736,6.32,Rent,22824.36,0
69391,727,0.44073745318915947,1.79,Rent,17012.83,0
74955,775,0.4902933563183324,0.8,Own,18772.15,0
54578,597,0.32388291748203435,0.04,Own,10713.31,0
58810,393,0.1975308608513983,4.25,Mortgage,16809.85,0
71212,406,0.2631067618736658,17.32,Mortgage,16760.46,0
56710,718,0.5507346141971281,3.31,Rent,23882.97,0
42481,577,0.5690093009257142,1.2,Mortgage,8763.0,0
43271,427,0.34093319926364385,3.11,Own,25867.82,1
53578,758,0.24939778757469708,4.61,Mortgage,20748.55,0
30641,337,0.4651555620542489,8.08,Mortgage,19828.17,1
47851,497,0.4829965051331375,3.01,Rent,9256.59,0
66448,656,0.5077331487034572,0.95,Own,10475.59,0
17131,306,0.115541905361248,1.04,Own,18125.14,1
73017,631,0.10486693619831658,11.5,Mortgage,4597.75,0
66835,818,0.2785778141409263,1.35,Mortgage,7472.51,0
43103,493,0.1762483088882549,6.51,Mortgage,18979.9,0
58150,615,0.5024909292570572,1.57,Rent,20950.64,0
50047,300,0.3664219267893212,6.37,Mortgage,25711.05,1
68449,361,0.5126740631808989,0.41,Mortgage,13328.42,0
64740,642,0.18845653837206758,1.16,Rent,10666.45,0
28998,317,0.4136113544309139,2.63,Own,11160.5,1
58808,670,0.3900860454176366,3.62,Rent,17259.66,0
46915,534,0.2701891504196342,2.18,Mortgage,13996.07,0
51242,368,0.3585406502788807,4.26,Mortgage,8226.06,0
39077,746,0.3945137685623593,1.97,Own,17623.78,0
76222,307,0.5447439022679107,5.67,Rent,9871.09,0
65600,761,0.127819192378092,3.58,Mortgage,18723.82,0
38903,610,0.5116869334123803,6.11,Own,18531.03,0
29980,433,0.5900781946404737,2.82,Mortgage,13515.95,1
44214,684,0.4658875290543163,10.46,Own,16427.69,0
56517,355,0.46867349113039514,2.41,Mortgage,13541.14,0
53603,659,0.20898714872004806,1.84,Mortgage,14646.11,0
68796,413,0.36153664047456857,4.07,Own,8593.84,0
61848,387,0.4529701600916327,3.56,Own,-1973.4,0
64543,437,0.40114050217646013,3.65,Mortgage,14370.75,0
54902,407,0.29256580355839046,7.95,Own,10028.23,0
29160,799,0.5700592050278774,4.44,Mortgage,10725.0,0
47064,834,0.3569933706939368,10.83,Mortgage,10425.79,0
65901,443,0.5849379327177643,4.83,Rent,19754.29,0
49227,355,0.3819378407512115,0.11,Mortgage,20378.93,0
57546,305,0.49669172334146383,10.22,Mortgage,16705.6,0
45218,841,0.4710115515769101,9.16,Own,13366.24,0
34552,746,0.4304118875964633,0.25,Rent,16654.31,0
48149,684,0.10723042287690546,0.67,Own,20491.02,0
54635,606,0.1387145752501525,4.06,Own,23307.34,0
40164,601,0.3907421441023209,0.22,Mortgage,11219.94,0
46464,704,0.5558907108676416,2.65,Mortgage,7407.72,0
35908,809,0.4005708334314224,18.52,Mortgage,16548.41,0
66788,372,0.21799799791891614,0.95,Own,6023.02,0
45583,564,0.26010920080777356,1.15,Own,16384.75,0
71791,526,0.41157993704013596,5.64,Mortgage,16113.76,0
72931,492,0.3985272328075087,0.22,Own,14335.25,0
48784,673,0.5778514551075523,8.59,Rent,23950.19,0
34873,309,0.3645422820037745,1.11,Rent,15385.47,1
18711,601,0.2775074409866197,3.79,Rent,17764.34,0
27919,658,0.36249637837070914,1.43,Own,20783.53,0
29392,351,0.4931169916354009,5.38,Rent,14652.23,1
70677,398,0.3701819028919383,4.42,Mortgage,13028.28,0
51737,312,0.2630262751438569,14.63,Mortgage,13182.42,0
55844,689,0.2693105255525392,2.95,Mortgage,17110.4,0
16693,656,0.47840590962117524,10.39,Rent,16609.08,1
32030,310,0.13322413843064093,4.29,Rent,23559.74,1
63306,380,0.23737763808725618,12.29,Own,11826.2,0
54301,560,0.1765187952042708,1.73,Mortgage,13823.21,0
47791,305,0.5723378165986157,3.99,Own,19771.85,1
58472,757,0.14504713158408925,2.47,Rent,18282.54,0
74536,672,0.4790918047981283,0.34,Own,14715.39,0
46684,780,0.4152127847345851,4.27,Mortgage,14022.92,0
51040,521,0.4164022003354856,7.9,Own,12492.45,0
52888,380,0.4817165135739425,4.06,Own,10478.15,0
85881,814,0.3002439860368967,1.64,Rent,14876.06,0
18509,359,0.300371682498637,1.53,Rent,17919.87,1
60248,520,0.24435289111872785,1.36,Rent,16848.0,0
48277,648,0.39887501844283035,19.47,Rent,14588.2,0
58501,527,0.5649026260551291,2.55,Mortgage,16592.23,0
40139,589,0.5619915996954656,1.91,Mortgage,10232.82,0
49265,592,0.4514803360906926,2.71,Own,17834.32,0
60671,492,0.5530928855165251,0.62,Mortgage,7841.48,0
96693,773,0.5817594141778842,1.09,Own,16274.85,0
62120,556,0.4975524715013957,3.56,Rent,17957.63,0
37279,805,0.3039166644716731,8.02,Own,15524.24,0
43643,687,0.3416124831658526,10.45,Own,15032.43,0
43198,697,0.5656284600477993,10.05,Mortgage,9705.93,0
23065,665,0.4350040376373552,14.48,Own,14780.73,0
45048,589,0.5103469805930877,0.67,Mortgage,24911.66,0
60992,608,0.1580570178727089,0.21,Own,14660.63,0
30886,577,0.1969507075453221,0.56,Mortgage,13618.39,0
65727,763,0.2720542336614844,4.59,Rent,6918.78,0
57316,488,0.19412032777977625,4.06,Mortgage,16826.6,0
38986,477,0.5532325323257701,5.56,Rent,17187.54,1
47877,827,0.20844527349873584,2.32,Mortgage,12620.65,0
73974,674,0.378591857165248,2.48,Rent,13776.62,0
61003,753,0.14272693507473852,3.94,Rent,8352.99,0
50131,516,0.17748092326193435,0.41,Mortgage,15616.54,0
46434,341,0.22370756748560247,8.04,Rent,17486.17,0
51149,493,0.5914467007421931,12.81,Own,3711.58,0
42323,626,0.498531878501956,2.45,Own,14816.11,0
18428,672,0.43677752938478454,6.73,Rent,23651.81,1
80632,764,0.5581309919249009,3.98,Rent,15752.74,0
52329,462,0.5781043296838074,1.35,Rent,17459.38,0
55972,575,0.3267864571393746,0.35,Mortgage,20293.49,0
49131,663,0.26384472472131404,1.41,Own,17843.08,0
38973,779,0.25765766342713714,4.64,Rent,13206.16,0
47211,759,0.11786455104072427,0.21,Rent,6903.32,0
26009,564,0.23981904686316893,9.05,Mortgage,28514.17,1
84156,838,0.277522983596872,17.58,Own,18729.67,0
31482,685,0.11844941972436682,0.44,Rent,19220.41,0
34520,384,0.5413024078094479,1.42,Own,20201.91,1
43396,615,0.5239283678998718,5.63,Mortgage,20595.69,0
69321,542,0.22575045996720142,8.2,Own,18977.38,0
50217,768,0.5012794501547927,2.12,Rent,15143.59,0
31457,641,0.49810593954085713,3.62,Rent,13401.46,0
68815,476,0.26750637986752523,11.12,Own,18660.46,0
60965,429,0.44853401931554715,2.43,Mortgage,15725.67,0
58076,382,0.24492891901506722,0.43,Mortgage,15565.33,0
60736,659,0.13513811794384997,26.39,Mortgage,19927.49,0
85915,387,0.35239891696448933,0.99,Mortgage,25484.14,0
82776,831,0.31916352043952967,0.25,Rent,10294.4,0
39699,770,0.16907645725968948,2.64,Own,17400.52,0
74358,797,0.34527666849504224,0.65,Rent,9970.3,0
55747,806,0.5746878728784581,19.25,Own,15976.98,0
57486,653,0.46569657359456507,2.4,Own,6594.09,0
24615,715,0.46943615497289704,8.74,Mortgage,11513.66,0
47444,350,0.4787753975411452,0.97,Mortgage,15102.86,1
37807,362,0.4723169036342728,0.75,Own,20349.0,1
62420,388,0.10995071770030337,5.24,Own,7598.21,0
66066,489,0.5623454678469658,12.0,Own,17167.4,0
18882,647,0.5150688822193866,0.61,Rent,14821.34,1
49669,837,0.23728970371650135,4.45,Own,22318.1,0
66827,475,0.3763717524183151,0.44,Rent,12978.37,0
47199,663,0.40750296497658356,8.36,Own,17170.96,0
60935,782,0.16597251455812254,12.0,Mortgage,14219.45,0
55267,418,0.22698168842856373,4.95,Own,10115.83,0
55124,468,0.11162521764207603,5.83,Own,12139.18,0
45930,446,0.5319758600271327,0.29,Rent,11217.09,0
31751,736,0.11245253487310022,0.38,Own,6271.19,0
33177,738,0.2593479189304335,0.99,Rent,22731.44,0
60640,488,0.13912324647311156,1.6,Rent,13208.19,0
50291,459,0.4907029630855261,7.13,Mortgage,17389.26,0
47922,701,0.5624913865355939,2.86,Mortgage,9468.14,0
43641,317,0.3814078099088962,0.41,Mortgage,15231.75,1
45422,439,0.16978340865416083,9.57,Mortgage,17532.48,0
65703,414,0.37908042914305073,25.44,Rent,15435.36,0
44971,627,0.48517061972633935,3.04,Own,10849.33,0
29884,524,0.45920810261315026,3.58,Rent,19044.49,1
61154,738,0.4708595029332776,0.41,Mortgage,4758.01,0
46926,849,0.23958692127673883,2.41,Own,7117.52,0
50470,685,0.13686876129212114,2.32,Rent,14419.96,0
74113,820,0.1744818192742251,16.88,Own,3021.73,0
49691,552,0.5777532425394704,5.4,Rent,11075.54,0
54337,397,0.40675699354799055,7.62,Own,12643.18,0
32316,370,0.46394980293196275,0.69,Own,22604.62,1
46704,746,0.549532295890303,2.7,Mortgage,11699.64,0
59142,389,0.5263772832756459,1.06,Mortgage,12389.0,0
26669,729,0.20920092485955952,9.84,Own,5753.04,0
53012,518,0.12903002230437685,0.83,Own,15380.96,0
51511,406,0.5625641004317293,2.89,Mortgage,15049.61,0
50619,775,0.5908341463188785,0.28,Rent,9536.52,0
65557,753,0.38367209675698766,5.03,Own,19569.21,0
55016,843,0.5442009574188897,3.29,Rent,19243.44,0
72171,425,0.21590802485737667,3.45,Mortgage,12203.48,0
35096,446,0.15551935229492567,0.54,Own,5375.58,0
52038,579,0.349908468704207,3.61,Rent,9639.1,0
51267,323,0.505591709741893,4.15,Mortgage,22672.07,1
33961,419,0.42732681162016617,16.46,Own,15696.34,1
64344,596,0.4186600840718827,0.17,Rent,11169.61,0
84870,381,0.10872945411258308,12.8,Own,21831.16,0
49744,747,0.2587464461825456,3.27,Rent,14073.71,0
57575,769,0.5697478932612406,1.18,Rent,15066.79,0
51267,722,0.16713676975846173,5.48,Own,26954.15,0
39296,844,0.4631829725935771,3.64,Mortgage,19605.76,0
22688,323,0.4796555769040223,1.29,Own,13572.44,1
39413,360,0.4664166215961444,4.93,Mortgage,16849.66,1
29120,383,0.5946424470500882,3.21,Rent,17754.88,1
75561,524,0.3046041056759624,5.84,Rent,19107.64,0
48273,485,0.44109669610450963,5.84,Rent,9817.0,0
44811,674,0.1968275566919012,3.2,Mortgage,23148.1,0
63337,371,0.29985495793554395,2.48,Rent,22121.62,0
33173,373,0.3457803012165632,0.33,Own,10355.32,1
38497,640,0.20741377055001278,3.4,Rent,14927.85,0
51021,452,0.5534053711794299,1.39,Mortgage,15373.71,0
65431,395,0.4580989152336812,0.27,Mortgage,15801.64,0
57525,744,0.24187888404624738,2.01,Own,18877.35,0
53724,409,0.16747821964879714,0.46,Own,13340.77,0
51171,757,0.24393366421125387,4.33,Mortgage,17160.01,0
56003,350,0.4114926911215422,3.5,Mortgage,18165.38,0
53024,676,0.5132043191551429,7.86,Own,17478.22,0
34550,372,0.35158412852758025,1.56,Own,17378.31,1
50691,511,0.15124733675225702,2.32,Own,17774.75,0
33894,731,0.22465743320554513,5.84,Own,16075.07,0
51216,467,0.2725719596947762,24.77,Mortgage,5409.95,0
42790,630,0.4180681268555133,11.73,Rent,9929.95,0
88090,793,0.22332168768083763,3.68,Mortgage,8533.21,0
49401,442,0.21696419632694594,5.67,Own,9629.85,0
28936,744,0.24310093431059712,3.8,Mortgage,10052.74,0
47987,693,0.39626452222677444,2.85,Own,20182.6,0
57790,811,0.3463151419710836,4.61,Mortgage,21671.12,0
75100,627,0.5208179766512204,2.44,Own,18215.95,0
41158,558,0.44896615720665645,1.64,Own,10034.06,0
26263,736,0.43341093597816527,6.12,Mortgage,10388.69,0
62252,648,0.17732503100230682,10.28,Own,11770.01,0
29291,814,0.12761389930609288,1.7,Rent,11337.85,0
43457,748,0.3549994322796358,6.14,Own,21602.93,0
46135,698,0.13582083268576808,2.85,Own,8213.57,0
48955,513,0.28200895796316816,1.8,Own,16569.46,0
60337,845,0.1130561741807943,4.85,Rent,8630.17,0
39745,588,0.1884044883149256,14.02,Mortgage,17480.12,0
45894,558,0.15518393434461367,2.17,Rent,13089.15,0
49785,557,0.5004925019879374,7.12,Rent,9390.24,0
52243,687,0.2730630762830768,1.89,Rent,12209.59,0
51467,844,0.13942325913599832,8.14,Mortgage,17502.25,0
56540,564,0.23274010226983963,7.14,Own,6860.71,0
62657,612,0.4414040430349546,7.25,Rent,11862.12,0
55889,339,0.4728176360861778,30.39,Own,14064.73,0
56803,509,0.15993256492476068,0.76,Rent,8118.67,0
26266,571,0.4892832199669668,2.46,Rent,10238.18,0
50753,435,0.28527957910853907,4.98,Rent,22263.96,0
57192,359,0.43969133446750164,4.46,Rent,8386.23,0
60934,809,0.43575389464847203,7.59,Rent,12321.9,0
39614,814,0.4967963605388197,0.24,Rent,17422.35,0
40114,314,0.4485913901545231,6.1,Mortgage,14625.19,1
41388,554,0.11943417833625011,6.69,Own,12143.49,0
58046,834,0.3597405554447741,0.32,Own,18923.26,0
65508,534,0.18309058673548592,3.87,Mortgage,4617.03,0
43888,430,0.5849822687463451,1.41,Rent,18498.34,1
63619,316,0.22791726925554892,8.09,Mortgage,10251.96,0
51852,484,0.3100536756346116,0.25,Mortgage,2220.4,0
48135,690,0.19835107588671871,0.79,Mortgage,25777.82,0
46829,722,0.16729456690898162,0.55,Own,15186.93,0
61199,741,0.40046480030185516,0.34,Mortgage,18843.65,0
54883,311,0.34658982437076036,4.58,Rent,20378.28,0
84137,819,0.28732986705152064,10.15,Mortgage,10377.56,0
37216,379,0.14270951107576266,3.58,Own,13699.34,0
57771,601,0.467979682334284,1.18,Own,14822.27,0
42061,515,0.10292814894920946,2.11,Rent,11485.88,0
36960,547,0.3288307941646592,2.23,Mortgage,20941.37,0
49836,840,0.4162859903976671,3.0,Rent,21657.4,0
52060,571,0.31535541780467347,2.73,Mortgage,14352.44,0
93772,432,0.1631044919555971,5.56,Rent,17494.3,0
47237,304,0.48912494309251753,2.08,Rent,19273.06,1
33047,841,0.2619719761518109,5.44,Rent,16407.75,0
54095,440,0.16737777559096653,3.96,Own,12118.86,0
18880,782,0.37513290737320193,0.25,Own,2582.91,0
48620,604,0.10958577878200762,12.61,Mortgage,15472.25,0
50240,644,0.26203184537247226,0.98,Own,18975.73,0
61919,569,0.4753211847967005,3.0,Rent,10280.33,0
64604,407,0.5563556646820872,14.74,Own,15858.14,0
42446,773,0.395863729720244,1.42,Own,17227.92,0
47740,381,0.20880579269864094,0.11,Mortgage,17255.39,0
38508,383,0.21000007535707324,3.37,Rent,15624.48,0
33079,589,0.40193583210619865,1.27,Own,10003.23,0
54648,370,0.3033808534193648,4.36,Own,21030.09,0
30896,474,0.18863214938795178,8.49,Mortgage,14775.68,0
43780,762,0.4936985198368602,3.58,Mortgage,12314.65,0
35072,694,0.20012151825061528,5.18,Rent,6790.76,0
58245,390,0.26082041732419925,5.49,Mortgage,17021.18,0
77021,768,0.13071471938905213,8.59,Rent,27281.8,0
30476,733,0.450686056551331,5.82,Rent,13822.94,0
22204,548,0.2376389638010736,18.68,Own,12563.65,0
48126,540,0.21643348117417058,3.05,Own,14937.04,0
50235,795,0.2516791430111267,0.26,Own,14622.54,0
53279,639,0.537065266486354,2.5,Own,13162.11,0
43305,770,0.3590092852364154,9.16,Own,25377.54,0
46990,762,0.1789423649335983,0.71,Rent,15221.92,0
55512,574,0.4872404436423393,6.66,Own,8484.89,0
65606,314,0.20422662281474266,3.84,Own,9111.68,0
20674,340,0.30623807409478676,11.55,Own,20696.15,1
44465,507,0.3840379096239309,6.57,Rent,16420.48,0
53207,359,0.39222145736485503,5.4,Mortgage,13242.03,0
36230,664,0.1345160582536357,10.9,Mortgage,12825.92,0
75967,539,0.5184022458515214,11.94,Own,18485.75,0
40468,459,0.3397153799689311,2.43,Mortgage,11053.94,0
49380,696,0.5946303498589464,13.14,Rent,14251.96,0
58340,799,0.4587212039737961,0.28,Own,18643.69,0
41130,508,0.5962844521419591,7.19,Rent,11283.95,0
22301,432,0.3267376240325548,2.05,Rent,21359.09,1
43570,680,0.170390703620339,3.34,Own,6812.02,0
65441,732,0.4636546885148235,9.03,Rent,15190.86,0
44946,688,0.4888801412415582,5.07,Own,15380.79,0
37303,731,0.5264176339412479,3.06,Rent,4380.25,0
63885,573,0.25072451280315533,0.9,Mortgage,11286.6,0
45038,650,0.3553419920576635,14.01,Mortgage,17982.77,0
42347,433,0.528752786680199,2.02,Mortgage,11396.16,0
52241,365,0.5323681183059495,0.53,Rent,13677.51,0
61561,504,0.11284192152807046,4.15,Own,12967.24,0
85725,597,0.43545839202674574,2.61,Mortgage,19869.48,0
62408,416,0.40084367478539096,4.46,Own,16713.18,0
67397,566,0.14166888868060293,1.33,Mortgage,12749.79,0
42410,448,0.5650680397559797,2.38,Mortgage,11416.36,0
34611,493,0.3226861469212853,17.97,Rent,19331.23,0
50934,478,0.4371288550637027,13.79,Mortgage,15721.29,0
51607,447,0.5413988977515578,9.99,Own,20037.24,0
33822,764,0.16506053543194252,7.55,Own,18088.29,0
47370,304,0.527921571752367,0.85,Mortgage,-1340.54,0
55989,825,0.46215281486557847,3.15,Own,20361.08,0
55405,579,0.5197961609785797,6.51,Own,15624.26,0
57564,798,0.34741785258693525,1.52,Own,16230.39,0
54364,735,0.11674242676887228,0.17,Own,4969.44,0
42394,515,0.435257921855316,2.71,Own,12563.99,0
42291,814,0.28726621421008736,2.77,Mortgage,15291.33,0
32015,436,0.3012079171814419,0.34,Own,8584.48,0
76771,579,0.32063110075319035,1.93,Own,21636.13,0
50201,431,0.3464548178909088,12.46,Mortgage,18732.43,0
46627,692,0.43096711628296847,1.44,Rent,12992.21,0
36068,780,0.4633878381259372,4.21,Own,24068.92,0
94034,812,0.48842114318081264,3.35,Rent,16849.06,0
33900,718,0.4358030955507358,9.91,Rent,21861.69,0
43567,501,0.5017397099603718,5.3,Mortgage,10920.05,0
56237,761,0.16107460394530057,0.86,Rent,17390.27,0
59003,501,0.5184088330989198,0.77,Rent,21712.58,0
64368,451,0.2936395435797301,4.08,Rent,20920.25,0
77114,521,0.3643883378819901,0.24,Mortgage,20044.84,0
57592,378,0.316889700247443,2.5,Own,21221.64,0
34159,499,0.3378586022041027,2.55,Mortgage,22636.74,0
46145,398,0.2427138425622367,1.09,Mortgage,3461.38,0
54617,512,0.18497545539983637,1.79,Mortgage,12868.8,0
81023,442,0.15244736652163596,2.0,Own,6288.12,0
29032,688,0.3256994195340337,0.06,Rent,6355.99,0
68038,673,0.16263049827596934,8.2,Own,12392.97,0
52698,351,0.22249423627397022,15.78,Rent,12856.49,0
62567,434,0.16680794281308256,1.71,Own,21803.6,0
48470,710,0.15456061578764493,0.59,Mortgage,9041.63,0
37363,769,0.5412305739238756,15.35,Mortgage,15895.99,0
61263,411,0.4370129765043421,6.75,Rent,22987.08,0
59816,824,0.5618795559344589,11.09,Mortgage,14235.28,0
64580,343,0.4220060791164555,2.24,Mortgage,24759.64,0
49800,696,0.5219755120169236,3.31,Own,5623.54,0
41002,560,0.3776492946348199,13.31,Rent,10753.66,0
26618,844,0.3313150253376125,3.08,Own,22714.65,0
62290,687,0.3642387005016985,5.58,Own,11613.96,0
56358,775,0.2601127472383875,6.1,Mortgage,13800.77,0
35513,709,0.42898619549689565,9.07,Own,23356.83,0
41921,315,0.54858745083534,18.48,Rent,18322.1,1
42998,401,0.49117672324389516,2.04,Mortgage,6778.1,0
27755,485,0.3310000053686427,1.42,Rent,18086.04,1
37734,324,0.5769595429134905,0.4,Rent,11466.04,1
32992,371,0.5927115470590548,9.71,Rent,12533.45,1
43812,317,0.3465503048651002,1.73,Rent,14533.14,1
38919,631,0.5323199206563907,0.25,Own,12107.67,0
25594,396,0.10238512808906244,10.02,Mortgage,17449.47,1
80338,311,0.13332779587333674,3.57,Own,10641.75,0
68788,310,0.11119470446438898,9.11,Mortgage,16518.65,0
38314,462,0.4865814986738106,4.04,Own,18783.77,1
54086,582,0.13988955572161746,1.88,Mortgage,14668.53,0
56261,540,0.10852527303208928,0.7,Rent,15346.11,0
67866,344,0.17370938667762978,2.87,Rent,15451.86,0
37720,554,0.2531473956492718,0.13,Own,15643.7,0
66381,366,0.3323503409487285,4.61,Own,14484.2,0
41781,341,0.13270164235805856,2.79,Rent,14243.3,0
29962,683,0.34949111677546174,0.76,Own,14390.69,0
60862,533,0.2240307305223002,3.78,Own,15930.34,0
69361,784,0.23718574754881114,8.07,Mortgage,12838.18,0
88818,338,0.5109511258239315,18.4,Mortgage,14267.63,0
32004,310,0.5934617880261691,3.75,Mortgage,19958.42,1
60483,708,0.3319320146308088,0.69,Own,25033.65,0
43852,407,0.26088534757724824,8.32,Rent,27305.36,1
61750,393,0.5657240880797844,5.95,Rent,15668.96,0
27942,383,0.35022422323315827,15.39,Rent,9844.34,1
31058,357,0.4651767855903607,3.83,Rent,13782.37,1
38361,592,0.30687001547994186,2.21,Mortgage,15728.82,0
51184,315,0.20127428882907974,16.46,Mortgage,20411.03,0
40383,776,0.4274425562838129,3.87,Own,11412.7,0
59885,464,0.4324213247683599,0.08,Rent,14379.79,0
65403,736,0.3300919250394754,3.21,Own,9945.38,0
58993,702,0.23497481754041818,0.01,Rent,23331.58,0
74281,685,0.5159067460313744,6.69,Rent,17713.39,0
56237,437,0.23765906219278868,4.17,Own,13226.11,0
31746,830,0.42951199313339605,0.58,Mortgage,15320.44,0
70450,592,0.2919928119463484,8.38,Own,8250.56,0
40922,774,0.33624033896886474,3.84,Own,17273.43,0
63656,761,0.20570133075023603,0.61,Rent,16926.18,0
73606,672,0.42473997273968267,0.87,Mortgage,6143.31,0
56850,461,0.21291291680959243,8.63,Own,11353.18,0
27557,343,0.34285702330380685,2.2,Mortgage,13505.5,1
36226,382,0.2642296965732034,8.6,Mortgage,13554.43,0
69841,838,0.5818028663923108,0.36,Mortgage,12466.95,0
47463,818,0.5911105479467738,1.4,Mortgage,15637.19,0
51193,710,0.4767456536690218,7.23,Rent,21971.55,0
61382,640,0.5919587474273862,5.13,Rent,17394.43,0
60444,388,0.15677532140386904,1.83,Rent,20891.08,0
54181,529,0.5961623270067247,13.75,Rent,16822.18,0
46869,317,0.15177795818542208,1.19,Rent,13404.3,0
45309,580,0.3077258868395438,9.48,Own,14114.12,0
62868,721,0.21947378507722684,5.95,Mortgage,19013.81,0
58303,637,0.5769229817025956,0.65,Rent,17703.24,0
46140,565,0.41789496739957077,4.05,Mortgage,21665.85,0
66231,654,0.3985637669117209,13.29,Rent,15034.86,0
48064,659,0.5987192524436633,4.82,Rent,8022.92,0
37225,516,0.40621305194537694,3.76,Own,14026.11,0
38615,620,0.4230799404680169,2.28,Mortgage,7537.51,0
35318,511,0.12238714964837952,7.77,Rent,14327.28,0
45913,502,0.5295253010167686,12.21,Rent,9131.47,0
68505,452,0.585044715871062,7.0,Own,14534.3,0
37923,728,0.5801555752618432,6.46,Mortgage,15737.04,0
52827,586,0.2105528047690344,1.07,Mortgage,14394.76,0
40149,620,0.21295767198507956,8.98,Rent,13622.27,0
46095,735,0.2830235626065891,0.21,Own,13080.55,0
27349,795,0.2551050354587835,7.08,Own,20667.83,0
46691,448,0.2528073236987478,1.18,Rent,16410.0,0
47094,841,0.4026083585675456,3.34,Mortgage,7397.5,0
58104,781,0.5028040034184749,5.94,Rent,15664.55,0
53349,625,0.5683840803373,7.12,Mortgage,22588.74,0
32024,328,0.13393023928866618,10.95,Own,12692.63,0
66262,558,0.23898923819205756,1.66,Rent,13076.26,0
53154,374,0.22750688672147748,1.27,Rent,18159.19,0
52975,797,0.2787198317869186,27.92,Rent,10724.1,0
49862,715,0.3121671315572855,1.16,Mortgage,9096.19,0
42233,639,0.2945857358515108,5.48,Mortgage,7175.19,0
53267,607,0.5760736046906,15.26,Own,18398.92,0
57133,540,0.31856452804219293,11.34,Mortgage,19347.49,0
23796,552,0.37579628554242894,2.93,Mortgage,12073.59,0
41918,519,0.4743166402429533,5.07,Rent,9227.02,0
46175,696,0.46254239849326073,3.77,Own,19350.18,0
53842,635,0.3914822833472844,2.13,Own,14371.47,0
67899,328,0.530416011749595,0.78,Rent,4965.39,0
38423,793,0.41209065447041393,8.13,Mortgage,16859.25,0
42530,801,0.5373794236942997,0.47,Mortgage,16456.76,0
42311,453,0.2513828752912519,4.7,Rent,21942.4,0
37977,530,0.1660118384566678,4.51,Rent,19196.81,0
44792,401,0.5097602282746346,2.04,Mortgage,19479.14,1
61562,476,0.2912589539874547,0.73,Own,10612.29,0
34192,531,0.42554228582062015,8.04,Rent,8235.72,0
56417,311,0.46865559823479663,3.1,Mortgage,17562.85,0
24471,485,0.26335523771362446,6.46,Rent,15092.32,0
41579,565,0.3525816942850195,0.08,Own,18231.9,0
45057,434,0.547463257569752,0.39,Own,15628.28,0
75122,330,0.5398966176192359,0.97,Mortgage,22223.17,0
45877,755,0.4746785387563822,0.6,Own,12844.1,0
16981,558,0.4813697659717512,1.06,Rent,15209.55,1
20016,403,0.548842224540666,5.8,Own,11834.18,1
50510,730,0.46816619364495804,0.24,Mortgage,10625.05,0
59206,681,0.2697926796517477,0.19,Rent,21624.88,0
55631,768,0.16039133982000933,0.16,Own,14433.26,0
52513,812,0.31094204998736863,5.98,Own,27326.35,0
67433,506,0.14367170792683817,3.84,Own,8282.45,0
41906,746,0.1578853884953942,2.31,Mortgage,15485.98,0
63423,388,0.5750860464182848,5.63,Mortgage,15803.34,0
25519,494,0.43794348030124486,4.03,Own,21234.52,1
36425,713,0.5258043502351496,0.04,Rent,10590.85,0
22894,421,0.4214495966367453,9.12,Own,12019.83,1
45877,761,0.3092700142000355,2.16,Rent,7926.89,0
49306,415,0.11257939123079139,2.55,Rent,22325.24,0
51711,495,0.5779185184875187,7.62,Mortgage,6391.62,0
50928,335,0.13546623602629063,1.04,Own,15605.3,0
36086,366,0.40508153300991634,0.05,Mortgage,27488.08,1
47146,580,0.1511016058652577,11.98,Own,20688.63,0
27538,778,0.24207383929478418,3.52,Rent,21157.33,0
70448,310,0.19290872864939737,2.15,Mortgage,23568.28,0
45445,621,0.37685845757943837,8.55,Mortgage,15865.88,0
42666,539,0.54353767256105,0.13,Mortgage,15833.77,0
73834,359,0.41781115389885803,1.13,Rent,14985.34,0
31366,464,0.4320940097531303,0.84,Mortgage,14614.42,1
33116,488,0.5544657481066513,6.69,Own,11937.58,1
33556,786,0.47471261398555264,1.87,Own,21913.3,0
48981,391,0.5329779181920163,7.41,Rent,12366.29,0
56474,588,0.30819604592993266,0.21,Mortgage,13587.97,0
61095,808,0.53267816888606,4.68,Own,8377.82,0
88579,374,0.4229306942829223,1.92,Mortgage,19151.23,0
16258,727,0.16780389137066906,1.03,Own,22962.97,0
59131,684,0.11935625418353304,8.48,Rent,3845.15,0
41643,352,0.2220172068428922,2.66,Own,22738.15,1
41203,474,0.28917482441334563,4.24,Own,18690.76,0
40703,773,0.5187839330404284,0.17,Own,21352.08,0
36368,660,0.4706222785126484,7.84,Rent,16867.0,0
75267,569,0.5776878639034588,1.69,Own,18002.53,0
62634,706,0.37958739937325303,5.91,Rent,16660.94,0
50347,423,0.4738708258039973,7.15,Rent,10003.59,0
70265,675,0.23764169262131238,0.62,Own,14394.51,0
27312,691,0.43978894644765354,1.75,Mortgage,12551.45,0
30039,481,0.45307560126814306,6.43,Own,20429.47,1
17330,335,0.5242076642097806,1.32,Rent,13652.71,1
39508,511,0.36820175543754186,9.43,Mortgage,17442.93,0
52425,433,0.4245025737975885,1.87,Own,9560.24,0
51542,790,0.20152440505244942,2.57,Own,24214.48,0
52240,737,0.46837954506322566,0.53,Own,16305.38,0
28834,345,0.5192058613200676,0.8,Own,8231.54,1
62047,700,0.3968688730932082,1.61,Own,20051.33,0
53594,787,0.1578372311870991,0.25,Mortgage,16254.67,0
60995,731,0.2564286781559715,1.07,Own,18955.81,0
21608,727,0.33775732550564497,2.63,Rent,30745.76,0
54672,816,0.43858119570141707,2.39,Rent,20728.53,0
32183,761,0.2601635539326127,1.11,Mortgage,20469.99,0
44040,480,0.5201455256695571,0.42,Rent,13223.71,0
58015,444,0.28589489568270177,1.91,Mortgage,15536.39,0
51366,564,0.1214181739734804,6.84,Rent,13217.62,0
37226,705,0.49699720833491756,3.57,Mortgage,8448.18,0
50094,783,0.4221115847555206,14.67,Own,12854.57,0
27026,781,0.5009782473653488,0.75,Rent,20676.14,0
67254,536,0.2744449066334468,1.16,Rent,16910.07,0
46920,824,0.10881509607632292,1.64,Mortgage,9167.05,0
66778,638,0.13687646182891397,0.07,Mortgage,14460.72,0
42102,567,0.15590039035041361,14.36,Mortgage,11072.11,0
42146,565,0.5025737890778509,2.95,Rent,17331.06,0
38537,827,0.2507173771800787,3.29,Mortgage,11579.35,0
63142,391,0.5989492547112314,0.86,Own,12225.01,0
39358,547,0.47919419824844267,10.31,Mortgage,8572.39,0
59668,318,0.4005774765451159,5.9,Own,23323.12,0
44263,689,0.5918097059982124,2.82,Own,14738.65,0
20360,687,0.2581545941582589,10.52,Mortgage,14433.71,0
41445,394,0.18280778456058558,11.79,Own,16668.37,0
32313,729,0.4686364848256577,0.25,Own,17032.48,0
50508,336,0.23904168939482082,0.64,Own,11573.44,0
32143,692,0.5805184640333786,0.14,Mortgage,16182.36,0
63889,590,0.5940346561250854,4.36,Mortgage,15460.64,0
48633,602,0.5632021975126769,1.23,Own,20108.31,0
47336,700,0.5723808814547724,9.32,Rent,18759.21,0
59838,643,0.40782740870818,3.14,Own,14953.03,0
64458,817,0.446059324784315,9.09,Mortgage,15120.8,0
49698,676,0.1471230788863472,4.06,Own,13938.59,0
38431,464,0.48152507986434445,7.95,Own,15544.2,0
23390,312,0.20103168153844722,2.32,Mortgage,14837.22,1
39709,324,0.5201630298521914,14.54,Mortgage,15794.07,1
40741,422,0.5807659103055007,5.5,Rent,7659.82,0
51605,428,0.20618881458273666,4.53,Own,11799.62,0
44822,846,0.13901555880281066,2.17,Own,22183.63,0
60318,608,0.3419450696339449,13.84,Own,11703.26,0
40805,735,0.4957746859741545,2.06,Rent,14304.57,0
49144,481,0.4853200849717615,9.04,Rent,16055.53,0
67759,342,0.44840925282829214,2.59,Own,14140.55,0
55127,703,0.5103479951173706,7.29,Mortgage,12174.78,0
49099,562,0.18749417629757634,12.15,Own,19603.34,0
40970,369,0.425968878942973,3.13,Own,9814.62,0
40501,591,0.4028396579488249,3.73,Own,4706.72,0
37240,513,0.1767158618798466,2.0,Mortgage,21443.62,0
41884,446,0.30721353531927387,0.28,Rent,8550.32,0
61334,324,0.5262648596547738,5.28,Rent,18621.15,0
46671,622,0.58590090202408,0.64,Own,13061.41,0
29753,408,0.43271508878867593,2.19,Own,22511.28,1
76522,550,0.5609705209931222,2.15,Own,13760.11,0
54799,781,0.16602461529170867,0.82,Mortgage,12293.02,0
28895,474,0.5875302628214736,5.49,Own,19437.99,1
43372,646,0.11675324959035674,0.96,Mortgage,21198.87,0
51663,469,0.3636296367355507,7.53,Own,23098.15,0
75568,301,0.24550416473540956,1.43,Own,2440.13,0
33378,661,0.5069545533924047,1.69,Own,5100.34,0
64640,595,0.20877181604875536,2.11,Rent,9554.41,0
70992,501,0.1057650183665694,0.83,Own,9411.32,0
40570,588,0.30730472961809663,2.85,Own,12534.18,0
45837,361,0.1320539988332224,0.42,Own,15253.85,0
34455,801,0.24504628459387454,2.79,Own,15957.66,0
46948,425,0.4218738458333491,2.08,Mortgage,17769.07,0
49451,348,0.247351588308283,2.06,Mortgage,11512.03,0
59894,478,0.22289661366061633,5.4,Own,14549.82,0
66352,792,0.1777478315351698,7.33,Mortgage,14687.09,0
38778,732,0.1675861370422592,2.2,Own,15084.36,0
20490,601,0.36292868659070965,1.52,Own,12472.24,0
49681,468,0.4407535114717357,3.41,Mortgage,16063.59,0
54403,568,0.3263666028678178,7.75,Mortgage,9813.48,0
53741,663,0.16180154952392525,5.17,Own,23602.78,0
45099,399,0.4238781497607631,0.19,Rent,10605.62,0
51871,514,0.37856094916081906,3.27,Own,16976.89,0
72731,396,0.29063772763272355,23.53,Own,13377.62,0
55726,847,0.2650234385630068,2.18,Rent,12542.32,0
44399,636,0.191576445575071,2.91,Mortgage,7439.73,0
42497,658,0.17314972941572845,1.69,Rent,12291.17,0
47452,589,0.26938584723434966,3.44,Own,13788.54,0
74551,695,0.12081556205172764,0.88,Mortgage,12105.98,0
47250,659,0.3183137064006537,1.42,Rent,18374.75,0
49703,646,0.400786964642468,6.22,Rent,23357.51,0
42765,423,0.5708271376464453,0.74,Own,14646.17,1
66484,837,0.4129140716388685,13.03,Rent,17558.42,0
79397,721,0.41203802342794993,1.84,Own,21195.8,0
56759,635,0.2872074028018028,4.28,Mortgage,9651.36,0
51241,802,0.16665857814052545,1.94,Rent,23864.55,0
50551,356,0.3234688266279211,3.25,Mortgage,8403.34,0
14235,375,0.39933815953375695,11.71,Mortgage,14993.88,1
61177,765,0.462016798327902,0.36,Own,18371.1,0
52012,584,0.5130433869477155,9.7,Rent,22727.76,0
56425,685,0.22796404603406076,4.08,Mortgage,14948.75,0
39328,558,0.22061003761394374,5.47,Rent,15516.68,0
44233,776,0.382649931552259,0.29,Rent,23151.42,0
43834,310,0.38300759156721464,7.16,Rent,7481.82,0
65324,559,0.20897389835138716,0.68,Rent,9968.03,0
44318,692,0.3937376551756365,16.74,Mortgage,8876.39,0
81239,668,0.2729394249871975,8.03,Rent,9576.24,0
56462,483,0.4196574594393164,3.39,Own,10377.92,0
30864,315,0.24552235683610082,12.9,Own,21163.94,1
48071,805,0.3961458960357882,0.93,Rent,22601.13,0
40224,385,0.4841550206184615,23.94,Rent,16902.77,1
17084,309,0.5900793878509689,6.31,Own,19902.19,1
73992,776,0.5555340282358786,0.52,Rent,19087.39,0
60547,463,0.3517693736637262,3.85,Mortgage,15008.83,0
57998,323,0.344174541658809,6.2,Rent,19633.59,0
52481,611,0.31885000296787436,4.75,Rent,18786.11,0
29269,537,0.11387529899431922,2.76,Mortgage,18232.05,0
42745,761,0.18297724874313084,1.43,Rent,15447.22,0
62626,761,0.1295945441520279,1.36,Mortgage,15936.82,0
34231,537,0.4481775423876604,13.08,Mortgage,14152.12,0
12023,321,0.3066173251090828,1.34,Own,6200.77,1
46593,479,0.1318849390327048,16.4,Own,14680.32,0
47873,798,0.44528753882693506,1.18,Rent,15269.36,0
52033,774,0.4222179314139719,2.42,Own,10529.51,0
60927,638,0.4599814153452486,0.06,Rent,12603.65,0
59564,830,0.39991705888078455,11.67,Rent,18504.9,0
53881,461,0.18076977997364205,0.55,Own,19383.55,0
67932,360,0.1306961488710844,2.21,Own,6697.99,0
27215,384,0.5085704851135187,9.24,Rent,11520.21,1
57568,846,0.20790449948293302,7.85,Rent,18980.91,0
59398,789,0.3712646202370915,9.21,Rent,8675.69,0
31406,304,0.3426085073660936,12.27,Mortgage,14348.0,1
27456,375,0.5605262702182571,12.1,Rent,8774.06,1
38810,552,0.37621988042714916,7.36,Rent,10553.05,0
40076,306,0.3900084426935754,4.37,Rent,16763.88,1
61301,772,0.25975251685790635,4.12,Own,18137.8,0
40781,437,0.5793473508843306,0.07,Own,20238.61,1
37154,657,0.4061869078696173,6.41,Mortgage,28982.9,0
40825,462,0.10249019179562904,1.29,Rent,14052.23,0
66779,617,0.3780411318674817,8.82,Rent,14307.11,0
50195,757,0.2819326941526006,4.03,Rent,21402.76,0
47311,552,0.11605610214941611,21.81,Rent,20630.94,0
48349,500,0.3157748927535422,1.18,Rent,17723.11,0
69380,831,0.48678324418931485,6.43,Rent,13073.86,0
38762,464,0.3518947289781812,3.97,Own,18705.86,0
69732,531,0.4197295430699973,13.43,Mortgage,12055.03,0
53157,627,0.4198707328601585,1.55,Own,11702.22,0
47593,537,0.4355096512417135,0.31,Own,16385.31,0
87513,419,0.29379809728428774,3.92,Own,25344.45,0
34165,549,0.28500241952842253,3.69,Mortgage,13579.01,0
44694,635,0.10229226567263763,1.87,Rent,15293.38,0
31513,583,0.17711123026446055,21.54,Mortgage,7119.38,0
64286,497,0.5754051063907758,0.36,Own,10474.37,0
75337,715,0.5212083578941049,4.21,Own,16818.26,0
75048,694,0.2375542186949515,1.51,Own,17394.31,0
68359,450,0.30059597446289166,0.01,Own,24701.74,0
47035,564,0.5699606616923165,22.05,Rent,9765.36,0
44521,519,0.2252222397767886,3.29,Own,15688.22,0
24932,515,0.366266484644465,9.73,Own,12731.94,0
80538,614,0.11103989202770229,9.17,Rent,16422.01,0
57034,515,0.40986741817640326,8.36,Own,12323.71,0
42620,634,0.5650367990871975,3.07,Rent,6330.41,0
69920,658,0.5423716924200112,11.31,Mortgage,18208.66,0
35408,460,0.3509846103137666,2.29,Rent,11289.54,0
56099,810,0.424820986138583,2.62,Own,13830.85,0
47410,456,0.3848990970066427,1.48,Rent,15338.28,0
59580,461,0.13348712207708777,2.97,Own,14871.59,0
49046,341,0.17936174343837294,21.53,Own,150.32,0
28236,479,0.5819086573848798,4.26,Mortgage,7035.8,1
51133,602,0.22798434843583662,8.89,Own,13613.52,0
65732,629,0.2922246080481997,1.53,Own,26517.84,0
49561,728,0.3544721539772536,15.61,Own,10334.14,0
61626,649,0.5895660646966707,0.07,Rent,13129.78,0
34317,419,0.4449967531148883,13.31,Own,21725.89,1
49606,374,0.4147992488651826,11.41,Own,18521.12,0
40632,422,0.3621999862204297,0.35,Own,17117.4,0
61204,481,0.45033720729727855,4.64,Mortgage,15606.47,0
50472,556,0.4320079452641733,7.69,Mortgage,5482.57,0
60351,568,0.551420446130491,2.59,Rent,7099.88,0
66315,792,0.37091765268231136,0.48,Mortgage,10422.73,0
60374,479,0.31075129409524493,8.84,Mortgage,13004.25,0
54096,448,0.5035810140319357,3.14,Rent,21033.71,0
35026,817,0.4998916673434092,1.53,Mortgage,15161.84,0
49958,447,0.18491821900604374,0.37,Own,11818.14,0
42003,308,0.21839599892822784,5.11,Own,13596.49,0
44839,477,0.5793191306498529,0.22,Own,21872.47,1
44381,694,0.32205476919119236,7.83,Mortgage,15637.88,0
35301,630,0.3598303482655948,7.36,Rent,18337.61,0
20639,355,0.2550800622899049,1.95,Mortgage,12579.5,1
39977,506,0.3405355114486768,3.2,Rent,5362.36,0
52900,404,0.4716783035978279,5.53,Own,18270.1,0
29777,846,0.34117254873183767,15.99,Rent,16613.87,0
50235,654,0.25739233997933264,3.67,Own,19837.49,0
78504,788,0.14800050219718827,28.54,Mortgage,15420.47,0
65345,802,0.5641307602687955,1.97,Mortgage,27099.45,0
74653,349,0.5358289114009478,3.74,Rent,10290.22,0
55866,386,0.4956824716748611,0.61,Mortgage,9563.19,0
67512,602,0.4470354819212825,4.06,Rent,14082.29,0
39140,300,0.3577549422252917,3.84,Mortgage,13524.94,1
40334,680,0.5486983930612251,9.45,Mortgage,14024.46,0
8912,661,0.49585075639852494,28.35,Mortgage,14508.86,1
67792,680,0.5080054209122313,21.41,Rent,13393.09,0
73104,461,0.2547752364997332,1.35,Rent,12274.44,0
41702,318,0.31172913670119917,2.07,Rent,10046.8,0
46190,542,0.45340113206162924,1.61,Mortgage,17780.45,0
38692,428,0.2855311516038769,1.11,Own,20958.79,0
55739,475,0.34698732663774046,0.81,Rent,31473.84,0
66873,708,0.42325648385256176,3.58,Own,16844.59,0
23858,383,0.3188792007921405,10.3,Rent,20644.4,1
56141,675,0.496519803581445,4.46,Rent,16084.67,0
45849,521,0.15813941944225748,10.3,Own,18530.85,0
51700,624,0.4590282548910086,16.03,Own,14639.58,0
56884,750,0.17260503030563898,2.42,Mortgage,13556.94,0
47176,715,0.568919827464263,9.03,Own,13814.77,0
48446,744,0.25701884034747935,0.27,Rent,24482.95,0
46791,624,0.49771618051973554,3.28,Own,23914.02,0
64554,822,0.36070848905433806,2.3,Own,10811.67,0
56281,465,0.14554353329393707,1.15,Own,17500.35,0
53308,537,0.3912934271955498,2.88,Own,13690.04,0
30935,312,0.5560888684412849,2.93,Mortgage,23965.84,1
44321,556,0.17861720221895197,8.27,Rent,9065.28,0
63480,813,0.2606534746804159,10.16,Rent,20690.72,0
50565,509,0.3195793354788701,5.35,Rent,15500.74,0
59892,783,0.23752653167032686,5.02,Mortgage,5723.86,0
76497,664,0.5718897373681805,0.58,Own,24608.59,0
65579,524,0.28875013240423275,4.28,Rent,6345.15,0
51397,493,0.4290310292428393,1.6,Rent,9899.19,0
42335,495,0.21195838218503296,1.75,Own,8783.79,0
11696,699,0.20985296874082413,0.5,Rent,21508.07,0
47474,356,0.18792466780196956,5.05,Own,11951.58,0
45109,512,0.31740613176336163,4.38,Mortgage,9185.4,0
55855,578,0.366429101145027,1.24,Rent,18065.08,0
47691,679,0.10537408287579089,1.53,Rent,9456.95,0
45194,416,0.5164617138065573,7.41,Own,17328.19,1
23309,750,0.3563769462655494,7.87,Mortgage,16823.84,0
35900,709,0.17860496170821602,3.4,Rent,16265.2,0
57149,666,0.13364665625149438,0.81,Own,5261.02,0
75738,412,0.13159964856466402,0.29,Mortgage,20814.3,0
48537,463,0.2288217434292645,1.58,Own,22328.77,0
54917,303,0.3496460739854894,6.57,Rent,19743.91,0
64287,322,0.5301197680014992,4.59,Rent,18799.44,0
37836,391,0.5514827134454517,6.33,Rent,14140.49,1
55502,768,0.516163959989702,3.19,Own,23634.8,0
38892,454,0.2642817340603618,7.03,Mortgage,8073.6,0
62972,506,0.25327887585304965,3.28,Rent,3658.12,0
52271,380,0.5937291725774988,0.44,Rent,21238.98,1
54476,782,0.44064031499372946,0.42,Own,6232.59,0
38261,706,0.2524759706287709,8.9,Rent,20494.76,0
60605,402,0.2645400761624017,4.97,Own,7904.42,0
81270,539,0.31732221965534846,1.64,Rent,18205.45,0
34881,564,0.41090334891241875,7.08,Mortgage,11301.04,0
44903,332,0.5489895799858394,0.73,Rent,16967.67,1
53474,334,0.19915355984820463,5.18,Own,22056.67,0
61796,548,0.1422016988422313,22.78,Rent,10812.11,0
41606,349,0.30287606197711625,0.81,Own,23284.51,1
7504,579,0.2227277413052883,0.77,Own,15087.1,1
70387,451,0.3880163367195517,3.15,Own,15583.02,0
61407,836,0.4496074185737108,5.15,Mortgage,20930.72,0
23855,529,0.25536797685871493,0.13,Mortgage,21566.57,1
40886,587,0.44272564443099427,3.46,Rent,14671.74,0
73522,694,0.27157362742890334,0.43,Own,7335.01,0
71716,752,0.417484069833131,1.38,Mortgage,15251.06,0
64079,332,0.41653040337369995,6.23,Own,7477.39,0
47358,662,0.23907985171082188,6.71,Rent,14557.78,0
51244,410,0.41786137585510175,6.54,Own,13242.14,0
48036,420,0.2904775478618279,0.34,Mortgage,7788.49,0
66923,315,0.2682274721803326,7.73,Mortgage,10577.29,0
36862,822,0.24464387353324632,2.83,Own,21387.54,0
37913,397,0.27282263006714447,3.22,Own,13381.72,0
65154,415,0.49337244603057395,2.72,Own,12706.33,0
49334,770,0.2225894070862586,9.73,Own,17688.69,0
70677,738,0.44099370257315484,5.7,Own,23196.06,0
39927,580,0.55031029249045,3.47,Own,12082.09,0
49178,648,0.2752144705172811,8.99,Rent,20850.61,0
36163,531,0.11475603224745021,8.18,Rent,14991.7,0
50110,410,0.11230301456249506,0.03,Mortgage,24657.5,0
27821,651,0.16975144417515217,3.26,Own,20333.94,0
42685,311,0.1550224215493328,0.22,Rent,13176.23,0
28456,787,0.4740426249357166,1.83,Own,16385.64,0
60408,832,0.24742535845368632,8.14,Mortgage,10993.71,0
60748,584,0.4262548868003422,14.42,Rent,15814.15,0
24046,844,0.12122771786268186,1.39,Own,10861.87,0
70008,691,0.2478701380390713,0.11,Own,11552.63,0
87461,469,0.21707311733864024,2.57,Own,20852.78,0
50690,376,0.23844025517618142,2.04,Own,16141.55,0
40383,596,0.19535888456689973,5.65,Own,16815.93,0
92364,629,0.4089580105511599,3.42,Own,12515.65,0
30215,362,0.4313364348283334,2.54,Mortgage,13453.37,1
50301,569,0.17423274524163015,1.3,Own,13221.1,0
52694,515,0.4705729923073789,8.82,Own,12054.18,0
70177,489,0.22502273812931448,1.43,Rent,11863.5,0
55396,374,0.2414612512497827,0.28,Own,10674.77,0
42520,809,0.5144041694218112,4.16,Own,8092.98,0
35732,392,0.5505829576355961,1.91,Rent,14621.63,1
44872,352,0.5123781567342116,6.23,Rent,10240.39,1
34896,795,0.17388141017546457,0.42,Own,23302.61,0
50717,393,0.5996338175482598,16.95,Mortgage,8311.22,0
41537,528,0.4360777073911841,1.03,Rent,12979.84,0
27589,549,0.35533431077035205,2.21,Rent,18670.38,0
68827,690,0.5774207038767178,3.28,Own,4292.23,0
42534,481,0.5086901977132967,11.04,Rent,18870.08,0
30977,566,0.44587151981436834,6.41,Own,10877.11,0
47476,580,0.5191986242410667,0.78,Mortgage,9594.61,0
51025,382,0.2927332916389631,2.89,Mortgage,17924.79,0
23802,485,0.4422192227201067,3.91,Own,18494.9,1
54974,830,0.19529000936488403,6.06,Mortgage,9469.74,0
34292,647,0.5940003176335511,4.24,Own,13323.83,0
75665,722,0.3944908500467017,3.06,Rent,21041.14,0
57859,753,0.5071186237176537,7.25,Rent,12780.09,0
44001,566,0.30366994026551697,2.37,Own,9978.72,0
38822,806,0.4792944096375904,21.78,Own,14377.67,0
48425,441,0.2936924497346802,14.76,Rent,14532.72,0
59191,615,0.3950025434802914,6.14,Own,13706.21,0
49617,531,0.48906740784315605,10.71,Rent,17244.33,0
46742,596,0.1582369566481193,2.5,Own,11779.36,0
50875,321,0.2783929256848241,4.36,Rent,18152.14,0
40942,683,0.37246847448804843,1.59,Mortgage,13152.38,0
44851,425,0.26699885304408466,10.84,Mortgage,7800.03,0
18713,402,0.2545836173778294,3.18,Rent,22945.66,1
64605,409,0.2408320447913561,3.84,Rent,7292.22,0
54481,771,0.21389591090468077,10.0,Rent,19141.56,0
38398,364,0.5244522812778153,7.98,Rent,14193.36,1
78481,771,0.5618445647002962,1.94,Rent,15103.41,0
51305,375,0.450084724078164,0.46,Mortgage,10639.78,0
34457,318,0.11499975638253837,0.88,Rent,12570.76,0
62851,683,0.493116597564501,2.07,Own,18980.47,0
55970,489,0.3659699205576826,1.82,Mortgage,9455.8,0
55918,659,0.4790550439418031,0.2,Rent,12485.56,0
43613,751,0.3186691868314149,2.83,Own,20282.51,0
56757,378,0.12064095744425993,0.56,Mortgage,12069.56,0
46073,471,0.44087249293839903,1.25,Own,15143.68,0
58339,511,0.32206424626436325,7.74,Rent,15552.19,0
21425,744,0.5370217477726232,3.41,Own,10648.33,0
43491,448,0.46906896841071366,2.33,Own,17117.96,0
75832,309,0.2797808738889047,1.03,Mortgage,14633.28,0
38493,841,0.4620409798919093,10.06,Own,10993.99,0
40942,354,0.34760429972476536,11.7,Own,18163.42,1
43280,479,0.19972197612977258,3.66,Mortgage,15726.03,0
31777,680,0.3099431597201109,12.71,Rent,14651.79,0
16875,721,0.21128119725432296,3.13,Own,13447.53,0
46541,750,0.10248825996918856,0.57,Rent,7669.85,0
52037,392,0.22339788679457298,0.09,Mortgage,14233.69,0
49212,819,0.20476066295412518,0.69,Rent,3892.15,0
47826,712,0.10216845434345076,4.87,Own,18690.35,0
50645,693,0.4919626840501089,1.93,Own,9225.66,0
65342,630,0.1384924690854261,5.23,Rent,17697.2,0
47143,732,0.3245295369694411,3.55,Rent,7988.72,0
41388,462,0.30894158784853243,2.02,Own,8520.15,0
45783,339,0.19070405865277176,1.23,Mortgage,11291.57,0
58690,384,0.5834342532686905,0.42,Own,24319.35,1
71180,390,0.4018668024634292,7.63,Own,12818.9,0
40577,783,0.5067565228624179,8.55,Rent,23378.05,0
51484,684,0.3480702786174751,3.9,Own,17317.57,0
55075,492,0.4614059586864565,0.85,Rent,13703.89,0
35111,552,0.584889604155879,1.53,Mortgage,15864.89,0
50306,543,0.2742027069015508,15.52,Own,16671.25,0
28014,569,0.3521319263549727,1.28,Mortgage,17219.36,0
23464,318,0.3572684493460033,0.29,Mortgage,21626.17,1
55501,339,0.5959974081620694,3.99,Own,15432.77,1
44241,815,0.21654957319610654,1.52,Rent,18067.71,0
53034,332,0.43765375429353937,15.78,Rent,24787.27,1
49731,749,0.16911483922784618,4.28,Own,7155.53,0
35353,838,0.563536766027124,16.88,Rent,14421.01,0
49321,618,0.39519095950084926,7.7,Rent,19005.72,0
31503,423,0.5297057635197351,6.42,Mortgage,8069.58,1
70864,671,0.5476207721697538,8.87,Rent,10146.85,0
29660,650,0.3785549560520738,4.64,Rent,10298.11,0
47063,622,0.44100363561909917,0.06,Own,16915.27,0
34365,787,0.44936032001445525,2.49,Mortgage,17629.26,0
58556,750,0.33024041175437935,1.24,Rent,10588.79,0
45028,652,0.3174191236513324,2.85,Own,17142.0,0
42219,415,0.19309410948907144,3.18,Rent,11757.42,0
62798,312,0.29195728025060463,0.68,Mortgage,21279.03,0
50441,619,0.5953784702727775,0.12,Mortgage,17556.68,0
57749,464,0.23493078855924296,0.74,Mortgage,18673.33,0
35280,384,0.48122045433805194,9.74,Mortgage,22944.67,1
28927,547,0.1296737350283194,7.05,Mortgage,18461.06,0
51608,731,0.33373439870382915,8.02,Mortgage,12151.34,0
45217,778,0.1292050659585728,1.62,Own,15618.76,0
59396,667,0.3378999669039492,1.35,Mortgage,8443.43,0
48801,656,0.11377623040468846,0.19,Rent,9482.92,0
53076,707,0.40664738574195247,3.2,Rent,17979.19,0
25649,644,0.3932545499894402,2.41,Rent,23368.64,0
78326,478,0.49892161131517776,9.04,Rent,20365.25,0
47536,724,0.3916431011006736,5.73,Mortgage,16708.45,0
60463,840,0.5629995811755366,0.78,Mortgage,7482.65,0
37458,742,0.4915523070371781,21.77,Own,15675.28,0
54620,605,0.1663282601611447,7.36,Mortgage,9970.8,0
30457,666,0.23273659415304546,6.37,Rent,16947.69,0
56781,335,0.11311529888439678,1.22,Own,8377.56,0
44660,762,0.2930670007864037,11.78,Own,15816.83,0
50437,445,0.35476812688472514,3.21,Own,12413.31,0
60469,445,0.5729731243910332,1.77,Own,15425.06,0
31511,679,0.36113371614090917,5.32,Mortgage,12347.27,0
39732,467,0.49051402097147345,1.19,Own,7174.01,0
56859,574,0.2340120062964506,11.91,Mortgage,20119.39,0
81473,386,0.17657921862941586,9.63,Own,13517.03,0
47928,453,0.5054181269131264,3.13,Mortgage,12835.95,0
58867,796,0.2237125726872957,1.06,Mortgage,14304.06,0
48395,614,0.5356675588355532,3.43,Rent,11718.77,0
79133,573,0.18492493784598155,0.81,Mortgage,11708.61,0
23791,561,0.5257932705075535,1.57,Own,22188.51,1
51419,786,0.486423790037225,3.3,Own,15411.07,0
25616,753,0.4056103365703019,0.11,Mortgage,12813.21,0
12401,742,0.5251103389113081,7.26,Mortgage,6698.71,0
54461,561,0.2653550589412308,1.1,Mortgage,12439.16,0
52092,842,0.1830170728326939,10.07,Mortgage,10145.36,0
45727,404,0.17852033755222782,0.11,Rent,12895.28,0
48407,649,0.23517945690785205,3.8,Rent,22596.51,0
96474,737,0.3231135660900264,7.5,Rent,22162.06,0
46127,468,0.5380114325406133,1.36,Rent,13695.74,0
57651,642,0.14476782607886826,6.15,Rent,11562.55,0
40259,529,0.5576210222173748,6.38,Mortgage,17889.45,0
54428,322,0.5627473551700432,5.08,Rent,20593.16,1
46426,580,0.46361819533464677,2.26,Rent,13641.58,0
43842,818,0.5501418068129733,7.69,Mortgage,25104.01,0
77283,552,0.48499331508898114,4.95,Mortgage,12297.76,0
67657,703,0.36415048257787686,4.46,Own,13212.81,0
52051,432,0.40037511311297214,8.55,Own,14212.65,0
15436,573,0.4141122382387914,1.4,Own,13313.97,1
44584,531,0.16344664049155547,1.32,Rent,9251.16,0
90545,844,0.19652706875875522,2.44,Mortgage,18864.49,0
46540,378,0.36168436193508047,0.38,Own,13568.71,0
66548,334,0.1576141563854709,2.06,Own,25767.53,0
71629,794,0.5824896480230556,2.61,Rent,18863.33,0
53284,409,0.3535636392572108,3.42,Own,16620.26,0
37372,620,0.2900430724065298,1.47,Mortgage,24666.62,0
13470,627,0.1787700187957796,11.87,Mortgage,18591.34,0
60262,683,0.3082669487375932,1.68,Own,18420.66,0
37778,663,0.2512130934962744,9.54,Mortgage,11664.06,0
52642,531,0.14396358560101732,2.94,Own,13806.0,0
31252,713,0.5835026476190107,6.33,Own,19981.9,0
46021,593,0.23248904802447337,0.59,Mortgage,19054.6,0
50505,846,0.4452351210667621,3.93,Mortgage,11990.62,0
54028,473,0.14566125091121138,16.2,Rent,26682.71,0
33277,691,0.5565845046633863,5.49,Rent,13978.19,0
67953,401,0.39537572578028846,8.58,Own,20858.16,0
41046,592,0.4284360001883061,1.51,Mortgage,16307.63,0
24882,384,0.49089218033443427,8.05,Own,17279.98,1
48364,500,0.40295766433254177,2.16,Rent,13301.78,0
50515,840,0.13545372920662782,3.32,Own,16011.89,0
52408,596,0.3147912118160763,1.04,Mortgage,7255.26,0
70431,355,0.23101504666557235,3.32,Mortgage,20520.41,0
46453,771,0.34335851034059195,3.63,Rent,18760.15,0
48205,315,0.302162580840869,4.87,Own,24315.83,1
33452,365,0.5132665586494238,10.15,Own,15383.38,1
62308,771,0.22352377610488547,1.82,Mortgage,10029.28,0
52764,322,0.2006505296389742,20.72,Rent,22482.57,0
43699,785,0.5790431477252874,9.41,Mortgage,13680.7,0
21429,714,0.5747583069445897,2.58,Mortgage,-2905.7,0
71666,604,0.5967324824588005,1.29,Rent,17507.72,0
31584,476,0.3841902897731686,0.37,Mortgage,19684.62,1
41130,494,0.15657198029449929,1.34,Own,21099.08,0
55375,312,0.5400838703685986,10.79,Own,10492.68,0
32051,465,0.1725574921288203,1.73,Own,17551.48,0
27597,449,0.17779716301457807,0.74,Mortgage,17899.95,0
18140,640,0.19669878374304398,0.11,Rent,18086.47,0
60814,473,0.42670941769654647,1.77,Rent,12003.1,0
41822,466,0.15359952661366125,1.22,Rent,16776.51,0
93909,396,0.489140814505883,0.54,Rent,20593.5,0
35084,703,0.1291257979790271,15.09,Rent,5601.62,0
36178,376,0.15522328033591007,1.56,Mortgage,14930.97,0
41519,536,0.31724357083326427,0.03,Rent,20011.76,0
53647,590,0.2895857509749503,14.44,Own,23065.66,0
42946,435,0.594854134198717,4.32,Mortgage,22746.96,1
59184,666,0.5834319783593517,0.43,Own,19723.45,0
35321,847,0.1948409036778128,0.16,Rent,24337.68,0
29276,547,0.5733327725392313,0.57,Rent,19879.65,1
23026,513,0.4461309520059831,4.48,Own,3374.71,0
16646,369,0.304421582766617,0.32,Own,12751.79,1
42228,628,0.46981546608047065,4.2,Mortgage,22133.81,0
45485,315,0.5500704828532734,5.29,Rent,12451.77,1
40528,786,0.1900707768994875,0.8,Rent,21498.12,0
68651,473,0.19799213068883056,3.35,Rent,18869.61,0
68420,573,0.30436038111383024,16.6,Own,24415.69,0
44977,823,0.18460588566753536,9.05,Rent,12836.99,0
23091,518,0.2801987428529079,6.43,Mortgage,5820.63,0
41499,812,0.422845763531257,3.65,Mortgage,13942.58,0
41002,698,0.5064090626669274,2.51,Own,7882.86,0
40142,410,0.2509674688426997,3.0,Own,12692.68,0
39534,763,0.240865341902419,7.23,Mortgage,1032.93,0
40198,392,0.48987148219458876,4.04,Own,15085.28,1
44201,750,0.2905131130012546,7.23,Own,17168.67,0
40466,695,0.5092376839344207,17.51,Rent,17456.78,0
53124,778,0.5966901601646066,5.12,Mortgage,19946.57,0
55405,615,0.5898343379918585,4.62,Rent,16610.46,0
36340,652,0.43134347742364454,2.61,Mortgage,11766.78,0
69065,538,0.2876066056887253,1.1,Rent,21265.29,0
35299,403,0.13274492973838134,2.34,Mortgage,18564.72,0
25732,328,0.46902031635853036,3.67,Mortgage,14672.12,1
55711,388,0.588983620526622,0.18,Mortgage,14460.64,0
37738,674,0.13399223160781407,3.23,Own,11892.2,0
54819,696,0.10308385531032008,9.91,Rent,21468.3,0
13944,663,0.5158880982908588,18.78,Own,15190.02,1
70886,446,0.15112948101911858,9.67,Own,19417.81,0
60084,613,0.14081149022278974,0.94,Mortgage,5012.36,0
27492,847,0.5551680341115893,0.84,Mortgage,15735.21,0
27818,751,0.13978040583594067,2.5,Own,16429.36,0
75083,805,0.15700882738771307,1.28,Own,9162.0,0
38939,785,0.38478683763484667,5.63,Own,11294.31,0
37487,400,0.47840708651664565,0.44,Mortgage,18763.79,1
16009,406,0.2997861293571136,2.93,Mortgage,18029.11,1
44738,590,0.3102945803451952,1.64,Mortgage,16497.97,0
46584,648,0.4163129935755693,4.52,Rent,21512.17,0
60732,526,0.35271264741539066,7.97,Own,17872.47,0
29013,349,0.10931414638885875,12.86,Own,22027.65,1
27195,457,0.15679159313609994,16.6,Rent,10473.8,0
56764,627,0.3908000077627014,2.16,Own,16200.43,0
65100,376,0.4968312548489331,9.68,Own,15490.9,0
26432,753,0.48155157271497795,4.48,Own,8938.72,0
66222,609,0.4700282796468225,5.89,Rent,23880.47,0
50563,626,0.485636308104067,9.52,Rent,12716.35,0
66377,807,0.12222173816226153,0.7,Own,16955.84,0
48946,406,0.5475507824812943,14.73,Mortgage,12559.87,0
12165,540,0.5446415526058374,3.96,Own,20697.15,1
47720,734,0.36596199454880696,2.05,Own,13723.68,0
65902,327,0.2242971661343827,2.07,Mortgage,13692.96,0
36593,548,0.3960892363907167,6.95,Own,15107.71,0
44180,663,0.3789429631876433,5.68,Own,15422.71,0
47357,832,0.21147860384510517,6.54,Rent,12257.6,0
6507,771,0.40156508946433456,1.46,Own,11140.23,0
75070,838,0.49864705805030485,0.93,Mortgage,12304.18,0
36479,712,0.5030534323726281,6.4,Rent,14223.49,0
57586,464,0.1298489111399572,1.77,Rent,16358.08,0
48699,347,0.1985816559062322,1.26,Mortgage,12968.31,0
68864,783,0.43411168029659775,1.21,Mortgage,9309.82,0
56090,457,0.5299159727071511,0.8,Rent,8958.3,0
46476,450,0.3606085412246077,2.78,Own,10432.71,0
36597,524,0.4537628341674902,1.51,Own,16656.2,0
61967,559,0.11053600532845029,11.22,Rent,19383.61,0
21898,686,0.40421040594269964,5.84,Own,9480.82,0
59688,555,0.5809545722183008,6.81,Rent,17125.63,0
33514,360,0.430507303516369,2.58,Mortgage,16853.0,1
68784,695,0.5611378583001598,4.58,Own,24176.61,0
52419,696,0.38300472906553684,3.47,Own,26617.97,0
59661,461,0.5216893688879638,0.92,Rent,20307.87,0
51229,679,0.16208120412857377,0.25,Rent,18520.63,0
23714,742,0.16175663144340827,5.75,Own,17662.56,0
37089,648,0.16008966459789728,0.65,Own,11343.0,0
60085,330,0.34442477601835453,0.3,Own,9278.91,0
52499,370,0.26513178041855756,2.92,Mortgage,7208.23,0
67714,696,0.459592926870518,6.7,Own,15787.01,0
56049,737,0.5513109571501986,7.32,Own,11241.35,0
35499,301,0.40968741428674094,10.34,Rent,18969.71,1
38059,434,0.20660527804928966,1.11,Mortgage,9378.16,0
51543,445,0.5654384337645568,21.21,Rent,16266.83,0
15289,478,0.36392866906899135,7.2,Own,11182.99,1
75101,563,0.4599727765678776,0.86,Mortgage,8106.93,0
56626,610,0.5452529252175886,9.19,Own,10932.94,0
68405,503,0.5949159660494513,3.46,Mortgage,11763.78,0
26290,329,0.3530319745508369,0.34,Mortgage,14894.96,1
68668,358,0.504031359341837,0.71,Mortgage,11977.58,0
83472,308,0.38343353265912106,2.84,Mortgage,10367.95,0
30186,623,0.34322697299790295,3.78,Mortgage,10991.99,0
61571,466,0.36885625963814495,14.73,Mortgage,-3659.32,0
50016,636,0.34213762191085206,1.21,Rent,13102.34,0
26833,678,0.31051405939734034,3.21,Rent,15169.14,0
57393,541,0.46186034525699393,1.28,Own,12890.97,0
62504,459,0.2248379079738296,4.09,Mortgage,15990.61,0
40983,534,0.40819073290300034,12.0,Mortgage,19826.03,0
67488,752,0.4564800888822148,4.19,Rent,20297.34,0
24998,498,0.5460454166953526,3.57,Own,19888.02,1
27578,776,0.2659385744687929,6.93,Own,11922.81,0
52048,332,0.5302995517580322,0.8,Rent,10356.17,0
50380,707,0.5726455856629319,11.8,Rent,12193.89,0
39251,388,0.42433969137085936,4.31,Mortgage,18015.76,1
62143,520,0.48571650396150656,5.8,Rent,16557.97,0
57963,368,0.3028534799094367,8.55,Mortgage,11189.37,0
62872,593,0.5760677098923463,5.04,Own,20385.16,0
48152,536,0.4354307275432121,5.13,Mortgage,9456.95,0
59038,459,0.25507840430888373,6.54,Rent,12387.58,0
43315,589,0.3021306736170114,0.27,Mortgage,16045.37,0
80807,832,0.4088777570657881,2.41,Mortgage,19167.82,0
37811,634,0.21706758225614756,16.48,Rent,20791.7,0
81579,801,0.47695720217014603,1.49,Mortgage,16523.35,0
50523,545,0.21234575813482157,3.91,Own,8813.87,0
29367,622,0.39589459788546966,0.96,Mortgage,20294.13,0
70521,628,0.4485032564974136,1.95,Rent,9791.65,0
51888,846,0.5298739478307694,6.31,Rent,12602.73,0
62766,638,0.4669502078944666,5.15,Rent,10074.9,0
68357,470,0.49941254577614247,2.67,Mortgage,14545.99,0
55069,409,0.5564659007489241,13.91,Own,9896.61,0
41116,309,0.3988857806110362,7.46,Rent,17361.16,1
64635,501,0.5231400053310084,1.56,Rent,17076.04,0
50011,556,0.21593611551258604,3.13,Own,18768.97,0
60287,561,0.5073665853959864,10.52,Rent,16425.64,0
17694,729,0.21084337065324013,0.11,Mortgage,16117.54,0
56704,806,0.5673146093713899,4.35,Rent,10097.67,0
40421,365,0.26498666872883436,1.32,Rent,11609.85,0
74799,334,0.18591899908780643,0.33,Mortgage,14493.11,0
59346,790,0.17408438006460095,12.2,Own,14912.22,0
53597,553,0.19363610846891618,8.47,Own,13330.56,0
57294,316,0.32377015428158296,1.02,Rent,17782.81,0
35023,560,0.36107469554002947,9.07,Mortgage,26583.91,0
74348,555,0.5568929162619592,0.79,Mortgage,17024.24,0
79870,723,0.2905074014638478,3.23,Own,11647.2,0
55893,800,0.20874115439352706,6.47,Own,18907.11,0
73856,585,0.4719105559196908,3.82,Own,11882.75,0
41462,306,0.16732720396430298,9.51,Mortgage,16770.42,0
38043,796,0.5461416860075939,4.8,Mortgage,17371.5,0
50613,498,0.304699817604402,2.83,Mortgage,16155.14,0
56524,717,0.40692074182748983,12.96,Rent,12031.92,0
44090,351,0.1930921713082613,0.18,Rent,15374.46,0
58066,542,0.17276457453991836,3.35,Own,12485.92,0
54595,518,0.4994196873774278,5.41,Own,12463.18,0
35025,817,0.3148511459572799,9.04,Rent,6750.4,0
57781,408,0.5933714063631051,3.9,Rent,14384.92,0
62952,650,0.3621489722262258,10.84,Rent,25825.07,0
52572,365,0.5228264553788449,2.78,Rent,2487.27,0
67289,309,0.5899818393607176,1.91,Own,3879.07,0
31738,501,0.2405750807542508,18.21,Rent,15287.41,0
57019,513,0.5004408560776831,5.5,Rent,18752.69,0
32445,367,0.111003081662323,2.77,Mortgage,8275.44,0
33288,626,0.43987705903051444,10.53,Own,16080.67,0
40536,349,0.4726005455589247,5.75,Own,14192.47,1
35869,316,0.33868185621775115,5.08,Mortgage,11987.91,1
41780,822,0.181052605058751,6.52,Own,16906.67,0
46787,605,0.4083602740392249,6.7,Own,9962.57,0
62557,691,0.5487643297177788,3.4,Rent,20089.04,0
45182,423,0.5656595997891345,2.72,Rent,5435.35,0
26215,803,0.47305119520980143,12.0,Own,14588.08,0
67101,524,0.231856629212801,3.44,Mortgage,15537.22,0
37443,617,0.53516346302996,1.22,Mortgage,14168.03,0
49119,772,0.5444115333508475,3.69,Own,12435.93,0
56698,840,0.28362110287261033,0.18,Own,18144.41,0
52994,657,0.19149086827184034,6.42,Own,12958.43,0
66412,782,0.5373297170666841,0.68,Own,7411.06,0
57185,728,0.5425486576264071,0.59,Rent,11583.19,0
37080,796,0.15045304227560705,14.63,Rent,15478.03,0
82678,771,0.5834921461112441,7.4,Own,12261.56,0
52915,599,0.3665402765393989,2.67,Mortgage,13376.11,0
47789,383,0.5968650974714681,1.37,Rent,18865.81,1
64458,676,0.3225041251083407,9.27,Own,12015.34,0
53741,612,0.3666416696797741,17.3,Mortgage,14524.53,0
55988,619,0.2330414159856228,3.55,Rent,14022.71,0
87382,503,0.5494737227576847,4.34,Rent,20372.38,0
45873,654,0.3218560585362886,1.39,Own,15243.46,0
45233,593,0.5073070268136919,4.45,Mortgage,19006.16,0
51748,803,0.13986713754754135,2.56,Own,11401.31,0
66072,444,0.4941233142474063,9.34,Rent,23765.09,0
27401,838,0.3451215711257375,2.37,Mortgage,19153.16,0
20516,316,0.10270393986655299,5.23,Rent,23289.94,1
41193,338,0.21313146949939746,1.14,Own,15997.07,0
25491,429,0.1968651057215585,0.48,Own,11970.95,0
43627,414,0.4758822906547199,0.21,Rent,13860.46,0
57537,749,0.3386010948966093,2.69,Own,16048.16,0
36638,344,0.17985919834354872,0.89,Own,15982.37,0
28597,515,0.2284014885226263,25.16,Rent,12954.4,0
51040,714,0.3520384026529424,8.01,Mortgage,14929.93,0
62938,564,0.10981909865983694,5.91,Rent,16273.02,0
24575,739,0.31206279404968684,8.13,Rent,10927.81,0
62303,680,0.4390307018268701,1.52,Mortgage,13158.46,0
62259,600,0.35887729264293944,10.57,Own,21688.23,0
64311,470,0.39904977053774937,27.17,Mortgage,21001.75,0
68277,705,0.26330905850582487,1.71,Rent,11030.56,0
83030,654,0.1915378620098779,20.88,Mortgage,24468.93,0
44658,460,0.5048706451775905,1.93,Own,11017.99,0
51643,325,0.5528174357181802,0.06,Mortgage,17035.22,1
43753,382,0.35537028518744684,2.29,Mortgage,21643.43,1
50029,472,0.2525206062906954,29.99,Rent,11014.16,0
72993,369,0.3556024147589928,5.04,Mortgage,9361.02,0
29824,305,0.5394927603186978,5.94,Rent,17452.81,1
37084,494,0.44570317368755874,1.36,Own,14642.89,0
70657,824,0.5293080431450587,0.79,Mortgage,13265.56,0
65300,362,0.26418971153902515,10.84,Mortgage,8223.37,0
44553,312,0.4559895641687479,2.67,Rent,21585.85,1
62816,504,0.42652448575580826,0.02,Rent,16258.19,0
55118,339,0.3858082303252086,1.74,Own,18438.03,0
72504,464,0.3641124326152544,1.09,Rent,20825.33,0
51117,330,0.3754889415697985,4.63,Rent,6311.6,0
65384,828,0.5248355448633495,7.06,Own,15894.99,0
89630,697,0.5579972505020725,3.44,Rent,7420.21,0
58971,758,0.15643023219261912,1.03,Rent,18753.65,0
50739,522,0.38438578879516716,0.3,Rent,21732.69,0
60836,377,0.5592042112366173,1.88,Rent,14553.36,0
44520,727,0.16736999257954707,8.2,Own,14654.69,0
85819,724,0.30642968664845316,2.72,Own,17871.73,0
52701,686,0.14454008567545198,1.45,Rent,17379.32,0
45906,538,0.1567382010048687,0.1,Mortgage,13894.45,0
37464,389,0.5520554062797667,3.43,Own,18536.84,1
66458,684,0.3230897924152467,5.77,Mortgage,13821.78,0
63007,438,0.4443698270022993,1.06,Rent,16531.45,0
42539,823,0.16945721162176666,3.85,Rent,8729.83,0
58646,543,0.1109737411963779,2.73,Own,20756.61,0
27371,804,0.545241978674432,6.09,Mortgage,10638.79,0
52774,721,0.387272819774511,9.85,Own,16583.68,0
56791,481,0.10999387778550343,1.83,Own,9365.58,0
75609,494,0.5961697404639935,11.76,Own,12783.12,0
38437,352,0.346096191506879,6.14,Rent,12418.96,1
30824,478,0.3379382540826379,0.19,Mortgage,17611.23,1
36568,592,0.41045709216131065,7.83,Rent,22390.66,0
29951,674,0.10395226709773106,3.41,Rent,11181.81,0
70049,358,0.38456918685322006,14.54,Rent,10438.35,0
73229,353,0.41474195199482844,1.96,Own,20198.9,0
54803,544,0.2484767840515363,4.47,Rent,11431.97,0
68319,448,0.4634262048841492,15.63,Rent,26603.06,0
52009,667,0.28871590810898384,1.58,Rent,9697.6,0
48573,315,0.45888656722907006,3.19,Rent,18629.79,1
45004,475,0.17191258922625716,6.98,Rent,7316.75,0
45344,839,0.556848908020509,5.87,Rent,9915.03,0
26782,705,0.5397286868281301,9.12,Mortgage,10100.91,0
53963,766,0.1753132380438853,3.67,Own,12011.31,0
49394,428,0.5692269685427604,1.92,Rent,19140.89,0
61180,522,0.378890136383637,3.83,Own,14806.09,0
51402,543,0.45082483918248417,2.15,Mortgage,20708.57,0
47559,725,0.5201468961882643,0.97,Mortgage,19034.56,0
36932,653,0.14178497354000183,4.05,Own,10041.97,0
51082,625,0.18464217873308328,0.25,Mortgage,14465.13,0
61073,302,0.2451954607429809,0.19,Rent,21118.47,0
32849,778,0.33860224069350686,0.33,Mortgage,10728.2,0
51312,380,0.27302725314937026,5.58,Rent,17870.82,0
53495,343,0.35292318847102655,2.61,Own,11374.59,0
39229,454,0.19295851367186814,3.41,Own,10237.0,0
41182,835,0.44107706996658236,2.1,Own,13509.76,0
53459,398,0.12786744059186558,1.46,Own,9454.76,0
32998,696,0.2807247531039808,2.22,Own,21214.15,0
55248,470,0.1895166223355613,1.07,Own,871.7,0
36569,447,0.46496663593534016,5.68,Rent,17601.15,1
65942,422,0.5418266694149557,0.54,Own,17577.36,0
85067,411,0.13939310460173746,3.64,Mortgage,12714.68,0
37088,429,0.49251892793319996,3.24,Rent,4994.01,0
58013,367,0.5478611468610511,1.8,Rent,17274.98,0
39098,844,0.5869851083070275,0.54,Rent,12764.52,0
65614,585,0.38969312547254453,6.08,Rent,11882.32,0
31021,304,0.26369594300370336,4.21,Own,20954.8,1
57208,417,0.26098679993366514,8.29,Own,22338.11,0
36905,529,0.28948503964722627,1.34,Own,12455.82,0
46895,459,0.4063337036638135,7.84,Mortgage,11126.89,0
34534,593,0.34511500606956247,1.73,Own,1228.7,0
62335,485,0.42681751320341754,0.6,Own,7003.21,0
37445,523,0.11965693676478809,0.72,Mortgage,11077.84,0
58279,451,0.15294077519055685,1.25,Own,20377.07,0
44838,439,0.5882697497133805,5.74,Own,17259.46,1
48282,666,0.5976927510931193,1.4,Rent,20290.26,0
52216,427,0.47332940856969496,4.63,Own,18471.44,0
38572,650,0.22819857509051492,1.48,Mortgage,15003.84,0
53155,446,0.576690867200275,2.27,Rent,15475.46,0
72955,584,0.20685139689585177,11.02,Mortgage,17689.66,0
38328,768,0.4657156612138029,3.47,Mortgage,13884.06,0
67577,517,0.15762915584601941,4.58,Own,16585.75,0
72471,735,0.4244522492799171,1.05,Rent,16809.06,0
37757,444,0.47975750167806797,0.7,Own,16216.26,1
28174,576,0.5298200722940413,2.67,Rent,12164.25,0
54529,359,0.4671530698440053,9.67,Rent,21692.36,0
41788,674,0.561742677677726,1.38,Rent,21623.55,0
78029,703,0.3604616289503625,4.86,Mortgage,8682.04,0
50522,413,0.43871430344666384,10.28,Own,4901.02,0
37967,794,0.28477504254417596,13.62,Rent,12793.03,0
32792,635,0.10519472464465626,25.41,Rent,10998.2,0
66348,584,0.47834647773367023,7.2,Mortgage,6767.97,0
41432,428,0.5349303239356028,0.39,Rent,13118.83,0
50657,614,0.18696223850486351,10.26,Rent,22135.3,0
64337,370,0.11432037583264557,10.84,Own,17286.12,0
42736,644,0.18225092275073182,4.07,Mortgage,19095.39,0
49311,397,0.5476446466196445,0.35,Mortgage,21613.49,1
49751,599,0.2477551946856649,3.24,Rent,18856.36,0
60249,475,0.21685205742683586,1.18,Rent,14173.72,0
58861,374,0.10729491242160819,2.92,Mortgage,20841.34,0
46698,442,0.2485275736050331,6.44,Rent,11005.41,0
50954,322,0.4578195385111181,5.51,Rent,7403.54,0
44423,480,0.5795446441881098,7.57,Mortgage,21995.85,1
27835,344,0.2563706162188166,3.24,Rent,22688.65,1
53864,768,0.22034266010534662,3.57,Own,12957.63,0
78382,391,0.5440345102313171,13.72,Rent,12328.23,0
36744,568,0.5262524254161143,4.99,Mortgage,17792.2,0
38404,333,0.26408021007184324,6.88,Own,9518.5,0
36939,663,0.134402576878527,5.46,Rent,13798.94,0
60868,432,0.5959947202333713,5.12,Own,16172.84,0
56727,681,0.4403521437308924,12.24,Mortgage,11543.92,0
47621,576,0.5632902485420671,2.2,Own,20496.86,0
36229,455,0.2709372371597307,2.79,Rent,16286.02,0
51385,686,0.42384270954149705,2.39,Rent,14318.68,0
26530,834,0.43724861510330637,7.25,Mortgage,19913.14,0
52151,499,0.5364527337694596,10.14,Own,15757.6,0
63072,574,0.596529018558002,2.21,Own,11424.26,0
31232,800,0.15433308926199332,0.77,Mortgage,21323.32,0
27012,758,0.4155584227152157,3.41,Mortgage,14870.86,0
73691,349,0.26821997418129306,20.78,Mortgage,-1617.1,0
40823,831,0.5058292135300609,1.14,Mortgage,16402.81,0
67039,391,0.4770739923732211,3.01,Rent,5404.22,0
47690,755,0.5462592621119569,1.58,Rent,25442.28,0
47570,638,0.2718514386402415,12.8,Mortgage,16811.5,0
56576,352,0.19226517207888252,4.0,Mortgage,16811.51,0
36740,795,0.11090083857558206,4.32,Own,18762.17,0
51987,303,0.2277533418591056,0.04,Rent,6085.22,0
44277,580,0.2835857698776155,5.29,Own,16988.66,0
30192,589,0.573033492973996,1.83,Own,9925.24,0
55062,372,0.3456863169236264,3.6,Rent,12960.7,0
46050,436,0.37821975205439473,3.79,Mortgage,17179.64,0
47644,692,0.5400643810240574,4.49,Rent,12229.08,0
31847,507,0.5425347568820704,8.67,Own,5398.19,0
73871,559,0.363957913281601,1.78,Rent,17396.62,0
63150,562,0.15685174936666588,1.48,Mortgage,18574.47,0
64462,804,0.23525808234061482,7.94,Rent,9474.89,0
45418,849,0.3284441000030611,6.34,Mortgage,11062.48,0
24062,502,0.4755847475889433,1.28,Mortgage,14012.66,1
79293,646,0.4558408741645561,0.0,Own,24607.29,0
49083,351,0.4213541176498826,5.48,Own,23656.39,1
38768,655,0.5401227799011722,0.85,Mortgage,20446.24,0
56252,818,0.5013232041535627,15.73,Mortgage,25378.59,0
67506,662,0.5910571204038152,4.64,Own,20386.71,0
49654,344,0.5445792604665778,9.47,Mortgage,16363.0,1
69178,677,0.19782821392171426,8.19,Rent,9469.55,0
66244,711,0.12880828276019782,4.08,Mortgage,6351.5,0
33854,441,0.30725547202216164,2.88,Mortgage,12552.47,0
39893,557,0.4087522254506395,3.43,Own,15955.51,0
64363,336,0.42155174984751964,8.12,Own,26514.01,0
9310,344,0.23375638075917934,5.11,Own,13870.19,1
47758,345,0.5299404822243352,1.15,Rent,15763.93,1
28537,600,0.2646232318227135,4.7,Mortgage,16725.28,0
42851,587,0.5595573031915717,2.59,Mortgage,16028.83,0
45517,568,0.3358007006516107,0.32,Own,23888.85,0
44626,361,0.10519533302091802,2.4,Mortgage,21639.43,0
41716,541,0.1810206555973731,1.29,Mortgage,15026.02,0
33542,653,0.15115962832749882,9.12,Rent,11879.0,0
84378,370,0.12201289790015382,0.55,Mortgage,12185.93,0
78011,712,0.45700865540533797,2.24,Rent,15164.03,0
32569,360,0.1961579365302011,5.95,Mortgage,11445.99,0
73731,751,0.519309897203243,11.38,Own,19527.28,0
44008,692,0.232234414407215,2.04,Own,11621.31,0
51937,828,0.11616355324542074,4.66,Mortgage,22777.09,0
49050,604,0.5103376719876146,2.34,Own,18450.84,0
40103,490,0.3330729252654936,1.13,Rent,8468.17,0
64757,377,0.3997527201344969,1.97,Own,22363.58,0
51888,824,0.26811364432078155,5.05,Rent,8385.08,0
42851,600,0.12302019807782091,6.3,Mortgage,23029.95,0
30431,316,0.28508854458206234,2.31,Mortgage,18721.38,1
36596,733,0.3591431851467861,0.83,Own,26209.8,0
25379,342,0.10584330176830928,0.75,Mortgage,2314.81,0
50183,367,0.38714501610190943,8.37,Mortgage,15709.72,0
32050,679,0.5465210772795864,5.3,Rent,14870.97,0
46016,511,0.20892026121001314,6.51,Rent,11905.68,0
70551,502,0.5633845805741994,3.35,Mortgage,19947.64,0
67989,408,0.148804259411793,3.06,Own,13396.46,0
49515,583,0.5127181751114108,1.19,Own,22204.29,0
48693,524,0.5201621791510787,0.92,Own,10348.26,0
78198,417,0.22887993144906946,0.84,Mortgage,5416.03,0
57811,639,0.5789217039542337,24.01,Own,11270.53,0
45082,580,0.3082993628558889,8.6,Own,17867.24,0
28609,790,0.1706280437327969,4.92,Mortgage,20009.34,0
55908,318,0.39585722541358337,1.21,Rent,10218.02,0
62439,474,0.5983073520226332,2.06,Rent,17604.3,0
40525,768,0.5496457744796472,2.16,Mortgage,16757.1,0
54368,441,0.23930141305755123,3.25,Rent,16036.56,0
44546,762,0.3884932996891878,2.74,Own,23740.19,0
47239,597,0.1576838298384083,13.6,Mortgage,13566.55,0
12682,769,0.33092240216854474,6.38,Mortgage,10310.52,0
46673,672,0.3615350338455907,0.42,Rent,15378.94,0
64540,767,0.2576391491655643,2.23,Mortgage,14187.64,0
40528,737,0.3420935414685028,0.71,Mortgage,19519.41,0
50787,742,0.5599692290905868,1.64,Own,15038.75,0
38660,755,0.3500688185898654,15.96,Mortgage,16265.92,0
55406,547,0.5154951552837987,6.11,Mortgage,13567.13,0
46752,441,0.25869521458171696,0.04,Mortgage,3571.95,0
35911,701,0.5857021111862408,1.99,Mortgage,15910.5,0
69988,521,0.14673161672259274,2.89,Rent,20905.46,0
63933,483,0.3927933234209946,4.61,Mortgage,17919.35,0
40926,663,0.4949438975834013,3.46,Own,7426.28,0
57466,487,0.5070204931551228,0.36,Rent,13307.36,0
58061,412,0.19914055539352096,3.62,Mortgage,13753.7,0
59634,480,0.3008229443424931,0.7,Rent,17771.07,0
24586,498,0.4120980862320516,3.66,Mortgage,15720.01,1
65099,369,0.2579413548862083,1.41,Mortgage,-57.59,0
41454,784,0.42914800760674,0.78,Rent,9854.2,0
44632,698,0.2893903356563513,1.7,Rent,13182.59,0
89568,309,0.2754331612926112,0.52,Rent,11747.88,0
54528,302,0.1540340857452048,1.67,Rent,13985.79,0
44205,777,0.11962643942652287,10.08,Own,12623.96,0
16920,366,0.517636895006091,1.83,Rent,13806.73,1
70846,396,0.34477224607803714,3.18,Own,18945.92,0
29821,830,0.3814365666045033,3.67,Mortgage,20819.46,0
34948,617,0.28611051126424025,0.98,Mortgage,14201.1,0
45029,397,0.16837102273688523,2.92,Rent,17927.1,0
71246,356,0.3247859988456032,9.59,Mortgage,17096.69,0
61598,406,0.21447853901558436,0.42,Own,21849.6,0
47632,387,0.5188415233886052,12.81,Own,18356.29,1
54624,670,0.5933942690372449,10.24,Rent,25331.92,0
40994,674,0.5445480677379029,9.68,Rent,18488.42,0
52094,351,0.36413713296281525,1.11,Rent,6911.07,0
51100,340,0.41406587259102223,3.31,Own,21717.03,1
64531,390,0.5740612713696192,4.79,Rent,19600.66,0
64507,338,0.36934096679436257,0.53,Own,19493.44,0
57409,312,0.4192945616457753,4.07,Own,8441.78,0
44564,403,0.41461475187116414,9.16,Mortgage,20469.33,1
61127,342,0.4540605759062326,13.79,Mortgage,19938.37,0
48620,508,0.42014254978915944,1.63,Rent,8003.72,0
33771,775,0.4353526990277864,1.7,Rent,18543.92,0
43950,408,0.4629472361163991,1.58,Rent,16464.03,0
51267,513,0.5045496148339744,0.83,Rent,15046.51,0
63653,708,0.30152748463150203,2.82,Own,14580.8,0
47247,376,0.47291699213028915,7.67,Rent,5477.99,0
31862,394,0.15010187957698115,6.23,Mortgage,14656.51,0
50851,568,0.5380940661207643,11.53,Rent,18880.54,0
51701,660,0.2450221539545959,2.2,Own,10880.15,0
52787,829,0.3017301570436418,4.25,Mortgage,14716.03,0
63798,461,0.5018052063287542,7.27,Mortgage,12457.8,0
65283,764,0.4184935190455029,11.42,Rent,12855.19,0
41086,847,0.25431399492558404,10.27,Mortgage,5816.02,0
40757,486,0.21269955556232015,3.13,Mortgage,18302.33,0
34397,351,0.578857224355295,11.87,Rent,15096.33,1
60482,787,0.1438881805157934,2.94,Rent,10914.2,0
71732,830,0.10216755430467064,11.66,Own,20986.9,0
45273,695,0.4364674511431752,7.5,Mortgage,19283.18,0
46378,391,0.4072372135412592,1.25,Rent,14665.95,0
72001,656,0.46880698147589195,13.27,Mortgage,21248.57,0
57583,443,0.46581691580452345,1.39,Rent,22916.25,0
56543,498,0.5316295636330116,11.95,Own,10296.9,0
32136,622,0.5610542952042284,4.77,Rent,9423.81,0
60180,631,0.48751229412894304,5.5,Rent,3839.49,0
36062,563,0.21614640081104838,0.58,Own,11456.7,0
32989,516,0.33174808914948706,0.34,Rent,13063.24,0
44798,733,0.4208576203279445,17.26,Own,6843.75,0
41213,759,0.36968263442237104,2.05,Mortgage,10808.06,0
46676,802,0.17944875621731235,9.3,Mortgage,18697.79,0
28385,768,0.3946365153120228,6.1,Mortgage,16318.24,0
64382,665,0.5432643247169878,4.63,Rent,11199.56,0
66915,538,0.30925861163254886,5.78,Own,21196.65,0
20789,695,0.43446641221770177,0.47,Rent,8264.18,0
64676,694,0.40796714313816906,2.66,Rent,17502.38,0
37842,374,0.28852156842725807,4.67,Rent,13839.29,0
62854,397,0.3826356035736165,10.11,Own,15477.37,0
48973,682,0.2051060169494305,6.27,Rent,16503.49,0
50431,669,0.3730536293475938,1.46,Rent,20985.48,0
47223,584,0.4994147952451896,20.97,Own,18546.8,0
68181,555,0.47947388479563313,5.15,Own,20468.0,0
31406,608,0.27897727490353585,3.48,Mortgage,9911.48,0
59117,475,0.1560426079532544,7.6,Own,13557.5,0
66519,527,0.49997128251993295,4.62,Mortgage,10268.56,0
60745,646,0.23251954474726141,6.19,Mortgage,8464.7,0
84870,641,0.12652188360603386,4.8,Rent,19518.07,0
42065,538,0.32259648010800146,0.99,Rent,5208.83,0
64359,649,0.46973526477327376,3.92,Rent,12080.34,0
48408,754,0.5042466702445938,1.66,Rent,12256.47,0
68501,740,0.591101074610967,4.22,Rent,13938.61,0
49884,814,0.19470384201506177,0.67,Rent,9280.67,0
44181,380,0.2468974252302664,1.32,Rent,11314.03,0
69591,660,0.40474524923974864,8.27,Mortgage,24326.1,0
42626,587,0.5056718485580124,2.6,Mortgage,13692.0,0
28809,307,0.21703751062124618,5.6,Rent,10582.66,1
42247,386,0.3049572251868796,3.44,Rent,16177.52,0
59285,585,0.30420033422624604,2.08,Mortgage,15378.27,0
70880,698,0.4864683665491606,3.42,Mortgage,24624.6,0
51666,373,0.2204661028394607,8.4,Own,13633.8,0
69772,738,0.5843792773479638,1.65,Own,17434.85,0
29627,422,0.35523190631773116,2.74,Rent,9000.36,0
43351,676,0.24103341830265704,1.13,Rent,11406.71,0
45671,442,0.2421420298592433,2.16,Rent,11893.81,0
48281,457,0.10914999335198525,10.82,Mortgage,7587.78,0
51261,729,0.44621544537814506,7.7,Rent,15237.03,0
60363,747,0.48797415133779887,2.34,Rent,16258.42,0
43327,709,0.1162138864618448,0.71,Rent,15636.86,0
52085,670,0.3929672695654767,2.72,Own,6944.41,0
49323,408,0.490836333885211,7.39,Own,10172.33,0
36111,335,0.2881200241955011,0.22,Rent,13026.91,1
48294,389,0.3163707914273448,6.84,Mortgage,9165.27,0
47845,714,0.28081244995607013,5.7,Own,4796.32,0
47523,595,0.257825359283237,0.33,Rent,19790.08,0
50476,345,0.3455708618259604,5.05,Own,22550.88,0
51135,787,0.18305033006661228,1.77,Mortgage,20721.67,0
43515,469,0.32034384061592946,0.98,Mortgage,16459.85,0
69090,445,0.5709125621361028,2.43,Mortgage,12031.55,0
32457,719,0.11370104889860663,1.15,Mortgage,25839.48,0
39185,302,0.1823717079265144,8.7,Rent,20358.7,1
91699,562,0.48885119532321053,6.77,Mortgage,10890.63,0
34430,620,0.16602854495685584,19.75,Rent,22547.92,0
29693,545,0.23564044975137274,3.82,Mortgage,15826.31,0
61017,776,0.32741946202217787,0.47,Rent,21600.93,0
18843,558,0.5715811288205523,2.29,Mortgage,22970.09,1
46470,392,0.19175059365178473,9.12,Rent,11689.8,0
82187,832,0.5615422970021582,2.53,Own,14326.83,0
26825,638,0.45926225635642626,3.04,Rent,16238.58,0
20270,559,0.435572455871586,2.65,Rent,15462.95,1
27512,536,0.46177126202501606,1.34,Mortgage,9858.5,0
63475,440,0.11562330948466873,0.38,Mortgage,15560.61,0
66871,779,0.14945013053475967,1.0,Own,13537.15,0
42311,649,0.2674207643701142,2.26,Mortgage,13617.89,0
60248,429,0.13698376657433883,1.41,Rent,7128.22,0
70853,836,0.593794854747711,4.25,Mortgage,13835.6,0
76810,310,0.3902061040725888,4.76,Mortgage,25715.11,0
46304,556,0.34367183557149206,4.22,Rent,17278.86,0
15477,668,0.4927558924495219,0.44,Own,13418.7,1
37686,693,0.5884796034059949,5.5,Mortgage,17691.08,0
43597,718,0.5775650000423873,2.43,Mortgage,22043.32,0
46115,318,0.496532442394348,10.53,Rent,11404.42,1
47182,409,0.2885871184804383,3.73,Own,23430.76,0
66783,736,0.13297974578895336,0.44,Own,9658.06,0
69116,804,0.14918848886454059,0.05,Mortgage,13049.43,0
47424,333,0.10057617039729375,6.06,Rent,12614.63,0
66477,587,0.10095142161242796,2.56,Mortgage,21087.79,0
55364,554,0.568210899466731,1.7,Rent,9468.49,0
50967,433,0.5635084846037496,2.96,Rent,20317.67,0
63598,798,0.4337768998524011,0.38,Mortgage,14077.65,0
51083,696,0.4633383621101512,2.49,Rent,15691.58,0
80867,786,0.3566042283250189,1.89,Mortgage,20927.48,0
28423,512,0.21892112804416622,8.05,Own,17409.08,0
42272,649,0.5571925245544046,0.96,Own,21386.4,0
48102,318,0.23884573367967502,7.06,Mortgage,20218.46,0
56591,418,0.46983563047481725,3.47,Own,28097.54,0
69019,601,0.22271784236193984,0.43,Own,20766.22,0
49634,584,0.5350742090245889,17.48,Own,15614.72,0
28666,526,0.4256197172127405,6.63,Own,15306.28,0
62637,806,0.42134751027836603,1.51,Rent,23678.62,0
61324,800,0.14868361837095997,4.36,Mortgage,16607.34,0
20872,511,0.3097344515846008,11.51,Mortgage,17639.57,1
49942,655,0.3624542537747997,13.35,Own,21100.28,0
26147,786,0.24701814420555504,6.57,Mortgage,13489.98,0
40030,620,0.5404873059167329,6.5,Mortgage,10768.7,0
36457,522,0.5188349707556109,1.62,Mortgage,18107.46,0
62138,490,0.34681045617126505,22.91,Rent,12809.6,0
51752,799,0.2700156013220575,1.4,Own,22851.73,0
30716,794,0.5007711360028222,0.47,Mortgage,3027.22,0
63200,536,0.1984457237706194,18.94,Rent,12769.04,0
28492,321,0.1357581575468164,0.83,Own,16807.19,1
54951,626,0.12285524303597387,3.69,Rent,12153.01,0
37789,844,0.11934163044900012,3.16,Rent,22662.06,0
44514,426,0.3444443282350892,9.43,Rent,16700.61,0
57564,664,0.2276568180496801,2.53,Mortgage,12278.32,0
57821,343,0.44518756068097376,3.49,Own,16882.06,0
70054,818,0.42694578702025265,0.22,Own,8544.6,0
48766,427,0.3710100035720124,1.16,Mortgage,18257.62,0
54596,429,0.27642164071398145,8.95,Own,22281.61,0
43433,828,0.5252281224928651,3.25,Own,14916.46,0
52729,620,0.45485137665002673,1.31,Rent,15626.33,0
56592,485,0.23576306201582928,2.3,Mortgage,10010.03,0
48525,647,0.35084433115675495,1.68,Rent,11857.17,0
22943,780,0.17813560441213164,4.06,Own,20911.99,0
54972,660,0.2643881455509536,0.26,Own,15063.39,0
55468,586,0.5985700914317669,1.27,Mortgage,26797.93,0
39797,481,0.211922110133598,2.19,Rent,18516.99,0
30734,750,0.4491511778590692,13.17,Rent,9929.74,0
72138,396,0.21920932288851416,4.88,Rent,27149.77,0
57371,613,0.5690672695029058,3.51,Mortgage,8455.44,0
46563,845,0.25506642249518374,1.06,Rent,13678.67,0
32944,320,0.2733445373233546,4.08,Rent,16467.16,1
37672,796,0.3969298865330936,13.23,Own,17167.68,0
69538,702,0.3940558855574674,4.18,Own,12504.77,0
52064,423,0.3895381948985899,0.9,Rent,15652.81,0
41741,418,0.38662733420312034,29.25,Rent,22268.08,1
57645,776,0.2560934468601044,3.45,Own,22338.69,0
37784,402,0.3172051116692709,1.93,Mortgage,24716.78,1
72512,632,0.39671672157048854,3.5,Own,11255.72,0
70292,758,0.43563506183355793,1.53,Rent,17068.2,0
43001,429,0.22656450676179743,0.15,Mortgage,17869.29,0
40569,433,0.4507375308514704,11.01,Rent,6466.34,0
10728,456,0.5616381250563184,2.8,Rent,14046.32,1
27776,724,0.47896385167189437,6.99,Rent,18359.2,0
29907,734,0.14211640141136087,17.75,Mortgage,14833.06,0
52027,688,0.3345631100450105,5.01,Rent,12152.35,0
45106,617,0.31763191776953725,5.88,Mortgage,17445.89,0
29819,804,0.2682516560091318,14.34,Own,21629.23,0
45782,489,0.34566006995150167,3.63,Mortgage,16537.97,0
57580,710,0.31981688669993935,1.93,Rent,4747.6,0
57917,351,0.10308523858368021,12.72,Rent,21535.87,0
21504,745,0.21827763904603495,0.36,Own,9117.84,0
48076,743,0.20689107264117365,1.21,Own,9605.78,0
29249,681,0.2746297706213998,2.09,Own,16769.05,0
63525,673,0.18722837086215252,7.62,Mortgage,16836.41,0
61762,674,0.133900721855756,11.71,Mortgage,12214.23,0
36529,688,0.1983064275175064,3.01,Mortgage,19146.23,0
38509,778,0.5270933932097325,1.69,Mortgage,15359.71,0
43080,703,0.49851967043226453,2.18,Own,7719.42,0
16208,767,0.32104809871287243,5.34,Rent,10385.28,0
55039,804,0.5389075169893818,0.86,Rent,13891.19,0
45907,382,0.21633280906039196,3.96,Mortgage,15570.38,0
64552,618,0.3921045705996159,4.44,Own,12648.72,0
33523,366,0.1714624377732055,6.15,Own,6114.32,0
40713,713,0.5167003447746948,4.63,Own,11822.24,0
27402,752,0.16529077874592626,0.51,Rent,18625.51,0
34935,497,0.1159300794892216,5.84,Rent,15646.19,0
32270,558,0.23672211503409765,0.11,Mortgage,19942.65,0
64939,597,0.5504675446735117,2.47,Rent,19233.51,0
39526,579,0.16472854096322162,2.7,Own,6650.37,0
51862,599,0.2653351343477698,0.62,Rent,11990.0,0
44288,428,0.2582074965060963,0.05,Rent,18748.13,0
30958,797,0.5008231370484455,0.37,Rent,17792.84,0
47475,737,0.31076269989001226,2.96,Mortgage,17765.97,0
58986,591,0.4057835248073417,1.37,Rent,20281.62,0
31883,506,0.3021915029164377,0.36,Mortgage,21664.07,0
62136,593,0.37572850756843446,1.48,Rent,6581.45,0
37254,328,0.13122036200871587,3.76,Mortgage,13194.0,0
42755,478,0.2870147190700675,6.78,Own,18531.4,0
57960,340,0.5275529188699769,2.66,Own,19201.41,0
40048,769,0.4455337815911209,4.75,Own,23993.19,0
50563,491,0.59091452207331,4.54,Mortgage,22725.45,0
45279,643,0.49395976868807157,11.33,Own,21005.8,0
51940,577,0.32575485744588706,0.99,Mortgage,12906.76,0
14288,654,0.43814022884977144,3.24,Mortgage,19542.66,1
22554,828,0.48795683784414456,5.0,Mortgage,25208.09,0
59239,385,0.23484182996067057,3.67,Own,22805.02,0
65557,616,0.13000894530779214,2.99,Mortgage,17190.77,0
36342,636,0.30292363399927413,18.15,Rent,22547.7,0
46339,444,0.17233658105125763,14.24,Own,16434.02,0
54420,614,0.23862055988125094,4.73,Rent,16492.03,0
60398,524,0.5734227477370666,2.9,Own,14208.41,0
19584,722,0.5235412966112593,7.04,Mortgage,8401.25,0
36709,353,0.3962319172838301,3.6,Mortgage,20110.62,1
45011,367,0.3006283532661862,27.1,Mortgage,14843.17,0
60547,633,0.23216518010392576,5.79,Own,16071.78,0
87476,376,0.3857291398593333,0.35,Own,17904.06,0
46579,838,0.3665801248364463,2.57,Mortgage,12460.62,0
28895,454,0.4903904041907665,6.55,Own,19759.6,1
56034,371,0.5640100943820286,9.24,Rent,14617.76,0
69814,800,0.26446865066500946,8.39,Mortgage,14818.55,0
51620,746,0.20314855537839707,18.91,Rent,-528.39,0
36400,658,0.3013998079728526,3.36,Rent,16125.96,0
64369,576,0.3187706512066021,0.75,Own,10702.09,0
59953,612,0.11993514474218123,5.28,Rent,13576.3,0
34608,404,0.5308482660997613,0.37,Mortgage,11511.05,1
55721,394,0.5977961693337477,18.16,Rent,11829.98,0
64958,518,0.5616043463557613,7.11,Own,14240.08,0
67728,427,0.5303324897434551,20.13,Own,17809.75,0
49003,499,0.5963001517297706,2.37,Mortgage,22845.2,0
44628,631,0.5539042159874431,0.08,Mortgage,16150.4,0
68409,846,0.44418381037165866,3.68,Mortgage,13069.83,0
31847,591,0.18337832438608384,0.65,Mortgage,13762.15,0
56578,365,0.17817506166843392,5.69,Mortgage,20108.77,0
29449,703,0.12438987328167636,3.44,Rent,17494.16,0
65980,445,0.30591543359380824,7.0,Rent,9068.45,0
46129,829,0.5044120385450018,1.72,Own,11841.97,0
69028,701,0.34514797239945527,8.84,Rent,15421.34,0
57371,424,0.2831608528557912,5.26,Mortgage,14205.09,0
31651,813,0.15461793209937488,21.99,Mortgage,12322.81,0
71369,631,0.1258766545452941,0.98,Own,14132.68,0
73268,779,0.29958957171180367,0.26,Mortgage,16489.92,0
63234,697,0.14996269009186622,9.52,Own,17009.46,0
38576,329,0.1517740863689914,2.07,Rent,15293.8,0
45409,355,0.2976742124853231,2.82,Rent,19693.64,0
52181,431,0.3514217282513581,13.0,Rent,17338.05,0
39444,530,0.19334144348725754,2.91,Own,9990.37,0
75385,694,0.4423178431302185,1.77,Mortgage,13391.89,0
52164,451,0.30934600034140547,0.31,Own,14386.59,0
9449,801,0.14596126886935804,2.93,Rent,14298.59,0
55090,805,0.41851706228135765,5.32,Own,11125.81,0
44777,685,0.27847240934756945,1.57,Mortgage,12340.94,0
48876,832,0.12616073853813312,6.33,Own,19594.0,0
44470,747,0.5739907898335961,3.25,Rent,10142.97,0
62105,425,0.3855984785528348,9.76,Mortgage,13614.6,0
66795,788,0.33886018451531863,0.88,Rent,21335.73,0
54245,745,0.5295686974269174,7.08,Mortgage,14720.7,0
44910,769,0.5683702146568624,13.48,Mortgage,27034.83,0
49379,648,0.21016093408310568,6.76,Rent,23160.09,0
50293,807,0.5050722508375136,2.6,Rent,4221.79,0
37963,756,0.5155399633871326,1.31,Rent,9629.4,0
58683,684,0.1272013973387995,0.52,Own,15388.29,0
56900,747,0.4559720575891364,5.14,Rent,13492.53,0
73106,414,0.13148394089978852,0.77,Mortgage,18590.99,0
68830,751,0.39733662319495033,9.11,Own,18300.77,0
39714,418,0.434618388569337,16.19,Own,7508.49,0
62304,392,0.2835293441754849,0.73,Own,20882.66,0
35735,820,0.540393748328829,2.36,Own,24679.62,0
60438,837,0.5002558534837361,13.84,Own,8211.74,0
42250,732,0.5629798568106982,3.18,Own,13128.15,0
34651,444,0.25744476331549093,3.83,Rent,13403.14,0
54200,367,0.11076390003090544,6.88,Mortgage,21268.61,0
9881,430,0.505730633498776,1.18,Rent,22577.67,1
23735,580,0.21148867799822038,19.35,Mortgage,12844.4,0
47337,812,0.3335780202835278,7.59,Own,12711.12,0
51236,300,0.5086605859320154,0.88,Rent,20083.17,1
44460,731,0.20806758933764538,0.59,Rent,13959.1,0
26308,690,0.25595438139316185,13.66,Rent,16139.24,0
37731,565,0.3195399931688946,5.78,Mortgage,19797.47,0
55868,698,0.2359124250827205,0.2,Own,18662.89,0
58726,555,0.3306607115014143,0.77,Own,16456.3,0
49756,694,0.10479832224726335,0.25,Own,8450.78,0
67352,473,0.20609398637566365,18.26,Mortgage,18010.87,0
55960,344,0.5162766798314877,3.44,Rent,19967.46,0
38788,440,0.30674097925650035,3.1,Mortgage,18771.53,0
45792,838,0.4182028838709698,15.59,Own,8136.27,0
28957,349,0.2161439638177712,3.51,Mortgage,19102.67,1
48377,360,0.424939332224333,3.65,Mortgage,11470.74,0
66681,542,0.5999869338231284,20.71,Mortgage,2988.95,0
60279,568,0.39764381969840246,0.59,Own,14228.13,0
71030,439,0.4141792813209544,21.26,Rent,9269.53,0
45456,456,0.15575991223099875,0.91,Own,14989.9,0
70191,575,0.30169073583299233,3.2,Mortgage,8761.5,0
47100,330,0.5303624492414448,2.06,Rent,13944.26,1
72073,307,0.5171359868291662,15.55,Rent,6881.49,0
49672,332,0.36119955518066094,3.32,Own,11621.87,0
60608,751,0.5517270748688863,0.12,Own,16681.63,0
72126,748,0.17146850910285902,1.25,Rent,23848.63,0
47098,336,0.42909470233076263,2.82,Mortgage,13601.18,0
53275,333,0.2244417882510977,5.64,Own,14932.93,0
69332,754,0.42278070255261835,4.13,Rent,18991.18,0
48004,743,0.1436998445525979,9.48,Rent,17026.82,0
30186,536,0.5718045475524693,8.81,Mortgage,17280.95,1
82145,511,0.4931660197952463,4.46,Rent,18494.17,0
42953,439,0.2004807824479454,4.24,Own,13095.68,0
52381,660,0.4186382842860187,1.63,Rent,11062.68,0
67340,603,0.4795728202687356,15.84,Mortgage,16395.45,0
40872,595,0.20472291091468045,0.4,Mortgage,3348.6,0
34881,451,0.14666515385698856,2.53,Mortgage,4732.71,0
53806,522,0.2758898830478499,5.41,Own,22477.25,0
23103,495,0.167877170597616,14.56,Own,20676.8,1
45681,598,0.38285585255211463,3.48,Own,11601.8,0
53675,828,0.31205745478670754,11.31,Rent,8848.95,0
45950,787,0.3312121690504527,0.55,Mortgage,17711.92,0
26848,510,0.37143173867060375,3.79,Mortgage,18516.08,1
73912,531,0.5910260729713007,1.9,Mortgage,10539.0,0
51553,666,0.49631783320055445,7.94,Own,14367.25,0
71467,780,0.4147357474914254,2.94,Mortgage,5989.34,0
46099,478,0.2818528072396681,3.22,Rent,12804.67,0
36799,783,0.11353467656848257,0.33,Rent,13819.88,0
54037,794,0.15826380535937587,2.88,Own,15813.11,0
46763,846,0.4654336252696919,0.42,Own,26078.3,0
32333,315,0.2846019641209614,1.78,Own,9104.7,1
72046,765,0.26721871792132246,0.68,Mortgage,22511.03,0
40665,701,0.5444891792954246,2.04,Mortgage,12091.46,0
22396,593,0.34225444525688553,1.29,Mortgage,11584.02,0
69922,470,0.5497885287065548,1.68,Rent,20221.86,0
42435,331,0.5433192552010998,0.8,Rent,11509.25,1
40882,562,0.14009064585727724,2.9,Mortgage,10545.92,0
23519,514,0.5726814892167679,3.44,Rent,18041.75,1
76114,488,0.13847744180377872,9.06,Rent,17362.02,0
30657,560,0.5817530576236064,3.87,Own,12353.41,0
50876,481,0.32630745879969514,1.3,Mortgage,23983.95,0
63689,804,0.48043033787728817,6.66,Rent,12492.13,0
56325,641,0.45307218359492674,1.76,Rent,7034.07,0
49105,321,0.3592474871622643,7.06,Mortgage,9133.03,0
24475,373,0.4097274094178216,2.45,Mortgage,8977.38,1
37854,465,0.5749590907495974,3.6,Own,13124.39,1
52817,533,0.5636757453316201,3.5,Own,22151.73,0
38192,674,0.4271630251295434,15.58,Mortgage,5919.15,0
53050,732,0.4288593394672626,0.83,Rent,23501.1,0
60226,633,0.22346934669591903,13.95,Own,11443.4,0
64437,839,0.5143117473590619,4.13,Mortgage,12054.77,0
31607,334,0.4163016665010384,25.33,Own,10964.22,1
82949,743,0.5131243959992152,4.26,Rent,12305.52,0
61512,530,0.42892620514398827,5.34,Rent,13669.04,0
49974,617,0.2496600130158075,6.92,Mortgage,14240.54,0
66343,642,0.19474070136540664,8.62,Own,16335.23,0
85481,729,0.13848292211157773,3.25,Rent,4400.34,0
28419,765,0.3929974661300635,5.68,Rent,14192.8,0
46621,378,0.2420256787543675,4.77,Own,17346.57,0
14323,748,0.4152547572954072,2.61,Mortgage,14575.32,0
52889,581,0.12932822244188577,8.6,Own,13552.94,0
55480,356,0.28783153250281357,1.07,Own,12368.88,0
49412,490,0.2302766076848878,0.91,Own,20221.41,0
40181,762,0.2851670390005565,6.67,Own,17306.56,0
19257,341,0.12714171487829354,5.07,Own,13853.48,1
55603,785,0.46209070941672326,1.91,Rent,17535.24,0
71831,472,0.15834866657148663,5.04,Mortgage,19577.0,0
41134,549,0.10720131317407663,7.36,Mortgage,8099.31,0
56600,809,0.5731445506946667,1.22,Rent,17465.38,0
26477,801,0.19643819118252495,4.35,Mortgage,10744.79,0
56858,492,0.5140306492227303,8.71,Mortgage,21413.6,0
44099,464,0.5822352998785622,2.65,Own,10179.16,0
38563,389,0.367060599784381,4.24,Mortgage,14825.18,1
38594,357,0.3630590800237732,0.41,Own,16331.96,1
44095,562,0.2837086224917048,8.87,Mortgage,5675.83,0
55736,542,0.3127974323876974,7.95,Rent,4533.32,0
30317,518,0.3410376984766701,3.05,Mortgage,12862.43,0
44043,308,0.1760472018603146,0.63,Rent,23354.4,1
49377,729,0.28236836197017956,5.4,Own,14042.53,0
33514,312,0.5080542213047227,4.25,Own,17365.16,1
76949,524,0.19119905979073623,12.6,Own,-626.08,0
37197,366,0.4649266234770577,1.64,Own,19151.45,1
39958,802,0.42579330013409533,0.16,Rent,17444.41,0
35325,483,0.12864888764132956,1.47,Mortgage,18274.82,0
76977,507,0.11121443421884022,2.79,Own,15196.29,0
58293,827,0.27626423128917454,0.84,Own,8601.14,0
35951,599,0.4460851385659206,19.49,Own,11210.19,0
66593,540,0.26520896368033076,1.26,Rent,10442.75,0
53010,754,0.43386665030024696,5.66,Rent,17713.82,0
53858,829,0.43272907151399076,3.03,Rent,13827.95,0
44832,543,0.5032773113121344,4.05,Mortgage,19132.93,0
38758,537,0.14974280735192239,13.49,Mortgage,18107.87,0
55066,545,0.3885644455937318,3.79,Own,23774.44,0
41823,644,0.13124855978665725,1.82,Rent,15531.9,0
77251,783,0.1879735701366689,1.25,Mortgage,13866.36,0
30960,609,0.2627504514280713,11.13,Mortgage,15466.66,0
73042,583,0.45369462021473295,21.61,Rent,1648.88,0
48330,337,0.5869389875020408,1.45,Mortgage,13129.18,1
54486,331,0.2712604071929553,6.4,Rent,18038.57,0
62497,542,0.36057224270134214,3.52,Rent,13499.04,0
40546,591,0.2295277977112177,6.0,Rent,13728.96,0
62963,591,0.4377448103048074,16.65,Own,13458.43,0
9386,681,0.28329293397522326,1.62,Mortgage,22883.34,1
39200,437,0.3407980867191388,6.73,Own,16320.02,0
36139,499,0.3839064379253144,2.88,Rent,14171.5,0
31197,634,0.4431211649536383,5.29,Mortgage,27065.18,0
46775,746,0.13002583064487663,2.61,Mortgage,8379.33,0
55786,647,0.3774505468932968,6.16,Own,11531.24,0
60539,577,0.31558204890721797,2.06,Own,9525.92,0
53613,831,0.16688254323983356,3.35,Mortgage,11089.84,0
40014,698,0.20401833416568085,6.17,Own,21170.54,0
55535,690,0.5419450455500687,0.22,Own,9905.78,0
51864,309,0.5358880045501184,1.99,Rent,15078.71,1
64040,848,0.11666512721183744,3.95,Mortgage,17295.27,0
61654,358,0.4447007456181261,0.39,Rent,18381.99,0
50457,387,0.3770936565686771,6.07,Rent,11628.56,0
36541,758,0.5699079215736242,8.39,Mortgage,17731.65,0
40205,403,0.5540028555112079,0.89,Mortgage,12620.94,1
41753,403,0.38978095642618105,6.61,Rent,14975.61,0
45271,553,0.16947746065925182,5.2,Mortgage,9550.16,0
54020,634,0.32990751183465006,2.65,Rent,8369.32,0
60727,762,0.46258218346450286,0.9,Rent,16689.58,0
49233,848,0.5758683175449357,15.49,Own,26863.78,0
50241,600,0.2819147028762913,3.12,Rent,13292.58,0
52149,640,0.492335737976776,1.01,Mortgage,14787.64,0
42261,791,0.44167037664086184,6.33,Rent,18016.88,0
36119,383,0.13914638857113107,4.68,Rent,20269.38,0
23668,558,0.378988425143144,8.47,Mortgage,20523.35,1
39572,659,0.19175441676969293,27.73,Mortgage,17668.1,0
57097,386,0.4417746460888823,0.23,Own,14123.19,0
39456,727,0.4050424234703196,6.72,Mortgage,18397.51,0
46432,666,0.5865240458169165,22.61,Rent,16955.22,0
56996,642,0.5676913325624048,3.86,Mortgage,14697.14,0
57810,646,0.1046864167994406,6.29,Mortgage,19562.97,0
33807,395,0.1400147150858498,2.91,Own,17135.37,0
64955,554,0.4845671557147806,2.21,Rent,11501.18,0
66910,435,0.44282153648803846,5.96,Own,9674.44,0
33052,547,0.5004727992584457,22.15,Own,7045.9,0
37642,798,0.23340746133416182,0.48,Rent,10290.34,0
67866,785,0.5246613843812383,2.74,Mortgage,15153.52,0
47797,701,0.321209735994068,14.12,Rent,20124.83,0
16703,711,0.23095424233722087,0.6,Own,14418.47,0
29004,747,0.10530387379244618,5.26,Own,16476.45,0
46259,546,0.5356820174097969,2.81,Rent,18007.25,0
32554,720,0.36767192462008624,2.37,Own,8921.27,0
43798,423,0.5876910418759963,1.18,Mortgage,12838.71,1
50485,559,0.4573406947836297,0.97,Mortgage,9183.53,0
71933,468,0.1402085717448893,3.63,Rent,13316.07,0
45643,410,0.39409559320107124,2.37,Rent,16325.58,0
66088,589,0.10856226991167375,3.38,Mortgage,15392.19,0
71431,312,0.3788909271064661,1.09,Rent,10883.68,0
71514,562,0.27510083154954035,2.16,Mortgage,17727.71,0
54271,322,0.4216479173593828,28.16,Mortgage,16314.69,0
20550,499,0.37078710312313534,2.29,Mortgage,17143.21,1
56912,541,0.2306751617072442,2.66,Mortgage,15778.05,0
65725,538,0.181175304552912,0.1,Rent,11243.43,0
48783,602,0.30235574317087477,2.4,Mortgage,8932.77,0
76168,464,0.5934181574248023,7.21,Mortgage,16943.38,0
62897,475,0.31784932027463586,3.62,Own,17119.91,0
58524,328,0.4743935689111458,5.35,Own,15384.43,0
66295,834,0.12848676280268537,4.07,Own,25522.27,0
55000,593,0.2894328822087018,0.56,Own,12706.7,0
12607,776,0.3901615185995019,2.02,Rent,16717.26,0
42512,682,0.47559825666424105,5.92,Own,15560.3,0
67957,595,0.36419182865853006,3.97,Own,14832.67,0
37886,633,0.3576477729003906,5.62,Own,9676.66,0
46647,547,0.48195345629858455,2.23,Rent,13651.0,0
34327,540,0.25664385865945016,1.08,Mortgage,19817.28,0
76758,405,0.14530526043569628,8.85,Own,17949.39,0
75222,422,0.2735752355087029,2.36,Mortgage,19261.69,0
36741,334,0.17949811772471733,5.32,Own,11957.53,0
52209,715,0.5829721020667167,2.4,Rent,19626.36,0
39792,626,0.3887557737383458,13.1,Rent,9526.35,0
59224,594,0.3233002156638093,24.1,Rent,14020.25,0
57645,731,0.5560259390782837,5.23,Mortgage,9906.96,0
62175,646,0.5501806936835516,4.61,Rent,23869.15,0
54978,336,0.30784863953710484,9.19,Mortgage,15806.82,0
94031,811,0.5373636811249052,3.63,Rent,19732.01,0
34581,834,0.13201296657150616,10.18,Own,17009.24,0
24340,317,0.5428595726662734,2.66,Own,17667.35,1
44103,326,0.2552917642777158,0.16,Own,9777.52,0
26480,835,0.3825611421703107,13.06,Own,14681.64,0
27613,328,0.2348442916361955,6.39,Mortgage,9593.54,1
34980,416,0.5923997785846697,3.57,Rent,12663.87,1
36167,431,0.13588999166814011,14.49,Mortgage,15121.36,0
35680,588,0.3234776433903256,10.89,Mortgage,10308.72,0
57773,535,0.4104940774167807,0.57,Own,8498.84,0
42407,341,0.4078061261686452,4.9,Rent,8876.74,0
47307,459,0.46937919488242197,3.86,Mortgage,18078.37,0
63413,424,0.4622076631610216,7.49,Mortgage,13329.2,0
38505,559,0.4965713526001517,1.79,Mortgage,8459.44,0
46031,575,0.21714370474484582,0.04,Mortgage,14593.89,0
55486,512,0.2852532467009473,1.03,Rent,18450.48,0
20876,772,0.29101655799013637,1.18,Own,14262.15,0
14226,730,0.577919830455071,1.72,Own,7709.12,0
55191,379,0.30465592854260415,2.31,Mortgage,13917.23,0
57380,527,0.21093460535233846,6.13,Rent,10761.58,0
80963,394,0.4161722131958754,0.39,Rent,16014.61,0
52371,723,0.31363345741261417,3.33,Mortgage,12901.88,0
62296,815,0.22504003155787414,3.45,Rent,15819.1,0
47067,464,0.4575677372291006,4.78,Mortgage,6107.59,0
54458,725,0.19596264332386423,1.86,Own,15081.83,0
75008,341,0.41667702032967424,1.5,Own,13384.32,0
18140,702,0.31526535486853857,3.31,Own,10274.5,0
56204,715,0.25958358216533606,5.39,Mortgage,15013.68,0
82033,599,0.5729911337436506,0.23,Mortgage,13140.13,0
54230,354,0.2622037539073899,1.74,Own,14348.76,0
74758,635,0.27375368707498415,7.74,Mortgage,9751.73,0
40561,729,0.5353191820665855,3.31,Rent,15429.35,0
49519,633,0.16452168143774662,15.16,Own,5422.88,0
50502,705,0.15403437482303053,10.11,Rent,13675.77,0
16736,329,0.24135389204225124,2.11,Rent,14456.21,1
32477,834,0.39581796163722993,6.48,Mortgage,23016.25,0
33546,816,0.29215008005506904,1.6,Mortgage,13255.63,0
62330,520,0.4042772404178375,0.96,Own,22541.51,0
63082,793,0.17987531552221733,10.64,Mortgage,20245.33,0
54860,552,0.23072542438367352,2.16,Mortgage,13948.36,0
62361,620,0.3825811669062358,1.14,Rent,14634.26,0
47537,338,0.20857460112936618,16.76,Mortgage,9159.78,0
68028,764,0.31140231524522244,0.16,Own,11620.52,0
50131,710,0.3863239384958448,2.29,Mortgage,15723.47,0
50867,711,0.5868254511404573,0.2,Own,12966.66,0
46016,791,0.1399433289387966,3.51,Rent,18992.12,0
60266,737,0.33020698928545245,2.56,Rent,17853.23,0
43682,778,0.2981354803710654,6.38,Rent,16045.23,0
64646,371,0.512120624725589,15.4,Own,17990.02,0
33017,519,0.5501485595142172,3.67,Rent,16702.21,1
33516,303,0.5535065842656824,1.68,Rent,14934.72,1
60311,589,0.2875696565207969,10.29,Mortgage,11132.45,0
48671,679,0.25232757344774104,4.64,Own,24058.38,0
43191,654,0.3245686252275424,4.03,Rent,18106.63,0
63350,379,0.27199315298590154,1.04,Mortgage,16645.59,0
40891,365,0.45942549028409674,0.21,Mortgage,10978.71,1
46996,435,0.20678552431479127,3.09,Rent,26948.43,0
70988,698,0.4293420420369406,3.75,Own,11347.83,0
73087,646,0.5634937665522505,0.68,Rent,15146.38,0
73585,358,0.23995678484805497,0.31,Mortgage,15337.63,0
45768,818,0.4384453082944122,1.22,Own,8186.72,0
68460,536,0.17178056077868917,0.33,Mortgage,17181.48,0
35765,378,0.16069197104862956,0.29,Rent,16659.1,0
36396,414,0.157822239032433,2.94,Own,9618.47,0
14743,761,0.16926408492267445,8.31,Rent,18632.93,0
75093,425,0.208082435154721,5.45,Rent,10128.35,0
37040,799,0.3814152478008972,5.69,Rent,13369.59,0
48102,401,0.48349282430776874,1.52,Mortgage,11080.42,0
36345,473,0.1634285118554579,0.06,Own,18015.58,0
60427,751,0.5350074702953623,3.0,Own,17487.68,0
44365,391,0.521358142215113,2.37,Mortgage,9332.43,0
30427,684,0.46369401325144577,14.71,Own,12009.31,0
56624,504,0.31298289973073656,0.37,Own,12083.04,0
28494,662,0.10077861741276292,7.49,Rent,18230.6,0
37438,797,0.4673824706501484,2.43,Rent,11426.85,0
18396,836,0.5394930723382197,8.85,Mortgage,14374.72,0
28640,533,0.267643188085931,3.42,Own,13826.55,0
52677,315,0.4589937806105594,8.59,Mortgage,13357.4,0
20531,440,0.13102380718064086,3.14,Mortgage,23603.24,1
27782,719,0.4547474357358213,2.57,Mortgage,11612.57,0
49964,755,0.13415426042444653,16.58,Mortgage,13860.57,0
41845,599,0.39359316794434107,2.3,Rent,16814.74,0
79880,638,0.3987766429476468,8.18,Mortgage,12875.03,0
77508,602,0.2510782772119098,0.35,Own,12059.48,0
36981,375,0.13956136353836576,0.32,Rent,16696.32,0
58357,615,0.5746673873562186,2.88,Rent,18915.3,0
61239,799,0.3677887020083066,4.4,Mortgage,21513.05,0
41037,374,0.3898790625619313,4.69,Rent,14010.38,0
27566,665,0.4075104445152369,0.19,Rent,11148.42,0
49815,845,0.5455239634630775,5.97,Rent,11112.26,0
47407,695,0.1301278222733788,0.7,Rent,22013.81,0
43463,530,0.5466438839262664,15.54,Rent,16625.4,0
56634,327,0.21983825430563705,2.03,Rent,10903.51,0
38739,774,0.13897512479817373,1.52,Own,11603.17,0
32720,594,0.4286329260656657,1.72,Rent,9446.19,0
51636,726,0.5884878221283418,13.85,Rent,14604.86,0
55789,390,0.12862103315329795,3.3,Mortgage,17411.75,0
32350,414,0.313060909018683,2.85,Rent,22728.59,1
63921,458,0.3648922626718929,4.17,Rent,20423.15,0
23442,557,0.22605948205174506,13.35,Mortgage,15182.7,0
41328,672,0.5914360745764841,1.84,Own,11539.69,0
46129,389,0.42048160730191375,1.0,Own,17294.46,0
40456,597,0.5221753364233557,4.53,Rent,6150.59,0
41524,330,0.3078888409858568,3.38,Own,11060.35,0
78066,657,0.2769779435724089,0.32,Own,18175.9,0
37236,769,0.3765789474405461,3.69,Own,19379.82,0
86618,427,0.3176392213133199,4.13,Own,21542.39,0
56556,569,0.4574740275683973,5.92,Rent,14434.19,0
51380,797,0.23290904510589736,27.07,Rent,21481.61,0
57143,712,0.3247955155461998,2.74,Mortgage,13079.7,0
87948,508,0.5475663736470299,3.57,Rent,12684.64,0
35096,605,0.47805395017166474,0.39,Rent,16536.98,0
33193,490,0.1840350825089472,8.91,Own,20712.56,0
38677,656,0.5434324146957987,0.52,Own,19695.3,0
50482,756,0.394508295222594,13.58,Rent,20167.23,0
24113,748,0.43964359163624156,2.14,Rent,17633.62,0
50335,367,0.24712828292463304,2.06,Own,19795.35,0
75403,766,0.3207721318178287,1.99,Rent,15140.31,0
52271,659,0.5034062394531255,15.03,Rent,16578.72,0
45609,686,0.2653381093815911,19.59,Own,28935.69,0
40727,427,0.18253080775509664,18.1,Own,19393.47,0
63477,784,0.28915245649174026,6.1,Mortgage,15100.08,0
37612,543,0.13460933370469405,0.59,Rent,19016.09,0
77695,318,0.4589282292424661,2.44,Own,9722.29,0
79000,695,0.1738729543870989,1.71,Own,13392.36,0
53851,528,0.24256295353042237,6.16,Rent,13985.39,0
49827,667,0.5405405027769461,3.39,Rent,11414.15,0
65459,357,0.3702488289783855,4.79,Own,23850.07,0
66421,580,0.2606692202982378,0.04,Rent,17370.74,0
37910,401,0.37383344500744287,7.64,Mortgage,17925.23,1
42101,347,0.2091388298159447,15.19,Own,14479.25,0
30164,358,0.11258656485280508,5.53,Own,9235.88,0
56135,460,0.4018662394819015,9.55,Rent,14684.83,0
59999,402,0.45706296639236466,3.25,Own,12887.14,0
29751,711,0.5398908827229898,0.1,Rent,9920.05,0
43172,482,0.48594168053236186,23.27,Mortgage,18797.32,0
29791,716,0.5633388502477575,0.3,Mortgage,13668.93,0
36518,415,0.5929767377714351,1.07,Mortgage,6098.72,1
58265,698,0.47246772387289915,0.27,Own,15003.82,0
38997,736,0.5339616504151671,4.9,Mortgage,15096.46,0
45487,617,0.43686575161409236,4.38,Rent,18769.98,0
25590,549,0.18546889560413457,1.18,Rent,15600.73,0
52804,746,0.19085121316114248,15.69,Mortgage,11935.98,0
49335,796,0.15512972815763157,12.24,Mortgage,17489.52,0
39065,642,0.5714873599967618,1.64,Rent,11755.88,0
47164,726,0.43637584891969006,5.38,Mortgage,18526.62,0
52704,539,0.49495487523276227,9.66,Mortgage,20778.76,0
37776,358,0.26557866841218214,2.23,Mortgage,2600.65,0
27856,826,0.3302108550383789,1.46,Rent,11253.61,0
77083,502,0.11988976591834641,1.48,Rent,17323.75,0
40500,765,0.5445037002175487,8.59,Mortgage,15461.73,0
48548,595,0.5265017147058041,3.11,Rent,21485.55,0
65162,586,0.4924056674321471,6.28,Mortgage,21254.59,0
102935,372,0.12915103384059576,5.25,Mortgage,19630.7,0
31332,822,0.18712486778871687,1.83,Mortgage,6566.74,0
56747,636,0.2670853288772307,1.17,Own,14184.75,0
39386,617,0.23153133767083586,0.67,Own,18202.54,0
41918,502,0.5192299192655343,0.12,Mortgage,14867.81,0
39196,530,0.19741787910030997,0.42,Own,14368.95,0
33115,356,0.36606223266948723,1.48,Mortgage,21187.91,1
49380,719,0.38569054890965615,6.25,Own,16791.59,0
27882,579,0.3125059235812686,0.84,Mortgage,13738.11,0
64202,604,0.2203439658652296,3.71,Own,9072.38,0
50825,765,0.5801471454405658,1.41,Rent,23602.14,0
56336,473,0.3066996211345112,3.59,Rent,16512.32,0
43007,565,0.4636549977683324,6.93,Own,12667.27,0
44491,546,0.19202324382811445,1.55,Mortgage,19656.64,0
54313,377,0.5114055842681141,2.14,Own,6982.63,0
32539,552,0.20794591161683337,6.42,Own,23760.42,0
44630,774,0.4376533117865131,3.95,Rent,18055.14,0
37105,475,0.35324800073626095,0.5,Rent,25971.62,1
36641,720,0.17327857049071324,7.1,Rent,18165.09,0
18352,760,0.11247459807803864,1.62,Own,16193.47,0
70089,553,0.5653741326909029,2.43,Rent,11978.33,0
39701,819,0.16284525678226994,1.41,Rent,12808.75,0
67450,406,0.45247571434345746,3.92,Rent,8796.43,0
66031,470,0.426342479473492,6.15,Mortgage,24886.93,0
30710,357,0.2708600212242632,8.13,Mortgage,15663.15,1
33673,636,0.19269144977736427,12.76,Own,19351.37,0
88407,641,0.1891641247277074,2.23,Rent,20147.76,0
76263,589,0.3926639265251195,13.49,Own,13879.69,0
49527,383,0.3734606473120228,4.8,Own,10989.18,0
53860,416,0.537967510175116,2.47,Rent,11417.21,0
40537,833,0.42000153920596817,10.91,Own,7263.81,0
56485,518,0.5096374880402623,4.33,Rent,9406.12,0
39242,401,0.1162065312263044,3.03,Rent,17675.5,0
19514,755,0.4354965735142976,0.06,Mortgage,20115.43,0
30176,825,0.2168543192148105,6.32,Own,15027.9,0
50316,565,0.22641947998285508,0.4,Own,19617.83,0
33033,586,0.46028826454467053,1.71,Rent,19735.89,0
48990,440,0.49671647941247044,16.31,Mortgage,13429.15,0
33880,705,0.2858677375692763,0.84,Mortgage,20436.76,0
38264,592,0.49503840843415314,1.87,Own,14187.04,0
62797,330,0.32187233767617784,13.47,Mortgage,12856.1,0
53712,470,0.5288226741851904,2.06,Own,15430.96,0
49855,654,0.11245188608929632,1.99,Own,7952.68,0
63184,504,0.14174753540742532,5.22,Mortgage,14816.68,0
57209,777,0.4881759036338408,0.7,Rent,3458.16,0
71698,590,0.4120448139151661,18.01,Own,18376.95,0
43102,410,0.3795101268177592,1.61,Own,8529.72,0
43555,367,0.4069894036692867,7.7,Own,14967.61,0
30483,672,0.5650953137110754,1.7,Own,22421.78,0
43565,495,0.42776851571903307,1.61,Mortgage,15356.71,0
64471,425,0.42373805832991795,0.3,Mortgage,5532.5,0
69499,561,0.47973543985311384,0.64,Mortgage,15646.4,0
64404,454,0.5333103528199133,3.69,Mortgage,13722.2,0
23087,407,0.23095623911917748,4.3,Own,19658.68,1
66247,722,0.40837442961665205,8.46,Rent,14433.88,0
22422,334,0.39198748177623766,0.31,Rent,20576.28,1
63471,343,0.16742474074917127,2.2,Mortgage,17178.29,0
44483,715,0.360158486955356,1.12,Own,19374.4,0
60537,584,0.1347752573702327,2.21,Mortgage,14533.56,0
30013,746,0.19247979370116983,2.19,Rent,21417.57,0
67567,817,0.5564815409590902,2.19,Mortgage,12441.78,0
28025,326,0.15962159077117175,1.85,Own,5835.9,0
39973,526,0.3894581499233972,7.22,Own,9523.03,0
35028,724,0.2617403479965368,5.85,Own,15603.33,0
23685,667,0.37765664536330623,2.09,Mortgage,16353.79,0
51417,609,0.21748677122620155,0.79,Rent,15776.9,0
77091,404,0.3221897273388301,3.65,Own,21093.65,0
90003,317,0.5336667165741303,12.56,Rent,15945.05,0
51457,504,0.2881084889096782,0.66,Rent,16647.61,0
66750,342,0.27651546900046786,6.99,Mortgage,19900.36,0
53481,388,0.3230590396348326,4.57,Mortgage,6617.05,0
57483,456,0.15024642212215764,4.44,Rent,18614.75,0
44867,565,0.2936735122940275,13.64,Own,21581.5,0
52926,433,0.10345012531408279,15.61,Own,18587.94,0
58062,763,0.3516985725744759,1.4,Mortgage,16575.02,0
41323,431,0.5239705395757147,8.26,Own,19014.19,1
48837,333,0.3760365519738159,4.85,Rent,4269.3,0
49123,382,0.40386258910300976,2.63,Own,14351.85,0
62396,431,0.1152816856298832,5.48,Mortgage,8508.45,0
34009,727,0.5297574900580376,15.61,Rent,16916.35,0
49226,503,0.2925017764001293,3.64,Rent,9979.59,0
78680,635,0.5874263403033534,14.07,Own,19249.29,0
67460,796,0.16023268476513,5.15,Own,12919.84,0
70237,741,0.5723359423926189,3.3,Rent,8564.63,0
50366,557,0.41714545316816154,5.17,Mortgage,10277.69,0
54814,591,0.12617015014529706,4.61,Mortgage,8434.01,0
65033,424,0.5858495389183657,2.74,Own,14823.47,0
73403,474,0.10693653407263207,4.13,Mortgage,18082.84,0
20725,791,0.46535008434549563,6.07,Rent,11775.1,0
30268,379,0.5447649741940473,9.13,Mortgage,7705.48,1
69641,604,0.1879057771150787,1.81,Rent,14931.08,0
45846,809,0.27167859534890426,0.07,Own,14821.47,0
39924,643,0.3806146702694301,4.01,Mortgage,12505.04,0
31187,390,0.43990464292248155,3.36,Rent,11075.64,1
41674,468,0.5359379338972972,0.28,Own,21398.55,1
28964,633,0.480535235439153,5.01,Rent,12037.58,0
81366,535,0.28166557190946884,14.19,Mortgage,7794.51,0
49663,698,0.5108599058933342,2.57,Rent,14558.75,0
49130,776,0.5830383605435067,11.24,Own,17636.61,0
58821,834,0.21349309062081803,8.39,Own,17303.76,0
64435,387,0.1370477967272147,0.88,Mortgage,7002.95,0
64188,552,0.313309865970948,7.74,Own,21089.3,0
66104,657,0.5406985519787755,3.64,Mortgage,16051.99,0
40537,357,0.17514575243959737,12.54,Own,17854.16,0
45531,698,0.542899093941005,1.05,Mortgage,28257.81,0
61535,820,0.5961065118680833,0.67,Own,18794.44,0
42089,824,0.1270011154415782,1.38,Mortgage,17860.28,0
49923,716,0.347628186927742,0.31,Rent,13870.38,0
55981,692,0.2644427473566251,1.93,Rent,14973.81,0
61777,521,0.29683992746565546,1.66,Mortgage,8979.11,0
23334,628,0.3258173761731543,2.69,Own,15422.89,0
60721,671,0.4698519782255949,3.11,Own,23130.44,0
46494,810,0.3956498515855882,0.78,Mortgage,17131.96,0
60611,452,0.5806005441083901,4.83,Own,26150.42,0
61653,779,0.266382299619767,1.27,Mortgage,17648.73,0
74118,319,0.3707520412413714,0.65,Rent,16400.43,0
70301,527,0.5066642654668485,6.17,Mortgage,14309.86,0
70198,645,0.28651420849684006,0.11,Own,24856.38,0
71655,318,0.33264960030545476,2.3,Own,12677.18,0
54370,743,0.4424872763426134,0.78,Mortgage,11364.81,0
50482,667,0.5303721093021532,10.72,Mortgage,10591.44,0
63092,446,0.30784073521191435,8.7,Mortgage,26309.63,0
60981,803,0.36597523607337,0.31,Mortgage,15737.1,0
45364,729,0.5875611426454195,4.0,Rent,15420.58,0
56072,739,0.12123458097350201,1.75,Own,17602.27,0
49473,497,0.3241143583297723,1.07,Own,13742.3,0
37191,586,0.41799092556460027,1.87,Mortgage,11181.65,0
69356,668,0.10421372878106258,8.46,Mortgage,10941.11,0
50827,539,0.3983932507832073,0.3,Mortgage,10771.98,0
80730,586,0.1280999773315045,5.22,Rent,4989.99,0
25617,694,0.5287791983240917,12.23,Rent,15294.15,0
41648,817,0.5035430477542829,2.97,Mortgage,7206.3,0
50489,359,0.11612756839929814,11.59,Own,17746.81,0
67060,844,0.12440201227868805,11.87,Rent,19181.19,0
55992,602,0.4768069657808012,4.7,Own,11986.99,0
54657,543,0.2847724462891552,3.04,Rent,16683.08,0
33091,506,0.38751289396916244,6.69,Mortgage,18633.28,0
32645,674,0.23516413488269197,12.4,Mortgage,22523.28,0
54837,582,0.18648443805204987,5.7,Own,13050.66,0
29538,777,0.24803855877378075,1.18,Mortgage,7937.35,0
42021,321,0.22335685011199405,8.58,Own,10471.72,0
57513,648,0.32415371911966717,15.13,Mortgage,6691.92,0
35265,788,0.47333808264384314,2.64,Mortgage,17382.9,0
74080,557,0.37706470396347835,5.98,Own,-1106.28,0
68359,346,0.4045891539698593,3.65,Mortgage,9987.55,0
26428,326,0.3350392982290421,0.59,Rent,15059.87,1
36014,326,0.2623668201014081,2.15,Mortgage,9609.91,0
15713,696,0.17175441268024397,0.89,Own,10698.62,0
38261,444,0.2772827295570005,5.6,Mortgage,19145.67,0
61495,821,0.4325993081069326,4.36,Rent,9400.72,0
43791,420,0.46688871146191024,0.17,Mortgage,12713.6,0
56911,761,0.3345907719541068,0.32,Mortgage,19643.78,0
27164,681,0.4224986372915228,1.51,Rent,13137.2,0
61969,717,0.20527054094212613,6.83,Mortgage,27019.31,0
41673,626,0.5300331603619782,0.68,Mortgage,20476.98,0
50182,690,0.5329682253382123,1.15,Own,20743.36,0
48606,596,0.2601639636362627,11.91,Own,8059.01,0
30926,383,0.37385611964746357,3.95,Own,14509.7,1
32703,445,0.40333101420760964,4.85,Own,13578.85,1
64516,470,0.33621501939232,3.04,Rent,12963.5,0
55984,633,0.5555710767788936,1.78,Own,12321.07,0
65750,723,0.46985847339659104,1.43,Own,14326.29,0
54869,608,0.4362552463043663,4.45,Mortgage,2990.2,0
52144,825,0.3600466107678536,3.18,Rent,10365.25,0
24109,646,0.14242366496937117,2.58,Rent,23414.25,0
45944,601,0.1539106888100483,5.93,Own,12321.31,0
49589,646,0.24950443112200962,2.59,Mortgage,11731.22,0
79296,707,0.2057611341844567,0.19,Rent,14674.86,0
60304,432,0.5762654859539972,9.15,Rent,15159.62,0
73040,405,0.304906259325866,1.92,Own,3737.95,0
58963,470,0.538302719329376,14.63,Own,15704.94,0
39330,549,0.5090398418331158,10.58,Own,17740.98,0
51756,843,0.5062851363685474,1.33,Mortgage,17939.77,0
53543,561,0.20785376257342578,16.83,Own,10307.2,0
35912,793,0.3236609065004077,9.61,Rent,22706.25,0
44234,543,0.2589759958235698,21.0,Rent,22138.18,0
46913,750,0.5852055019194599,5.67,Own,21698.58,0
74084,589,0.5383721506478351,13.35,Rent,18939.07,0
18788,562,0.22496183048654653,5.86,Mortgage,13260.47,0
68087,613,0.25676018040508075,9.66,Own,15021.46,0
35948,384,0.3644546187889123,4.71,Rent,22118.52,1
29418,714,0.23930289256569134,13.24,Rent,3594.18,0
67699,628,0.5122649832934556,3.65,Own,11345.34,0
60978,344,0.5096156389524056,6.67,Rent,17295.54,0
68817,632,0.4621702189146327,12.44,Rent,13861.97,0
62010,764,0.4446551023780215,2.74,Own,12997.96,0
80897,499,0.3736507537474707,0.13,Mortgage,23130.59,0
58380,500,0.2735561285541587,0.6,Rent,19177.58,0
47652,628,0.5184692263866212,17.86,Mortgage,19807.56,0
55143,539,0.5294160856258862,10.33,Mortgage,11137.28,0
68652,658,0.12475473443208371,3.3,Mortgage,12225.07,0
38309,659,0.2993097069620396,16.21,Mortgage,17004.12,0
40221,677,0.11331379022511226,1.03,Mortgage,17164.32,0
45365,684,0.5197386973498174,0.59,Rent,24249.63,0
18431,764,0.18854662326102092,4.6,Rent,16855.26,0
52071,521,0.4369333824082664,2.41,Mortgage,23294.63,0
21708,664,0.278687908847185,2.08,Own,18253.34,0
50795,371,0.5080327266160826,6.62,Mortgage,13854.38,0
62979,539,0.35484345012688223,0.81,Own,11112.79,0
42846,803,0.2622009622257784,7.54,Rent,19019.46,0
75156,713,0.26193533362537025,2.23,Own,13161.52,0
28092,426,0.2634636212107889,21.61,Rent,14432.47,1
67868,786,0.49428960845965153,8.27,Own,10874.59,0
60127,826,0.45555779941333674,5.2,Mortgage,15018.83,0
24259,547,0.25960705367326653,1.3,Rent,17968.22,0
90661,781,0.34510404447180154,15.67,Own,12976.85,0
49043,611,0.1380766927646627,0.17,Mortgage,11437.03,0
36837,743,0.5137501341797116,1.26,Own,15334.56,0
28893,582,0.23297740472187298,0.19,Own,17338.23,0
46699,301,0.5446125709193484,16.98,Own,14951.83,1
48088,373,0.398398346506463,10.26,Rent,24464.51,1
51539,363,0.38391008110802116,15.19,Rent,15503.35,0
45533,646,0.1813593711571108,6.28,Mortgage,17583.43,0
59498,623,0.13476767979500823,0.14,Own,19416.73,0
44185,538,0.3763082904909134,13.4,Own,16982.71,0
20975,696,0.333994561627612,2.73,Rent,10163.77,0
47759,636,0.15984151678863132,2.3,Rent,10868.82,0
14487,640,0.5177938612590933,1.67,Own,9477.22,1
55306,578,0.30862005958785754,1.69,Own,8401.42,0
35310,652,0.23022890019544348,8.06,Own,16366.0,0
52450,762,0.4941360465731942,1.48,Rent,21201.55,0
69711,761,0.5565320783884685,1.26,Own,18589.81,0
35768,592,0.25298135159452007,5.99,Own,18522.67,0
65918,706,0.48797494270082364,1.69,Rent,9871.85,0
43499,461,0.4262598285042567,0.07,Rent,17465.55,0
76297,802,0.5948638918770459,13.42,Rent,17647.32,0
44522,747,0.20199635370561378,1.88,Rent,23377.83,0
37392,754,0.5803394972532272,7.23,Own,16685.88,0
60308,564,0.2576360283549448,3.16,Rent,23693.45,0
43463,431,0.3059771490354861,0.72,Rent,15623.51,0
37378,419,0.27941290707276745,5.42,Own,17239.97,0
42832,518,0.23422534854418794,1.32,Mortgage,20824.42,0
49330,716,0.4466112907151468,1.7,Own,16251.93,0
70132,804,0.39457266036292227,0.16,Own,7427.95,0
20988,599,0.25284597284604826,0.08,Own,10035.86,0
50346,408,0.16610622825913815,3.6,Own,28323.06,0
59373,537,0.2586878188666034,0.3,Own,15499.82,0
52901,592,0.29061565584192495,1.17,Own,18473.51,0
69647,486,0.2903267215605351,12.87,Own,9673.58,0
48884,335,0.27862976688129526,0.43,Mortgage,16700.7,0
47231,555,0.12436125311156845,1.72,Own,21650.93,0
58884,734,0.33201655395075846,6.48,Own,5658.01,0
51489,307,0.5181040486226535,10.78,Own,16044.64,1
44143,477,0.19018314592925925,0.24,Own,16004.5,0
57742,541,0.17282867171372637,1.03,Own,16616.61,0
40212,340,0.3359255276224056,2.45,Mortgage,25584.04,1
40832,656,0.2853015060750057,2.24,Rent,13688.65,0
42080,412,0.3806403203567754,1.7,Rent,12644.96,0
70296,465,0.5735371548314946,1.39,Own,14127.28,0
1684,803,0.4804431251664023,1.56,Mortgage,26838.67,1
55933,377,0.4435290765906489,0.72,Mortgage,15792.94,0
50514,495,0.3079684721968393,0.89,Mortgage,17893.73,0
24786,701,0.24367991819081744,4.67,Rent,3527.13,0
54645,363,0.3701320516479404,1.73,Rent,15562.58,0
57136,724,0.5427217638306412,2.55,Mortgage,14136.07,0
58844,341,0.5383712552556857,2.65,Rent,15463.05,0
10222,672,0.32275747437460856,0.58,Rent,13390.58,0
70495,605,0.2231101766182683,8.56,Own,8535.21,0
38933,508,0.21267222512543785,15.66,Own,13637.24,0
60298,766,0.11699420837968774,1.53,Own,22544.85,0
61116,603,0.5213321231479733,1.74,Mortgage,15619.16,0
36849,691,0.232419016916644,5.91,Own,6017.21,0
59906,452,0.2794995705030834,0.42,Mortgage,9128.02,0
44217,661,0.5046080704670323,11.89,Own,16404.26,0
18929,563,0.16001202588645522,0.64,Mortgage,9691.26,0
67516,515,0.3306170394071497,6.59,Rent,16168.92,0
38374,842,0.16117068996066644,1.72,Mortgage,21250.61,0
37182,823,0.32092428475566226,1.95,Rent,17361.98,0
43954,493,0.1235697868143664,0.76,Own,10093.55,0
54083,326,0.3588114130067276,5.2,Rent,15854.24,0
49140,345,0.4978548595356944,7.92,Rent,18710.53,1
58221,357,0.43814833739557524,15.0,Own,11368.02,0
29907,312,0.3545845047887003,2.01,Mortgage,9600.79,1
38864,348,0.5143793560745776,4.85,Mortgage,14552.78,1
48260,393,0.2138939874795965,2.68,Mortgage,22751.54,0
78468,750,0.5153981424921393,4.08,Own,10075.47,0
48292,678,0.23818173979408805,0.89,Mortgage,12815.88,0
66278,309,0.28124317060038095,4.36,Rent,9046.25,0
50578,815,0.16421510083024624,9.46,Own,11233.44,0
42745,523,0.15087737818110944,9.96,Mortgage,14347.24,0
46299,680,0.56605575939279,3.3,Rent,14261.59,0
47473,840,0.19498912359248868,1.34,Rent,1236.03,0
59054,601,0.26664807753097386,9.06,Mortgage,13845.37,0
70619,502,0.3645758494749666,37.34,Own,23823.9,0
55395,495,0.2739335663015643,2.37,Rent,15712.1,0
67806,621,0.5350666416893896,12.91,Rent,13776.52,0
35528,717,0.5503573817233862,20.51,Rent,12157.81,0
43780,641,0.2629952286967603,2.52,Rent,10380.98,0
39135,688,0.14601384808335674,6.3,Mortgage,15534.51,0
54716,308,0.20507911700358852,4.35,Own,17258.05,0
44615,831,0.3371964603675319,6.4,Rent,23693.86,0
60946,448,0.24424052111686392,0.84,Rent,11292.24,0
36034,682,0.32673611876577247,2.28,Rent,21483.63,0
50645,828,0.47935174986043627,0.32,Own,21291.08,0
60302,311,0.31031921688784425,4.75,Rent,12977.03,0
19020,775,0.19849872810396932,13.07,Own,11347.44,0
81824,352,0.27898382029246616,4.11,Own,7823.49,0
45752,735,0.47149060907426654,0.36,Own,15163.47,0
19624,505,0.31203106010688897,13.32,Own,13562.43,1
52371,353,0.2247689264855193,0.71,Mortgage,20358.24,0
50501,789,0.31370581960366595,10.73,Mortgage,16764.99,0
48771,643,0.32740334384132985,6.26,Mortgage,5090.13,0
64867,468,0.2481886023885241,5.06,Rent,14678.39,0
61211,460,0.5978425445965194,4.42,Own,16533.12,0
54468,826,0.4838130094443287,0.7,Own,13847.6,0
56752,826,0.4462274934770466,3.47,Mortgage,19453.26,0
48434,586,0.5274334922850721,1.1,Mortgage,12177.88,0
76632,711,0.43320959788272306,4.24,Own,20187.02,0
27812,821,0.49549017152755603,2.97,Mortgage,12226.79,0
52094,498,0.3062628222593615,5.69,Rent,13349.05,0
50975,460,0.35018588495466385,20.23,Rent,24741.17,0
62199,688,0.1234981916514247,2.24,Rent,8410.07,0
37342,773,0.24032319570440788,4.79,Own,15469.09,0
23844,680,0.28400620461665804,9.99,Mortgage,16740.3,0
52352,423,0.4127351127096649,0.49,Rent,11918.65,0
54218,371,0.33210564239695173,8.05,Rent,17344.77,0
72343,467,0.4039191312116497,1.37,Rent,18682.12,0
30944,583,0.45666366725694085,3.89,Rent,16396.91,0
67320,793,0.12135933383383526,23.84,Rent,15976.08,0
85511,335,0.22913887350180726,20.69,Mortgage,17615.79,0
44333,474,0.1854519362723662,1.9,Rent,11237.6,0
30635,498,0.19372755958548563,0.71,Rent,11845.05,0
43895,415,0.3515626978159958,13.92,Rent,17312.95,0
50210,614,0.4699893882499626,11.2,Own,13155.53,0
58456,519,0.23638851696268867,4.79,Mortgage,14747.93,0
41129,433,0.5122246190678561,0.16,Rent,2381.34,0
73327,421,0.5462282586042869,6.96,Mortgage,18355.33,0
33282,720,0.27526693601017616,0.88,Rent,21626.42,0
23911,791,0.44067826947711264,14.33,Own,18060.53,0
66600,588,0.15852464704255406,2.86,Own,18828.7,0
15880,352,0.472014142742911,4.77,Own,19627.33,1
46938,504,0.1825119377383094,1.65,Own,14076.6,0
96765,647,0.44370790188551046,3.22,Rent,10547.26,0
49819,350,0.31095000173009224,7.03,Mortgage,17603.84,0
33188,339,0.5642281608092704,3.39,Rent,20331.71,1
49139,549,0.3322302909161986,9.39,Own,9580.88,0
49237,517,0.11545140873379736,6.24,Own,18592.48,0
52409,478,0.34033451812294846,0.4,Rent,16440.98,0
59933,482,0.4977493719299966,4.67,Rent,14446.95,0
34413,463,0.42354216544342493,4.74,Mortgage,13681.94,0
75313,676,0.583157598307337,2.4,Mortgage,16364.66,0
53676,796,0.5216362450323729,1.95,Mortgage,11786.22,0
60901,760,0.3632758314487815,0.32,Mortgage,30130.91,0
40577,773,0.20326028280269906,2.95,Own,8357.78,0
69295,336,0.10188731491106154,2.05,Own,2265.43,0
46144,618,0.5902511985006841,15.09,Mortgage,16457.81,0
54163,711,0.5691598491513351,5.61,Mortgage,15445.91,0
36003,655,0.23707199703759643,3.08,Own,17668.79,0
35046,528,0.4191078931118636,7.02,Own,718.61,0
60323,563,0.4646197814430768,7.54,Own,5832.72,0
43345,786,0.3890067305162975,3.27,Mortgage,12773.92,0
37192,651,0.5214808374190489,0.39,Mortgage,19392.83,0
40352,741,0.13891232421600688,7.58,Own,5917.2,0
60484,758,0.5482470170751067,0.47,Own,17242.98,0
40564,324,0.296009505583246,9.4,Rent,13771.16,0
48235,430,0.34034501078739576,2.03,Rent,15794.18,0
50225,669,0.32236682521083604,5.08,Own,14868.17,0
21239,735,0.36564311148467743,6.74,Own,14910.69,0
27933,523,0.3990842359428768,0.18,Rent,14888.26,0
55044,651,0.455171716489596,2.43,Mortgage,20521.76,0
38944,784,0.362470169537602,4.63,Own,15173.77,0
65850,496,0.44238662800444517,9.42,Own,20087.48,0
64502,408,0.2691487217953503,6.33,Own,12798.28,0
60787,519,0.5683404351289935,11.32,Mortgage,20589.38,0
77296,618,0.1322655098998846,0.43,Rent,13819.59,0
48753,381,0.3727703042805468,0.37,Mortgage,13878.3,0
59733,836,0.14369808801085734,6.25,Mortgage,6118.11,0
41233,731,0.3213835180184652,2.54,Own,10486.23,0
86785,307,0.22879117882641495,3.29,Own,11492.85,0
79754,448,0.5684517247913238,4.64,Rent,5954.76,0
50178,397,0.10653769319297171,21.32,Mortgage,10684.91,0
55798,400,0.2956018155707285,0.35,Rent,18434.74,0
70389,666,0.4910213748534773,0.58,Mortgage,18982.72,0
47792,761,0.1942307063257329,8.84,Own,6573.94,0
40150,713,0.5077941023331265,0.1,Rent,23312.55,0
63109,558,0.5298625439124119,2.99,Mortgage,19195.25,0
51176,655,0.45400149982288507,7.44,Own,25401.48,0
52744,310,0.2045345912130854,1.09,Own,20532.53,0
37485,715,0.23601932829078118,1.04,Mortgage,24459.79,0
24234,549,0.183467364347681,1.86,Own,17093.57,0
53542,849,0.19203186860069985,0.81,Mortgage,11117.97,0
63574,421,0.11824614823768767,5.67,Mortgage,16306.53,0
46612,364,0.5286575405991333,1.12,Mortgage,3809.63,0
71546,601,0.36425114371391787,1.29,Mortgage,14195.56,0
39441,424,0.2638796119435258,4.28,Own,14773.9,0
34179,611,0.24478849803170402,17.11,Mortgage,19827.26,0
48991,490,0.37234814822379325,12.26,Mortgage,16035.34,0
48761,749,0.26334241089497457,9.99,Mortgage,12793.53,0
61549,458,0.531858987505174,3.78,Own,8011.58,0
38375,652,0.2054787175184554,1.77,Rent,11237.48,0
70521,562,0.5411508957064264,6.12,Mortgage,13880.09,0
79503,705,0.43204622650171454,2.47,Rent,11482.07,0
49412,316,0.5783146102274851,7.52,Rent,1888.84,0
68745,559,0.10755362081784672,0.08,Mortgage,14941.63,0
34152,654,0.12954778285557825,3.77,Rent,12669.46,0
66128,788,0.3504472969682866,2.06,Rent,12575.83,0
65709,513,0.5561894150160241,1.43,Mortgage,15820.63,0
62951,538,0.4653974757650725,5.42,Own,12720.36,0
49766,479,0.4110679662596667,5.37,Rent,20386.82,0
5686,718,0.11580107783009189,0.19,Mortgage,11312.76,0
40374,442,0.2770818942063047,14.75,Mortgage,10888.65,0
40611,616,0.2729264464514286,2.25,Rent,11209.58,0
35326,543,0.3710428411299529,12.47,Rent,15885.16,0
51833,531,0.22891388967338092,4.38,Rent,15808.84,0
43715,602,0.23357785758888003,5.29,Mortgage,12201.05,0
37630,630,0.4104304000383797,16.16,Mortgage,14934.56,0
34117,547,0.5722837716570783,8.64,Own,16903.11,1
39267,582,0.4300895518183476,0.75,Own,17996.26,0
66822,586,0.43406506199051753,0.03,Mortgage,14418.99,0
40084,331,0.5931074066940578,1.85,Own,11057.66,1
42275,799,0.17673908353489506,3.35,Rent,11064.49,0
43149,829,0.11691738710018021,6.59,Own,16314.53,0
55084,680,0.4727569753731491,5.41,Own,18624.41,0
56843,362,0.3193937165949361,1.88,Mortgage,15753.68,0
4330,427,0.3144116773760032,3.9,Mortgage,13066.96,1
65324,827,0.21265168818151617,5.26,Rent,12151.23,0
71545,462,0.3534315202595193,3.61,Own,19033.22,0
34247,550,0.3210861718624366,5.84,Mortgage,8862.5,0
35415,594,0.27272500392316434,3.32,Mortgage,12622.59,0
43246,478,0.3213725796692094,3.77,Mortgage,22199.9,0
38659,528,0.29191738536144496,14.13,Rent,20847.2,0
53358,693,0.5699481790447684,2.46,Rent,16000.93,0
20802,695,0.5901258287379176,7.05,Own,12569.76,0
33231,371,0.519950466255877,2.04,Rent,13733.6,1
73087,617,0.5952070455060625,2.02,Own,15431.67,0
36076,678,0.23285971451459,13.06,Own,25538.74,0
68651,435,0.5214625549594698,6.0,Own,20121.46,0
55330,677,0.3033145059513105,13.22,Mortgage,19459.95,0
22860,418,0.47306819888887675,26.09,Mortgage,14223.8,1
59529,829,0.20069632031523663,0.0,Mortgage,12518.48,0
48234,822,0.5059780448706537,20.42,Rent,14015.98,0
43167,686,0.14173221307845976,0.53,Mortgage,19977.85,0
53674,568,0.23527885335820184,0.37,Own,23130.18,0
57119,823,0.5109763084235778,7.3,Rent,10734.19,0
60613,846,0.4735796109109257,2.16,Rent,3516.25,0
67673,785,0.35062337749564465,12.49,Mortgage,13746.31,0
56122,737,0.4363963871451044,3.93,Mortgage,20305.04,0
29365,410,0.19278701224796482,2.44,Mortgage,12146.94,0
42895,621,0.43388181117313995,0.38,Mortgage,17263.34,0
94145,826,0.10398808367074627,3.12,Rent,9375.9,0
60867,476,0.5166079336907531,1.63,Rent,13529.42,0
85539,837,0.35814380399947177,0.4,Own,11056.73,0
70931,772,0.5719392258047908,5.55,Rent,14236.08,0
53627,687,0.33908213366139095,18.94,Rent,16015.14,0
54521,397,0.3165436411631706,2.38,Mortgage,18454.74,0
49451,710,0.325026406198907,1.76,Own,12902.89,0
23932,674,0.279864310137648,0.47,Rent,9317.64,0
50270,469,0.18333754192132698,1.26,Mortgage,7396.93,0
68160,355,0.5210313634727528,1.68,Mortgage,20412.33,0
41005,624,0.2945427038791474,2.11,Own,10925.13,0
56179,559,0.36455421409442923,5.03,Rent,17578.19,0
62773,639,0.10994345823171822,0.61,Rent,7041.34,0
36354,703,0.13012693635699954,0.3,Rent,22849.68,0
43230,831,0.39859161473892224,13.34,Rent,28918.62,0
34731,473,0.5396140412568045,8.03,Own,16647.25,1
37667,837,0.3466979140130373,1.63,Mortgage,13553.02,0
30685,459,0.18248729030253166,5.09,Mortgage,22193.94,0
36493,309,0.15806365718298446,4.49,Own,12519.66,0
71291,555,0.549894000696462,6.79,Rent,15251.87,0
36267,643,0.4508189270076285,9.81,Mortgage,1169.06,0
51896,835,0.5830977772557286,2.21,Rent,14614.7,0
42456,672,0.14117431067194983,5.41,Mortgage,20782.86,0
67682,734,0.5513064275117066,8.1,Rent,12698.34,0
69667,345,0.5228161562634079,6.01,Own,12779.46,0
62961,354,0.5465925914620768,12.76,Rent,12817.97,0
54592,377,0.10288147830356978,3.41,Rent,24813.99,0
46534,790,0.4709517402635973,8.11,Own,16136.8,0
32121,571,0.37446905708081946,12.03,Own,15194.26,0
79152,849,0.38658971687920984,4.07,Rent,12976.24,0
38604,410,0.33460099367637786,0.09,Rent,20141.06,1
59954,314,0.47133845887410963,8.52,Rent,10971.29,0
65893,377,0.5999196452382023,9.36,Mortgage,21288.77,0
41670,800,0.4552691796370817,2.55,Rent,14414.03,0
65570,717,0.4390252080196615,1.3,Mortgage,20857.02,0
61463,574,0.42721885784004043,19.12,Mortgage,13155.2,0
75919,793,0.4476058349236788,4.01,Mortgage,19091.41,0
42959,496,0.2710562337154162,3.63,Own,17698.55,0
30712,675,0.2601098718332093,14.6,Own,14701.29,0
42417,362,0.4921689891352532,2.62,Mortgage,21844.08,1
53132,660,0.12654400867648277,9.42,Mortgage,21479.56,0
50873,843,0.47962386910169197,6.03,Mortgage,11776.44,0
44098,409,0.5069207925847843,17.17,Own,11415.26,0
21362,493,0.3607989797931339,2.8,Own,13791.05,1
57057,818,0.5550740477065076,11.91,Own,13511.1,0
79585,758,0.3365437185735922,4.21,Mortgage,20197.23,0
56963,600,0.1890433340479222,3.23,Mortgage,16793.04,0
59137,795,0.28069932435333644,1.82,Rent,10502.67,0
58586,448,0.5529337529655431,4.02,Rent,10734.8,0
55955,760,0.5968691441621935,4.25,Own,15563.75,0
63974,438,0.3109269834947417,11.43,Own,19331.1,0
55930,591,0.18342327279682893,6.09,Rent,22824.29,0
45309,634,0.24316464011706893,8.76,Own,15858.59,0
38060,483,0.376648171256982,7.33,Mortgage,14378.68,0
46265,606,0.38604795913857326,1.62,Rent,13880.84,0
54711,561,0.41502970334679,1.15,Mortgage,11356.51,0
45258,609,0.5176766862862735,1.5,Rent,14610.98,0
54715,643,0.45560707584401383,0.79,Rent,12565.26,0
56587,723,0.23042011325125347,2.44,Own,12956.55,0
62497,813,0.2975220303480002,5.31,Mortgage,17973.55,0
69241,823,0.5199082919020067,3.85,Mortgage,7801.55,0
51170,560,0.4166913353028555,5.68,Mortgage,5418.12,0
30383,661,0.18320902412236176,2.2,Mortgage,10243.47,0
44823,468,0.2627694020401593,1.15,Own,18958.04,0
50660,499,0.49554545621545065,1.13,Mortgage,16750.71,0
22463,684,0.1860470616616903,4.59,Own,19703.67,0
70829,611,0.4455253263603898,0.9,Rent,6748.8,0
52135,611,0.38176826811578657,2.53,Mortgage,17561.49,0
55720,694,0.17373745320057257,1.2,Own,7810.1,0
70482,650,0.44443946201546825,5.43,Rent,9593.65,0
40547,327,0.17117448532758486,4.78,Mortgage,8514.52,0
58610,432,0.2992177895548406,2.4,Mortgage,9352.35,0
48352,679,0.25427996226226013,0.69,Own,28210.63,0
47238,827,0.4450049763434788,1.19,Rent,17653.79,0
38417,586,0.4911811783033262,3.2,Rent,5759.71,0
74984,583,0.18415829097795675,17.89,Rent,7139.76,0
44367,526,0.5059983712994709,1.58,Rent,15403.44,0
60491,726,0.10360702799727892,1.06,Mortgage,15840.77,0
21874,326,0.3650292736712665,1.25,Rent,11820.04,1
67699,631,0.35839444493733696,6.16,Own,23445.45,0
65783,416,0.41191071537590984,12.31,Own,10549.84,0
51461,388,0.2198502651673375,0.39,Mortgage,19645.89,0
46595,421,0.10492841496510072,6.92,Own,19064.52,0
56000,332,0.32738145807069974,3.41,Mortgage,27016.21,0
84331,697,0.13570310562912727,8.72,Rent,27229.9,0
23551,824,0.5460969434034341,2.74,Mortgage,18470.14,0
61730,323,0.1868331628445867,0.03,Rent,15180.57,0
36325,624,0.31261648374933027,5.74,Own,16786.52,0
49701,333,0.31700019512019184,8.25,Mortgage,18073.08,0
46281,546,0.3764323239191024,11.62,Rent,5700.2,0
43575,318,0.4912661743851986,4.21,Mortgage,7509.18,1
49843,329,0.3360740752543898,0.65,Rent,19873.93,0
32987,348,0.11287663361023656,2.31,Mortgage,21832.84,1
65437,479,0.4855552055875447,7.67,Mortgage,22436.72,0
23087,669,0.14108665731044576,3.41,Mortgage,13935.32,0
58096,694,0.4207766461294321,6.01,Mortgage,16637.09,0
45101,795,0.5017147543259477,0.02,Rent,12708.59,0
32436,730,0.2413450862405219,0.38,Rent,24196.14,0
53035,506,0.32455324084201564,5.72,Mortgage,13057.79,0
26645,334,0.10716792109290832,1.71,Mortgage,11089.7,1
50595,712,0.5019375997949427,2.46,Own,14201.65,0
28656,663,0.45163054496040966,5.14,Rent,13043.65,0
56919,609,0.21569369719392154,0.59,Rent,14640.9,0
36134,578,0.2951130989328946,8.94,Rent,19511.05,0
43235,451,0.44765825090055567,0.78,Rent,15635.36,0
54409,526,0.2790815609256033,6.61,Own,12041.15,0
38411,542,0.1812073877788499,1.73,Mortgage,11732.26,0
49130,309,0.35925276443895415,1.51,Mortgage,12319.53,0
27292,691,0.46178378514321994,8.61,Mortgage,5277.17,0
59463,347,0.26040475350147296,4.02,Own,19519.88,0
76473,503,0.1608861358222289,1.15,Own,18085.49,0
91883,456,0.5147720809059884,0.01,Mortgage,22789.83,0
51367,325,0.22640093322356156,18.07,Own,16903.56,0
61823,720,0.3564074770533032,2.82,Own,7467.52,0
23290,563,0.4456715747446215,2.53,Own,15759.64,1
72541,828,0.25853760019711036,0.26,Own,15922.01,0
61643,769,0.42431826868620914,11.24,Mortgage,18708.91,0
42740,553,0.3298547532207642,0.76,Own,23989.43,0
68557,845,0.3852183275619231,2.04,Mortgage,8824.99,0
46182,446,0.3952880518084714,2.73,Rent,17834.44,0
43129,625,0.5120753434484431,8.31,Own,14158.33,0
57130,637,0.42816313671766826,2.23,Rent,27843.18,0
34049,417,0.23215334609220525,3.79,Rent,19409.83,0
65324,464,0.12980217056922314,2.8,Own,13685.62,0
34160,849,0.10099277203756638,1.87,Mortgage,21796.56,0
34249,497,0.5522086923834978,14.62,Mortgage,13771.46,1
36354,673,0.5710550259011031,7.97,Mortgage,18401.25,0
61392,428,0.14705574383233397,0.96,Own,13069.58,0
40748,713,0.343526809141124,4.05,Own,15373.24,0
29780,679,0.17579760173026723,7.96,Mortgage,21367.48,0
40914,300,0.5743745433520423,4.34,Mortgage,13165.9,1
49519,466,0.22341625841126186,3.4,Rent,-177.17,0
32285,315,0.35082354779849945,0.37,Rent,11219.86,1
32724,411,0.18281009586645838,0.56,Own,22415.72,1
81669,667,0.2663805422515312,1.41,Mortgage,22925.93,0
37091,401,0.23340318046359046,3.6,Mortgage,11418.91,0
45154,705,0.33771302148609283,21.83,Own,7031.68,0
44491,806,0.30989098101107426,8.1,Mortgage,12662.66,0
43679,339,0.2653988973001876,0.58,Own,19830.69,0
59320,847,0.15293880882420605,6.32,Rent,13904.17,0
64222,680,0.34224351100347405,8.32,Mortgage,5051.05,0
45410,815,0.5251040090457761,2.67,Mortgage,17836.28,0
31452,796,0.46511166829278305,2.0,Own,20160.82,0
69116,580,0.46028744208133476,4.39,Own,22914.52,0
48569,650,0.28304586837265433,3.66,Own,4691.89,0
75954,633,0.4542095403410257,1.54,Own,20724.7,0
16316,823,0.33276574069995934,2.53,Rent,15931.56,0
52931,582,0.17513804541908465,3.93,Own,11699.11,0
78779,618,0.3095248749890255,4.34,Mortgage,6761.69,0
44701,713,0.16636931551579873,3.79,Mortgage,5723.71,0
46617,313,0.15724140945326795,9.36,Mortgage,11159.09,0
54432,355,0.11152965422880537,0.16,Mortgage,10923.97,0
41618,702,0.24142715048470828,2.02,Rent,14468.54,0
45318,641,0.2654373921209724,6.93,Rent,22403.55,0
44932,498,0.44972185646924634,5.27,Rent,14648.25,0
40588,591,0.36900239244239186,12.52,Own,7289.45,0
68432,740,0.529224856026656,4.43,Mortgage,9907.9,0
56916,377,0.18823531335282825,5.08,Mortgage,16675.59,0
53759,411,0.23297832292990703,6.1,Rent,11237.6,0
62128,834,0.5705380555717079,1.03,Own,14417.83,0
46034,674,0.3220226238899072,7.0,Rent,20767.19,0
38386,415,0.4945254715243279,1.78,Mortgage,18248.53,1
40960,441,0.3460838243247446,2.76,Mortgage,12256.12,0
50026,496,0.33554282851287376,0.07,Rent,10091.77,0
34111,839,0.1740581440148212,9.28,Mortgage,24846.73,0
42496,598,0.5255998054742931,15.34,Rent,11497.78,0
42258,375,0.13917764027381732,0.31,Rent,26956.72,0
81868,829,0.25513054732652074,5.04,Rent,23096.38,0
8392,399,0.43673403586008974,16.19,Rent,14551.74,1
47305,778,0.35362877540401494,4.67,Mortgage,8900.75,0
75885,767,0.5406891634857681,8.0,Own,15192.42,0
51827,591,0.11964897639395797,0.63,Mortgage,21585.52,0
61301,424,0.4247037597498651,1.4,Rent,13100.07,0
51497,818,0.3387327353135624,2.12,Mortgage,8412.8,0
39989,322,0.17715591173382547,19.86,Own,12204.91,0
16371,461,0.4716259535562968,7.61,Mortgage,16951.23,1
53081,805,0.30565342770301196,10.84,Rent,17355.9,0
38365,320,0.3657909521183418,3.34,Own,15407.39,1
37994,763,0.5836330331815541,6.31,Mortgage,12669.22,0
42515,782,0.34311504051259434,6.58,Own,14388.66,0
76172,801,0.5116864327793214,4.21,Mortgage,12698.95,0
86072,608,0.4847887616706221,10.52,Own,15676.27,0
53258,502,0.43137729575689954,0.86,Rent,16313.61,0
43028,715,0.5484060716751669,0.3,Rent,13781.07,0
32341,441,0.22580082346859046,1.81,Own,10787.86,0
57028,406,0.5103856157338316,0.46,Mortgage,21255.09,0
76743,828,0.2888937441986713,0.31,Rent,16490.06,0
46289,836,0.5062454450406106,2.72,Mortgage,18582.46,0
14315,590,0.3468943422727555,1.12,Own,11289.71,0
60050,610,0.528854626471618,7.81,Mortgage,14550.87,0
64780,684,0.5474217688464932,4.33,Own,11184.76,0
26212,352,0.39882193784205777,2.24,Mortgage,22071.82,1
52647,482,0.3538134784156225,1.69,Own,9587.13,0
56768,668,0.4916400716661671,4.14,Own,9959.26,0
48903,312,0.23349310158958667,2.85,Own,15339.65,0
38138,459,0.10767434062445722,0.29,Own,9164.59,0
65239,583,0.3035472913773848,5.47,Mortgage,22062.27,0
43949,586,0.3538870664483884,3.46,Rent,7950.69,0
27722,307,0.24863135971937825,1.62,Own,13811.62,1
19257,371,0.29168094086888374,1.72,Own,12914.28,1
68912,397,0.16652911645804733,3.01,Rent,16503.58,0
59249,386,0.23864495168389702,8.79,Rent,10988.68,0
51319,400,0.22004767395728678,2.75,Own,16287.81,0
43395,580,0.25049342691338505,9.15,Own,10695.13,0
42065,588,0.24952705527032623,2.77,Mortgage,9953.27,0
33863,495,0.3794841855238067,8.86,Rent,13869.86,0
43528,690,0.22529847009803636,13.41,Mortgage,14477.51,0
18198,749,0.5704806316699442,0.1,Own,13596.54,0
38959,667,0.35563741518166747,0.32,Own,13061.64,0
45335,729,0.1644830032048837,0.72,Own,21822.59,0
59148,395,0.23980313526214195,0.65,Own,16508.58,0
49401,560,0.46487874806782703,3.03,Rent,16220.95,0
61923,811,0.10682951919036374,7.22,Mortgage,20369.75,0
70237,420,0.5689089930984755,16.26,Rent,8199.06,0
65872,665,0.32258846086290305,2.7,Own,25393.69,0
57057,631,0.36053951147549834,5.83,Mortgage,6604.44,0
50177,351,0.594206117919764,5.05,Own,21157.08,1
35288,695,0.35170154299966583,2.5,Rent,6601.37,0
61099,617,0.5738719972309863,6.38,Own,14677.55,0
75196,576,0.5576155578965771,4.48,Rent,11908.99,0
55131,493,0.5706577643331063,7.13,Rent,22636.45,0
78758,320,0.506186528746182,1.08,Own,18855.14,0
27116,698,0.2481990422788656,2.23,Own,13563.75,0
32687,501,0.2731912418929907,5.56,Rent,17658.22,0
62828,765,0.2824920340903204,0.67,Mortgage,16409.14,0
53964,450,0.5895904198060976,7.36,Rent,18508.66,0
69706,458,0.2803777519860743,0.72,Mortgage,14016.53,0
49767,609,0.15434465460919025,1.96,Rent,11528.94,0
36980,803,0.4891644473175758,1.36,Own,4143.7,0
46796,325,0.28303164579102624,0.31,Rent,13277.5,0
27009,365,0.41046795586292173,1.58,Mortgage,15672.04,1
33071,562,0.5621802061319835,12.12,Mortgage,9996.48,0
64586,771,0.38775278838902216,0.14,Mortgage,14622.02,0
63091,466,0.41885008917894395,0.08,Mortgage,20570.39,0
55445,453,0.421431282232568,6.09,Mortgage,15446.01,0
24183,642,0.40619959287925766,2.29,Rent,11307.16,0
44623,712,0.17988468874047706,1.31,Own,19615.95,0
31625,483,0.32820770737437777,3.56,Own,16096.13,0
67647,493,0.10383200998852923,1.55,Rent,15952.28,0
41244,301,0.41313240203766655,2.49,Own,12856.15,1
33713,514,0.3876791475131195,6.28,Rent,8699.38,0
50446,782,0.25906860962041056,0.62,Mortgage,16216.72,0
40397,331,0.36194775158510184,16.05,Rent,16838.12,1
72256,314,0.3465288909540384,0.22,Own,11415.07,0
38977,617,0.2254576079711256,8.21,Own,15779.58,0
29011,542,0.24664377404629648,6.45,Own,19673.88,0
17706,316,0.4812704983143753,1.66,Rent,9918.74,1
49538,833,0.4778661595908644,0.63,Rent,17111.25,0
41571,380,0.3348910751199212,9.57,Rent,14499.77,0
28566,735,0.4587544762079898,5.69,Own,19799.38,0
67838,307,0.3254006401154681,1.72,Rent,20386.08,0
60008,586,0.525687017448066,0.09,Rent,15308.24,0
49576,485,0.26640334110430663,13.94,Own,14987.19,0
70464,823,0.5636462499227005,2.59,Mortgage,13881.42,0
59938,721,0.3711418252823354,0.97,Mortgage,9708.2,0
37657,765,0.3678439305398754,12.14,Own,16969.01,0
34411,382,0.43540519216302187,2.22,Own,15305.67,1
62269,782,0.27042800540734224,3.11,Mortgage,11222.7,0
55945,624,0.4621647854535672,6.0,Rent,5167.63,0
52546,718,0.26021255131706,8.56,Own,17753.02,0
37302,350,0.2987694149793928,0.53,Mortgage,13219.56,1
59119,326,0.4373517183965284,11.45,Rent,18421.26,0
38667,844,0.28922455065069075,13.48,Own,8182.18,0
48470,361,0.19998706134403035,1.5,Mortgage,15358.63,0
71704,470,0.5359507293877533,3.44,Rent,14841.28,0
40087,585,0.5610776903969431,9.76,Rent,13951.12,0
26405,416,0.41336552490372425,3.34,Mortgage,22902.26,1
34211,303,0.5055753855989268,3.29,Rent,15804.57,1
64914,365,0.5933261773873765,4.82,Mortgage,6345.63,0
53820,359,0.4073873759099129,7.29,Mortgage,12996.34,0
48066,801,0.5543963216250067,5.48,Rent,6932.82,0
42363,528,0.27962737486017386,4.93,Mortgage,22076.77,0
57280,399,0.45023621794359303,2.32,Mortgage,16231.4,0
37263,418,0.12790273314842318,4.97,Own,14200.05,0
54584,368,0.4944857778050724,0.55,Mortgage,7946.59,0
39031,520,0.5149015723647837,2.63,Rent,15864.02,0
36535,522,0.3005877182369959,1.04,Mortgage,20244.83,0
40437,803,0.4194775079386648,3.86,Rent,17957.66,0
44368,510,0.5291805511961793,1.52,Own,17760.92,0
49267,561,0.5418040822545251,3.53,Rent,22171.08,0
53531,817,0.15326576215830048,7.51,Mortgage,22642.0,0
-5325,547,0.5137438732664487,2.85,Rent,15540.7,1
37885,556,0.23712167596305014,1.23,Own,17942.65,0
44126,362,0.46365344816887166,1.26,Own,23568.21,1
72575,691,0.26258207674627765,11.84,Own,9978.62,0
33799,839,0.12816483531528858,7.59,Rent,17389.97,0
52441,716,0.2049353549255538,0.19,Rent,9889.51,0
72425,352,0.30433588791354205,14.3,Rent,13131.46,0
30305,337,0.47061431003052123,0.6,Own,21690.44,1
55909,607,0.1503518136561788,5.29,Rent,10780.86,0
37965,352,0.5064670624500799,4.01,Own,20452.22,1
42430,751,0.5984755459812053,0.24,Own,11963.54,0
37953,760,0.49412882158956273,1.75,Mortgage,20496.8,0
39022,785,0.3368682600144407,7.48,Mortgage,22316.68,0
90828,436,0.3840801054229732,1.83,Own,10467.79,0
62666,671,0.10308025415133729,3.27,Own,18189.71,0
66526,555,0.20463691892769872,5.99,Own,20547.64,0
57379,694,0.5494940657300227,0.37,Mortgage,12836.89,0
25906,336,0.11086470136759294,8.94,Own,17843.48,1
55924,446,0.5523974764484909,0.21,Mortgage,9023.03,0
66093,307,0.1566263040640837,1.52,Mortgage,25957.36,0
37199,550,0.16653706497941714,7.2,Rent,11275.18,0
64479,746,0.18767495542846122,12.15,Rent,13557.39,0
60565,562,0.49969266247759814,7.14,Rent,14334.7,0
77780,738,0.33909328767118974,1.29,Mortgage,15408.42,0
43733,558,0.1725983151150212,21.25,Own,17239.6,0
33535,622,0.44340090983266245,2.67,Rent,17157.96,0
44575,829,0.5703441831628887,2.36,Mortgage,9450.21,0
71533,600,0.386225737123736,10.02,Own,8756.14,0
22573,784,0.14935000286026925,0.34,Rent,23491.63,0
18974,391,0.1273753030887699,4.06,Mortgage,20788.96,1
51340,463,0.4979361799378804,16.85,Rent,8488.28,0
43361,634,0.4130418261872175,0.53,Rent,16980.36,0
50115,614,0.5613286695623007,3.89,Mortgage,19062.98,0
64179,537,0.37362507552399393,0.71,Rent,25316.92,0
41711,382,0.1311977016215267,11.04,Mortgage,12625.75,0
21904,408,0.30184342499932515,4.43,Mortgage,20107.92,1
80667,477,0.42899534429570896,1.34,Rent,18633.43,0
35041,549,0.29244267546863156,1.83,Own,11557.95,0
34114,390,0.5997956983701165,3.63,Own,13277.47,1
66555,638,0.30268930683687256,6.46,Own,11243.5,0
44232,468,0.37311806322377505,3.34,Mortgage,16803.13,0
49049,438,0.21269601631183974,1.05,Rent,7273.04,0
57241,816,0.17606910215109586,6.16,Own,13910.09,0
66253,483,0.42265276928162543,0.63,Rent,13212.61,0
44998,469,0.39430637345784103,8.29,Own,4782.13,0
72799,661,0.10216942870314213,2.52,Own,16542.5,0
17963,543,0.24239076739887108,5.29,Rent,18387.04,1
61396,437,0.42178978650645715,2.11,Rent,7753.6,0
37407,327,0.5061246728662249,5.53,Rent,15013.3,1
70584,818,0.2561843265199222,11.0,Rent,8119.81,0
52130,697,0.4237181846444269,6.04,Own,15610.79,0
39906,632,0.2326289650754231,5.56,Rent,20845.98,0
59942,616,0.44518994731461814,7.08,Mortgage,12461.36,0
63397,725,0.4489739993312313,3.47,Own,13530.27,0
59628,435,0.16511173275979504,1.24,Mortgage,25568.57,0
34554,566,0.43254489198850243,8.45,Own,11275.22,0
42739,406,0.2667835908401849,5.23,Own,10322.27,0
49938,437,0.1862974657963137,1.88,Mortgage,14973.8,0
49381,346,0.35018061638688713,1.61,Own,27082.67,1
61246,667,0.3261483419543606,3.47,Mortgage,16266.92,0
19776,305,0.4869374055309985,1.16,Own,11710.56,1
55014,822,0.14225775458060927,10.53,Rent,17979.13,0
45650,828,0.49487663441589047,7.77,Own,18725.18,0
37422,571,0.15304118105464784,1.84,Mortgage,18033.59,0
38862,365,0.20372951403953096,0.25,Rent,18913.48,0
46781,719,0.35794105916483554,0.27,Rent,19680.0,0
-4016,638,0.3315873000112123,1.76,Rent,14357.21,1
39480,797,0.5944294873670241,0.8,Rent,14357.2,0
36862,768,0.3947368566312197,10.33,Own,19205.17,0
57991,630,0.26371779762345693,2.73,Mortgage,2778.73,0
37917,430,0.5500744342719928,2.14,Rent,2037.94,0
46773,829,0.2561074783912518,1.23,Mortgage,12011.85,0
73134,737,0.23688781759414504,9.2,Mortgage,13284.25,0
64915,542,0.34718589759942975,7.86,Rent,18471.39,0
63534,762,0.5565873922365395,2.43,Mortgage,12598.8,0
42501,649,0.4542571276294193,0.93,Mortgage,20860.17,0
58145,316,0.4387416077336652,15.18,Mortgage,15720.5,0
46491,765,0.4630386325193815,1.9,Mortgage,11099.38,0
47058,662,0.42982030538794413,7.37,Own,21316.88,0
56145,509,0.479898179833973,3.11,Own,16386.79,0
41045,824,0.19638101086456675,7.61,Own,8507.8,0
72395,719,0.18862914338080075,3.29,Mortgage,18823.88,0
47598,432,0.2810816718957019,12.99,Own,18818.98,0
59275,313,0.5254798893979162,8.06,Rent,8614.92,0
71834,343,0.45722710774835484,1.51,Mortgage,15536.22,0
65474,676,0.3832366714213846,2.81,Own,18023.86,0
28866,594,0.10972371873905992,0.53,Own,6674.68,0
56673,695,0.21790114196793328,11.69,Mortgage,20277.54,0
62760,403,0.5017569712749494,0.36,Mortgage,11557.82,0
63377,744,0.22124334654210934,0.09,Mortgage,10674.18,0
33300,361,0.4651450985954737,3.43,Rent,13579.55,1
40144,711,0.192317132464942,4.62,Own,18496.16,0
64918,620,0.4031837790996793,1.26,Rent,19985.71,0
38573,430,0.4141056833502509,4.23,Own,23325.55,1
45504,498,0.4759831128432408,11.3,Mortgage,10533.65,0
73638,335,0.31917120044782,4.92,Own,16834.4,0
49283,515,0.41633734954273627,3.04,Mortgage,18409.68,0
39098,605,0.3434848943601425,0.78,Own,17423.77,0
36835,311,0.5736690226991564,0.93,Rent,10102.19,1
54990,382,0.36094036350925374,3.31,Own,16283.21,0
30002,331,0.20479894156409392,3.11,Mortgage,16607.48,1
46289,707,0.4339462745693182,3.69,Rent,11859.24,0
54998,385,0.3742336641042068,3.55,Rent,17416.86,0
69487,710,0.5019147486100733,2.09,Own,16043.13,0
60013,555,0.1884557987966218,5.95,Own,8236.75,0
39289,540,0.2304698013369524,1.19,Rent,18166.99,0
67676,751,0.560814553698861,9.56,Own,15572.15,0
45507,300,0.565013056623148,1.08,Mortgage,5544.93,1
31464,581,0.3211283832374455,2.69,Mortgage,13500.64,0
47419,813,0.12387559105921495,1.18,Own,15618.29,0
71572,418,0.25327753431297984,4.82,Rent,11404.09,0
52478,804,0.22356132721063907,3.25,Own,16562.18,0
50187,379,0.30733842599746086,2.34,Rent,13561.68,0
74558,518,0.25890030943929376,3.22,Rent,20127.03,0
28529,816,0.5144961719262271,2.73,Mortgage,16355.53,0
30716,765,0.10151800956272702,9.66,Own,24519.13,0
25762,817,0.42231592675574914,0.66,Rent,7790.54,0
55589,801,0.4321351125780216,7.88,Rent,16599.22,0
52497,357,0.4303132876445215,5.33,Rent,15083.56,0
73141,636,0.3602973402572849,2.14,Rent,17102.96,0
53652,809,0.40555203655490146,12.57,Mortgage,21542.97,0
43937,725,0.5052471557685451,0.97,Mortgage,7836.23,0
50026,669,0.4920983893441907,1.86,Mortgage,18039.66,0
51765,710,0.11731268858920521,2.35,Mortgage,16684.83,0
24923,731,0.11521826786865444,5.22,Mortgage,10451.4,0
90654,495,0.5194724063852456,14.63,Own,20943.74,0
57798,676,0.38736484376528146,4.5,Own,15303.31,0
53150,664,0.5787136676345961,9.7,Mortgage,11286.03,0
59227,704,0.3157957984582379,11.77,Rent,17143.24,0
60641,791,0.1883709106978719,3.14,Rent,19779.16,0
47891,365,0.3366174561939046,3.2,Own,16587.81,0
40531,690,0.3182721539807616,1.44,Own,12863.59,0
58991,382,0.35858869071925814,4.6,Own,11029.02,0
55785,780,0.503973616938475,0.64,Mortgage,10931.47,0
37851,528,0.4277919939683881,5.03,Rent,18974.34,0
71285,524,0.1926376636996874,11.17,Rent,19716.04,0
54400,412,0.4672386281775307,7.15,Own,13742.25,0
60947,484,0.39594810663921576,5.24,Own,26674.62,0
70878,811,0.38915536526884065,9.11,Own,13808.55,0
50328,472,0.4391284412178176,6.54,Own,14625.46,0
54754,822,0.3819827293282658,3.77,Mortgage,13022.0,0
62150,504,0.3287568681690467,3.68,Rent,14413.6,0
39127,837,0.420190141407048,0.57,Mortgage,14807.01,0
50810,618,0.4618635347752875,2.85,Rent,17902.65,0
51883,458,0.2128834714155953,3.7,Mortgage,14027.5,0
35659,577,0.34852494711905624,3.17,Rent,18032.38,0
84764,447,0.3290862316325618,7.48,Mortgage,7015.4,0
28890,382,0.11995163530564415,0.88,Rent,11879.8,0
30528,718,0.5172193282120029,7.92,Mortgage,13398.35,0
69713,837,0.2886910119692122,6.77,Rent,13725.23,0
60698,848,0.1363446166006044,11.55,Own,5832.9,0
34610,691,0.32894954853824065,2.34,Rent,19474.92,0
59109,432,0.18074040304579866,0.97,Rent,7655.59,0
72017,541,0.45220720731733244,7.11,Mortgage,11841.62,0
49546,750,0.38588578758382575,4.44,Own,14859.76,0
88982,499,0.2350569034889676,6.23,Mortgage,25210.42,0
24139,416,0.575236929575487,28.63,Rent,14735.13,1
60407,518,0.24587267412779037,1.08,Rent,17242.0,0
67497,604,0.37749845348846034,2.65,Rent,7579.74,0
63370,542,0.5007839121455246,1.07,Rent,10824.87,0
46934,591,0.35694614897724397,9.85,Mortgage,11521.21,0
45643,600,0.5804278378876425,0.09,Own,12331.79,0
56662,687,0.5219272834897573,0.73,Rent,20084.38,0
62236,508,0.560509507000448,1.42,Mortgage,12256.88,0
59037,613,0.2863512918772195,7.38,Mortgage,18042.43,0
65600,325,0.3741777087056293,4.95,Mortgage,11146.86,0
34716,378,0.5200831477467003,2.46,Mortgage,13602.28,1
46583,427,0.551750017151373,0.86,Mortgage,3005.01,0
35899,712,0.5721817889842608,1.94,Rent,14645.47,0
44208,436,0.5395759966398779,6.8,Rent,14930.98,0
65228,633,0.46537745203761716,2.41,Own,14029.78,0
51619,847,0.11210740276596501,3.11,Own,24827.02,0
89102,687,0.25747672473773153,4.69,Own,14673.89,0
52901,529,0.16446814244671523,12.2,Own,1387.52,0
50895,720,0.17737930067007415,1.44,Mortgage,8902.38,0
51592,423,0.245453593691446,2.97,Mortgage,14784.54,0
40432,387,0.1373702285942763,1.86,Mortgage,14602.18,0
49132,440,0.22151590616210778,3.14,Mortgage,10935.39,0
66916,350,0.5784894182695705,5.96,Mortgage,9893.7,0
51709,704,0.2559717892940979,3.29,Mortgage,21928.41,0
38098,636,0.1798565349620118,9.0,Mortgage,19948.86,0
36123,665,0.4591500902099038,4.03,Mortgage,20625.88,0
43246,557,0.5142525750261249,2.44,Own,11858.89,0
51107,687,0.25701892479824173,7.62,Rent,18500.99,0
67903,344,0.23924865528918546,2.82,Own,2163.56,0
29892,568,0.22087977395251676,3.62,Mortgage,12922.36,0
45202,610,0.2966306195331867,26.17,Mortgage,12242.95,0
52164,577,0.1436158789194459,7.72,Mortgage,13743.45,0
22494,774,0.43456461327810314,9.66,Rent,15576.84,0
37496,444,0.5111131626282295,4.49,Mortgage,14143.99,1
39801,534,0.43184113986960904,2.14,Mortgage,9362.23,0
38060,435,0.31059984494652426,23.7,Own,11278.08,0
52878,744,0.24448112367211963,1.4,Own,17591.15,0
47591,652,0.3047230822557868,10.31,Mortgage,16772.88,0
41670,693,0.3119187424436244,12.11,Rent,22964.0,0
56419,574,0.4330104142362535,8.51,Rent,16561.96,0
75846,683,0.5640301778252824,0.61,Own,22440.01,0
74588,622,0.13529324472396945,9.62,Own,7761.84,0
21158,482,0.576676796441811,5.45,Rent,17953.52,1
58656,739,0.5551006417810173,5.71,Own,18787.73,0
47329,362,0.15886615017144443,7.72,Mortgage,17424.37,0
52327,333,0.19179251554266694,3.37,Mortgage,8996.75,0
44025,776,0.2557978007234615,1.55,Mortgage,16587.24,0
51763,386,0.37983302048259593,4.28,Mortgage,13194.7,0
52271,509,0.16723809803930664,0.58,Own,17892.3,0
41315,761,0.2001674766359435,5.62,Mortgage,14565.57,0
36554,380,0.5513376469698396,3.3,Mortgage,12155.24,1
43269,621,0.1546503153854629,3.49,Mortgage,26408.14,0
53513,714,0.2994391325696697,1.03,Mortgage,11283.37,0
58984,489,0.4815008888293544,0.21,Rent,16397.01,0
62800,532,0.544291558445369,4.72,Mortgage,17759.22,0
42587,691,0.2680212812983439,5.38,Own,13533.39,0
54257,468,0.1822187526787831,3.45,Mortgage,20695.87,0
64437,742,0.46850582954778075,7.26,Rent,19316.11,0
67483,467,0.4862788793365883,4.15,Mortgage,6566.4,0
49117,530,0.5900167220302721,9.43,Own,18094.64,0
46686,449,0.16977092572170213,1.7,Own,23864.43,0
52866,849,0.45471044133467553,1.39,Rent,11189.86,0
32754,685,0.3086462688673276,1.51,Own,8113.03,0
47095,680,0.5573147187837272,0.15,Own,13489.21,0
61168,574,0.30391544216669286,11.54,Own,14839.25,0
59629,361,0.3229801877813331,35.57,Rent,15157.29,0
45945,766,0.1633982990933671,8.48,Rent,20236.06,0
53265,827,0.26046839254543996,2.66,Rent,11530.0,0
37630,449,0.30042023519614214,2.18,Rent,17655.0,0
60552,441,0.10875437718892547,7.45,Rent,18853.31,0
48832,415,0.31878723422141453,3.57,Rent,15512.2,0
45860,364,0.26815927563365316,14.02,Rent,11879.81,0
44574,728,0.501919867900246,1.64,Rent,9216.38,0
49056,609,0.15355630672289647,1.96,Rent,7320.13,0
43281,729,0.4801055634614456,33.73,Mortgage,7650.47,0
59872,460,0.4570057716383671,19.12,Rent,6952.08,0
44070,605,0.22089116389155297,10.82,Mortgage,22623.12,0
73894,660,0.14163583417089856,2.59,Rent,14094.02,0
71978,577,0.5209167228778481,9.09,Rent,25213.29,0
36626,595,0.22471502137245672,1.67,Rent,16842.37,0
51045,468,0.17278005985354913,1.47,Mortgage,7317.79,0
40240,758,0.279518300956596,3.95,Mortgage,14009.47,0
45100,306,0.300441411829526,9.84,Rent,18129.73,1
80036,431,0.26304398989004407,0.51,Rent,16554.9,0
45386,646,0.5882405562534756,4.17,Mortgage,12817.14,0
55403,552,0.5404103346481751,4.7,Rent,19442.62,0
58119,709,0.5364877482295444,4.34,Rent,9735.1,0
34990,842,0.29938379526038494,1.23,Mortgage,15857.26,0
37173,654,0.5814348198692467,0.33,Mortgage,18943.87,0
31909,667,0.4420076481458488,11.27,Mortgage,13121.34,0
36710,810,0.5159973343525384,4.27,Rent,17464.64,0
7249,832,0.35043756252718106,7.3,Mortgage,14347.95,0
58168,827,0.1803086465996762,2.27,Rent,15979.02,0
80812,827,0.5434427524923383,0.22,Own,17068.59,0
52217,701,0.3432133696860872,1.5,Own,13506.83,0
28755,474,0.5842774545425985,0.38,Rent,21928.34,1
40358,377,0.22743050570126225,0.41,Rent,16270.33,0
43116,739,0.5961894957156122,1.21,Mortgage,17752.06,0
34736,848,0.21121234098607453,5.02,Rent,20664.53,0
62902,531,0.28408337901173475,8.51,Rent,17942.38,0
62153,699,0.39700826146246304,8.61,Mortgage,10237.42,0
32668,512,0.4466615295922476,13.88,Rent,18604.65,1
60876,492,0.46014108450320357,5.34,Own,16263.2,0
72902,566,0.3381262044638863,0.1,Rent,11483.68,0
78538,425,0.13841347843205096,2.37,Mortgage,20702.2,0
92978,681,0.3480240758580506,0.59,Rent,9852.03,0
36470,843,0.26734397626819817,7.51,Rent,12237.59,0
92363,801,0.42882780450936164,0.64,Rent,12898.13,0
44686,702,0.19113779208285578,0.56,Own,8621.5,0
41113,560,0.29695616237567646,0.14,Mortgage,14909.27,0
54906,686,0.5830595770002666,15.56,Own,11682.16,0
41269,711,0.1444336996151512,7.7,Own,16131.95,0
55985,645,0.4011670789705801,2.03,Mortgage,23632.78,0
30198,393,0.14532411452426788,2.36,Mortgage,14803.65,0
46418,627,0.1784978279699799,0.31,Own,17409.87,0
69283,399,0.40246719430652855,0.86,Own,14903.14,0
49144,760,0.32199776128889324,1.87,Rent,13421.97,0
52123,614,0.37424949847508526,2.45,Mortgage,18652.6,0
57128,324,0.5399360852975463,4.84,Own,10305.76,0
67559,793,0.5086201212554863,2.16,Rent,19984.41,0
25171,652,0.5439907247142564,15.46,Own,11130.73,0
58767,416,0.4081274604191062,2.1,Own,21741.4,0
45977,498,0.3448215848570071,14.2,Mortgage,13163.03,0
52499,578,0.329598790890011,6.54,Own,10875.7,0
65899,378,0.46990427811122204,11.51,Mortgage,15509.03,0
32087,723,0.36064993916248145,6.07,Own,7136.13,0
34810,653,0.1528843981311094,4.2,Rent,9630.28,0
20968,825,0.17096951202913066,3.56,Mortgage,17370.4,0
41762,840,0.27854138385695126,1.72,Mortgage,20885.86,0
69956,776,0.13391168598559436,1.77,Rent,12061.54,0
48191,309,0.2196156097299651,1.26,Mortgage,21375.67,0
29898,802,0.42820042660677327,2.44,Rent,12935.02,0
42714,559,0.10621515614862329,0.68,Mortgage,15910.71,0
27682,823,0.40204643279074903,2.45,Mortgage,15953.22,0
33122,305,0.48617846160091505,8.97,Mortgage,22653.73,1
55832,334,0.18507687576554868,10.21,Mortgage,19421.68,0
32391,474,0.1904842816012043,5.15,Own,13983.54,0
66689,741,0.11442818325674034,1.48,Own,27176.65,0
48933,446,0.3562250194167308,1.37,Own,14716.67,0
51283,492,0.42729377843635863,1.63,Mortgage,15076.62,0
45824,312,0.32845479104230946,3.47,Own,16662.3,1
61592,829,0.2947244048131059,18.74,Mortgage,12896.39,0
61747,545,0.3272064086468336,0.58,Mortgage,21920.61,0
55025,413,0.4907641093623276,3.47,Rent,14521.99,0
58471,532,0.1167571536726795,5.73,Rent,18237.35,0
46818,621,0.4919092804163042,1.41,Rent,1287.88,0
58133,837,0.4331710578333956,17.39,Mortgage,15657.26,0
44931,425,0.22071327707870994,2.15,Rent,13318.8,0
50033,612,0.3623698631200911,13.47,Rent,15357.0,0
45880,810,0.12464533532622227,4.55,Mortgage,9210.38,0
43141,783,0.2897943351696506,0.02,Mortgage,14086.2,0
39663,580,0.18702123953856745,1.86,Own,15918.13,0
57015,582,0.111150193010327,0.11,Mortgage,13216.61,0
69659,691,0.278544748882983,2.4,Own,17985.15,0
67566,822,0.46305620869721786,13.48,Mortgage,15321.28,0
31151,681,0.5605109336792021,7.55,Rent,18184.24,0
69338,515,0.4311317565453249,4.84,Mortgage,19883.29,0
45227,841,0.3009850640651952,3.87,Own,20282.67,0
59010,415,0.5997480562009389,2.33,Mortgage,13089.29,0
36406,808,0.24147175405010515,1.19,Mortgage,13014.75,0
52129,799,0.19356571635409028,0.32,Rent,23022.38,0
54705,570,0.33184113461295905,1.05,Mortgage,10410.33,0
27730,739,0.35245570772090384,2.17,Rent,12899.46,0
59124,590,0.2774116900216631,3.67,Own,14194.31,0
70189,338,0.44774953952266006,1.14,Mortgage,10715.31,0
47380,323,0.19193220596410857,18.31,Own,15564.0,0
70402,342,0.35516987987540305,0.4,Mortgage,21075.52,0
47154,469,0.35006347925039416,0.5,Rent,5436.92,0
62743,639,0.5118932113408197,5.74,Mortgage,12418.35,0
16721,468,0.5634840993804024,7.03,Rent,15597.04,1
86281,837,0.4316329368553298,17.96,Own,22823.16,0
72431,771,0.2526857951673206,3.78,Own,7531.29,0
45730,442,0.44480550993414547,0.91,Rent,19344.98,0
20418,400,0.2256855646202505,13.9,Mortgage,14183.52,1
54320,774,0.5832721952397688,19.62,Rent,15812.09,0
28341,610,0.5111810595413564,12.85,Rent,21138.54,1
56672,359,0.315595127733019,10.27,Rent,14341.55,0
56173,328,0.4921717585707981,0.4,Rent,14836.81,0
35878,830,0.30432782268095404,9.65,Own,15674.95,0
66814,372,0.13730507938987394,15.31,Rent,16006.74,0
62083,693,0.4533844365003027,4.02,Rent,9556.51,0
64637,693,0.30230691651422026,7.4,Own,15809.61,0
50132,780,0.5651599083919309,5.41,Own,17170.5,0
28767,772,0.2532806071646433,1.7,Own,6931.96,0
64668,612,0.5216664107272967,4.43,Mortgage,19321.93,0
45944,737,0.44021892260338213,11.01,Mortgage,19575.82,0
29153,623,0.5266623080639457,3.43,Own,16264.93,0
70280,386,0.24594093854677776,4.46,Rent,8277.31,0
81491,658,0.33067270165932205,3.79,Rent,11755.91,0
49381,496,0.511564505617715,1.66,Own,3371.73,0
82386,684,0.42190940959226675,5.16,Own,13211.56,0
51369,417,0.2799609497476673,3.56,Mortgage,10432.61,0
44293,797,0.35599781285465004,1.32,Own,14660.23,0
40543,761,0.5980490471816379,11.29,Mortgage,20007.44,0
74556,795,0.47092399770694093,14.98,Own,12488.37,0
38297,546,0.40726132639001456,0.28,Rent,17055.57,0
61029,533,0.5139556902167579,4.87,Own,14562.09,0
41612,716,0.3210151693860851,2.68,Rent,10480.44,0
43095,766,0.5750320023233427,3.73,Own,22045.86,0
65453,781,0.3760106143478461,2.34,Mortgage,19137.3,0
44299,664,0.26343607481314424,3.22,Own,9457.29,0
43928,452,0.14300998878581614,1.95,Rent,17242.36,0
66992,571,0.2878476096236118,0.63,Rent,13962.3,0
73960,691,0.38431918851828517,1.8,Rent,17562.76,0
59670,846,0.45162406936662214,5.55,Own,8294.42,0
40178,729,0.5375583464555367,0.26,Mortgage,13258.28,0
42340,488,0.5719804176619074,2.41,Mortgage,16768.59,0
51198,551,0.15122692309056388,0.22,Mortgage,9561.5,0
54813,694,0.4004524929989074,2.2,Rent,16294.84,0
35182,518,0.433294824581513,0.46,Rent,13325.6,0
60845,489,0.18603190849667942,2.07,Mortgage,15219.56,0
51282,533,0.3728003401317075,9.1,Mortgage,20097.67,0
24264,531,0.2674168177901376,4.75,Own,28532.5,1
36066,657,0.1387086659929567,5.73,Own,15389.86,0
42438,777,0.1329329955835711,3.5,Own,14059.08,0
48907,728,0.47960649022162505,12.78,Mortgage,24655.95,0
78339,536,0.4077277259360108,3.9,Mortgage,20667.76,0
53572,332,0.4575608391151843,0.55,Mortgage,23881.75,1
37388,512,0.4426390772681966,13.52,Rent,16191.23,0
53309,678,0.16715614988959335,0.71,Mortgage,19082.03,0
44718,301,0.17578262826186378,35.47,Own,15241.71,0
54871,749,0.22624186210355826,2.86,Own,15282.39,0
58708,726,0.29955029348234485,0.38,Rent,15552.52,0
68138,578,0.569588112468816,9.98,Own,17082.03,0
49635,513,0.4369461806914722,0.49,Own,15372.11,0
74584,584,0.2275859672250173,0.96,Rent,21943.03,0
63620,842,0.12799205091366997,2.7,Own,17877.72,0
39388,573,0.44211196540318654,5.64,Rent,16007.26,0
83147,310,0.41265923540802607,0.65,Own,15806.57,0
54904,346,0.4378817091810685,4.87,Rent,12874.19,0
37473,814,0.2305898270292899,7.58,Rent,9576.57,0
74793,737,0.35848160861268163,0.66,Mortgage,20004.28,0
81166,726,0.28085140069574455,5.21,Rent,19979.75,0
49504,731,0.5088494694728726,15.96,Own,9465.03,0
42445,429,0.13469833105933396,17.12,Mortgage,9573.36,0
47414,321,0.23772089472081795,0.88,Mortgage,18500.02,0
60720,688,0.40147687208518457,7.13,Mortgage,13398.91,0
69167,434,0.20261188853701076,9.37,Rent,10050.11,0
58557,831,0.43635671798643716,10.99,Rent,6977.46,0
51525,519,0.1683862516000765,1.96,Mortgage,12688.76,0
72470,632,0.11140614593735157,1.57,Rent,15653.0,0
45307,429,0.5317472664225601,0.25,Own,13586.94,0
65463,331,0.26672220070364017,2.55,Own,8368.24,0
45679,724,0.17842449153051618,0.66,Own,12058.33,0
56465,597,0.18635451287289992,7.71,Rent,17775.39,0
48296,803,0.5429476970172824,0.77,Own,22915.14,0
49162,656,0.42721570307340606,8.54,Own,15232.77,0
44339,754,0.578173133295045,0.57,Rent,20164.06,0
70172,700,0.5000201616889531,3.28,Rent,18604.95,0
39006,754,0.4837713425140846,2.43,Own,12095.91,0
38896,333,0.3499103297875411,4.6,Mortgage,19688.12,1
81814,547,0.5104024493530728,3.66,Mortgage,20621.54,0
64667,341,0.3063262692209259,4.56,Rent,12579.18,0
14223,422,0.5135002485161773,0.0,Rent,15088.54,1
41521,326,0.4788706458435614,0.68,Rent,12173.92,1
22820,761,0.4392193127980255,3.64,Mortgage,8714.91,0
35739,446,0.26485809298172835,1.3,Own,20115.62,0
2922,795,0.41535581865428006,0.4,Mortgage,23013.88,1
47945,785,0.35339381238753964,1.23,Rent,14692.63,0
32870,759,0.3307714334629549,7.57,Mortgage,12327.63,0
50898,427,0.5951231666917378,3.9,Rent,20339.9,1
25623,675,0.35219891491523503,1.05,Own,20880.57,0
51243,382,0.11599310270183352,0.08,Rent,10669.33,0
43776,834,0.41323393454094703,2.21,Own,15700.89,0
72529,822,0.46400542251381893,2.21,Own,24897.15,0
71170,402,0.542591934658372,6.64,Mortgage,24106.68,0
61780,818,0.4163423633614135,12.59,Rent,10379.46,0
45100,661,0.10972855859925443,2.33,Mortgage,8042.72,0
79780,555,0.15987216790559602,5.83,Rent,16755.08,0
26704,546,0.18062002457900686,5.04,Rent,18565.0,0
28946,491,0.20563067651342185,2.74,Rent,18596.67,0
48743,834,0.4998884485775016,0.34,Mortgage,17726.0,0
83810,613,0.25488002500458573,3.21,Mortgage,16418.12,0
46964,575,0.25618116138543034,2.19,Rent,12877.77,0
47251,672,0.47779372048886415,3.99,Mortgage,11834.06,0
28371,743,0.306218287260678,0.67,Rent,19020.39,0
64188,494,0.1323197659769015,6.44,Mortgage,11473.47,0
64297,557,0.39256322288031753,7.75,Mortgage,6663.21,0
61836,659,0.16503384325232504,2.46,Own,15719.48,0
40561,847,0.38583213998458954,0.96,Mortgage,16428.03,0
39399,407,0.48981905381095014,4.89,Rent,24618.45,1
30603,323,0.5647448186636366,15.6,Mortgage,15167.52,1
51258,764,0.13352630347461933,6.03,Mortgage,8368.0,0
33793,321,0.25198329188124535,0.66,Rent,21096.8,1
32338,801,0.4262319915039834,2.53,Mortgage,14753.47,0
43644,800,0.2577265014223946,12.35,Own,14200.82,0
42662,706,0.3255128055965193,5.03,Own,9183.34,0
41930,629,0.11004543127214803,0.8,Own,17547.92,0
56996,585,0.44674900308092,6.45,Own,15781.34,0
51185,446,0.5416400657560064,2.18,Rent,15397.47,0
45677,683,0.5884298239064775,3.36,Rent,19688.52,0
52745,310,0.5152666744778815,2.68,Own,20293.97,1
35127,575,0.11588813121193911,6.47,Rent,16603.22,0
51579,602,0.4259269840884048,1.23,Mortgage,17692.69,0
52259,503,0.3478296231569349,2.46,Mortgage,16734.77,0
27454,644,0.5689477466069577,6.82,Mortgage,23359.84,1
64935,565,0.5510694323469926,6.1,Own,10466.48,0
36778,321,0.5940230871911036,1.13,Own,9571.47,1
51354,835,0.5309671121308414,2.16,Rent,9057.75,0
67466,395,0.3734460669285753,0.07,Rent,17586.59,0
63885,744,0.4574502577050529,3.78,Rent,14433.09,0
50515,562,0.58233861818327,1.65,Own,9468.71,0
44562,682,0.3890583638832963,0.06,Rent,14032.64,0
64212,849,0.5199895935061317,2.76,Mortgage,25786.92,0
60120,691,0.5711049380610299,13.08,Mortgage,17137.39,0
40724,839,0.385268845624397,12.85,Mortgage,22374.74,0
38076,391,0.17957712304008847,2.33,Own,8483.52,0
18914,458,0.1777816965701072,2.98,Rent,16460.12,1
52310,527,0.15765858708397992,1.39,Rent,17563.6,0
48759,772,0.33816159013747016,0.35,Own,18460.0,0
67042,671,0.3400707891363771,5.92,Own,13734.61,0
55385,675,0.4086855941856019,8.05,Mortgage,19933.16,0
70013,336,0.34143640706037326,10.61,Own,17459.14,0
39539,336,0.5865275077420125,13.69,Mortgage,15440.62,1
67072,400,0.2456554102994765,12.38,Mortgage,12858.02,0
42066,842,0.536908312772327,0.14,Rent,7573.34,0
61663,489,0.15016521380859735,19.11,Mortgage,5416.54,0
28118,811,0.40095883901836527,2.39,Rent,11634.27,0
53527,389,0.42416260867976674,10.86,Mortgage,14228.3,0
20229,305,0.4861150632882255,2.91,Rent,11620.77,1
45992,438,0.3515111064726003,2.74,Own,16722.2,0
56605,394,0.19861314351265127,0.06,Rent,19114.78,0
42185,685,0.28449880628172,0.27,Own,8747.0,0
34243,422,0.23608075824781463,5.56,Rent,17745.87,0
62691,584,0.30955275781760117,13.87,Own,14866.48,0
48448,665,0.3649841538563501,1.27,Own,6383.27,0
42656,789,0.4125351456886247,0.49,Own,19542.35,0
50628,624,0.5225609724583812,1.2,Mortgage,10322.26,0
89550,706,0.5550051605301778,1.19,Own,27851.1,0
67302,818,0.33129064245068396,1.73,Rent,20838.28,0
67438,376,0.14433571867812697,0.5,Own,14287.73,0
56533,533,0.4985325948008603,1.34,Own,14991.76,0
52497,783,0.338578862570195,12.71,Rent,8043.22,0
14058,763,0.3732233006856306,11.05,Own,23784.1,0
39815,570,0.39789706998646923,1.9,Rent,10753.99,0
42791,766,0.43393387937099515,28.87,Own,15209.97,0
21876,768,0.5450504300162539,1.77,Rent,11789.38,0
32638,846,0.5760730976050955,6.4,Rent,17305.46,0
20287,569,0.5700846595291434,5.16,Own,14895.53,1
49425,677,0.5047318261415172,0.33,Own,11868.78,0
62281,476,0.5446211267919014,2.1,Own,17321.69,0
66601,573,0.12482738447417899,15.13,Own,22519.56,0
56221,326,0.5245563332273288,0.26,Own,15244.2,0
35549,359,0.13613261842701227,0.96,Own,4045.95,0
21019,516,0.4730969537931533,17.69,Mortgage,16878.13,1
23646,569,0.1846818107968324,0.2,Own,7616.87,0
30965,415,0.2800552229059722,2.96,Mortgage,8152.66,0
36667,544,0.19209183957713058,12.53,Mortgage,7633.28,0
47603,384,0.3217308183186387,14.38,Mortgage,18531.22,0
34787,749,0.3058737219083101,19.39,Own,7738.42,0
55084,835,0.12403142198637193,3.28,Rent,19936.33,0
46515,388,0.5152489725513749,0.45,Rent,19054.6,1
50158,848,0.5270932478972126,7.41,Rent,10685.37,0
67103,806,0.49375362200249784,6.17,Own,17395.6,0
32296,707,0.5238033016156345,4.33,Rent,20890.64,0
56280,570,0.4754395176556463,10.96,Rent,12088.27,0
49790,823,0.5687422226865719,12.13,Own,21160.54,0
44997,793,0.38819612509990253,5.75,Own,15844.15,0
63278,747,0.3913212732930931,0.59,Mortgage,11553.75,0
63185,842,0.5299549542125958,0.5,Own,19129.5,0
35802,649,0.2747077733592984,2.63,Rent,11368.4,0
47267,627,0.1250411771012855,1.73,Own,21929.83,0
54218,585,0.4749276976990814,0.71,Own,9238.75,0
45904,334,0.22729458970518132,4.72,Rent,21546.9,0
58775,832,0.33711790601498015,5.75,Rent,16090.16,0
54217,787,0.22021991783724962,5.99,Own,18561.61,0
77488,786,0.5135454260140992,0.96,Own,13032.47,0
27045,444,0.5791464825397385,1.83,Own,16958.95,1
48163,823,0.12751155180029392,1.11,Rent,2351.18,0
36372,445,0.21668581573183418,4.6,Mortgage,16092.57,0
59061,802,0.19478106190765507,4.19,Own,8433.41,0
25742,826,0.4366017563707333,3.5,Own,18740.27,0
55194,571,0.3143391998876711,1.76,Own,12325.9,0
40549,833,0.3281308317571138,1.35,Mortgage,12278.86,0
38987,394,0.1785395421901715,11.05,Own,9179.77,0
28302,746,0.3073673207648978,0.25,Mortgage,15920.23,0
43023,714,0.25161414031169127,5.34,Own,10764.78,0
66267,556,0.4055954573353393,0.1,Rent,14736.13,0
49622,561,0.20861911436838068,1.08,Mortgage,13365.6,0
59415,386,0.4074056705630237,1.71,Rent,9877.03,0
74969,735,0.28887259592946246,10.88,Own,13057.06,0
53956,407,0.27314728101419816,0.74,Rent,12047.35,0
41618,318,0.2527783170805068,13.89,Mortgage,19851.65,1
57008,664,0.43691674701291494,8.45,Own,20683.97,0
41835,678,0.38120920271648795,5.68,Rent,8403.81,0
42433,459,0.5258608500010709,2.65,Mortgage,15967.55,0
27201,399,0.22080508878769498,11.78,Mortgage,13599.32,1
63893,564,0.12005978970562278,3.75,Mortgage,10604.13,0
44209,348,0.19101174091895504,2.32,Rent,15728.77,0
52731,714,0.2716781821644382,4.4,Mortgage,17345.27,0
34460,358,0.1898274951542593,1.32,Own,1690.66,0
56539,482,0.14175533875318005,1.59,Own,20023.65,0
38570,746,0.3226692365847843,12.59,Mortgage,18554.52,0
47874,600,0.4384668318762196,7.9,Mortgage,14868.42,0
63167,653,0.47578538347698873,3.6,Own,10610.78,0
61861,512,0.2993636623593018,2.69,Own,17447.13,0
49669,488,0.3390222972735242,8.24,Mortgage,11725.54,0
23478,646,0.4777352466874003,4.23,Own,21349.68,1
94892,436,0.2763539151541725,2.68,Mortgage,19489.43,0
76187,329,0.49238310563398635,3.62,Rent,15097.81,0
60840,445,0.583688032799485,1.32,Mortgage,10973.65,0
38701,767,0.5402403116706902,1.13,Mortgage,17481.13,0
48296,802,0.32679766834351354,22.59,Rent,18960.9,0
41848,490,0.38975924744446244,17.47,Mortgage,13328.86,0
68957,770,0.45821319332803323,2.73,Mortgage,17056.96,0
53937,644,0.27465022121809035,3.62,Rent,12599.89,0
38237,300,0.499619049988143,8.78,Own,6289.94,1
42938,409,0.31845849764026546,6.47,Own,6685.17,0
66817,363,0.523420779050217,0.52,Own,15780.27,0
74001,352,0.22736694746303274,2.35,Own,22616.12,0
72924,561,0.10568902816641615,1.44,Own,10164.15,0
61355,828,0.4163441979861875,24.55,Rent,10976.13,0
46210,601,0.3259445587465628,6.91,Rent,16501.81,0
1377,533,0.12991155850878014,0.24,Mortgage,15184.49,1
54457,372,0.3438061765365378,11.51,Own,16428.13,0
49972,656,0.18428492271075744,13.15,Rent,17589.37,0
52099,783,0.4148745813405317,2.03,Rent,14908.91,0
50808,305,0.3225227888224623,5.14,Own,15684.12,0
30106,436,0.18556237595247596,5.73,Rent,9365.99,0
58361,703,0.30596947360604154,6.54,Mortgage,12908.85,0
59483,505,0.21635440408873438,5.91,Mortgage,21310.45,0
60235,709,0.4265483902364574,4.1,Own,17356.84,0
64198,335,0.24757168702286517,15.38,Own,16395.25,0
59060,529,0.5110086750256515,3.59,Own,10637.91,0
43849,526,0.10708160274575615,0.59,Mortgage,10978.61,0
48937,561,0.30170898827114745,0.42,Rent,9628.21,0
51366,430,0.4085402277939856,0.09,Mortgage,5824.15,0
51615,747,0.11130414222458149,2.79,Own,13654.41,0
64973,485,0.20792095126202734,1.6,Rent,13052.27,0
59655,485,0.26370997976473,11.28,Mortgage,15924.02,0
81160,573,0.11092227729117213,10.09,Own,20178.92,0
83097,651,0.3733453524253353,9.1,Own,11867.82,0
51194,712,0.4154341945422415,10.1,Rent,21245.51,0
-7549,450,0.21376112590651644,1.77,Mortgage,17572.73,1
68552,683,0.3717413636641892,2.78,Rent,22109.81,0
41894,335,0.5995634445787487,1.87,Rent,9303.58,1
37977,625,0.5434596438736599,0.45,Mortgage,20864.48,0
44023,764,0.12933041580024493,12.89,Mortgage,11626.54,0
43300,765,0.16394123220816262,4.78,Mortgage,11023.02,0
59184,394,0.3472016606746636,0.71,Rent,14704.81,0
26608,433,0.2226005574323575,1.15,Rent,10757.37,0
33834,461,0.14048461858841546,3.0,Mortgage,17146.19,0
55147,599,0.22727724637285943,0.27,Mortgage,19205.38,0
59344,655,0.13058904883690128,1.59,Rent,17469.41,0
59623,539,0.36495622105782444,6.08,Mortgage,14718.39,0
38194,466,0.3451250518353177,12.65,Own,20897.51,0
35326,439,0.1031630767780751,13.21,Mortgage,17141.91,0
42400,438,0.34125819782196465,3.67,Own,14274.1,0
53598,534,0.3599025736304955,1.87,Own,14361.88,0
72282,302,0.4028518705057994,12.68,Rent,10578.83,0
19288,555,0.5850498622032523,7.72,Rent,10179.64,1
46689,670,0.5913462135260003,4.42,Rent,12725.35,0
30009,577,0.36346465533541106,9.0,Mortgage,9736.16,0
25216,815,0.5225933488048913,3.07,Rent,9249.44,0
64504,511,0.14258288499515462,0.6,Mortgage,10415.07,0
58169,515,0.36557731121503767,13.92,Rent,20373.79,0
56741,569,0.4394500296119809,3.82,Own,10957.17,0
63815,775,0.38236440978477415,5.94,Rent,19124.27,0
42804,827,0.21536049722709252,2.49,Own,11798.41,0
43510,363,0.13132899315230548,0.73,Mortgage,15946.95,0
82785,759,0.29333464228759476,1.59,Rent,10930.59,0
46301,315,0.42382124889337935,0.22,Rent,15980.75,1
61026,318,0.595856536827781,0.46,Own,26387.94,1
50095,624,0.2182667256919731,1.15,Rent,11510.96,0
22276,392,0.5588949548556919,4.12,Mortgage,13531.61,1
19330,316,0.134130699762632,24.73,Own,9062.23,1
41315,787,0.5654946369619891,9.28,Mortgage,20497.42,0
65841,393,0.516183383935015,0.45,Mortgage,21295.29,0
61824,309,0.11047267636592398,9.24,Own,10339.68,0
63711,827,0.24909268704433232,3.84,Mortgage,14214.19,0
35194,788,0.12547832683926677,5.4,Rent,17103.61,0
74238,443,0.5977529357647797,0.69,Mortgage,15335.87,0
35526,814,0.31392200229188816,2.52,Rent,10374.33,0
53192,769,0.43108675980531874,10.78,Own,10167.01,0
49844,676,0.2170952874111934,2.77,Rent,8841.18,0
47391,793,0.5668681193337759,0.68,Mortgage,20122.24,0
70078,783,0.23708704426973584,1.86,Rent,18317.41,0
39423,751,0.23010730365114926,1.25,Mortgage,23341.86,0
29755,835,0.2573000479706764,5.81,Rent,9959.72,0
50299,374,0.33124458232535325,12.1,Own,16497.94,0
44002,339,0.10926636311485552,6.61,Own,15680.55,0
100660,601,0.3989187500640422,9.28,Rent,16856.78,0
60147,361,0.11583289857036907,8.19,Own,18048.06,0
43859,802,0.36960124386979654,0.07,Rent,30985.95,0
34158,544,0.328942451091056,0.66,Mortgage,30791.17,1
21795,317,0.2212735290682051,2.75,Rent,16795.99,1
34621,697,0.2648840085854134,0.59,Mortgage,23074.34,0
51724,488,0.4528299056223348,6.64,Rent,10691.99,0
71409,403,0.10479875993569818,0.36,Mortgage,14503.11,0
66825,643,0.2583235690128799,2.69,Own,11013.22,0
53436,670,0.44014862708243363,2.49,Rent,16260.57,0
45152,332,0.17613693270127503,3.92,Own,17628.97,0
54032,673,0.3801928270930517,4.96,Own,26496.59,0
42220,477,0.18446646424135635,14.68,Mortgage,10343.2,0
75775,311,0.1773809384284998,1.58,Own,21630.77,0
47162,755,0.4861400478618785,5.48,Mortgage,12932.97,0
48704,548,0.23326267665056885,0.18,Own,12209.33,0
16762,747,0.2878845594762637,0.01,Own,13822.47,0
47068,303,0.46500903281248496,0.13,Rent,24903.42,1
62547,535,0.18975980027148817,2.98,Rent,5194.82,0
33984,472,0.3658685106664288,4.05,Mortgage,17261.13,0
38739,621,0.5589098318823316,0.03,Own,20630.37,0
61890,670,0.37691340968924436,2.52,Own,10164.23,0
27850,847,0.12442288331171472,0.21,Rent,17665.97,0
65867,595,0.39484863733855535,5.3,Mortgage,11383.17,0
42017,699,0.14507669975719892,4.99,Rent,24814.18,0
44171,357,0.24106227021664153,7.67,Own,8555.55,0
33141,829,0.5248375526717557,3.95,Mortgage,17896.08,0
55670,847,0.10553456403430897,4.88,Own,12838.67,0
86898,707,0.13850665433231082,1.64,Rent,14301.92,0
61722,812,0.2816820643401855,0.45,Mortgage,13555.4,0
37035,363,0.5996979399496747,6.68,Rent,20550.53,1
67034,719,0.2459319530359216,4.73,Own,15974.65,0
45249,445,0.1786373093680156,13.93,Own,7970.48,0
70617,571,0.37471106642412444,22.65,Rent,16907.27,0
62100,316,0.3596275107852017,9.4,Own,16408.89,0
5852,397,0.3248097942144188,21.21,Rent,20260.26,1
34938,751,0.5733268760214744,5.21,Rent,16742.24,0
64165,542,0.24007468547525937,0.48,Mortgage,7459.73,0
52274,778,0.24666211463098311,0.47,Own,20944.76,0
34643,500,0.17012848569354208,8.23,Own,20772.59,0
40496,772,0.44864400895808765,1.35,Rent,17680.71,0
21406,478,0.26068473554026916,0.31,Mortgage,16517.39,1
48674,807,0.5013701465228263,3.2,Rent,16937.91,0
83160,752,0.5858789386864601,1.89,Own,20844.89,0
62074,569,0.121842620995296,4.44,Mortgage,21876.07,0
82856,533,0.5965609450290624,4.58,Mortgage,17735.89,0
63235,785,0.2270521131785422,5.72,Rent,18247.18,0
65412,637,0.31005517862726373,4.3,Rent,16068.86,0
79611,747,0.48887167724634606,2.4,Mortgage,27095.12,0
55658,656,0.4326655710696622,0.12,Own,4874.76,0
47191,348,0.48921846041743666,11.77,Own,11767.75,0
65489,795,0.3331660078594294,1.98,Mortgage,11094.55,0
71807,645,0.5580335392864317,3.54,Rent,25589.88,0
42800,592,0.4949704027025551,4.07,Rent,13985.59,0
39176,449,0.2546139877168381,1.89,Own,5080.18,0
52082,844,0.57424011067438,1.84,Own,11027.92,0
62472,559,0.5805270967131771,1.51,Mortgage,17874.8,0
61971,621,0.3075267778783721,1.39,Own,15251.46,0
28637,376,0.4259802439937953,0.15,Own,14583.34,1
78674,409,0.5073842676069518,15.84,Rent,16119.33,0
40382,846,0.5086503584357236,4.52,Rent,20805.56,0
46024,722,0.1070617723453787,0.57,Own,19713.22,0
36460,693,0.4145068165232707,4.48,Rent,11020.81,0
90474,534,0.5868496487253031,1.32,Rent,16577.5,0
53631,629,0.21567357389808559,1.86,Rent,22851.85,0
37235,624,0.49780442958846927,8.08,Own,16177.42,0
62958,450,0.3671238105384912,10.85,Rent,12142.06,0
61537,845,0.21073510556945577,6.02,Own,9366.8,0
47184,331,0.12551898704199801,13.48,Own,16274.35,0
62609,571,0.47996085550850387,11.77,Mortgage,14024.47,0
37620,667,0.25823517476241353,4.01,Mortgage,13935.24,0
42606,791,0.2877930140325523,11.92,Mortgage,16154.03,0
19846,615,0.34261552662450556,3.94,Own,11626.69,0
30140,667,0.35359745148565414,0.55,Mortgage,21461.49,0
77114,379,0.20309278848520554,8.84,Rent,14646.27,0
74621,471,0.4353209950942355,0.7,Mortgage,24930.04,0
50986,557,0.44626998997793677,1.9,Own,20166.49,0
74943,578,0.17115046224962174,2.39,Rent,14620.31,0
47598,803,0.36645476995629067,8.23,Rent,8605.32,0
46348,790,0.4046296741136466,0.44,Rent,18314.67,0
50847,636,0.1931257717001462,2.94,Mortgage,17364.7,0
48126,820,0.5472310632646574,2.87,Mortgage,11498.42,0
46772,625,0.3414129305876442,4.36,Mortgage,9267.85,0
67150,471,0.15751417883300858,2.18,Mortgage,14933.9,0
52252,383,0.26719808881059737,4.3,Rent,16170.4,0
60687,823,0.3384802241373269,21.31,Own,15800.52,0
65470,780,0.10507207654035197,0.37,Mortgage,15016.29,0
55822,843,0.11595493784873703,10.38,Own,20975.76,0
35445,717,0.12776029765530897,1.85,Rent,11822.29,0
29707,638,0.3690676129497167,3.13,Own,24477.53,0
52231,619,0.2680440981187606,6.76,Own,6666.51,0
47431,603,0.5465520240279997,12.04,Mortgage,11357.32,0
51310,571,0.37961693616444714,0.05,Mortgage,9032.66,0
49759,413,0.4799481644104555,5.43,Rent,16103.83,0
88753,706,0.44356658837753615,0.36,Mortgage,16994.9,0
30046,325,0.3601603636188627,3.73,Own,23767.05,1
20150,536,0.4723602198825624,6.93,Own,16069.99,1
54985,609,0.37235285143386443,0.93,Own,19234.11,0
44353,532,0.2927281525952252,7.22,Own,9557.94,0
54741,848,0.3179024162538242,1.85,Mortgage,8093.49,0
58758,564,0.5192506697719407,4.72,Rent,21541.6,0
69261,312,0.3816367790617734,5.37,Mortgage,19707.47,0
27391,795,0.2886480740811578,5.23,Own,16195.22,0
41649,615,0.18987157579312405,0.09,Rent,10619.46,0
56431,683,0.34767892110085263,0.83,Rent,27153.84,0
61556,615,0.22620205476623736,9.7,Own,19144.02,0
82901,555,0.5777899390641851,14.05,Own,11543.27,0
64335,740,0.34549104232554406,4.15,Mortgage,15264.01,0
49148,414,0.10447413694462857,4.54,Rent,7707.07,0
36643,598,0.1464385947472371,7.03,Rent,15608.94,0
41535,423,0.24216224585527127,2.61,Mortgage,12677.57,0
41109,555,0.1460814208491555,1.99,Own,26936.73,0
59828,346,0.5469811127477008,7.31,Rent,18809.62,0
53854,762,0.5271757834002654,0.14,Mortgage,2355.09,0
30145,649,0.5854307544383783,10.83,Rent,24203.16,1
43461,422,0.45323280717190495,2.91,Mortgage,17018.54,0
63163,330,0.4227322731060079,3.51,Rent,22700.21,0
55274,354,0.5617483189478883,5.03,Own,16388.81,0
58529,452,0.5731965724031621,1.6,Own,15759.98,0
55743,755,0.5387439214418013,4.55,Rent,10826.74,0
74396,585,0.5307364219099113,5.91,Rent,18266.95,0
53540,335,0.43585162772186403,0.63,Rent,20445.2,0
44209,555,0.1008029736198224,3.67,Mortgage,6234.17,0
36263,477,0.3147585251648264,2.0,Own,10900.75,0
53744,847,0.4178313855896738,4.07,Mortgage,8842.14,0
13389,553,0.3735636902223024,0.11,Own,23924.66,1
47235,807,0.5105633149454362,6.79,Own,20603.86,0
46912,320,0.5094511382570649,0.92,Mortgage,13202.69,1
29532,374,0.3993410047308028,5.85,Own,20377.96,1
36076,759,0.11099702662953184,7.32,Own,8159.18,0
62144,477,0.28466497616735886,6.98,Rent,16523.03,0
53460,681,0.21440829267173697,8.51,Mortgage,19670.62,0
51526,336,0.2693940543776254,1.84,Mortgage,12296.6,0
54595,419,0.40864632725803096,17.07,Own,14958.04,0
51389,300,0.13323095134136378,0.12,Mortgage,17515.22,0
68642,610,0.11112102452448577,3.28,Own,20769.25,0
51851,507,0.3184364579901522,1.58,Own,7371.97,0
28126,453,0.4967869161238224,6.73,Mortgage,14146.22,1
74451,614,0.11534928729927593,8.18,Own,10403.08,0
55555,606,0.5245242925465319,8.64,Rent,17736.64,0
41161,803,0.291939816375004,1.76,Mortgage,13463.37,0
31198,819,0.1591177144727259,1.6,Mortgage,19073.31,0
55938,396,0.3837488643990511,5.65,Own,8284.75,0
48242,789,0.5761802807122046,13.17,Mortgage,12630.31,0
73612,306,0.3712564495194075,1.47,Mortgage,25018.13,0
44811,311,0.44331737789298575,12.07,Rent,13981.97,1
37439,813,0.5082106434455099,4.48,Rent,20409.44,0
63436,648,0.49967006112370993,6.7,Mortgage,9714.3,0
63879,306,0.13655936425686985,2.9,Own,7564.25,0
52529,799,0.4704977066154624,8.22,Rent,22026.15,0
60145,774,0.5747247829364374,17.62,Rent,19029.41,0
49434,823,0.4503261169902887,0.94,Rent,12912.46,0
53507,356,0.5182214468552339,2.44,Own,23170.66,1
67474,532,0.3427748505055599,9.92,Mortgage,11894.28,0
59379,329,0.2595346631864357,0.97,Mortgage,10717.88,0
47460,666,0.438119611545437,2.66,Rent,15077.31,0
70285,355,0.3460999890597076,0.91,Mortgage,13647.46,0
14527,309,0.5476444281572026,5.23,Rent,9200.94,1
80781,446,0.5871909842969297,1.36,Rent,14413.04,0
24410,663,0.5099010337545002,2.4,Own,16261.2,0
40593,552,0.596339808742722,3.38,Own,19149.71,0
49386,552,0.2741852991971516,1.76,Rent,28291.75,0
47802,742,0.5478776893772418,5.7,Own,21122.64,0
65096,639,0.26496681439868974,0.59,Own,9703.14,0
34132,815,0.15901903765297679,10.59,Own,28614.0,0
53911,652,0.4106868476557244,3.28,Mortgage,15254.3,0
41326,622,0.3274943171559982,4.25,Mortgage,16659.41,0
54427,439,0.560849616715309,4.87,Own,11603.64,0
49028,744,0.34609694378900757,0.31,Mortgage,14955.8,0
51394,394,0.5638162896571516,7.07,Rent,14875.16,0
41751,719,0.1393169335975513,14.59,Rent,18403.33,0
42349,813,0.5152559178731674,3.67,Own,19539.75,0
54309,449,0.47955713423219115,2.48,Own,13103.26,0
64155,650,0.4599891367392711,7.68,Mortgage,20961.35,0
41025,415,0.27756792753439485,6.37,Own,12272.72,0
36968,536,0.4918798179987872,5.26,Own,20582.46,0
59201,569,0.34164828962238847,16.81,Rent,11712.49,0
49512,590,0.457601755442384,4.36,Rent,9332.86,0
62457,733,0.3761135733925852,1.43,Mortgage,13511.89,0
36413,308,0.17871985226670553,0.13,Mortgage,13766.94,0
23308,774,0.13227929508665112,3.02,Mortgage,10076.21,0
42004,821,0.28309332560170186,5.28,Own,13103.62,0
38504,836,0.5663944114729242,0.94,Own,12289.96,0
48818,310,0.3648675104107766,0.13,Own,15013.58,0
40447,626,0.5010960338084355,11.99,Own,17737.27,0
61115,575,0.3879765353244157,1.8,Rent,14589.58,0
45677,669,0.5789526431367188,3.14,Mortgage,10328.59,0
52257,789,0.28472778107730046,0.48,Mortgage,13180.28,0
52364,644,0.12852522768898647,2.4,Rent,19956.06,0
52924,667,0.49033419165279235,2.76,Rent,11685.45,0
49638,610,0.45272825416554574,11.65,Own,10193.43,0
57659,784,0.3637671911191731,10.03,Mortgage,7312.19,0
38065,314,0.2631956215951573,1.05,Mortgage,11578.78,0
70991,303,0.19413257384471963,4.06,Rent,19126.32,0
46451,675,0.34113802208815713,6.57,Mortgage,11346.27,0
30326,668,0.4331007046452434,1.73,Rent,14818.42,0
52821,764,0.38944321468509646,2.51,Mortgage,12550.44,0
37232,832,0.318745255185804,20.96,Rent,12252.18,0
59980,436,0.36984722216459753,7.13,Own,21567.2,0
83144,662,0.15397746515729924,2.87,Mortgage,14254.89,0
38201,515,0.44792005192996065,3.82,Own,8727.02,0
54985,667,0.46712802189796676,4.91,Rent,7363.51,0
23667,416,0.1057263020485453,3.45,Mortgage,9710.43,0
56808,478,0.23525977793043448,2.65,Mortgage,9136.24,0
36714,545,0.14605843008663652,2.23,Own,19306.35,0
40627,427,0.5991160659372484,0.93,Own,13959.59,1
33480,657,0.3966714168775817,18.18,Rent,15328.43,0
60982,377,0.33286904711328125,0.48,Own,13746.15,0
65109,592,0.33150050949052867,4.59,Mortgage,13991.2,0
50350,381,0.5823869596143851,16.04,Mortgage,19709.72,1
37033,641,0.4299278190747742,2.35,Mortgage,20080.16,0
73842,637,0.1843297791235449,1.45,Mortgage,23944.4,0
38743,395,0.3240794139979337,15.56,Own,10608.99,0
17569,444,0.4870984204729496,8.09,Own,13045.77,1
56875,820,0.3116750334293965,5.32,Rent,15974.85,0
33428,696,0.25476671294342934,4.73,Own,22866.28,0
64829,656,0.5956080382901277,2.23,Rent,11527.09,0
44282,485,0.5678185673061146,5.13,Own,19728.14,0
59055,842,0.5707801846619793,6.46,Own,11951.35,0
71022,450,0.16583626483636885,0.16,Mortgage,19868.25,0
31867,618,0.21712762840458102,0.63,Own,15465.52,0
41510,358,0.32103347908292046,1.89,Rent,9786.4,0
48864,309,0.5160646291162791,1.95,Mortgage,14409.83,1
73063,423,0.4684137701138116,11.54,Own,18069.87,0
40124,655,0.5248336975762146,5.77,Mortgage,598.14,0
41082,645,0.5603816455786854,2.34,Mortgage,19549.84,0
57172,536,0.49038342152526004,8.28,Mortgage,7672.28,0
41341,632,0.23088500507248913,1.95,Rent,13908.06,0
52287,316,0.24272284119358464,23.42,Rent,14454.72,0
26726,723,0.2762438408115492,7.61,Own,1360.61,0
83214,623,0.2515376834168088,8.26,Mortgage,11927.11,0
29784,322,0.22454947485155655,1.51,Own,17089.09,1
45173,758,0.47624302993787115,0.78,Rent,24314.62,0
49512,759,0.11699552545019062,2.47,Mortgage,19112.73,0
78690,820,0.46419686904753255,2.03,Rent,19526.91,0
30127,720,0.511781885757484,7.34,Mortgage,4207.89,0
79755,702,0.13302202167240892,0.96,Mortgage,13493.37,0
61357,630,0.1309235536004981,3.75,Mortgage,24098.06,0
56256,756,0.2427319014466505,4.95,Own,19991.58,0
35230,782,0.2041534078008326,2.43,Rent,12438.15,0
58567,797,0.39056683684509663,1.12,Rent,15571.53,0
39147,326,0.43772577175081684,11.3,Rent,19898.86,1
68999,696,0.4170709980521624,0.75,Mortgage,19771.71,0
35434,487,0.27867368513111135,1.81,Own,14367.96,0
48302,439,0.34919891730681807,7.06,Own,13776.15,0
41670,820,0.4199954147520595,4.65,Own,17208.97,0
35187,391,0.15971313440318516,6.56,Own,19874.94,0
61119,376,0.21475595722694704,8.27,Mortgage,13038.14,0
58031,543,0.5452480769930914,11.29,Mortgage,5750.04,0
68135,387,0.2711631882745571,1.82,Own,14599.6,0
23301,593,0.5005781909598527,3.22,Own,8684.55,0
65962,394,0.22549487616857203,5.83,Rent,24666.95,0
87581,552,0.12082017576801093,7.92,Mortgage,10233.7,0
43225,698,0.3502002962367048,4.31,Own,14410.9,0
78427,353,0.5462410217812432,3.61,Mortgage,11448.63,0
46052,542,0.5096422745710689,5.88,Rent,12409.96,0
29413,409,0.22646958446224494,2.41,Own,19170.59,1
45415,520,0.5549678872121735,11.21,Mortgage,20264.79,0
65723,461,0.33985794745815157,1.19,Mortgage,18279.2,0
37427,334,0.12449950189433504,10.77,Mortgage,19839.97,0
40994,336,0.11396230988387587,5.16,Mortgage,12368.87,0
58903,669,0.34255686700166255,4.59,Mortgage,9519.89,0
50045,476,0.3731614278569081,3.17,Mortgage,11254.16,0
58769,820,0.1399564602912952,0.84,Rent,17155.27,0
53567,574,0.5611203268625895,10.01,Mortgage,21084.78,0
57194,404,0.4591084142454115,0.27,Rent,8827.0,0
43515,455,0.5006411792433709,1.57,Rent,13223.27,0
53475,635,0.3920116256081758,0.58,Mortgage,13634.89,0
36089,325,0.4317720380772573,0.56,Own,11134.76,1
69326,595,0.29393011491356014,2.47,Mortgage,17984.32,0
40485,836,0.43964854247204666,0.87,Rent,19992.94,0
66932,654,0.5890914457021347,4.35,Mortgage,27264.75,0
46495,368,0.4238579553054844,4.93,Mortgage,24874.64,1
53029,626,0.2708168614365849,10.69,Mortgage,18950.26,0
42575,450,0.24261956119123393,1.78,Rent,12701.34,0
34760,619,0.5816729704235315,1.85,Rent,18534.83,0
23828,751,0.19250114855403253,1.41,Rent,5225.35,0
34170,411,0.5030983058348099,7.61,Own,18306.4,1
45141,761,0.3326311460043794,2.79,Own,16828.29,0
53178,661,0.3218798771764003,4.02,Own,15384.62,0
65155,502,0.47376889398942446,2.35,Own,11092.09,0
43313,786,0.1740192150229717,0.85,Mortgage,18969.45,0
36770,779,0.3331479630724602,0.54,Own,10051.74,0
28359,303,0.11791684388387416,10.14,Own,20276.13,1
57200,428,0.43520341075573465,1.54,Own,18004.7,0
70747,325,0.1291886419768332,14.2,Mortgage,17147.28,0
68994,326,0.1436443988369435,14.72,Own,10080.05,0
60648,341,0.5224131906146016,3.26,Own,11738.66,0
59578,363,0.321477593507964,15.92,Own,7564.8,0
75464,324,0.20048784427412128,0.14,Rent,19201.09,0
54981,371,0.3962922879776899,0.48,Own,15181.5,0
59691,781,0.35964163229226576,1.39,Own,12312.65,0
45188,567,0.30545416337142905,1.17,Own,14318.32,0
29569,394,0.5527085333746737,1.46,Mortgage,20248.91,1
39742,694,0.47472899907617305,3.01,Own,9302.91,0
49862,663,0.17579643562764832,0.32,Own,12807.84,0
50911,614,0.38538732497371,4.05,Rent,7101.42,0
78894,416,0.14437195035238357,1.85,Rent,9739.09,0
51219,463,0.2223269852214033,0.37,Mortgage,13745.77,0
67682,605,0.5549301733603202,7.0,Mortgage,20421.25,0
43473,499,0.3310399628541211,5.3,Own,18209.0,0
45324,479,0.5460530508088508,7.89,Rent,19947.75,0
30064,657,0.18299948279578207,14.0,Mortgage,18316.32,0
38865,551,0.20267087375581946,4.41,Mortgage,10196.14,0
57904,598,0.2764123615335464,7.73,Rent,23473.73,0
50113,729,0.28316282112973334,1.11,Own,18709.87,0
64144,303,0.4726386351153121,2.64,Rent,23983.64,0
52718,553,0.399705280984186,3.78,Own,23369.2,0
44713,395,0.376624712973315,3.9,Own,14543.09,0
82224,466,0.401187753414047,6.34,Rent,12554.86,0
48591,630,0.4660956862617045,7.95,Own,3826.64,0
67445,361,0.5464083193045444,5.5,Mortgage,15831.2,0
43981,473,0.3073699782386101,0.24,Rent,14803.49,0
60643,552,0.5014629714617327,2.16,Mortgage,11804.6,0
63920,760,0.34754844154301434,4.25,Own,12505.34,0
53127,514,0.4610391212747692,3.55,Own,17595.74,0
14682,538,0.5374118940298838,0.23,Rent,5579.53,1
50273,714,0.11610741118241688,19.72,Rent,21403.9,0
68456,425,0.3733148776683902,15.63,Own,19374.2,0
57912,552,0.5946903132302377,7.43,Rent,13216.95,0
56687,496,0.34811220726123204,0.28,Own,14619.96,0
24166,712,0.5321518413008461,2.81,Mortgage,16587.71,0
39193,755,0.1929499262084147,2.64,Rent,19074.63,0
56170,353,0.40214354512316586,4.08,Mortgage,25143.9,0
56155,638,0.5351529816172226,0.29,Rent,12369.29,0
68220,658,0.31576656580938556,2.76,Mortgage,21819.74,0
47826,450,0.3433610294525219,7.09,Own,13892.11,0
56087,399,0.1410089522245089,31.09,Own,13010.2,0
50245,533,0.12108604597530251,4.52,Own,13710.06,0
35195,843,0.3343541497914916,14.12,Own,20414.68,0
16163,361,0.5217376658205669,32.64,Rent,12139.57,1
56465,495,0.5656621360573575,2.85,Mortgage,15533.6,0
52609,841,0.4293265017306378,5.52,Rent,12434.78,0
40727,405,0.5131992996673087,1.2,Rent,12857.6,1
25712,594,0.46742708132920263,3.23,Own,21753.58,1
59446,750,0.4507429134502047,0.41,Rent,14946.73,0
46011,833,0.4845165493933794,0.15,Mortgage,11669.59,0
58353,455,0.35265147620546455,11.17,Rent,12829.79,0
77960,705,0.3289690517484273,9.77,Mortgage,16396.73,0
17878,674,0.17957176112093007,1.87,Own,14738.79,0
39505,754,0.521907658354045,3.05,Own,15012.22,0
46859,501,0.12230694005195233,3.4,Rent,13505.7,0
71822,751,0.23372206061866455,3.68,Mortgage,20220.25,0
25453,486,0.3599580735728646,0.72,Own,17882.57,1
79037,667,0.5857990562610248,7.46,Own,13876.83,0
52037,639,0.4929864711479486,2.14,Rent,15649.75,0
48559,561,0.28433561232431404,0.16,Mortgage,10926.41,0
47029,842,0.4569741952562175,5.64,Own,14631.28,0
43456,605,0.565684694007578,8.86,Own,11548.52,0
65721,464,0.36944172576853795,12.51,Mortgage,15978.04,0
33972,387,0.3309700977504747,5.61,Rent,14482.65,1
55181,499,0.3764966361371638,1.06,Rent,13795.56,0
44237,570,0.25576502057699135,4.46,Own,15714.43,0
38567,350,0.5536744053420953,12.14,Own,16492.95,1
88789,788,0.49864090623073853,2.16,Rent,20451.87,0
56285,497,0.45274205617663854,15.33,Rent,18892.85,0
59198,322,0.39454604028132134,0.51,Own,19755.43,0
67066,522,0.5847373892260942,6.51,Mortgage,13239.89,0
28679,520,0.24885286473721022,0.64,Mortgage,16438.54,0
76284,565,0.24156758245342477,8.02,Own,23674.43,0
12365,372,0.2210691664315911,0.51,Own,14515.71,1
38468,376,0.4708879943224662,1.97,Own,15646.65,1
43114,843,0.4986428199371501,7.5,Own,15713.55,0
58725,734,0.398557088083346,3.08,Rent,14480.21,0
53280,364,0.4259918551690587,10.71,Mortgage,21440.78,0
47497,656,0.2744803823031964,2.57,Mortgage,12789.44,0
49820,317,0.11987877123644117,26.45,Mortgage,20399.71,0
35329,735,0.22681792182062652,0.09,Rent,18847.53,0
27541,740,0.392151613565213,5.95,Own,14696.11,0
60897,308,0.5064663411921944,12.38,Mortgage,12944.71,0
60405,769,0.4885974892164986,3.84,Mortgage,14836.48,0
73767,647,0.18974368209659062,22.33,Rent,20796.08,0
38149,671,0.12572310503811415,6.16,Own,20384.4,0
60392,474,0.5252800199980207,2.81,Own,18999.8,0
45744,814,0.1377946163513258,3.62,Own,14567.86,0
67857,429,0.2966556313945332,10.5,Mortgage,15217.85,0
65329,592,0.14711282839245785,15.8,Rent,18131.61,0
53168,652,0.38202435522430334,4.06,Mortgage,13815.73,0
44907,523,0.2816682155937581,1.83,Rent,19187.91,0
64413,823,0.20124680890075627,1.37,Rent,15758.62,0
59703,808,0.39758383410902065,3.24,Mortgage,20069.82,0
39733,667,0.2816958949398448,1.76,Rent,7927.98,0
30083,799,0.18339412586040074,2.73,Rent,11964.18,0
45672,389,0.45004320628213146,8.99,Rent,13335.18,0
72731,371,0.5184041549411882,3.19,Own,17062.58,0
67197,732,0.23687128554374756,5.12,Own,13120.81,0
33315,647,0.19321252290092014,0.47,Own,25900.93,0
32483,562,0.13762593099274004,7.18,Own,8906.48,0
69120,570,0.36395106253510323,3.3,Mortgage,20098.33,0
32965,808,0.5156468498733346,2.24,Mortgage,21150.9,0
57639,807,0.2253949475001605,4.72,Mortgage,17491.4,0
40758,719,0.3303188858152136,0.54,Own,13422.17,0
74255,371,0.1804017267238899,2.67,Mortgage,14904.09,0
38443,373,0.3021004119968138,8.33,Own,19085.3,1
67150,802,0.10772255377773762,1.52,Own,7007.15,0
52772,445,0.5553645339267264,12.27,Rent,11828.5,0
53782,345,0.4382859475002844,4.63,Rent,12312.08,0
20445,404,0.2664068588173859,3.89,Own,17723.1,1
16956,408,0.5405991300280116,2.55,Rent,20444.91,1
46691,616,0.19146481471652213,6.77,Rent,24904.91,0
53703,420,0.13936686592783717,4.16,Rent,5678.59,0
33122,798,0.5713107905729462,7.96,Rent,9861.19,0
33669,342,0.25450848086794686,2.01,Mortgage,13289.34,1
58422,398,0.5679866970542268,6.05,Rent,17780.65,0
58442,610,0.4188064596364034,14.36,Own,18822.05,0
47933,513,0.5900214664077357,1.64,Rent,9106.0,0
61703,762,0.4767146061062102,19.82,Rent,16881.87,0
32386,722,0.15274193346414902,2.64,Mortgage,2200.62,0
44660,688,0.5261143334877412,0.2,Mortgage,16459.61,0
74718,411,0.17393926126398415,2.21,Mortgage,14869.31,0
51024,571,0.446098802887157,0.81,Rent,14501.79,0
51894,401,0.35020372471168215,1.81,Own,13040.82,0
84589,509,0.45386250407224193,0.5,Mortgage,14551.59,0
29009,321,0.48249476633409916,0.98,Rent,16608.06,1
61946,458,0.5018326057066581,0.68,Rent,23303.47,0
74959,642,0.5174900663478575,0.22,Rent,8573.76,0
45127,699,0.5236122607748219,1.76,Mortgage,13635.61,0
62894,753,0.3062872132612099,14.15,Rent,17704.29,0
35269,442,0.5446140360961038,14.92,Mortgage,14698.45,1
39699,696,0.4597901267727933,9.38,Rent,15620.75,0
55774,835,0.5194854657091614,0.06,Own,12066.9,0
61978,440,0.5945956764323,0.14,Own,19126.85,0
66814,539,0.15820737106627544,0.05,Rent,4138.22,0
73544,591,0.28528984884270403,2.28,Mortgage,10036.57,0
48988,381,0.5032735103531326,19.63,Rent,24777.32,1
67904,470,0.14315173569812897,11.36,Own,8855.71,0
44865,825,0.3703905327362301,1.44,Rent,10639.8,0
63531,841,0.5291989794640654,2.64,Mortgage,11061.65,0
53112,409,0.1094956316040829,8.7,Mortgage,12294.36,0
56685,511,0.5697594492795363,7.11,Mortgage,14903.51,0
56352,737,0.5890724119523014,0.71,Mortgage,20394.96,0
25929,621,0.261140464854119,0.57,Own,17387.12,0
33138,383,0.48339559569502555,3.92,Mortgage,13819.49,1
51538,675,0.16358805133222573,0.54,Mortgage,23745.62,0
24690,352,0.4864321352635874,8.72,Own,12913.86,1
62468,795,0.3407608404170026,1.46,Mortgage,15287.9,0
63073,555,0.5301365392641061,1.04,Own,15596.32,0
54907,519,0.20630321363810042,1.03,Mortgage,19235.02,0
33182,399,0.4363289766211197,0.23,Mortgage,9244.49,1
70702,428,0.4930595872079253,5.13,Mortgage,9880.97,0
80558,518,0.20124613262616384,0.9,Mortgage,19713.5,0
52206,776,0.5091436387849108,1.33,Rent,23923.97,0
57658,757,0.5789927504709346,6.96,Rent,13179.54,0
53026,321,0.4080392999603155,0.3,Mortgage,8691.55,0
57955,628,0.49242520839527526,1.13,Mortgage,9049.54,0
48206,779,0.3662919296798228,0.81,Mortgage,20181.05,0
49481,638,0.39905168049781536,0.02,Rent,6567.19,0
63585,478,0.10667621726283963,3.88,Mortgage,15319.14,0
85184,720,0.3621436334180136,1.05,Own,14118.87,0
28998,781,0.3877818749120201,5.01,Rent,11622.91,0
48442,348,0.4350237728826932,3.48,Rent,10708.2,0
32293,329,0.18469530441634432,5.51,Rent,18480.8,1
73880,384,0.22068713119254627,19.97,Mortgage,18887.03,0
41183,801,0.4780023158461314,1.24,Own,20836.62,0
28351,845,0.18381941001368282,5.48,Rent,17421.7,0
59572,628,0.30801303619287856,8.97,Own,15037.86,0
76164,733,0.2252451094944478,15.78,Own,15816.3,0
59953,548,0.3725920518108766,4.87,Own,19954.13,0
53071,433,0.5934354405774719,0.7,Mortgage,6462.33,0
56137,664,0.5260189488391467,0.28,Mortgage,17219.81,0
71222,724,0.23473716998079505,1.63,Mortgage,12108.7,0
36887,714,0.2843059052892213,13.17,Rent,16880.74,0
48322,811,0.5593167912489198,3.85,Rent,9847.19,0
43209,684,0.5491474861773693,4.33,Own,19250.34,0
32482,687,0.18026401922432664,4.72,Rent,17937.86,0
45074,748,0.5146355658772668,2.02,Mortgage,11473.03,0
66615,602,0.2488039523937259,1.0,Mortgage,12664.66,0
58499,398,0.37190157965913473,15.42,Mortgage,12205.03,0
59664,605,0.10254919464509907,7.04,Mortgage,15286.15,0
52197,341,0.5992950954480776,3.58,Own,25148.85,1
57849,767,0.48054823482422426,2.36,Rent,5911.5,0
37991,739,0.22086652994936226,3.3,Mortgage,16628.44,0
45357,626,0.44189744706953016,0.17,Own,17153.9,0
52880,332,0.24665368141173996,1.42,Rent,12345.22,0
54162,711,0.14472790699300828,1.44,Own,6632.14,0
54802,413,0.31265497818356514,2.95,Mortgage,13994.89,0
47924,807,0.40685943122182255,1.35,Mortgage,8912.17,0
44338,355,0.14488872910553915,1.03,Mortgage,17782.22,0
97366,651,0.3592031492644714,7.25,Rent,8090.13,0
63601,628,0.35743211622275495,11.2,Mortgage,14749.65,0
56197,845,0.4143226203068515,0.35,Rent,11145.92,0
46501,569,0.22232281926523187,1.18,Own,20584.85,0
43231,495,0.11032074162293318,7.43,Rent,22849.06,0
48037,712,0.26242875336280247,8.46,Own,13204.62,0
54392,378,0.2992905962628484,3.47,Rent,9744.57,0
21793,382,0.41787052734021335,5.94,Mortgage,23362.66,1
26459,436,0.5650859311376257,0.4,Mortgage,14318.2,1
40446,838,0.20169276139175893,9.47,Own,16570.77,0
53107,605,0.44366681438417,8.94,Rent,14393.52,0
46410,610,0.14870045468663493,5.91,Rent,13971.94,0
72171,687,0.19531087777740855,12.4,Own,12535.76,0
27764,848,0.35456725578479575,0.24,Rent,5554.96,0
38729,805,0.4541887895798864,1.31,Rent,23837.47,0
72801,687,0.5292842679704693,2.25,Own,15989.88,0
51966,592,0.4719517159898491,0.86,Own,14592.48,0
63272,478,0.10767639343025917,8.43,Own,19640.65,0
80768,728,0.44196566295967854,7.08,Rent,12202.51,0
39592,823,0.5123288518501533,7.42,Own,16848.44,0
48510,611,0.362766738694569,1.72,Own,11152.03,0
45913,379,0.5827993454832047,7.19,Own,13274.94,1
20681,313,0.10215621122191657,0.66,Own,17922.09,1
45344,353,0.5093289753121519,0.56,Mortgage,16374.44,1
63215,746,0.26740986595959726,4.39,Mortgage,13369.74,0
58108,364,0.4252248908689137,0.25,Mortgage,18654.62,0
59286,671,0.44674094720924984,13.96,Own,11113.85,0
44367,802,0.25312450818863097,1.99,Rent,10428.79,0
40158,395,0.5977122499067539,3.24,Mortgage,12736.77,1
69038,832,0.1516250140351866,8.39,Own,13847.86,0
42540,559,0.17851454258432667,2.55,Mortgage,13337.8,0
54411,547,0.5460958526255311,2.82,Mortgage,12865.43,0
52450,426,0.15958993822243592,2.14,Own,19518.29,0
71925,798,0.29064313237298434,2.17,Own,22518.27,0
64571,345,0.4665711059481007,3.16,Mortgage,14347.29,0
30571,567,0.4957459304178692,14.59,Own,17959.3,0
32186,841,0.5773345884063962,13.75,Mortgage,11324.35,0
58683,393,0.4947869173371,3.94,Mortgage,14526.64,0
49034,615,0.5222661920598787,3.04,Mortgage,17317.24,0
43172,370,0.5746880028472053,8.26,Mortgage,10794.43,1
65234,748,0.3768438461370571,5.71,Rent,18749.6,0
52811,666,0.2717167300492722,10.67,Rent,11364.52,0
50786,709,0.4808065723332515,6.56,Own,20106.64,0
61697,390,0.18177079321077835,15.22,Rent,19247.85,0
44373,808,0.1341158350020283,10.87,Rent,20577.95,0
73527,827,0.4926654325613845,9.66,Own,20119.17,0
38179,409,0.5753356790314259,2.48,Mortgage,24663.24,1
59853,388,0.3212234724831877,2.44,Rent,17537.27,0
71507,571,0.18056672672405924,6.76,Rent,7766.56,0
29340,546,0.3485104880434313,0.44,Rent,15644.3,0
44849,660,0.29665892597670573,1.94,Rent,12711.66,0
67133,677,0.28623696987924785,13.46,Mortgage,8176.06,0
67358,505,0.41404041998860786,2.99,Own,21393.88,0
47427,644,0.18736785735515307,1.57,Rent,13468.9,0
38979,754,0.2902407743486901,3.24,Rent,7546.61,0
64339,366,0.5343384195533653,1.7,Rent,11776.17,0
67753,342,0.46483254880856073,7.31,Rent,26325.25,0
32530,528,0.12779423339439458,9.51,Own,21836.89,0
31941,743,0.3569518979812436,7.63,Mortgage,18647.45,0
53378,533,0.14564765895343915,0.81,Own,18153.86,0
59440,498,0.5787482144742816,2.05,Rent,10482.98,0
45513,796,0.22232032044150266,1.2,Rent,10106.39,0
60189,331,0.5663105128567067,0.22,Own,17790.11,0
39347,563,0.5170042042457573,6.72,Mortgage,22942.3,0
18279,412,0.3756822173486497,2.8,Mortgage,9917.79,1
43641,758,0.26815228642148425,1.62,Mortgage,14517.23,0
50948,575,0.5289733403453253,1.84,Mortgage,16171.25,0
45862,445,0.1763918504682707,0.73,Own,12592.69,0
32620,656,0.18998705694951515,8.77,Own,14120.62,0
22765,305,0.2123613386834047,0.78,Mortgage,9857.19,1
42288,639,0.39884844892309357,2.06,Own,16543.75,0
63464,793,0.25716261227625714,0.04,Own,15861.34,0
68842,407,0.5945907197394552,2.87,Rent,18081.36,0
67815,370,0.1975565176465822,2.19,Own,13979.29,0
37761,639,0.5028050487770771,6.35,Own,18563.96,0
32694,399,0.1479181092533978,6.28,Mortgage,16693.62,0
57449,626,0.27672328114975975,0.2,Own,21176.65,0
59526,332,0.22188125010302692,0.62,Mortgage,13675.21,0
56002,442,0.5884179743151267,11.75,Rent,19713.95,0
19789,543,0.1128652898887281,7.85,Rent,13879.04,0
36996,516,0.4608347628502799,2.47,Own,18207.76,0
49554,733,0.223861062700449,0.91,Own,21643.05,0
57308,353,0.5056243312933095,1.51,Mortgage,20874.47,0
61509,450,0.255612199792592,5.37,Rent,13980.66,0
52163,354,0.19364212250574162,14.55,Mortgage,12371.78,0
54961,816,0.44651992571163135,4.78,Own,19855.68,0
51272,747,0.22878826785397013,0.13,Rent,12732.5,0
60284,334,0.34277343498920776,5.26,Own,19949.3,0
54692,418,0.1657667111570225,14.48,Rent,9024.78,0
50986,496,0.4622990055215863,2.22,Mortgage,17368.75,0
45974,813,0.30341810252693635,13.56,Own,13158.84,0
51219,721,0.1702898797186305,5.55,Own,6670.28,0
57268,816,0.47079752339549097,1.05,Rent,11129.55,0
54012,438,0.15168109601586813,0.79,Mortgage,13065.03,0
55712,343,0.38741021125448305,0.97,Rent,24623.35,0
70140,518,0.4037425848450257,6.01,Rent,21.81,0
53977,557,0.5651752501873487,4.45,Rent,13335.26,0
40265,812,0.17549024927261794,3.04,Own,13255.49,0
63254,676,0.42667317986513487,1.53,Mortgage,10149.65,0
29507,588,0.2903842906976333,11.89,Mortgage,13059.45,0
33778,769,0.3004071735131547,1.2,Mortgage,14260.42,0
55037,402,0.3509125909719041,1.67,Rent,11650.26,0
57745,448,0.21689230602450263,0.28,Mortgage,16786.81,0
31324,383,0.33059161947622906,1.61,Mortgage,22908.71,1
44257,325,0.44342308420041754,12.81,Own,14752.16,1
40908,474,0.3285565197742296,1.04,Own,11567.08,0
42699,721,0.12125421366554465,1.14,Own,14450.43,0
64153,645,0.22891312377242892,4.58,Rent,13260.33,0
60597,601,0.2757301063765548,4.18,Own,20483.83,0
49713,597,0.2773605684448168,0.97,Mortgage,12678.79,0
41810,434,0.1405034462596609,0.84,Own,17437.13,0
29755,354,0.3247852758086316,0.62,Rent,16444.59,1
71302,355,0.4459745094942835,9.87,Own,15533.56,0
58881,673,0.12433600902431166,5.31,Mortgage,9319.29,0
39399,638,0.47546208618661534,15.34,Own,11928.49,0
60793,756,0.5775526014817293,0.91,Own,14048.51,0
48946,654,0.10466907818580193,3.09,Own,9046.85,0
45693,431,0.19684615796607233,6.79,Rent,10101.35,0
56528,792,0.37174389117264617,1.2,Rent,12601.02,0
38877,409,0.20902474327503442,5.77,Rent,16709.03,0
44843,425,0.48231301583893393,3.21,Rent,22041.04,1
51821,595,0.25606715747972153,2.82,Rent,16336.14,0
42508,478,0.24681264115895904,5.18,Own,15634.64,0
60036,496,0.10046193789172095,3.15,Own,15348.74,0
78035,400,0.23506309409413786,8.57,Rent,13294.92,0
38685,482,0.20883526095342944,13.33,Rent,14523.52,0
25023,308,0.2716204835712379,4.44,Own,17816.7,1
19973,712,0.1738283265121501,1.79,Mortgage,19731.01,0
47742,403,0.3973243332112474,7.51,Own,2798.05,0
40052,425,0.2193707717461714,0.93,Rent,18607.67,0
53117,845,0.515875432374088,0.5,Own,13527.09,0
51988,569,0.24227897336880602,3.66,Rent,17472.72,0
25951,765,0.20543479972983017,5.2,Own,16802.21,0
22776,417,0.12837568096971738,9.01,Own,14341.21,1
54438,391,0.46995334501087194,15.53,Own,17628.19,0
52031,784,0.354104087518778,10.33,Mortgage,16426.02,0
43612,386,0.1568914986902414,22.41,Own,14811.68,0
25142,533,0.2106673913087558,3.23,Own,14453.3,0
57070,423,0.5993595360299213,1.9,Mortgage,10063.69,0
69078,502,0.5030143633917897,3.08,Own,15071.68,0
54169,331,0.2749347428837946,5.17,Mortgage,5045.76,0
37287,656,0.371277415307672,3.54,Mortgage,16439.55,0
50668,762,0.3080085794502966,5.03,Mortgage,18745.42,0
29508,393,0.11819478270042824,10.89,Own,7756.34,0
65869,821,0.48933850460645323,0.91,Rent,13615.77,0
51227,707,0.45849305661161366,0.64,Own,22097.28,0
23477,399,0.3044011572479388,3.45,Rent,25914.13,1
45489,543,0.5229485684403137,20.02,Rent,14517.0,0
56949,357,0.36736954744460726,0.3,Mortgage,15312.24,0
45004,656,0.13260421970590172,21.55,Mortgage,14643.33,0
45861,790,0.22970314512344067,17.16,Mortgage,15752.62,0
31633,619,0.33088641804292307,1.73,Mortgage,21178.0,0
58498,318,0.15172461935539858,11.08,Own,15016.76,0
40272,656,0.38554059643145255,0.04,Own,8142.96,0
17653,416,0.16028408084170073,3.03,Rent,16285.69,1
44431,435,0.20025409274212427,2.57,Own,13075.73,0
64717,595,0.5469918306691142,11.65,Own,9400.26,0
44196,824,0.599906194020617,3.2,Rent,9402.02,0
76069,400,0.3751266720233434,2.71,Own,14449.75,0
56434,679,0.4098243050658824,5.1,Own,18133.93,0
55081,454,0.49871557346321516,2.36,Mortgage,17855.56,0
48074,404,0.4480697481020447,3.85,Mortgage,21028.6,0
48975,825,0.19123327232735818,15.57,Rent,11215.6,0
46048,427,0.30583576226922216,1.13,Mortgage,13150.86,0
45465,700,0.3675582594542003,3.07,Own,18177.33,0
57963,828,0.279855996073354,0.08,Mortgage,18603.85,0
35962,849,0.18805308487889746,9.23,Mortgage,12395.2,0
33861,423,0.46805667203068646,0.48,Rent,11565.1,1
33152,659,0.1994232025396789,0.5,Own,17355.95,0
80684,363,0.23024296435090205,10.72,Rent,19396.38,0
57955,401,0.24325980756421625,2.63,Own,13812.41,0
54567,576,0.18088961523798378,5.81,Own,17297.19,0
34137,526,0.5247758114976664,9.75,Own,15014.19,0
59350,322,0.4053081594323481,2.35,Mortgage,11742.07,0
48251,363,0.5173740649960694,1.52,Rent,18676.08,1
53212,456,0.3468646567545546,0.93,Own,13863.26,0
35350,689,0.3597815200603677,4.67,Mortgage,7422.17,0
52404,448,0.4080723150671821,1.45,Rent,11709.77,0
43642,662,0.285459771965351,5.03,Mortgage,3754.83,0
38515,763,0.34829204741555175,1.91,Mortgage,28519.91,0
61011,698,0.37345756453384094,2.14,Own,21495.73,0
26934,704,0.5767712180886255,1.43,Rent,8402.48,0
58471,431,0.5414540659122652,2.71,Mortgage,12050.92,0
60267,496,0.16462292373726142,0.88,Mortgage,16125.04,0
36805,334,0.12064123339625857,1.93,Mortgage,22997.73,1
37695,719,0.4401669758790895,7.52,Mortgage,18621.15,0
46654,676,0.1245993333224387,1.21,Own,16103.95,0
54230,698,0.13017553247632904,14.7,Own,12057.77,0
47707,519,0.1796316984220714,3.4,Rent,17391.35,0
56503,816,0.27585354543336704,0.57,Mortgage,17189.87,0
76444,641,0.3174980559256044,14.33,Own,15171.61,0
42384,715,0.35968901735721837,3.05,Rent,14601.57,0
24272,755,0.5961440964860869,4.07,Rent,12764.56,0
62388,596,0.2926163773560433,1.02,Own,21434.31,0
75249,630,0.22137654825988026,2.03,Own,6542.14,0
55891,638,0.3876262042923645,6.08,Mortgage,16542.64,0
33683,597,0.20757547630350245,0.66,Own,15084.0,0
48141,611,0.5702717158959424,4.23,Own,5157.5,0
33222,354,0.2296271510227846,5.91,Own,13108.78,1
59642,833,0.5949670678266358,0.01,Rent,9904.56,0
29730,404,0.30933409519042276,9.09,Own,9837.19,0
45498,474,0.5063430036818758,0.29,Rent,11083.48,0
34934,593,0.424140162522885,1.42,Rent,21225.38,0
51902,674,0.5667470872223679,16.56,Own,14703.85,0
44504,749,0.4127134764543424,0.42,Rent,18725.44,0
52651,744,0.3906089897209253,8.74,Mortgage,8988.68,0
50335,359,0.4264262222842562,5.28,Mortgage,11903.43,0
35200,691,0.4932327660722724,4.56,Rent,12873.36,0
59403,689,0.5494208160954039,4.36,Own,15799.06,0
49268,511,0.23340745004824578,0.91,Own,17658.75,0
35172,834,0.20044354594005517,5.53,Rent,16354.51,0
83613,539,0.11717484783298984,15.14,Own,10962.27,0
57146,787,0.2850396015218001,0.4,Rent,18700.89,0
47701,421,0.5230925114190252,2.02,Mortgage,11953.75,0
71228,552,0.1349287143184433,3.2,Rent,16331.31,0
77627,440,0.36926003823167586,1.32,Rent,8129.84,0
47819,751,0.4473943181155322,6.75,Mortgage,13720.07,0
55210,452,0.5184265165605293,5.83,Mortgage,17587.06,0
35179,607,0.3917151609877483,0.63,Rent,15513.76,0
47792,616,0.19316000509647638,4.21,Mortgage,10910.8,0
47014,828,0.5822681291091121,2.3,Mortgage,17710.08,0
52772,595,0.14732575520101895,1.3,Own,11111.09,0
54991,644,0.4844998058984791,9.43,Mortgage,6262.66,0
58397,581,0.1432796119216543,0.28,Mortgage,20165.41,0
53564,507,0.1717095538405576,3.15,Rent,9982.48,0
31838,395,0.5491077968474725,3.22,Mortgage,18946.39,1
35922,751,0.4765373293008799,4.22,Rent,13815.05,0
41803,672,0.2827541356159917,1.1,Own,18227.5,0
45766,372,0.41936217832810196,10.25,Rent,11074.65,0
65761,632,0.3286236108553472,16.81,Rent,19274.64,0
32555,692,0.13326888044815685,3.98,Own,12274.25,0
44638,405,0.46056380816934783,1.48,Own,13630.92,0
64295,400,0.4816278618680767,10.47,Mortgage,4222.38,0
45501,658,0.5411706930760082,22.19,Rent,6898.44,0
56906,628,0.37031867330564006,6.77,Rent,18790.42,0
47906,694,0.43656897550072793,2.03,Rent,11667.24,0
53851,334,0.31902520918743393,1.35,Own,5192.1,0
46572,456,0.2594546295539132,0.85,Rent,11879.75,0
60005,572,0.3058499975940546,1.34,Mortgage,17691.25,0
26824,695,0.5558761783322439,1.29,Own,9017.82,0
44550,506,0.18208564252209433,17.12,Rent,20180.95,0
54448,605,0.22424990881027276,5.15,Own,12246.23,0
58005,835,0.4030953956888661,0.91,Own,13074.85,0
72394,761,0.1581406607805931,3.35,Own,11125.01,0
44134,551,0.5459322558262135,1.02,Rent,5600.3,0
72192,566,0.12361818593163129,4.66,Rent,13446.79,0
40114,508,0.47765614663245315,2.09,Mortgage,14512.96,0
69929,838,0.2868640235746499,1.09,Own,16791.01,0
62262,802,0.12558278680573057,1.39,Rent,11076.05,0
36298,813,0.5214639468593686,5.62,Rent,6726.4,0
54605,447,0.42023011734022764,2.62,Mortgage,23465.57,0
49231,382,0.10442935457406924,3.6,Rent,15800.22,0
59383,341,0.23376642419230662,8.61,Rent,14503.18,0
46650,455,0.2760228038625121,5.33,Rent,20142.25,0
45391,752,0.26128907444963556,3.1,Own,10006.22,0
70536,583,0.349171014514821,15.4,Mortgage,9188.38,0
48519,487,0.3634014789384229,1.21,Mortgage,18036.91,0
62396,773,0.29837700889657914,1.71,Mortgage,23853.35,0
46619,806,0.2658851693889285,12.12,Rent,7802.68,0
74999,432,0.3522046641450277,9.59,Rent,14672.96,0
39824,570,0.11680770231432999,0.7,Rent,16516.56,0
40787,372,0.4226008800158073,13.29,Own,17026.19,1
72867,735,0.40299125845182227,0.05,Own,13212.97,0
43325,592,0.23960989986257478,8.64,Mortgage,10157.37,0
74016,736,0.18975772350031858,1.63,Own,4386.85,0
63377,359,0.1364924863139674,1.05,Own,24792.84,0
47680,626,0.3936718756530557,2.98,Rent,22728.82,0
22800,481,0.38445013629260105,11.37,Rent,11390.3,1
49710,733,0.3666590450552766,7.71,Mortgage,14784.37,0
51524,818,0.5928091340935755,17.07,Rent,11639.96,0
67508,382,0.36577205551076,3.89,Rent,13186.83,0
73826,327,0.4608953649848454,3.57,Own,13961.9,0
39725,565,0.1564591359167993,0.07,Mortgage,8602.16,0
62017,582,0.2494853945927817,1.0,Own,14316.42,0
61481,696,0.23772330746398587,3.44,Mortgage,15246.93,0
66101,682,0.3879877529290042,6.98,Mortgage,6481.97,0
57480,618,0.26540661417853695,8.65,Rent,11078.19,0
20862,492,0.42053321343502503,1.67,Own,7650.29,1
47668,526,0.44504486960085143,6.23,Own,9441.3,0
32664,750,0.11684491858870191,8.82,Rent,13493.55,0
46960,481,0.41987885621972265,2.35,Mortgage,13909.83,0
64700,626,0.15839368113942068,5.95,Mortgage,13947.84,0
54577,502,0.3325676509277836,2.87,Mortgage,25153.14,0
67221,701,0.4632882853844651,21.22,Mortgage,16262.78,0
55126,771,0.45167249797257303,0.03,Rent,16637.29,0
30525,478,0.24991127249873055,2.68,Mortgage,15310.9,0
12187,317,0.23618292523040893,1.53,Own,7515.86,1
52232,762,0.3201132539278111,9.48,Mortgage,14113.55,0
46791,845,0.19433354150889362,1.69,Mortgage,14757.48,0
35345,702,0.5873495063542399,3.92,Mortgage,18425.14,0
24490,692,0.27245853565698896,6.74,Rent,9195.62,0
38978,599,0.5614966370060885,3.44,Mortgage,11903.96,0
47082,650,0.554132481479981,2.64,Rent,9308.67,0
59988,486,0.2824244937811572,0.22,Own,11402.2,0
52829,646,0.2270423161364529,0.12,Mortgage,13262.93,0
74121,708,0.4854178172631316,15.77,Mortgage,8760.11,0
34465,370,0.21468892378182688,5.15,Own,18879.94,1
63215,626,0.3606231949812382,8.72,Mortgage,9814.74,0
50709,511,0.15534468720994496,3.27,Mortgage,18196.35,0
60420,608,0.2929660772747148,1.52,Rent,12520.01,0
43452,407,0.1390774618275584,1.74,Rent,12404.13,0
66075,476,0.24171979634302873,0.22,Own,19042.69,0
54428,726,0.43264686909527317,7.82,Rent,17959.92,0
39808,830,0.5956535782750902,4.36,Rent,17098.92,0
49819,717,0.22740379825328913,3.28,Own,6179.15,0
46406,547,0.33666064527466955,9.56,Own,20947.95,0
57337,508,0.3240230573345765,2.94,Mortgage,22176.9,0
32303,515,0.19207681710378074,14.78,Mortgage,13519.81,0
49559,737,0.4050345180987539,0.07,Mortgage,10016.04,0
55929,610,0.46235247341098584,20.87,Mortgage,8777.26,0
50495,682,0.17360974171822582,8.46,Rent,13323.34,0
70204,570,0.47856228629040065,2.19,Rent,9365.89,0
61610,420,0.45008081789774557,4.52,Own,13718.22,0
49887,706,0.19867144041381166,10.0,Own,12038.55,0
53250,544,0.42447381255895167,3.29,Rent,8139.38,0
54434,365,0.2968358396817613,0.26,Mortgage,11450.16,0
56049,527,0.44056887624721486,11.7,Mortgage,15257.48,0
22615,436,0.3480484261179271,3.64,Mortgage,10262.84,1
45477,493,0.1240688376170255,3.94,Mortgage,13064.87,0
27733,788,0.49348349406889647,0.07,Own,19298.48,0
69174,653,0.37779996235954183,0.53,Rent,11069.07,0
49087,456,0.46239731142936624,7.51,Own,10186.98,0
47099,775,0.16303588744012928,2.85,Rent,15433.62,0
63451,315,0.4606362363015504,31.22,Mortgage,20643.15,0
56334,377,0.3068330942582409,5.95,Own,16996.59,0
33070,351,0.4996335220128618,14.94,Rent,11476.65,1
48936,813,0.39958293766149344,1.64,Rent,11459.59,0
44972,803,0.27745106263490016,0.97,Rent,12393.94,0
23832,360,0.20095847612363973,2.36,Rent,13189.45,1
39645,431,0.5079620843196213,1.54,Mortgage,27317.48,1
47246,681,0.38009633178826285,4.75,Mortgage,15461.67,0
48275,842,0.5937340363151323,6.82,Rent,23939.86,0
27766,709,0.2867443351727159,2.57,Rent,19097.83,0
67274,454,0.4428596107928984,0.47,Rent,2341.08,0
48468,350,0.41141043588824044,0.13,Mortgage,12434.18,0
50563,394,0.41879085464372434,1.23,Own,14636.87,0
56009,822,0.46848998226782856,6.59,Rent,15813.23,0
38178,823,0.16955413999147703,1.25,Own,15317.98,0
56845,654,0.3748220219991355,12.09,Mortgage,6371.26,0
44493,344,0.3545648351972115,5.27,Mortgage,6178.99,0
36551,504,0.27126489454527036,9.91,Mortgage,14761.96,0
58601,730,0.318075133259618,2.44,Mortgage,12955.54,0
72375,555,0.3594060383256086,20.54,Mortgage,21351.83,0
60872,547,0.2604611574826805,5.69,Own,15011.86,0
63844,832,0.24657941600927388,2.21,Own,18831.27,0
42190,340,0.4691362873332562,1.19,Own,18235.0,1
26035,758,0.13345907135987137,10.07,Own,14641.74,0
72352,576,0.256481539251891,1.91,Rent,20508.18,0
80817,494,0.4268555730668975,0.23,Mortgage,12665.85,0
73142,370,0.20438648416552127,1.63,Own,14724.52,0
44963,569,0.3861363176427911,0.99,Own,15332.34,0
32680,634,0.2510820708242746,1.93,Rent,10762.0,0
34014,607,0.5216506366751053,4.75,Rent,9190.47,0
24744,726,0.27499466606456746,3.47,Mortgage,8548.71,0
48389,498,0.21475828086545526,6.2,Mortgage,9760.34,0
74085,375,0.3650518885446957,2.03,Rent,14311.04,0
47875,824,0.1678302565027797,0.64,Rent,16526.77,0
54534,529,0.4987419837025292,0.87,Rent,8700.42,0
70633,384,0.44001412563633013,7.98,Mortgage,15266.15,0
43938,461,0.4852544523474579,0.52,Rent,13716.6,0
80532,696,0.2994390998985623,8.0,Own,19635.94,0
79881,670,0.5175017069274709,1.2,Mortgage,12472.99,0
48033,514,0.3467740653685767,5.67,Mortgage,22923.03,0
41336,300,0.14734951746011862,4.88,Own,18807.73,0
60458,676,0.21201462449592454,0.52,Own,13334.81,0
44787,711,0.45552640076410966,5.48,Mortgage,12257.79,0
32651,499,0.5482111494042513,2.97,Mortgage,19429.07,1
69218,482,0.14759279620930435,6.14,Rent,13327.97,0
68246,709,0.5321073955486059,9.02,Rent,15190.32,0
52332,697,0.4995349145892488,0.2,Own,12444.4,0
31057,515,0.2782805299925427,5.22,Own,12216.9,0
31557,648,0.4446384021983282,0.55,Own,8883.95,0
51608,340,0.19347567190076662,2.38,Own,21844.11,0
42501,302,0.5066966499669728,0.06,Rent,13024.22,1
44883,393,0.42866951092450534,1.99,Mortgage,15672.89,0
65329,358,0.3194146897335325,0.93,Rent,17455.47,0
60997,706,0.5322586577733516,4.06,Own,21784.19,0
70672,317,0.16961725065045077,3.59,Rent,12205.35,0
35140,793,0.5228928162181514,7.88,Own,3484.4,0
44852,807,0.11194320326113391,5.11,Rent,15454.43,0
61384,631,0.47660020216339816,6.27,Mortgage,17495.8,0
56721,468,0.3866820383726839,0.49,Own,12295.35,0
72985,505,0.4483616366103046,0.14,Rent,17741.28,0
56308,820,0.3061722628655328,17.46,Own,15002.52,0
77721,804,0.5322205629460816,2.78,Mortgage,13243.27,0
58100,645,0.25657451206990667,2.51,Own,21631.01,0
65932,603,0.2374776425992637,0.18,Mortgage,13396.79,0
45147,414,0.2508753228739212,0.63,Rent,23284.61,0
50214,386,0.487181921421292,14.11,Mortgage,15165.13,0
63664,394,0.34764586567535616,5.93,Own,10840.99,0
74194,727,0.3685426629270733,2.63,Rent,5471.13,0
60938,749,0.5158277092044277,11.74,Own,20954.08,0
48752,840,0.5166827761583058,4.46,Own,19773.04,0
70660,301,0.18086905228422215,6.86,Rent,18977.88,0
17120,377,0.37488383644415857,2.82,Mortgage,21422.6,1
28666,623,0.16300910321690162,2.82,Mortgage,23985.0,0
60224,397,0.5342642355973789,0.35,Rent,4302.83,0
50211,409,0.5185028510487689,6.62,Rent,6150.74,0
59082,756,0.5246744291105662,0.52,Own,13594.3,0
50966,787,0.45242925018998337,7.23,Own,19892.85,0
58564,670,0.3334386530212282,1.06,Rent,16443.47,0
37783,636,0.30236061317227425,1.42,Rent,16454.4,0
58557,321,0.297612281956805,12.5,Own,12772.92,0
64916,604,0.13310639430438045,3.19,Own,10768.94,0
68308,571,0.5744351432322555,0.67,Mortgage,14513.51,0
80203,789,0.3251378283617342,11.77,Rent,13727.56,0
53661,745,0.5650574496391897,3.01,Own,12753.1,0
54108,577,0.5396287695808634,0.7,Mortgage,18145.25,0
27152,676,0.5143051938960073,2.48,Own,14950.31,0
42028,531,0.3941544424154134,4.45,Rent,17211.47,0
47103,725,0.1507779429753203,2.25,Mortgage,14441.48,0
65754,354,0.2619557247757681,12.91,Own,18431.74,0
40834,740,0.4017931046430362,1.57,Rent,9478.21,0
61945,333,0.10672790420733555,0.97,Rent,7928.65,0
49975,628,0.1213154568342488,1.25,Rent,13315.88,0
47342,753,0.43883169110028897,0.44,Rent,18822.62,0
53733,687,0.5441014257509231,3.01,Mortgage,13188.95,0
44132,729,0.5275815646616018,10.53,Own,25169.83,0
43564,775,0.18407263823870604,1.82,Own,9905.05,0
24428,424,0.5556167262961705,1.49,Rent,14031.64,1
46280,822,0.4481511003256353,9.08,Own,5817.53,0
42800,781,0.4581629771628418,1.83,Rent,22389.36,0
42260,616,0.25202060036870744,3.24,Own,14397.76,0
56253,421,0.45799838784190916,0.16,Own,3229.33,0
59879,846,0.45488613879194617,1.69,Own,13421.54,0
53482,612,0.39733276280655994,0.7,Mortgage,2134.71,0
64931,786,0.27864420162952175,0.56,Rent,21096.71,0
58633,311,0.5055072188424804,2.82,Mortgage,10445.24,0
45574,424,0.5687589689901345,1.62,Own,15202.74,0
43057,376,0.5349442125134982,0.91,Mortgage,11297.38,1
54692,535,0.22148959710652902,3.58,Mortgage,14000.18,0
58606,553,0.322836914524828,7.66,Mortgage,19016.83,0
70967,705,0.2712071761470608,6.64,Own,12973.33,0
67867,542,0.4537397751048067,1.44,Mortgage,17786.26,0
41877,760,0.5157451688355031,1.53,Own,934.14,0
48469,576,0.20789806621973436,6.58,Rent,8634.75,0
60065,768,0.5736377676762792,4.07,Own,15261.19,0
66019,519,0.43866456664978415,6.78,Own,11407.04,0
64084,524,0.20922393578843532,0.01,Own,20869.24,0
49041,400,0.28554730565371333,0.46,Rent,19184.72,0
31189,806,0.15230342902827446,8.1,Rent,21816.88,0
35015,630,0.39853449251480433,9.52,Own,15492.68,0
54089,536,0.18459576139631204,2.1,Own,11282.7,0
55133,638,0.44654496908152075,15.89,Rent,18062.23,0
33519,805,0.4686233716123275,1.79,Rent,9726.52,0
50668,464,0.3396674091617159,11.05,Own,13548.19,0
59468,517,0.14690838557209265,2.74,Rent,17040.57,0
32731,675,0.40543659498577567,4.13,Own,11473.69,0
66574,311,0.2861026260619072,5.15,Own,26943.82,0
44337,731,0.5748237356070232,0.71,Own,18603.76,0
68864,382,0.3566028533510208,0.19,Rent,10403.6,0
41998,730,0.136133034432087,2.78,Rent,19790.75,0
34600,777,0.4180245415985896,0.87,Rent,23164.75,0
43127,668,0.4896768512632492,3.98,Own,7459.44,0
48572,440,0.18025140470280124,3.02,Own,21398.85,0
44172,755,0.3245286821721932,0.65,Mortgage,8689.93,0
46759,801,0.47159847661891074,5.48,Own,14956.5,0
55009,702,0.11024680769444042,0.1,Own,15875.02,0
47432,587,0.11448489804868853,0.68,Mortgage,11705.44,0
49008,654,0.4384560334414307,6.02,Own,11689.35,0
24361,642,0.4625632491625483,3.75,Own,10720.1,0
55875,448,0.5229347186598609,1.66,Rent,12298.62,0
48661,509,0.2997999078963137,0.99,Mortgage,10029.37,0
74154,411,0.2948883325227528,5.14,Rent,20565.26,0
35906,835,0.37618398636482875,1.15,Mortgage,7647.61,0
22875,348,0.47866347751746563,20.87,Own,23989.33,1
59271,630,0.4204960984691096,10.17,Mortgage,14332.43,0
55197,664,0.26366165192192637,0.71,Rent,4525.95,0
34873,310,0.27327362821792234,9.8,Own,18864.04,1
27053,487,0.481502467783553,2.12,Rent,13058.34,1
73060,808,0.3673233308808017,3.37,Mortgage,9035.89,0
71211,744,0.14898808778990472,0.77,Mortgage,13293.53,0
12688,389,0.1764974770761449,0.63,Mortgage,11128.97,1
43126,747,0.5255951879691579,10.03,Rent,21437.18,0
74962,331,0.599401715849246,4.97,Own,11096.69,0
42859,626,0.26784145287062744,3.09,Own,8377.95,0
42640,373,0.29335083077841273,0.18,Rent,11455.69,0
45758,550,0.17724401239479312,12.75,Rent,10037.45,0
33186,749,0.2178565420302108,2.36,Rent,20386.14,0
24428,654,0.31231492288794394,2.69,Own,16005.89,0
65788,832,0.24219482220538127,1.71,Mortgage,7667.11,0
22355,595,0.4507124272952575,11.1,Rent,9719.74,0
53709,597,0.36892472075208405,2.11,Rent,12773.65,0
63298,627,0.5111485641466219,0.96,Mortgage,5787.06,0
28231,601,0.4622624588595097,3.47,Own,9461.28,0
36135,811,0.16405030598024026,7.6,Rent,16621.04,0
68197,637,0.16169448278835938,2.32,Rent,24072.88,0
57993,673,0.5478243192537285,5.28,Rent,5811.46,0
40740,393,0.5097556197238512,1.81,Mortgage,28633.13,1
68033,431,0.33395866158135445,6.36,Mortgage,16874.5,0
68098,352,0.1651820673869863,5.52,Mortgage,9327.83,0
54035,795,0.5492881453429027,5.71,Mortgage,22636.33,0
36497,528,0.21535027868796505,5.19,Own,17091.97,0
43798,511,0.11776738731482736,0.85,Mortgage,19229.65,0
54295,803,0.5621197624937011,10.95,Rent,19126.76,0
47171,794,0.5044678103615056,4.41,Rent,20376.65,0
64084,532,0.44674084615922416,2.41,Rent,8745.32,0
27053,370,0.11701517867601754,0.95,Rent,19035.26,1
27586,488,0.36421558919635455,7.65,Own,15267.04,1
52713,307,0.4268180775418856,3.56,Own,17904.47,1
42626,631,0.4796736203910157,0.8,Own,11623.05,0
40594,315,0.3355369423992618,12.72,Own,11765.59,1
23479,392,0.5766746500407784,0.56,Own,12103.19,1
50293,561,0.22239053048658727,3.71,Own,18656.11,0
49208,848,0.13486745868091118,4.72,Mortgage,14579.15,0
59802,460,0.26638312250432494,34.46,Own,12304.13,0
51033,650,0.43090243515335636,0.76,Own,13313.95,0
48010,473,0.46857860213813607,4.75,Rent,21253.71,0
67655,616,0.46924844855740444,3.24,Rent,17470.46,0
30312,317,0.15533691381136697,1.49,Own,17291.8,1
58045,785,0.542544727314135,14.25,Mortgage,16331.85,0
24932,666,0.24041685146144323,7.82,Mortgage,20359.0,0
37424,650,0.20495555383161326,7.5,Mortgage,9711.21,0
31810,827,0.40722873846880037,11.47,Mortgage,19429.98,0
61729,734,0.20592453721691675,6.46,Own,15381.98,0
49018,569,0.35401924642751204,3.53,Mortgage,10335.37,0
49797,367,0.30351484827268693,2.48,Own,14903.87,0
33399,329,0.21601713131425873,6.09,Own,13626.9,1
45504,615,0.246029816250839,4.62,Own,16706.52,0
38548,463,0.3137036156804315,3.91,Own,19502.97,0
55751,619,0.27308017315759914,4.45,Own,9351.71,0
35133,313,0.2907878921857948,5.33,Rent,23587.69,1
69946,578,0.46771731078511924,17.32,Own,6596.55,0
24866,731,0.18418995634616728,7.0,Own,11297.66,0
37902,562,0.4138092936662122,0.97,Own,24854.92,0
75158,821,0.43907888782391746,3.14,Rent,7575.14,0
43472,471,0.5010435230883724,5.67,Rent,12041.23,0
30276,657,0.5236635876548295,0.97,Own,11108.91,0
53286,312,0.1793327717335574,13.49,Mortgage,2901.66,0
42869,531,0.16913038055900112,0.4,Own,14449.15,0
37461,775,0.4073855065733045,4.72,Mortgage,17219.77,0
33561,770,0.4784582752914822,18.64,Mortgage,17204.58,0
91525,459,0.23616321511984126,6.51,Own,12025.3,0
46226,560,0.36292360278655644,5.65,Mortgage,5084.8,0
21116,658,0.4861197153058855,29.8,Rent,11485.63,0
72405,554,0.4837515541202272,7.85,Own,10453.11,0
59166,814,0.4269100830568727,17.58,Rent,16235.15,0
38503,579,0.1393938479666825,6.0,Rent,12106.87,0
36003,416,0.125321930137862,5.47,Own,16945.05,0
60102,461,0.294222655024707,7.19,Own,5267.92,0
46296,597,0.11334371323960948,1.05,Own,18037.78,0
21110,596,0.5520721659273762,8.19,Rent,17424.02,1
76808,657,0.11007233237736211,17.56,Own,9348.61,0
43490,817,0.11480643107099078,4.73,Rent,11243.87,0
72433,677,0.18266368918573014,0.06,Mortgage,13216.35,0
69176,725,0.41350756579278014,0.37,Own,20236.0,0
34984,836,0.3707770702931781,1.34,Rent,13358.97,0
65497,468,0.42974356827767557,3.38,Own,16508.72,0
40228,814,0.5467775705540007,2.67,Rent,14820.2,0
21999,663,0.32747282540584943,19.37,Rent,19389.11,0
43631,729,0.12193798794024921,14.56,Mortgage,15677.15,0
55964,382,0.4817483126057289,2.49,Own,8630.42,0
43058,629,0.5059822313868851,7.91,Rent,13543.82,0
45394,432,0.12494417994328291,5.06,Own,19868.4,0
67153,756,0.22142464681873694,1.39,Rent,16486.29,0
51597,652,0.48529839966586696,13.38,Mortgage,8749.77,0
37350,643,0.2880776192731559,1.5,Rent,23756.17,0
60530,393,0.33632569923220945,10.21,Rent,11841.69,0
52965,681,0.5115878712391078,5.08,Own,19522.71,0
12175,594,0.14730976920457126,4.85,Mortgage,21962.41,1
56425,497,0.4386421622326522,9.11,Rent,20201.03,0
55877,378,0.2074921933754996,3.41,Own,10507.42,0
50301,513,0.13132571553825825,9.6,Rent,20387.77,0
63375,458,0.43124892279553073,4.0,Own,16140.98,0
39914,500,0.16070612648656116,20.88,Mortgage,8349.46,0
55047,321,0.47350362940125834,5.39,Mortgage,14542.68,0
26495,638,0.20135269562760863,2.34,Own,9978.77,0
56106,541,0.12425601017892604,7.21,Mortgage,16936.12,0
79295,537,0.1496487324962428,3.57,Own,18925.28,0
35077,448,0.5206351243729535,8.2,Own,20612.45,1
38602,306,0.28548410817013714,8.96,Mortgage,14603.2,1
39349,532,0.25113332068370897,4.8,Mortgage,10398.01,0
51949,376,0.34559940985626325,10.29,Own,8968.56,0
34054,788,0.4164662844250422,2.58,Own,18374.37,0
56318,386,0.11855112265654852,0.3,Mortgage,19853.74,0
62702,521,0.5490942567252658,5.43,Mortgage,17723.65,0
58015,712,0.5792406824101985,7.23,Own,10714.71,0
23473,501,0.3086534080774346,0.38,Own,11789.28,0
64927,575,0.3063144512577284,7.37,Own,12127.59,0
64060,520,0.5392799606322357,5.1,Mortgage,7477.78,0
62452,456,0.3146558990687238,0.62,Rent,17509.89,0
55592,480,0.5280949674057317,3.88,Own,14277.57,0
53302,428,0.11416847224469404,0.58,Rent,22148.4,0
65485,542,0.3448253043839825,1.94,Mortgage,10129.37,0
78852,471,0.5762145223861808,8.15,Rent,14261.9,0
35704,802,0.2264023293653363,0.53,Rent,8761.61,0
66171,779,0.23307741022621573,3.08,Own,13087.86,0
48706,569,0.4150614943563137,4.65,Rent,18943.92,0
48054,720,0.5630954416604835,14.11,Mortgage,15278.19,0
26952,462,0.19937112064482157,6.68,Own,10164.62,0
45728,323,0.5608255129253902,0.75,Rent,7503.29,1
35041,796,0.4315018720574403,17.35,Rent,13324.0,0
43042,492,0.596523657130527,3.25,Rent,16028.04,0
33527,689,0.46822942322631544,2.31,Rent,19100.71,0
43266,796,0.43390027035865286,0.69,Own,11266.73,0
43908,428,0.5074515859799832,13.55,Own,11139.43,0
51451,842,0.18757015964514626,4.41,Own,25616.78,0
25778,335,0.5729928065166748,22.11,Mortgage,14879.52,1
28317,756,0.18279775438803128,0.95,Mortgage,19768.3,0
55428,660,0.11283518494822711,3.95,Own,8671.86,0
38038,514,0.44892842059887106,0.58,Own,16609.13,0
66117,586,0.19229771306441681,3.71,Mortgage,18691.38,0
53379,668,0.47937658981594233,11.03,Rent,15288.93,0
59101,768,0.4975194889911887,0.58,Own,6297.16,0
71160,485,0.2183496203276966,1.57,Own,10460.65,0
45354,773,0.14336016528760567,5.73,Rent,16837.05,0
41382,360,0.35041048313939993,0.4,Mortgage,7009.28,0
63075,561,0.5451092552841454,3.03,Mortgage,27664.7,0
57642,410,0.5236455505146895,2.03,Own,20698.66,0
47190,440,0.15854122825013442,9.11,Rent,7464.76,0
70871,834,0.5823916322592643,0.25,Mortgage,16312.57,0
46816,378,0.23197459769368403,9.95,Rent,15379.23,0
50491,793,0.2746955885115203,6.08,Rent,20444.76,0
50318,330,0.17452512153606567,1.76,Own,2515.3,0
35981,815,0.288901482771323,1.1,Rent,15848.72,0
51163,808,0.41782055315984,15.0,Rent,8989.43,0
70951,365,0.3530391300589175,4.04,Rent,17194.14,0
56674,809,0.5137697425313925,2.11,Rent,9561.7,0
50465,670,0.42065040562841094,0.23,Rent,21845.7,0
47573,586,0.23177223572465214,0.91,Own,16545.71,0
54963,475,0.3787190158084164,4.56,Mortgage,5988.76,0
61246,422,0.13209556294410482,3.6,Mortgage,2241.15,0
59138,530,0.3903952803722306,7.09,Rent,17491.52,0
45022,303,0.2948319147702343,9.0,Own,11525.61,0
54871,711,0.14919924602791382,2.53,Own,17868.46,0
57199,549,0.2537319764953908,0.53,Rent,11701.13,0
34892,786,0.5490434963004924,7.84,Rent,21017.56,0
52523,644,0.39301897371509453,4.03,Mortgage,20046.18,0
17580,632,0.5516324244715256,19.51,Mortgage,17159.84,1
57238,752,0.3054019934872838,7.96,Mortgage,10503.83,0
59905,457,0.589454299695044,2.0,Rent,12069.52,0
61213,569,0.2800095267490952,2.8,Mortgage,13704.87,0
44074,717,0.4784023075727547,1.34,Own,9751.27,0
54635,739,0.25270154174002846,3.59,Own,18307.11,0
71359,328,0.15299527422497936,6.2,Rent,13371.05,0
71206,634,0.5165282983678102,4.74,Rent,14090.86,0
49562,537,0.4812907634350798,2.09,Mortgage,12398.72,0
52089,452,0.5103145169091517,8.67,Own,14909.79,0
66663,414,0.249847265842806,0.55,Mortgage,15877.39,0
27487,698,0.4518308128004852,0.77,Own,12260.71,0
45153,331,0.2099614238742825,2.59,Mortgage,13816.95,0
70033,831,0.10565576813074232,6.06,Rent,12671.58,0
64628,352,0.533244387817834,5.92,Own,12684.29,0
55538,494,0.36176274352799653,2.28,Own,15102.91,0
27412,604,0.5918266687410442,5.96,Own,2210.88,0
49251,644,0.29251784745187337,0.31,Mortgage,22012.89,0
41151,381,0.5784365034947352,1.71,Mortgage,18814.69,1
54965,300,0.40752863173627973,5.92,Mortgage,15802.4,0
37859,466,0.35610253591843166,1.02,Own,19186.6,0
34614,616,0.25140480158987366,1.2,Rent,8216.37,0
19027,482,0.5126381706363704,0.45,Mortgage,6267.19,1
68327,572,0.5143973731855616,2.27,Own,5554.2,0
44003,672,0.30846476610175566,8.71,Mortgage,17163.83,0
52357,661,0.46364657097198914,9.05,Own,15706.06,0
49966,500,0.323618967889136,9.92,Own,16798.15,0
33988,491,0.4698296472333382,0.19,Mortgage,19678.7,1
31114,640,0.5970950783593125,25.17,Own,3129.9,0
34920,598,0.23124815688205583,3.49,Mortgage,8993.43,0
39152,805,0.4170262285898655,10.31,Own,11734.12,0
55499,439,0.28993898255328165,11.78,Rent,18327.93,0
38064,605,0.37418578182425166,3.61,Rent,15744.08,0
76197,495,0.5370736401483311,0.26,Rent,28167.91,0
65407,360,0.27378793472232743,4.55,Rent,9534.36,0
62125,659,0.1361941510706182,2.03,Mortgage,17611.54,0
48205,606,0.4994685926214796,1.16,Own,19751.25,0
72714,779,0.3775124276016173,1.01,Own,22323.57,0
46729,632,0.3247004735710335,4.1,Rent,13974.44,0
49531,382,0.19166652344796378,0.55,Rent,8488.67,0
52549,633,0.14642636585229227,8.62,Own,18280.32,0
60527,816,0.23936777981227683,1.29,Own,16458.97,0
59553,773,0.4594521316737761,3.98,Own,17877.73,0
42873,693,0.3058854643200818,0.67,Rent,21752.68,0
42005,679,0.38511379369281074,9.82,Own,13812.04,0
59598,320,0.14102277683149042,5.89,Rent,9807.08,0
60728,476,0.16162152176470998,1.16,Rent,17833.22,0
44099,662,0.1056529154467947,6.29,Rent,16540.4,0
26192,321,0.43664222527453256,0.43,Own,13413.26,1
46890,847,0.23222726124421003,7.4,Rent,9944.07,0
59352,549,0.583463292916581,3.37,Mortgage,16710.18,0
77081,372,0.2542279051635977,0.64,Own,19282.39,0
32030,390,0.2818090194330056,4.0,Own,7043.48,0
43601,475,0.3347449157238548,1.12,Own,15219.46,0
44158,425,0.2595703743960964,5.59,Own,17949.83,0
70337,503,0.5087216109385811,6.17,Rent,24001.35,0
49475,545,0.5381034049989913,7.15,Mortgage,15334.0,0
36390,570,0.10551803960415476,11.26,Rent,22774.22,0
58380,343,0.4273308142806913,5.32,Mortgage,19192.03,0
43930,847,0.4430441399494911,3.38,Own,19294.02,0
31634,467,0.5807124382990406,9.63,Rent,10971.7,1
36608,734,0.28519959863399336,11.51,Rent,27385.38,0
76010,329,0.19763998417384607,7.61,Rent,15312.5,0
55763,656,0.36029053477109196,14.27,Mortgage,16017.72,0
51616,790,0.32377784228919504,19.42,Mortgage,15098.53,0
46251,547,0.49586573280202884,1.45,Own,21199.93,0
54382,552,0.5519877206177702,1.01,Rent,24793.08,0
54203,681,0.14335401381821497,2.98,Own,18298.12,0
54382,835,0.5232897393244543,28.93,Mortgage,13081.15,0
51722,718,0.5544854391107459,0.46,Own,23491.9,0
63031,422,0.5620679391321787,6.22,Rent,8691.57,0
50346,593,0.48215492942560245,9.51,Rent,11521.5,0
35330,442,0.47104128045203897,28.2,Mortgage,8060.65,0
40813,810,0.10744838750121147,4.83,Mortgage,13165.1,0
20314,356,0.5600958112449143,2.39,Own,20020.55,1
80402,341,0.2757526069043883,0.91,Rent,13884.58,0
62941,420,0.12056094830869615,20.02,Own,15294.41,0
37548,642,0.306489655053259,12.9,Mortgage,16821.69,0
45772,631,0.4664263166352747,8.16,Mortgage,13857.34,0
40446,755,0.3209776008125481,14.39,Own,9416.49,0
73138,736,0.4790055447360829,0.31,Rent,6730.19,0
28701,640,0.35470471345561794,4.99,Mortgage,21532.27,0
51717,640,0.24971357406347602,1.61,Own,11824.56,0
48372,715,0.20145617207676633,7.25,Rent,11572.69,0
62402,481,0.3105516476768462,0.5,Own,7528.6,0
48439,563,0.11790172585696759,1.5,Mortgage,14313.09,0
23626,509,0.3112719524992037,9.49,Rent,17712.86,1
46233,822,0.13431004838231217,6.92,Mortgage,13178.67,0
35417,481,0.5385023538703994,24.16,Mortgage,16754.66,1
51193,743,0.38774051592375625,5.16,Mortgage,5119.1,0
71512,550,0.42302148146512986,1.81,Mortgage,15852.62,0
23908,437,0.24443199522180517,3.97,Mortgage,12954.73,1
37996,517,0.21291053824977282,14.41,Own,7799.64,0
41709,753,0.45395262458670327,5.27,Mortgage,6907.95,0
44275,386,0.4357827415109121,10.66,Mortgage,10702.69,0
61101,592,0.1613392281769825,0.12,Mortgage,8927.53,0
47396,391,0.21932069155083542,2.31,Rent,16736.13,0
56237,507,0.5732878932351051,13.69,Mortgage,17175.8,0
40613,503,0.25208871276577394,0.2,Rent,15859.22,0
53448,485,0.11291575515969085,3.66,Own,16881.56,0
61666,384,0.1318910254130409,2.13,Mortgage,7147.57,0
39015,455,0.48774739847496673,5.2,Own,17539.97,1
61720,592,0.4785778422827526,0.89,Own,18333.69,0
50785,832,0.2909136347169323,5.3,Mortgage,16369.52,0
65681,460,0.17660038822221977,24.04,Own,14509.44,0
46978,685,0.34905260845912356,1.58,Mortgage,11287.55,0
55718,784,0.2659443276102327,3.09,Own,16693.33,0
49390,802,0.286984173948588,0.15,Rent,13088.48,0
48556,455,0.2304926770439816,2.85,Rent,19614.05,0
53883,442,0.1314289563547292,2.6,Rent,16386.69,0
58052,583,0.4955796384211002,4.16,Mortgage,14159.07,0
31256,334,0.4091104124149263,1.48,Own,13286.4,1
71504,523,0.517317561884794,1.99,Rent,14206.98,0
22105,692,0.35160098869179623,4.71,Mortgage,14231.09,0
39727,707,0.5924933195525517,11.96,Rent,14610.81,0
48585,687,0.5812624547023026,1.34,Rent,8540.42,0
56185,596,0.2358917435482711,5.66,Mortgage,16192.83,0
73642,622,0.2934884617672956,3.71,Rent,15851.66,0
22125,787,0.4763547064853798,0.55,Mortgage,9108.63,0
42384,338,0.48830173098888785,4.17,Rent,16151.21,1
18097,804,0.5553495681201118,6.17,Mortgage,14942.09,0
50474,802,0.4263169168011267,4.56,Rent,10849.13,0
54075,836,0.33756048845660347,0.55,Own,18031.62,0
73861,615,0.2888257748273263,9.64,Own,21695.45,0
51809,795,0.30958927569851113,0.21,Mortgage,12136.27,0
65660,416,0.5252025755286712,1.35,Mortgage,15524.66,0
58757,641,0.5900044218036973,4.78,Own,21244.16,0
43471,539,0.1259545924599825,1.23,Mortgage,4037.67,0
28865,744,0.39012233152022036,0.54,Rent,24464.3,0
54125,786,0.3600269860305042,3.59,Rent,15401.72,0
27618,710,0.2880711374240251,6.41,Rent,18787.75,0
69428,597,0.5257882215130871,2.64,Rent,6489.72,0
47569,351,0.38787150844746043,5.99,Rent,8175.12,0
67927,603,0.256558031116764,9.85,Rent,10175.39,0
42796,587,0.3220520191685501,15.95,Rent,9716.7,0
54032,417,0.27840177869194416,1.33,Mortgage,3347.34,0
53140,723,0.31504280385805583,4.65,Own,9044.61,0
49324,508,0.13563289517197732,1.55,Rent,10844.89,0
43510,426,0.15595790810846086,10.24,Rent,7831.99,0
55886,592,0.41184584165180493,11.05,Mortgage,22441.64,0
36107,818,0.4420341886982192,1.94,Mortgage,18187.27,0
31858,521,0.41831020763348226,5.18,Own,11321.67,0
68642,376,0.48153769869860286,10.93,Own,17901.53,0
60907,637,0.5717670107388703,3.55,Mortgage,16678.3,0
50988,574,0.5303091534463276,6.37,Rent,6385.67,0
74977,416,0.3092547896856217,8.07,Rent,17148.83,0
45983,591,0.20877156846063769,10.27,Rent,12914.29,0
69840,570,0.2559261058006257,3.62,Rent,18452.86,0
52633,746,0.3938707439726461,14.22,Rent,9589.3,0
34628,456,0.5281041672287835,4.96,Mortgage,17719.28,1
77720,483,0.4508620617537735,0.82,Own,20256.96,0
64860,723,0.3715065523845338,4.74,Own,16992.23,0
48184,315,0.40093917978001725,1.77,Mortgage,6040.11,0
60907,397,0.3641306068641522,2.33,Rent,27293.52,0
43944,599,0.585813755664815,8.27,Mortgage,17974.92,0
62437,721,0.5080457261277802,18.12,Own,13804.14,0
14133,606,0.4906386077005743,10.2,Own,18116.83,1
34702,573,0.358664493431866,1.97,Own,25561.08,0
64688,560,0.26590472878477067,3.02,Own,7932.77,0
46255,538,0.10975704716888027,20.52,Mortgage,20465.04,0
53113,631,0.12171501217985994,12.85,Rent,14168.03,0
29798,414,0.11511896258122242,18.85,Rent,13413.29,0
77718,567,0.5902383833888627,2.84,Mortgage,13712.16,0
67857,311,0.15724116923394524,8.06,Rent,4542.18,0
46989,372,0.17105942648790404,10.25,Rent,17402.56,0
43929,705,0.34207499372905004,0.23,Rent,2862.23,0
65444,477,0.3407005834465795,1.55,Rent,12386.71,0
79737,558,0.5599868836425346,10.75,Own,12486.23,0
64306,699,0.13676636583646154,2.46,Rent,13088.07,0
82577,569,0.5786195825783493,1.63,Mortgage,4213.75,0
36164,785,0.20819511917050446,1.59,Own,19451.91,0
37709,358,0.5850769046524166,2.35,Own,5796.9,1
32165,565,0.37066204940130787,1.4,Mortgage,10368.73,0
56626,374,0.426006372965515,0.02,Rent,12274.38,0
52634,389,0.2578643863303236,0.95,Own,13427.94,0
47720,804,0.40591197554979763,10.71,Mortgage,16905.12,0
62138,656,0.4554148899496989,0.39,Mortgage,15098.17,0
68484,453,0.10518508364615278,2.66,Rent,24655.32,0
27115,517,0.117114212590852,3.05,Rent,16739.92,0
41045,785,0.5932385059691496,7.53,Mortgage,16377.28,0
62302,839,0.32877855244640775,1.46,Rent,12121.22,0
42983,429,0.5679087627182773,1.85,Mortgage,16516.17,1
38026,365,0.4649488084083343,0.07,Rent,12557.44,1
65278,443,0.28648415398369265,11.66,Rent,12603.71,0
30657,679,0.1754210023292649,5.78,Mortgage,30853.69,0
45476,612,0.5890758665251059,1.52,Mortgage,22713.79,0
54929,706,0.39224812854919355,10.92,Rent,10656.17,0
41392,706,0.19617831168424996,0.45,Mortgage,18245.11,0
61747,576,0.4408264901473735,2.3,Own,16351.14,0
41466,708,0.14602425491516893,4.15,Rent,11686.33,0
71129,613,0.5340186398700798,3.52,Own,25421.27,0
48113,848,0.14506867362766948,5.32,Own,13997.29,0
60069,548,0.2180971791455845,1.77,Own,21925.26,0
61190,760,0.1457154027136877,7.09,Mortgage,11706.86,0
40586,698,0.1518936084247329,2.6,Rent,20499.25,0
19197,750,0.3619170768295913,0.67,Rent,21679.23,0
55411,770,0.44349490127969615,6.74,Own,10150.75,0
51084,733,0.4942408916729768,12.15,Mortgage,13357.88,0
58337,745,0.4475276448010467,2.27,Rent,14567.57,0
46602,402,0.2817449060180355,4.45,Rent,23171.73,0
43543,627,0.37864389352352656,5.82,Rent,22765.42,0
80127,545,0.5638320372141153,8.9,Own,13021.14,0
27914,357,0.2937883078770278,1.1,Own,13081.28,1
61009,404,0.22620218451406185,4.22,Own,16225.82,0
41380,368,0.35965967778046015,6.74,Own,7142.87,0
44963,601,0.248667605921049,1.11,Own,21360.73,0
45243,452,0.23090852598093795,3.2,Rent,10684.61,0
37948,836,0.48940165062663155,3.12,Own,15486.67,0
58568,334,0.5454179286987679,9.14,Mortgage,22007.05,1
70859,314,0.3511583413744759,7.51,Own,17226.37,0
57050,405,0.4898914409836792,1.32,Own,13011.65,0
51550,373,0.19354471309862062,1.33,Own,9886.37,0
35203,584,0.3738215065179239,6.43,Rent,14725.48,0
57752,849,0.41809997135283294,6.73,Rent,13553.46,0
82345,496,0.345332083908386,0.99,Mortgage,28123.61,0
44289,579,0.15844010817409812,2.65,Rent,10973.42,0
44360,452,0.4670501159095387,8.74,Own,12340.09,0
41583,590,0.5195390885947496,0.41,Mortgage,9988.54,0
42658,441,0.41761312749072943,2.34,Mortgage,13703.77,0
8820,611,0.18458050080841368,5.17,Mortgage,17610.31,1
56075,331,0.1372762199242715,7.37,Own,10268.53,0
37316,325,0.2508019540872395,5.29,Rent,16764.13,1
25846,554,0.11849505592520973,2.53,Rent,8938.64,0
61297,355,0.5196095052264669,24.11,Own,19661.98,0
33769,592,0.45153022003510457,0.21,Rent,12713.97,0
44919,529,0.38184433050031463,3.41,Own,13365.39,0
71996,352,0.5448162517418659,3.57,Own,22034.65,0
28861,400,0.15504674988503556,1.37,Mortgage,12818.39,0
27011,766,0.4572298749380166,4.09,Rent,16985.78,0
54039,566,0.17331610346658752,1.24,Mortgage,18530.53,0
67242,301,0.13046271338434243,2.93,Rent,21505.56,0
26384,321,0.16645225368568276,2.82,Own,16641.29,1
56115,511,0.5754700453543089,7.42,Mortgage,13415.16,0
58714,535,0.3202166923290195,14.29,Own,12389.87,0
19112,828,0.12449784811141765,1.13,Own,16574.18,0
61977,687,0.3918173241274169,23.85,Mortgage,11205.02,0
63149,313,0.19985703306628225,14.09,Mortgage,17701.2,0
45323,818,0.10341820512988345,0.6,Rent,16005.29,0
68785,521,0.47919289722200475,12.17,Rent,9165.67,0
67046,702,0.1774315394599321,4.16,Mortgage,8857.28,0
51546,812,0.5712432361799381,10.56,Rent,15413.55,0
43228,586,0.39639993439328636,14.56,Own,13564.01,0
35407,683,0.1434979112703201,9.79,Own,19078.53,0
49436,546,0.2089122143360814,2.58,Own,10413.39,0
58546,390,0.40542231862992206,5.06,Own,18658.42,0
45137,611,0.2690563640242385,3.13,Own,18800.47,0
17037,736,0.36607152552454647,2.28,Own,9089.33,0
69030,342,0.499756023298185,1.44,Rent,13886.11,0
52853,373,0.4963007541187766,2.91,Mortgage,21831.27,1
44305,615,0.44899340199153137,8.2,Mortgage,17003.37,0
62857,443,0.543027153064993,9.29,Rent,14507.02,0
72869,628,0.19968034578894814,15.85,Rent,19290.98,0
7971,508,0.1886207442755071,1.72,Rent,12543.17,1
56513,398,0.49967475812671525,5.25,Mortgage,13360.78,0
28600,413,0.26044467311390784,5.92,Rent,15842.66,1
57486,474,0.35609120655622395,1.06,Rent,22104.71,0
51918,570,0.47197607435977285,2.29,Mortgage,10395.91,0
59535,362,0.29796617964717387,2.09,Rent,17353.45,0
42511,703,0.1650811500971067,21.31,Own,13001.96,0
21901,524,0.43972860089364585,15.9,Mortgage,21213.3,1
43244,460,0.5085796934239787,8.62,Mortgage,18828.5,0
56102,335,0.1063986417904346,3.2,Mortgage,14617.63,0
65230,680,0.38127605809887233,1.53,Rent,17985.18,0
32422,617,0.3347025461987818,12.38,Mortgage,12118.12,0
65405,755,0.22979800326364544,1.56,Own,11831.54,0
40281,568,0.1805142835599641,3.69,Own,27616.72,0
55436,643,0.19401865564555512,1.41,Mortgage,13135.97,0
42351,339,0.46248659211235554,17.75,Own,15890.12,1
52732,713,0.36809756707180985,0.21,Rent,13036.81,0
63378,679,0.5905771906674728,0.96,Mortgage,8574.09,0
31594,521,0.22161539912607672,7.24,Own,9896.83,0
39801,580,0.5784520883938733,0.82,Rent,16692.19,0
52774,524,0.3575547796691868,19.4,Mortgage,7942.92,0
86023,756,0.17301318882449881,1.94,Mortgage,11443.3,0
37052,453,0.1740895213496466,12.54,Mortgage,18261.1,0
80602,579,0.40428399524507885,5.43,Own,16132.22,0
80066,652,0.5157113733159462,5.03,Mortgage,12937.94,0
48540,338,0.4738557626267572,12.35,Own,12783.44,0
45527,788,0.4278136713177999,3.6,Rent,9851.23,0
39619,497,0.18605403124411943,2.56,Rent,26146.13,0
48976,575,0.15417000288546948,1.23,Rent,10085.94,0
28899,471,0.10012401185423878,0.78,Mortgage,20052.82,0
48856,807,0.1508969306169681,7.85,Rent,3948.74,0
72453,704,0.48318330374169205,0.68,Own,19376.65,0
40833,570,0.5476242079945188,2.5,Own,19886.33,0
46389,430,0.22017522942770926,2.63,Own,10338.71,0
24482,684,0.497447120225043,5.46,Own,11913.06,0
55610,696,0.19942438280399052,1.63,Own,20340.05,0
53967,595,0.22463584167910075,9.11,Own,9291.38,0
50955,682,0.21207904719610135,1.16,Rent,17184.13,0
46747,811,0.12586495452458565,7.78,Mortgage,11614.59,0
45608,694,0.1970306340500824,9.48,Own,19503.09,0
57528,559,0.28677167230365463,1.07,Rent,24312.42,0
49567,580,0.3027348576941451,8.29,Rent,9969.62,0
54724,655,0.2547332069465812,6.25,Own,17944.53,0
53224,719,0.3573626428219334,10.37,Rent,19891.36,0
66851,491,0.2889991162499117,3.57,Own,5028.42,0
60154,727,0.5851823230870427,1.33,Mortgage,20022.04,0
52892,647,0.5036752271656324,12.15,Own,16752.22,0
72776,728,0.5654886729714609,7.8,Mortgage,18205.69,0
56304,691,0.3787134731063516,0.11,Rent,5871.85,0
69574,640,0.4391698143606537,14.02,Rent,18719.48,0
59104,846,0.1833381875505972,14.83,Own,14085.46,0
22371,701,0.4763928786185663,2.19,Rent,9304.9,0
69572,346,0.2179855555826367,0.05,Rent,18506.21,0
52027,724,0.17291646386708812,4.02,Mortgage,19055.78,0
49220,816,0.12092967436958071,12.25,Own,14616.15,0
54220,627,0.3361151248009827,0.66,Own,16814.31,0
44825,386,0.24339462981467516,4.46,Mortgage,14191.26,0
53405,814,0.5933635863180943,6.58,Mortgage,8123.7,0
41121,464,0.22491715100790652,0.72,Mortgage,14278.56,0
69114,522,0.533271640159327,3.6,Own,20999.23,0
48296,596,0.25821938456566385,0.46,Mortgage,21070.39,0
44261,750,0.47456342615620617,4.08,Own,10872.62,0
36126,642,0.42992065503485266,2.92,Mortgage,16197.44,0
54031,640,0.3808917773308411,1.54,Rent,15383.57,0
52806,760,0.30841247172705066,9.59,Own,17471.21,0
55826,691,0.4355525064222965,2.4,Own,15260.4,0
34591,836,0.3036391751084293,6.02,Own,18610.96,0
25982,720,0.3740501171636599,7.82,Rent,12930.73,0
59383,680,0.39490086841798444,0.98,Rent,20516.73,0
72269,304,0.233677610018562,0.63,Own,12344.3,0
34604,303,0.26986823865269494,0.04,Mortgage,15962.52,1
73841,615,0.10902503177890158,1.83,Own,18328.33,0
54258,377,0.5260794966973921,8.46,Own,16086.61,0
49894,830,0.4779915721503174,7.41,Rent,3289.09,0
44036,654,0.1917652266514612,10.27,Rent,16495.57,0
29232,332,0.28102422500427937,7.15,Mortgage,18446.87,1
64815,438,0.3105347415045142,0.12,Mortgage,16489.76,0
38365,571,0.26718934600004407,2.43,Own,19706.47,0
38302,495,0.4991214033030449,0.03,Own,20859.48,1
64878,426,0.46271035305774266,0.18,Mortgage,11526.04,0
21755,648,0.48357936507059773,3.26,Own,6430.16,0
27146,343,0.5520650254671766,2.23,Own,9002.07,1
49727,543,0.39757562795018964,4.09,Mortgage,15356.64,0
54399,308,0.4072671645140272,0.34,Mortgage,18064.62,0
57271,378,0.4609670598236164,4.44,Mortgage,14375.47,0
45473,489,0.4406162973253386,0.34,Rent,8085.2,0
87955,385,0.5349065091994809,2.76,Mortgage,16484.36,0
46581,784,0.48509910292227243,2.17,Rent,15056.71,0
46538,570,0.16022930823940426,1.27,Mortgage,15804.48,0
38045,812,0.5641793077238934,1.87,Mortgage,24048.19,0
51858,319,0.44154964515060124,0.0,Rent,19091.85,1
59224,788,0.16357296291317688,1.96,Rent,14330.24,0
68053,429,0.4859868678579663,0.41,Own,8369.38,0
27660,306,0.2792062648696023,12.71,Own,21724.05,1
46310,609,0.5029889560182516,0.39,Own,6167.55,0
56700,772,0.5777029714951085,15.3,Rent,13592.0,0
58805,401,0.22762101805446486,3.38,Mortgage,8999.43,0
50098,637,0.5287055230424547,3.6,Rent,12959.91,0
58136,618,0.48678068507196925,7.76,Mortgage,14546.74,0
37865,812,0.4355924501002336,5.94,Mortgage,8422.83,0
73368,324,0.2924602722804568,1.35,Mortgage,2754.19,0
64889,729,0.15493104772222996,0.13,Own,10168.94,0
29826,442,0.34194841395996345,7.54,Rent,8231.1,0
33873,448,0.15283331488874527,0.69,Rent,10215.49,0
34296,354,0.35007361343916255,4.56,Own,13585.88,1
60169,770,0.5101466353877848,14.29,Mortgage,22607.86,0
30729,662,0.5988190672004816,3.99,Own,12005.65,0
45034,508,0.19900435574655448,1.68,Mortgage,12349.41,0
56820,484,0.20392902117351122,0.98,Own,14477.07,0
49007,364,0.5054416659595345,0.14,Rent,18309.44,1
53883,848,0.3345293161486049,4.88,Own,17807.39,0
34012,411,0.5579022980159409,4.08,Rent,5405.85,1
58922,562,0.4844981187906072,3.1,Mortgage,9775.85,0
40801,375,0.4682138823650961,1.08,Own,20538.64,1
45130,595,0.1509768543273284,1.35,Own,12393.34,0
53565,477,0.11793778258704504,15.91,Own,19815.57,0
51546,300,0.25838140982993074,0.1,Own,18586.09,0
50359,447,0.2086491804244768,2.26,Rent,3784.44,0
38740,428,0.45615444296425656,0.2,Rent,6717.96,0
45506,812,0.32536686208302523,1.06,Own,13333.88,0
50032,801,0.36157318731445953,13.53,Rent,17002.54,0
29373,448,0.5068707414359495,0.81,Own,13662.86,1
43062,568,0.3392523408828547,4.59,Rent,14025.13,0
55815,404,0.37246316040269956,2.13,Rent,15173.77,0
30838,765,0.521160133204011,5.01,Rent,14495.75,0
67348,580,0.3156679046537564,9.56,Own,14836.42,0
69044,706,0.1415633539567995,1.69,Own,3146.38,0
31322,657,0.3608526047964913,0.41,Rent,13442.17,0
70364,502,0.38968084211642373,1.14,Mortgage,13396.54,0
47846,580,0.3558984021564965,2.89,Rent,9662.41,0
56277,556,0.22902475860905872,3.62,Own,11169.61,0
42550,393,0.211845034126064,14.23,Mortgage,6658.26,0
63845,623,0.28487818596592074,0.08,Own,16929.65,0
56091,661,0.1831143692518399,7.09,Mortgage,9236.45,0
37787,650,0.4330118396369175,0.38,Mortgage,14395.93,0
32521,361,0.4073374506398222,0.41,Own,12546.13,1
28095,486,0.41619780783939186,5.31,Rent,14074.1,1
52819,841,0.21239874656997063,11.98,Own,19551.53,0
58587,603,0.22326450710194204,1.7,Own,11332.78,0
59764,735,0.4936951295593751,1.57,Rent,14499.82,0
48230,512,0.44505588627925763,4.81,Rent,18190.31,0
32645,705,0.5375899245837706,7.49,Mortgage,15770.26,0
39768,433,0.30175285888839765,10.16,Mortgage,11028.83,0
67285,518,0.3736639160488764,1.44,Rent,7247.66,0
42730,720,0.4693888529652067,6.74,Own,10815.03,0
52151,618,0.5870774845162783,1.84,Rent,15906.95,0
33865,456,0.5948159064228479,3.94,Rent,14770.6,1
55048,487,0.5995877062391403,1.06,Rent,18187.82,0
43134,775,0.5452632415324032,0.79,Own,13342.07,0
65700,461,0.419825409568539,13.69,Own,11127.13,0
61603,428,0.10348547539472638,3.96,Mortgage,7574.67,0
42564,603,0.44977188163887805,0.02,Rent,8941.07,0
48100,388,0.2192997580684706,7.89,Rent,9761.83,0
41733,461,0.12858357365512188,5.87,Own,21551.94,0
28708,335,0.44859221447256803,1.97,Rent,9089.81,1
37138,526,0.4780054635880967,3.12,Own,9148.45,0
52973,450,0.4297165600838748,2.99,Mortgage,11440.94,0
54878,346,0.2825848919081282,1.61,Mortgage,20160.66,0
52228,530,0.3555020620395617,19.7,Mortgage,17358.8,0
45474,838,0.5674738134978737,3.93,Own,13721.09,0
63995,464,0.46480548298847113,11.38,Own,7091.2,0
50953,365,0.352342116749668,4.4,Rent,14341.68,0
60548,379,0.3967245759755361,5.86,Mortgage,18503.07,0
23393,439,0.5638417991731782,0.15,Own,21161.08,1
-8836,699,0.29689126113483877,3.59,Mortgage,3278.65,1
54256,429,0.15092185774304515,6.39,Mortgage,10298.27,0
28628,745,0.26291312085153573,0.65,Mortgage,14638.94,0
46813,328,0.30760010736814325,5.67,Rent,20395.82,1
45468,501,0.23648193493024414,0.44,Own,7560.35,0
73811,536,0.3644862026250252,8.23,Own,8637.73,0
55999,638,0.25242893757303864,19.03,Own,11793.59,0
52487,698,0.1515897926911913,4.93,Rent,7105.6,0
62554,738,0.19403425680302536,0.4,Rent,4285.28,0
55527,588,0.5590780417115696,4.42,Rent,24714.21,0
43134,551,0.4147978145504302,6.75,Rent,12848.76,0
66072,399,0.2571543563815252,13.52,Own,10846.31,0
33353,721,0.28345895625022,0.23,Rent,8181.62,0
54848,317,0.34669158570451253,7.46,Own,13921.26,0
26786,770,0.4365650167813525,0.71,Mortgage,11356.04,0
53059,306,0.391089944921885,7.82,Own,18037.37,0
52894,718,0.5663490622814707,10.98,Mortgage,8728.92,0
75146,679,0.4128744132861547,9.88,Rent,14006.33,0
26525,807,0.5553959898024707,5.29,Mortgage,13790.97,0
40986,413,0.10271507958228268,3.47,Rent,16773.95,0
62340,810,0.5452797359609732,10.38,Own,13180.86,0
55029,768,0.4607292939830222,3.66,Own,16969.41,0
52704,392,0.186096727056043,1.05,Rent,15572.38,0
35657,791,0.23151900962252556,14.31,Own,18379.35,0
41137,401,0.37140499958194073,2.34,Mortgage,17040.2,0
68675,792,0.16246907767527144,4.9,Mortgage,13165.31,0
49227,835,0.4926841345560229,1.11,Mortgage,22377.86,0
55630,784,0.4955869331112134,0.59,Rent,11532.35,0
48272,778,0.2504744943275409,4.0,Mortgage,21762.18,0
32253,466,0.134908502486398,4.04,Mortgage,19526.35,0
64007,439,0.5944237296167872,2.31,Mortgage,17506.57,0
57548,393,0.22536443962216243,1.87,Mortgage,14107.3,0
84584,480,0.13377932565867254,2.34,Mortgage,11056.4,0
34766,303,0.2649824796917779,7.93,Mortgage,15558.37,1
62338,688,0.5845016310871466,2.21,Rent,15509.42,0
30326,571,0.4964638063759975,12.72,Mortgage,14073.53,0
52360,431,0.34016653990507173,0.6,Rent,17291.8,0
64647,811,0.2526652108628401,13.41,Rent,19107.29,0
18917,351,0.3116530492737344,5.85,Rent,10419.74,1
46926,589,0.10868280411532108,2.11,Mortgage,11281.89,0
41551,745,0.4591852407206679,0.03,Mortgage,8246.15,0
39470,536,0.1498221357759216,8.11,Rent,16457.52,0
55778,790,0.35951878843715357,17.42,Rent,22435.68,0
66810,579,0.3829225264312849,20.21,Mortgage,8014.48,0
48000,343,0.10084488715114695,2.75,Own,10810.26,0
53082,658,0.5899393129887157,0.37,Own,7765.27,0
51714,825,0.2510695188444433,1.88,Own,11969.79,0
50027,761,0.13861212549605792,1.85,Mortgage,4293.36,0
33659,400,0.5271942791297451,0.54,Rent,20447.61,1
66626,760,0.17597630202567263,3.72,Own,18364.07,0
54427,567,0.11247756811224427,4.64,Rent,15919.77,0
55923,661,0.34734533979644866,6.52,Mortgage,19495.71,0
37902,707,0.1649584928987867,0.26,Rent,19230.89,0
43111,336,0.5912115331769404,1.61,Own,14673.28,1
47357,767,0.10520549330625792,2.19,Mortgage,8255.72,0
26988,558,0.125598672094316,11.14,Rent,11211.21,0
24679,808,0.5166419831994845,11.58,Mortgage,14560.94,0
40988,608,0.21987584801901297,1.51,Own,11113.72,0
57837,572,0.5557983766919721,3.34,Own,23642.79,0
40202,409,0.2555685267374799,2.76,Own,15785.46,0
34717,559,0.13489132568020287,3.74,Mortgage,15516.23,0
37779,567,0.10529589952076782,1.69,Mortgage,19735.51,0
43169,331,0.24128363852858795,3.11,Own,16384.57,0
44692,476,0.33686528774794966,0.79,Mortgage,13674.97,0
82482,403,0.10050805546303496,6.18,Mortgage,22569.3,0
65819,535,0.39055360127194716,2.31,Own,17171.83,0
65371,392,0.2668307793373659,3.91,Own,12530.48,0
67528,500,0.2950767646812057,4.64,Rent,15891.57,0
35017,334,0.23070547409905331,9.06,Own,12350.27,0
31664,416,0.3645226027205314,0.43,Mortgage,10898.22,1
33396,757,0.2150613109840719,3.3,Rent,18949.0,0
70017,770,0.16741104307823526,11.22,Mortgage,12493.53,0
41792,698,0.5453235410240225,2.0,Rent,11163.55,0
31229,416,0.29527749151527627,2.94,Mortgage,15904.63,1
43535,661,0.1384651751104959,0.44,Rent,20243.89,0
46420,503,0.21516137728316573,6.94,Rent,4499.18,0
54026,445,0.25497147410040844,0.44,Mortgage,11378.61,0
53764,743,0.4848231546742704,4.98,Rent,3827.63,0
37577,596,0.11112774726467459,2.34,Mortgage,-1922.89,0
60284,786,0.33912474423905714,2.06,Mortgage,15238.94,0
40412,530,0.3038462426783589,4.4,Rent,8410.06,0
47655,502,0.5842002008174622,4.19,Own,18828.0,0
60301,661,0.19003750614830575,2.6,Own,8996.73,0
40372,694,0.41393537308185946,1.63,Own,17936.9,0
41459,547,0.2010984425463648,3.55,Mortgage,16446.52,0
58875,739,0.37421102708592047,1.55,Mortgage,10324.54,0
37134,695,0.3775316162568946,0.54,Own,12481.25,0
44228,655,0.13767336492922613,8.03,Mortgage,15868.04,0
58336,700,0.3282256470986159,6.06,Own,17651.85,0
80811,540,0.3305780539799815,0.44,Mortgage,21817.12,0
59081,640,0.2595683370710733,0.89,Mortgage,16072.39,0
57089,528,0.2385792768438272,0.53,Mortgage,14771.54,0
57962,842,0.21214898705810245,7.82,Own,15116.9,0
33902,838,0.10297053593733488,7.41,Rent,13723.37,0
51733,828,0.10090814224448666,2.62,Mortgage,12659.32,0
49553,566,0.39489360539529716,8.61,Mortgage,10332.88,0
54823,428,0.24573195557034375,18.24,Own,16929.99,0
51747,519,0.18394432789160023,17.61,Own,10791.58,0
55695,381,0.44236760275614984,19.78,Mortgage,15860.53,0
45327,319,0.3644522847397228,9.37,Mortgage,14825.83,1
50879,626,0.5574791384406256,1.22,Rent,18209.51,0
31582,336,0.5155084685360015,0.3,Mortgage,16183.16,1
45201,681,0.46336459554998355,8.35,Mortgage,11121.59,0
70862,338,0.1632909785925072,1.84,Mortgage,9453.15,0
54782,408,0.4330443694793813,2.06,Rent,20191.56,0
49686,728,0.44696322146881484,0.38,Mortgage,12894.06,0
78441,363,0.48166629498735536,6.27,Rent,21986.77,0
29587,474,0.23156636187870464,2.82,Own,1892.44,0
33358,331,0.4201487518318756,1.14,Mortgage,15905.69,1
75690,830,0.4091392291412699,5.28,Mortgage,19278.02,0
50689,405,0.29265502490574624,19.53,Mortgage,15436.15,0
46361,781,0.4317534901844039,3.45,Mortgage,16059.78,0
32011,505,0.14334778065818246,4.66,Rent,17860.81,0
56715,546,0.42175251056099416,0.89,Own,19134.88,0
58166,388,0.4030077921063332,0.88,Own,18017.49,0
33582,615,0.20531220362704392,3.06,Rent,21143.74,0
47895,310,0.5091068097599345,9.31,Rent,12636.28,1
44967,348,0.5372070001313516,11.99,Rent,23353.96,1
53839,470,0.20524197362682975,5.13,Rent,9831.92,0
33211,442,0.13798054211860175,2.24,Mortgage,19790.13,0
68779,506,0.40178773177077476,6.93,Mortgage,16972.39,0
63737,762,0.3399587634916489,1.73,Rent,26205.41,0
44552,808,0.3137971146310289,1.24,Mortgage,16493.02,0
46753,500,0.48050416502184856,7.93,Mortgage,18435.02,0
47953,304,0.5848313197544576,6.96,Own,6735.53,1
38325,510,0.33883185968809837,10.69,Mortgage,19271.84,0
43348,328,0.10307753938738748,4.3,Own,16409.07,0
45945,489,0.398133567269189,11.35,Mortgage,18682.09,0
74193,487,0.42698293606491966,0.13,Own,10235.47,0
64199,449,0.5140091529976633,1.46,Own,12505.96,0
64019,824,0.19970349054805872,8.16,Own,15907.28,0
55548,665,0.3621638167594655,2.76,Own,14644.12,0
33240,456,0.3235657501946827,1.37,Rent,16363.51,0
49377,379,0.4322202305813154,7.95,Mortgage,15826.88,0
64557,572,0.13197153185158236,8.64,Rent,12518.67,0
31126,817,0.5420064658497624,3.05,Mortgage,13804.81,0
59548,531,0.3555787021191392,3.14,Rent,11265.66,0
84839,459,0.538522722484995,7.59,Mortgage,28785.89,0
65927,643,0.270118565931569,7.38,Rent,16698.6,0
71210,588,0.4267611073203137,10.07,Rent,23780.74,0
53275,504,0.5783625746547054,5.19,Own,9798.34,0
64518,604,0.5716895953548898,1.03,Rent,14557.75,0
39232,659,0.5720513773856085,3.99,Own,12769.41,0
61937,699,0.12147342025846583,2.41,Own,16979.68,0
59815,748,0.30150800048726134,0.14,Rent,16020.72,0
54348,405,0.13039062872388277,1.09,Mortgage,9315.84,0
69740,381,0.25473850663754116,1.15,Rent,17379.22,0
41918,641,0.18728904754691447,0.43,Own,16337.77,0
47194,720,0.41006871205594775,3.02,Own,16472.88,0
51431,348,0.49037307563269816,3.55,Rent,20761.68,1
34555,505,0.35667348263170073,2.08,Rent,19738.76,0
53403,517,0.49773653664894124,2.66,Rent,23125.82,0
24216,735,0.10640664830311561,3.99,Rent,16694.66,0
65704,621,0.5102381823295978,0.64,Mortgage,19569.63,0
50699,530,0.18918011234440327,4.13,Own,14048.31,0
42186,786,0.330467950702387,6.19,Rent,15960.04,0
37484,728,0.3212928079515842,10.39,Rent,17905.03,0
46481,583,0.5365777645824235,1.79,Rent,12528.73,0
60323,785,0.5829895736419838,6.88,Own,15308.65,0
58216,575,0.22756048326876607,4.66,Own,8592.82,0
39416,732,0.1337065862966005,3.49,Own,21169.77,0
37309,484,0.4252608912274233,12.6,Rent,21315.01,1
59853,515,0.3514202933766042,4.84,Own,8933.09,0
39164,396,0.3828525709553472,2.28,Rent,20788.62,1
50898,418,0.12313510638499994,6.24,Rent,19839.99,0
51856,664,0.48765491080897294,16.08,Mortgage,16599.61,0
54680,702,0.21617670754364884,12.52,Mortgage,16611.81,0
62874,696,0.2674683904556385,19.63,Mortgage,17862.79,0
31055,757,0.21417685627468694,0.5,Own,8430.01,0
21332,617,0.5729722802960259,2.93,Mortgage,26520.35,1
41488,681,0.18436090827029258,2.83,Own,4152.67,0
77022,441,0.46615950200908474,2.42,Rent,7688.78,0
80332,756,0.22287364696926834,0.98,Mortgage,20307.27,0
77467,800,0.31245980955415464,8.92,Mortgage,19588.43,0
47105,622,0.5980309385860614,5.59,Own,23520.5,0
23268,567,0.15028837212107857,4.66,Own,15522.33,0
14854,786,0.540679615543287,2.96,Mortgage,10384.92,0
40789,459,0.5730249481344395,2.46,Own,15326.15,1
47028,313,0.44911364746463955,7.72,Own,19261.01,1
69509,454,0.10498109486766175,3.74,Own,11525.86,0
63017,400,0.5103992920158903,4.68,Rent,9667.09,0
53411,342,0.5411359638053904,0.53,Mortgage,15158.45,0
36652,492,0.590467078443967,3.19,Own,11388.79,0
35588,610,0.5196578738750479,0.7,Own,14130.12,0
53811,764,0.32279348365326055,0.28,Rent,11911.39,0
60455,462,0.4443248383469648,5.84,Rent,17912.71,0
55878,650,0.3425642559786699,1.61,Rent,12750.92,0
34481,533,0.2765091747613565,16.77,Rent,12410.27,0
59760,702,0.4132132465753606,4.65,Mortgage,18526.0,0
56388,650,0.48491621982088795,5.18,Mortgage,9448.69,0
33940,466,0.41795039333909656,1.1,Own,10470.23,0
38235,447,0.5132891838231057,0.69,Mortgage,16693.8,1
60327,327,0.18818748730003668,3.73,Own,10625.08,0
46482,558,0.28684727580157976,12.99,Mortgage,21504.55,0
73837,741,0.256292906367115,0.29,Mortgage,9733.51,0
57516,826,0.19706356983389925,3.55,Mortgage,14402.97,0
42700,510,0.3215871637426755,1.11,Own,10660.54,0
49846,842,0.5739364364323334,7.62,Own,22314.1,0
50950,744,0.3690041458535812,5.73,Rent,9718.5,0
39074,752,0.24320243835182262,0.51,Own,24588.51,0
36311,703,0.2770303091515187,4.79,Rent,15416.27,0
60520,365,0.40653785585856383,20.55,Own,14077.14,0
62679,704,0.27637337090654013,3.76,Own,4568.54,0
59056,734,0.3691733614603345,1.68,Mortgage,23329.95,0
72729,527,0.23707994672641367,0.83,Own,17539.4,0
41873,775,0.2729656354500929,22.85,Mortgage,8904.95,0
75114,767,0.4528639294181799,4.15,Own,12394.04,0
36486,400,0.3923091758219438,2.35,Rent,6728.63,0
34809,722,0.14674343165668977,1.21,Own,11110.54,0
23600,655,0.5865912592530198,15.0,Mortgage,14428.13,0
43313,438,0.12466846147944258,4.93,Mortgage,23184.15,0
42444,430,0.14146978614083192,0.3,Mortgage,27458.59,0
57889,848,0.4506930243705669,0.31,Mortgage,17665.87,0
53658,767,0.45400906971541155,14.02,Own,7215.59,0
32105,779,0.10946776661338595,6.19,Mortgage,26646.87,0
44109,410,0.42137694973179896,0.55,Mortgage,6138.54,0
44428,452,0.11663000738822824,4.89,Own,19294.56,0
23360,541,0.5803849969450136,2.72,Mortgage,15329.03,1
35285,578,0.44807129691646774,7.77,Rent,21164.59,0
38437,662,0.19328905066047572,1.6,Rent,11222.6,0
71504,707,0.17905239408020954,2.41,Mortgage,20173.96,0
52871,474,0.3848311513602045,0.92,Rent,22256.06,0
59932,434,0.4167593628182995,1.46,Mortgage,17050.49,0
27520,805,0.5156188149358694,1.05,Own,15065.26,0
67913,593,0.5516605746067809,0.12,Rent,20102.28,0
69516,794,0.2962667220291033,0.24,Rent,21710.79,0
20024,718,0.5220424211857447,9.03,Own,12671.28,0
39420,505,0.3711900176583669,8.14,Rent,11826.44,0
57436,617,0.3352910703010098,0.76,Mortgage,11776.0,0
59665,372,0.449485323028894,5.51,Mortgage,3762.62,0
