id,title,genre,original_language,popularity,release_date,vote_average,vote_count
278,The Shawshank Redemption,"Drama,Crime",en,94.075,9/23/1994,8.7,21862
19404,Dilwale Dulhania Le Jayenge,"Comedy,Drama,Romance",hi,25.408,10/19/1995,8.7,3731
238,The Godfather,"Drama,Crime",en,90.585,3/14/1972,8.7,16280
424,Schindler's List,"Drama,History,War",en,44.761,12/15/1993,8.6,12959
240,The Godfather: Part II,"Drama,Crime",en,57.749,12/20/1974,8.6,9811
667257,Impossible Things,"Family,Drama",es,14.358,6/17/2021,8.6,255
129,Spirited Away,"Animation,Family,Fantasy",ja,92.056,7/20/2001,8.5,13093
730154,Your Eyes Tell,"Romance,Drama",ja,51.345,10/23/2020,8.5,339
372754,Dou kyu sei – Classmates,"Romance,Animation",ja,14.285,2/20/2016,8.5,239
372058,Your Name.,"Romance,Animation,Drama",ja,158.27,8/26/2016,8.5,8895
389,12 Angry Men,Drama,en,31.946,4/10/1957,8.5,6533
696374,Gabriel's Inferno,Romance,en,12.674,5/29/2020,8.5,2262
496243,Parasite,"Comedy,Thriller,Drama",ko,65.147,5/30/2019,8.5,14036
497,The Green Mile,"Fantasy,Drama,Crime",en,69.118,12/10/1999,8.5,14162
724089,Gabriel's Inferno: Part II,Romance,en,14.924,7/31/2020,8.5,1420
155,The Dark Knight,"Drama,Action,Crime,Thriller",en,82.23,7/14/2008,8.5,27925
429,"The Good, the Bad and the Ugly",Western,it,47.73,12/23/1966,8.5,6747
680,Pulp Fiction,"Thriller,Crime",en,67.224,9/10/1994,8.5,23481
122,The Lord of the Rings: The Return of the King,"Adventure,Fantasy,Action",en,134.707,12/1/2003,8.5,19844
761053,Gabriel's Inferno: Part III,"Romance,Comedy",en,47.608,11/19/2020,8.5,977
13,Forrest Gump,"Comedy,Drama,Romance",en,65.175,6/23/1994,8.5,23009
11216,Cinema Paradiso,"Drama,Romance",it,18.677,11/17/1988,8.5,3394
346,Seven Samurai,"Action,Drama",ja,27.849,4/26/1954,8.5,2725
769,GoodFellas,"Drama,Crime",en,50.387,9/12/1990,8.5,10294
533514,Violet Evergarden: The Movie,"Animation,Fantasy,Romance,Drama",ja,23.933,9/18/2020,8.5,251
637,Life Is Beautiful,"Comedy,Drama",it,55.527,12/20/1997,8.5,11179
311,Once Upon a Time in America,"Drama,Crime",en,25.789,5/23/1984,8.5,4241
14537,Harakiri,"Action,Drama,History",ja,14.472,9/15/1962,8.4,651
539,Psycho,"Horror,Drama,Thriller",en,41.575,6/22/1960,8.4,8288
652837,"Josee, the Tiger and the Fish","Animation,Drama,Romance",ja,178.195,12/25/2020,8.4,246
40096,A Dog's Will,"Comedy,Drama,Fantasy",pt,9.741,9/15/2000,8.4,902
12477,Grave of the Fireflies,"Animation,Drama,War",ja,0.6,4/16/1988,8.4,4217
510,One Flew Over the Cuckoo's Nest,Drama,en,27.541,5/18/1975,8.4,8703
550,Fight Club,Drama,en,58.676,10/15/1999,8.4,24441
283566,Evangelion: 3.0+1.0 Thrice Upon a Time,"Animation,Action,Science Fiction,Drama",ja,108.156,3/8/2021,8.4,528
324857,Spider-Man: Into the Spider-Verse,"Action,Adventure,Animation,Science Fiction",en,118.785,12/6/2018,8.4,11529
598,City of God,"Drama,Crime",pt,35.565,2/5/2002,8.4,5886
255709,Hope,Drama,ko,17.189,10/2/2013,8.4,398
378064,A Silent Voice: The Movie,"Animation,Drama,Romance",ja,170.606,9/17/2016,8.4,3029
92321,Hotarubi no Mori e,"Romance,Animation,Fantasy",ja,0.6,9/17/2011,8.4,810
4935,Howl's Moving Castle,"Fantasy,Animation,Adventure",ja,75.091,11/19/2004,8.4,7452
18491,Neon Genesis Evangelion: The End of Evangelion,"Drama,Animation,Science Fiction,Action",ja,32.759,7/19/1997,8.4,1102
1891,The Empire Strikes Back,"Adventure,Action,Science Fiction",en,28.323,5/20/1980,8.4,14384
599,Sunset Boulevard,Drama,en,17.814,8/10/1950,8.4,1982
441130,Wolfwalkers,"Animation,Family,Adventure,Fantasy",en,17.052,10/26/2020,8.4,800
120,The Lord of the Rings: The Fellowship of the Ring,"Adventure,Fantasy,Action",en,168.448,12/18/2001,8.4,21207
3782,Ikiru,Drama,ja,9.854,10/9/1952,8.4,809
704264,Primal: Tales of Savagery,"Action,Adventure,Animation",en,62.485,11/21/2019,8.4,227
423,The Pianist,"Drama,War",en,40.571,9/17/2002,8.4,7374
157336,Interstellar,"Adventure,Drama,Science Fiction",en,191.22,11/5/2014,8.4,28920
244786,Whiplash,"Drama,Music",en,57.858,10/10/2014,8.4,12371
121,The Lord of the Rings: The Two Towers,"Adventure,Fantasy,Action",en,162.716,12/18/2002,8.4,18370
73,American History X,Drama,en,32.756,7/1/1998,8.4,9700
567,Rear Window,"Thriller,Mystery",en,19.511,8/1/1954,8.4,5230
27205,Inception,"Action,Science Fiction,Adventure",en,111.757,7/15/2010,8.4,31917
635302,Demon Slayer -Kimetsu no Yaiba- The Movie: Mugen Train,"Animation,Action,Adventure,Fantasy",ja,802.132,10/16/2020,8.4,2564
632632,Given,"Animation,Drama,Music,Romance",ja,92.227,8/22/2020,8.4,324
901,City Lights,"Comedy,Drama,Romance",en,13.321,2/1/1931,8.4,1661
12493,High and Low,"Crime,Drama,Mystery,Thriller",ja,10.462,3/1/1963,8.4,601
914,The Great Dictator,"Comedy,War",en,17.663,10/15/1940,8.4,2659
807,Se7en,"Crime,Mystery,Thriller",en,47.045,9/22/1995,8.4,17351
361743,Top Gun: Maverick,"Action,Drama",en,7567.017,5/24/2022,8.4,1690
128,Princess Mononoke,"Adventure,Fantasy,Animation",ja,42.985,7/12/1997,8.3,6405
644479,Dedicated to my ex,"Drama,Comedy",es,12.695,11/1/2019,8.3,473
274,The Silence of the Lambs,"Crime,Drama,Thriller",en,11.372,2/1/1991,8.3,13478
25237,Come and See,"Drama,History,War",ru,12.869,7/9/1985,8.3,961
630566,Clouds,"Music,Drama,Romance",en,21.826,10/9/2020,8.3,855
207,Dead Poets Society,Drama,en,32.638,6/2/1989,8.3,9250
3082,Modern Times,"Comedy,Drama",en,15.754,2/5/1936,8.3,2993
527641,Five Feet Apart,"Romance,Drama",en,98.531,3/14/2019,8.3,4819
101,Léon: The Professional,"Crime,Drama,Action",en,55.424,9/14/1994,8.3,12278
335,Once Upon a Time in the West,"Drama,Western",it,21.526,12/21/1968,8.3,3443
556574,Hamilton,"History,Drama",en,11.644,7/3/2020,8.3,982
975,Paths of Glory,"Drama,War",en,11.774,10/25/1957,8.3,2226
618344,Justice League Dark: Apokolips War,"Animation,Action,Adventure,Fantasy,Science Fiction",en,41.778,5/5/2020,8.3,1189
105,Back to the Future,"Adventure,Comedy,Science Fiction,Family",en,54.325,7/3/1985,8.3,16765
592350,My Hero Academia: Heroes Rising,"Animation,Action,Fantasy,Adventure",ja,224.617,12/20/2019,8.3,942
447362,Life in a Year,"Drama,Romance",en,114.889,11/27/2020,8.3,1105
575813,Better Days,Drama,zh,17.871,10/25/2019,8.3,251
16672,Woman in the Dunes,"Drama,Thriller",ja,8.046,2/15/1964,8.3,292
42269,We All Loved Each Other So Much,"Drama,Comedy",it,6.594,12/21/1974,8.3,424
18148,Tokyo Story,Drama,ja,10.385,11/3/1953,8.3,769
10494,Perfect Blue,"Animation,Thriller",ja,27.325,7/25/1997,8.3,1736
10376,The Legend of 1900,"Drama,Music,Romance",it,12.788,10/28/1998,8.3,1866
28,Apocalypse Now,"Drama,War",en,27.775,8/15/1979,8.3,6618
572154,Rascal Does Not Dream of a Dreaming Girl,"Animation,Comedy,Romance,Drama,Fantasy",ja,92.432,6/15/2019,8.3,391
299534,Avengers: Endgame,"Adventure,Science Fiction,Action",en,284.068,4/24/2019,8.3,21448
29259,Le Trou,"Crime,Drama,Thriller,History",fr,9.29,3/18/1960,8.3,334
637920,Miracle in Cell No. 7,"Drama,Comedy",tr,49.021,10/10/2019,8.3,3968
265177,Mommy,Drama,fr,12.788,9/19/2014,8.3,2327
670,Oldboy,"Drama,Thriller,Mystery,Action",ko,29.817,11/21/2003,8.3,6806
537061,Steven Universe: The Movie,"Animation,Family,Fantasy,TV Movie,Science Fiction,Adventure,Music",en,58.206,9/2/2019,8.3,677
522924,The Art of Racing in the Rain,"Comedy,Drama,Romance",en,19.229,8/8/2019,8.3,1082
791373,Zack Snyder's Justice League,"Action,Adventure,Fantasy,Science Fiction",en,325.801,3/18/2021,8.3,7943
508965,Klaus,"Animation,Family,Adventure,Comedy,Fantasy",en,20.474,11/8/2019,8.3,2986
290098,The Handmaiden,"Thriller,Drama,Romance",ko,45.016,6/1/2016,8.3,2744
299536,Avengers: Infinity War,"Adventure,Action,Science Fiction",en,475.535,4/25/2018,8.3,25020
77338,The Intouchables,"Drama,Comedy",fr,86.109,11/2/2011,8.3,14800
532067,KonoSuba: God's Blessing on this Wonderful World! Legend of Crimson,"Animation,Adventure,Comedy,Fantasy",ja,132.022,8/30/2019,8.3,402
545611,Everything Everywhere All at Once,"Action,Adventure,Science Fiction",en,309.567,3/24/2022,8.3,1059
8587,The Lion King,"Family,Animation,Drama",en,204.155,6/23/1994,8.3,15531
1585,It's a Wonderful Life,"Drama,Family,Fantasy",en,32.21,12/20/1946,8.3,3359
797,Persona,Drama,sv,10.578,10/18/1966,8.3,1655
526702,Black Beauty,Drama,en,12.203,11/27/2020,8.3,268
5156,Bicycle Thieves,Drama,it,13.995,11/24/1948,8.3,1867
110420,Wolf Children,"Animation,Drama,Family,Fantasy",ja,39.225,7/21/2012,8.3,1816
476292,Maquia: When the Promised Flower Blooms,"Animation,Fantasy,Romance,Drama",ja,70.561,2/24/2018,8.3,472
24188,Il Sorpasso,"Drama,Comedy",it,7.789,12/5/1962,8.3,575
490132,Green Book,"Drama,Comedy",en,31.501,11/16/2018,8.2,9214
610892,Violet Evergarden: Eternity and the Auto Memory Doll,"Drama,Fantasy,Animation",ja,17.941,9/6/2019,8.2,256
504253,I Want to Eat Your Pancreas,"Animation,Drama,Romance,Family",ja,85.48,9/1/2018,8.2,1041
20532,Sansho the Bailiff,Drama,ja,8.669,3/31/1954,8.2,265
37257,Witness for the Prosecution,"Drama,Mystery,Crime",en,11.063,12/17/1957,8.2,1008
755812,"Miraculous World: New York, United HeroeZ","Animation,Family,Adventure,TV Movie,Fantasy,Action",fr,245.422,9/25/2020,8.2,912
664767,Mortal Kombat Legends: Scorpion's Revenge,"Animation,Action,Fantasy",en,38.476,4/12/2020,8.2,1114
663558,New Gods: Nezha Reborn,"Animation,Action,Fantasy",zh,76.935,2/6/2021,8.2,288
1398,Stalker,"Science Fiction,Drama",ru,14.5,5/25/1979,8.2,1601
422,8½,"Fantasy,Drama",it,13.697,2/14/1963,8.2,1813
10098,The Kid,"Comedy,Drama",en,12.931,1/21/1921,8.2,1609
284,The Apartment,"Comedy,Drama,Romance",en,13.421,6/21/1960,8.2,1739
823754,Bo Burnham: Inside,Comedy,en,8.717,7/22/2021,8.2,239
354912,Coco,"Family,Animation,Fantasy,Music,Comedy,Adventure",en,208.302,10/27/2017,8.2,15918
694,The Shining,"Horror,Thriller",en,63.091,5/23/1980,8.2,14638
313106,Doctor Who: The Day of the Doctor,"Science Fiction,Adventure",en,10.732,11/23/2013,8.2,653
185,A Clockwork Orange,"Science Fiction,Drama",en,36.296,12/19/1971,8.2,10807
490,The Seventh Seal,"Fantasy,Drama",sv,16.149,2/16/1957,8.2,2378
26451,Investigation of a Citizen Above Suspicion,"Drama,Thriller",it,7.337,10/16/1970,8.2,597
426,Vertigo,"Mystery,Romance,Thriller",en,20.392,5/28/1958,8.2,4663
470044,The Hate U Give,"Crime,Drama",en,21.983,10/19/2018,8.2,1794
2457,Children of Paradise,"Drama,Romance",fr,8.19,3/15/1945,8.2,299
531428,Portrait of a Lady on Fire,"Drama,Romance,History",fr,20.978,6/17/2019,8.2,1831
16869,Inglourious Basterds,"Drama,Action,Thriller,War",en,86.404,8/19/2009,8.2,18951
518068,Along with the Gods: The Last 49 Days,"Drama,Fantasy,Action",ko,32.172,8/1/2018,8.2,349
398818,Call Me by Your Name,"Romance,Drama",en,101.605,9/1/2017,8.2,10372
11,Star Wars,"Adventure,Action,Science Fiction",en,77.644,5/25/1977,8.2,17480
629,The Usual Suspects,"Drama,Crime,Thriller",en,20.782,7/19/1995,8.2,8707
98,Gladiator,"Action,Drama,Adventure",en,52.683,5/4/2000,8.2,15356
399106,Piper,"Family,Animation",en,7.741,6/16/2016,8.2,1373
1124,The Prestige,"Drama,Mystery,Science Fiction",en,32.168,10/19/2006,8.2,13217
857,Saving Private Ryan,"Drama,History,War",en,59.809,7/24/1998,8.2,13233
77,Memento,"Mystery,Thriller",en,26.409,10/11/2000,8.2,12433
11324,Shutter Island,"Drama,Thriller,Mystery",en,367.116,2/14/2010,8.2,20171
603,The Matrix,"Action,Science Fiction",en,62.628,3/30/1999,8.2,21819
620683,My Mom is a Character 3,Comedy,pt,5.769,12/26/2019,8.2,423
517814,Capernaum,Drama,ar,15.818,9/20/2018,8.2,1302
50014,The Help,Drama,en,325.877,8/9/2011,8.2,6522
324786,Hacksaw Ridge,"Drama,History,War",en,301.538,10/7/2016,8.2,11167
508442,Soul,"Animation,Family,Comedy,Fantasy,Drama",en,175.175,12/25/2020,8.2,8211
103,Taxi Driver,"Crime,Drama",en,39.307,2/9/1976,8.2,9564
406997,Wonder,"Drama,Family",en,48.155,11/13/2017,8.2,6919
872,Singin' in the Rain,"Comedy,Music,Romance,Drama",en,19.843,4/9/1952,8.2,2467
19,Metropolis,"Drama,Science Fiction",de,15.416,2/6/1927,8.2,2095
11878,Yojimbo,"Drama,Thriller",ja,15.131,4/25/1961,8.2,1067
475557,Joker,"Crime,Thriller,Drama",en,130.728,10/1/2019,8.2,20921
705,All About Eve,Drama,en,11.998,10/6/1950,8.2,1218
133919,Scenes from a Marriage,"Drama,Romance",sv,7.809,9/15/1974,8.2,256
289,Casablanca,"Drama,Romance",en,20.562,11/26/1942,8.2,4305
439,La Dolce Vita,"Comedy,Drama",it,13.097,2/5/1960,8.2,1498
400608,Bo Burnham: Make Happy,"Comedy,Music",en,5.697,6/3/2016,8.2,293
895,Andrei Rublev,"Drama,History",ru,11.765,12/16/1966,8.2,580
600354,The Father,Drama,en,22.528,12/23/2020,8.2,2190
111,Scarface,"Action,Crime,Drama",en,65.088,12/9/1983,8.2,9436
20914,My Friends,Comedy,it,4.199,10/24/1975,8.2,585
1422,The Departed,"Drama,Thriller,Crime",en,31.039,10/4/2006,8.2,12551
548,Rashomon,"Crime,Drama,Mystery",ja,13.672,8/26/1950,8.2,1676
100,"Lock, Stock and Two Smoking Barrels","Comedy,Crime",en,10.191,8/28/1998,8.2,5488
472454,Ayla: The Daughter of War,"Drama,War",tr,13.651,10/27/2017,8.2,267
606856,Togo,"Adventure,Family",en,140.122,12/20/2019,8.2,1506
996,Double Indemnity,"Crime,Drama,Mystery,Thriller",en,10.892,6/14/1944,8.2,1387
666,Central Station,Drama,pt,8.722,11/20/1998,8.2,675
992,Sherlock Jr.,"Action,Comedy,Mystery",en,10.842,4/17/1924,8.2,685
640344,Me Against You: Mr. S's Vendetta,"Comedy,Family",it,7.143,1/17/2020,8.2,451
654299,Out of the Clear Blue Sky,"Comedy,Drama,Music",es,21.381,12/24/2019,8.2,294
615457,Nobody,"Action,Crime,Thriller",en,181.22,3/18/2021,8.1,4816
500,Reservoir Dogs,"Crime,Thriller",en,26.577,9/2/1992,8.1,12060
68718,Django Unchained,"Drama,Western",en,66.924,12/25/2012,8.2,22784
831827,Far From the Tree,"Animation,Family",en,94.009,11/24/2021,8.1,287
55823,The Great War,"Drama,Comedy,War",it,7.75,10/28/1959,8.1,294
337404,Cruella,"Comedy,Crime",en,309.589,5/26/2021,8.1,7282
600,Full Metal Jacket,"Drama,War",en,33.082,6/26/1987,8.1,8651
489,Good Will Hunting,Drama,en,75.319,12/5/1997,8.1,9793
239,Some Like It Hot,"Comedy,Music,Romance,Crime",en,18.609,3/19/1959,8.1,2764
935,Dr. Strangelove or: How I Learned to Stop Worrying and Love the Bomb,"Drama,Comedy,War",en,20.98,1/29/1964,8.1,4556
614,Wild Strawberries,Drama,sv,11.212,12/26/1957,8.1,1264
348,Alien,"Horror,Science Fiction",en,56.013,5/25/1979,8.1,11835
785534,Paper Lives,Drama,tr,27.235,3/12/2021,8.1,295
411088,The Invisible Guest,"Drama,Mystery,Thriller",es,40.228,1/6/2017,8.1,3776
655,"Paris, Texas",Drama,en,13.936,8/23/1984,8.1,1294
638507,How to Train Your Dragon: Homecoming,"Animation,Fantasy,Adventure,Action,Family",en,66.113,10/25/2019,8.1,703
9764,Dersu Uzala,"Action,Adventure,Drama",ru,10.129,8/2/1975,8.1,359
5801,Pather Panchali,Drama,bn,10.311,8/26/1955,8.1,277
149871,The Tale of The Princess Kaguya,"Animation,Drama,Fantasy",ja,15.807,11/23/2013,8.1,1352
17663,Anne of Green Gables,"Family,Drama",en,17.847,12/1/1985,8.1,200
12445,Harry Potter and the Deathly Hallows: Part 2,"Fantasy,Adventure",en,290.891,7/7/2011,8.1,17487
92060,Michael Jackson's Thriller,"Horror,Music",en,10.247,11/14/1983,8.1,442
24382,Big Deal on Madonna Street,"Comedy,Crime",it,7.869,7/26/1958,8.1,571
37165,The Truman Show,"Comedy,Drama",en,45.536,6/4/1998,8.1,14986
3780,Red Beard,Drama,ja,8.918,4/3/1965,8.1,242
832,M,"Drama,Action,Thriller,Crime",de,9.937,5/11/1931,8.1,1630
550776,Believe Me: The Abduction of Lisa McVey,"Drama,TV Movie",en,38.786,9/30/2018,8.1,416
843,In the Mood for Love,"Drama,Romance",cn,17.909,9/29/2000,8.1,1920
46738,Incendies,"Drama,War,Mystery",fr,15.385,9/4/2010,8.1,1956
42229,A Special Day,"Drama,Romance",it,6.666,8/11/1977,8.1,524
38288,I corti,Comedy,it,4.424,1/1/1996,8.1,327
7345,There Will Be Blood,Drama,en,19.484,12/26/2007,8.1,5220
529531,Hannah Gadsby: Nanette,Comedy,en,6.355,6/19/2018,8.1,226
38,Eternal Sunshine of the Spotless Mind,"Science Fiction,Drama,Romance",en,31.087,3/19/2004,8.1,12443
843906,Straight Outta Nowhere: Scooby-Doo! Meets Courage the Cowardly Dog,"Animation,Comedy,Mystery,Family,Fantasy",en,133.638,9/14/2021,8.1,304
103663,The Hunt,Drama,da,20.223,10/25/2012,8.1,3134
359940,"Three Billboards Outside Ebbing, Missouri","Crime,Drama",en,20.944,12/1/2017,8.1,8629
334543,Lion,Drama,en,25.744,1/20/2016,8.1,5761
652722,In the Arms of an Assassin,"Romance,Thriller",es,13.589,12/6/2019,8.1,295
14696,Ugetsu,"Fantasy,Drama,Mystery",ja,9.058,3/26/1953,8.1,412
574074,Kitbull,"Animation,Family,Drama",en,6.404,1/18/2019,8.1,265
11659,The Best of Youth,"Drama,History,Romance",it,6.708,6/22/2003,8.1,429
55960,"Toto, Peppino, and the Hussy","Comedy,Romance",it,5.38,8/23/1956,8.1,280
780,The Passion of Joan of Arc,"Drama,History",fr,10.528,4/21/1928,8.1,674
147,The 400 Blows,Drama,fr,12.066,6/3/1959,8.1,1685
347688,Scooby-Doo! and Kiss: Rock and Roll Mystery,"Family,Animation,Comedy",en,18.978,7/10/2015,8.1,228
406,La Haine,Drama,fr,16.787,5/31/1995,8.1,3054
449176,"Love, Simon","Comedy,Drama,Romance",en,32.996,2/16/2018,8.1,5423
387,Das Boot,"Drama,History,War",de,17.151,9/17/1981,8.1,1697
4348,Pride & Prejudice,"Drama,Romance",en,55.534,9/16/2005,8.1,6616
1955,The Elephant Man,"Drama,History",en,14.738,10/9/1980,8.1,2715
1396,Mirror,"Drama,History",ru,11.603,3/7/1975,8.1,684
437068,A Taxi Driver,"Action,Drama,History",ko,16.223,8/2/2017,8.1,680
81481,Silenced,Drama,ko,27.784,9/22/2011,8.1,388
11645,Ran,"Action,Drama,History",ja,13.244,6/1/1985,8.1,1146
62,2001: A Space Odyssey,"Science Fiction,Mystery,Adventure",en,36.424,4/2/1968,8.1,9477
515001,Jojo Rabbit,"Comedy,War,Drama",en,34.557,10/18/2019,8.1,7588
9702,Bound by Honor,"Crime,Action,Drama,Thriller",en,81.974,2/5/1993,8.1,929
280,Terminator 2: Judgment Day,"Action,Thriller,Science Fiction",en,67.385,7/3/1991,8.1,10522
282848,Doctor Who: The Time of the Doctor,"Drama,Science Fiction,TV Movie",en,6.48,12/25/2013,8.1,248
8422,Rocco and His Brothers,"Crime,Drama",it,8.618,10/6/1960,8.1,422
8392,My Neighbor Totoro,"Fantasy,Animation,Family",ja,57.039,4/16/1988,8.1,6243
19542,The Red Shoes,"Drama,Romance",en,9.546,9/6/1948,8.1,454
20530,Late Spring,Drama,ja,8.074,9/13/1949,8.1,283
19426,Nights of Cabiria,Drama,it,10.741,10/3/1957,8.1,566
11423,Memories of Murder,"Crime,Drama,Thriller",ko,25.052,5/2/2003,8.1,2780
482321,Ron's Gone Wrong,"Animation,Science Fiction,Family,Comedy",en,224.167,10/15/2021,8.1,1335
28422,Love Exposure,"Action,Comedy,Drama,Romance",ja,10.194,1/31/2009,8.1,333
522518,A Dog's Journey,"Family,Adventure,Drama",en,61.029,5/3/2019,8.1,1130
339877,Loving Vincent,"Animation,Drama,Mystery,History",en,15.079,6/22/2017,8.1,2095
10681,WALL·E,"Animation,Family,Science Fiction",en,91.446,6/22/2008,8.1,15924
381284,Hidden Figures,"Drama,History",en,147.925,12/10/2016,8.1,7959
146233,Prisoners,"Drama,Thriller,Crime",en,43.621,9/18/2013,8.1,9409
7347,Elite Squad,"Drama,Action,Crime",pt,38.224,10/12/2007,8.1,1810
115929,Cool Kids Don't Cry,"Family,Romance,Drama",nl,10.389,2/15/2012,8.1,230
26022,My Name Is Khan,"Drama,Romance",hi,31.328,2/10/2010,8.1,1041
821,Judgment at Nuremberg,"Drama,History,War",en,12.291,12/18/1961,8.1,569
538362,On My Skin,Drama,it,9.884,9/12/2018,8.1,1735
568160,Weathering with You,"Animation,Drama,Fantasy,Romance",ja,120.378,6/19/2019,8.1,1512
522402,Finch,"Science Fiction,Drama,Adventure",en,194.632,11/4/2021,8.1,2433
264644,Room,"Drama,Thriller",en,25.256,10/16/2015,8.1,8079
120467,The Grand Budapest Hotel,"Comedy,Drama",en,24.37,2/26/2014,8.1,12464
58007,Poverty and Nobility,Comedy,it,6.194,4/17/1954,8.1,239
438695,Sing 2,"Animation,Comedy,Family,Music",en,545.619,12/1/2021,8.1,2986
400928,Gifted,"Drama,Comedy",en,51.986,4/12/2017,8.1,4444
634649,Spider-Man: No Way Home,"Action,Adventure,Science Fiction",en,1713.86,12/15/2021,8.1,14327
455661,In a Heartbeat,"Family,Animation,Romance,Comedy",en,6.147,6/1/2017,8.1,917
397567,Along with the Gods: The Two Worlds,"Drama,Fantasy,Action",ko,54.393,12/14/2017,8.1,572
582,The Lives of Others,"Drama,Thriller",de,10.703,3/15/2006,8,2951
632322,All My Life,"Romance,Drama",en,17.382,10/23/2020,8,368
9277,The Sting,"Comedy,Crime,Drama",en,12.996,12/25/1973,8,2014
595,To Kill a Mockingbird,"Crime,Drama",en,16.546,12/20/1962,8,2086
204,The Wages of Fear,"Drama,Thriller,Adventure",fr,6.469,4/22/1953,8,652
550205,Wish Dragon,"Animation,Family,Comedy,Fantasy",en,135.036,1/15/2021,8,905
20941,Innocent Voices,"Drama,War",es,28.507,1/28/2005,8,333
28978,The Circus,"Comedy,Romance",en,6.502,1/6/1928,8,587
11104,Chungking Express,"Drama,Comedy,Romance",cn,20.608,7/14/1994,8,1219
961,The General,"Action,Adventure,Comedy,Drama,War",en,11.124,12/25/1926,8,892
310569,The Second Mother,Drama,pt,7.568,6/4/2015,8,613
21634,Prayers for Bobby,"Drama,History,TV Movie",en,10.97,1/24/2009,8,460
938,For a Few Dollars More,Western,it,25.92,12/18/1965,8,3135
110416,Song of the Sea,"Family,Animation,Fantasy",en,10.578,9/6/2014,8,1131
378108,In This Corner of the World,"Drama,Animation,Romance,War,History",ja,36.278,11/12/2016,8,451
800,The Young and the Damned,"Crime,Drama",es,9.6,12/9/1950,8,359
3090,The Treasure of the Sierra Madre,"Adventure,Drama,Western",en,10.992,1/15/1948,8,899
521,Dial M for Murder,"Crime,Thriller",en,13.074,5/29/1954,8,2038
458220,Palmer,Drama,en,51.52,1/29/2021,8,832
429210,Bingo: The King of the Mornings,"Comedy,Drama",pt,5.294,8/24/2017,8,314
1059,The Hidden Fortress,"Adventure,Drama,Action,Comedy",ja,11.374,12/28/1958,8,438
776503,CODA,"Drama,Music,Romance",en,46.461,8/11/2021,8,1423
610461,"Veinteañera, Divorciada y Fantástica",Comedy,es,9.596,2/14/2020,8,364
20803,Ivan Vasilyevich Changes His Profession,"Comedy,Science Fiction",ru,8.989,9/17/1973,8,254
962,The Gold Rush,"Adventure,Comedy,Drama",en,11.942,7/12/1925,8,1211
641,Requiem for a Dream,"Crime,Drama",en,14.696,10/6/2000,8,8213
307,"Rome, Open City","Drama,History",it,9.061,10/8/1945,8,664
14,American Beauty,Drama,en,20.94,9/15/1999,8,10357
38360,The Cranes Are Flying,"Drama,Romance,War",ru,11.251,10/12/1957,8,248
106646,The Wolf of Wall Street,"Crime,Drama,Comedy",en,182.109,12/25/2013,8,20064
15,Citizen Kane,"Mystery,Drama",en,19.625,4/17/1941,8,4468
678580,El mesero,Comedy,es,70.415,7/15/2021,8,320
158445,Miracle in Cell No. 7,"Drama,Comedy",ko,16.931,1/23/2013,8,345
11778,The Deer Hunter,"Drama,War",en,15.015,3/9/1978,8,2982
15244,A Man Escaped,"Thriller,Drama,War,History",fr,13.153,11/11/1956,8,370
2517,Nobody Knows,Drama,ja,12.167,8/7/2004,8,355
279,Amadeus,"History,Music,Drama",en,19.342,9/19/1984,8,3402
315465,The Boy and the Beast,"Animation,Fantasy,Action,Adventure,Drama",ja,47.388,7/11/2015,8,1212
554596,No Manches Frida 2,Comedy,es,129.572,3/15/2019,8,710
426618,Where Hands Touch,"War,Drama,Romance",en,10.836,9/14/2018,8,452
12761,Autumn Sonata,Drama,sv,13.787,10/8/1978,8,414
673,Harry Potter and the Prisoner of Azkaban,"Adventure,Fantasy",en,269.516,5/31/2004,8,18178
1091,The Thing,"Horror,Mystery,Science Fiction",en,42.953,6/25/1982,8,5424
424694,Bohemian Rhapsody,"Music,Drama,History",en,79.323,10/24/2018,8,14853
654,On the Waterfront,"Crime,Drama",en,10.632,6/22/1954,8,1204
205596,The Imitation Game,"History,Drama,Thriller,War",en,79.903,11/14/2014,8,14808
7508,Like Stars on Earth,Drama,hi,29.107,12/21/2007,8,856
524,Casino,"Crime,Drama",en,20.493,11/22/1995,8,4582
776305,Belle,"Animation,Drama,Science Fiction,Music",ja,230.739,7/16/2021,8,383
501929,The Mitchells vs. the Machines,"Animation,Adventure,Comedy",en,35.807,4/22/2021,8,2046
28178,Hachi: A Dog's Tale,"Drama,Family",en,46.039,6/8/2009,8,5699
12104,Pink Floyd: The Wall,"Music,Drama",en,13.524,7/14/1982,8,1195
237791,The Way He Looks,"Drama,Romance",pt,8.37,3/28/2014,8,834
25376,The Secret in Their Eyes,"Crime,Drama,Mystery",es,15.563,8/13/2009,8,2034
11658,Tae Guk Gi: The Brotherhood of War,"Action,Adventure,Drama,History,War",ko,19.135,2/5/2004,8,531
488623,Forgotten,"Thriller,Mystery,Drama,Horror,Crime",ko,33.556,11/29/2017,8,673
770,Gone with the Wind,"Drama,War,Romance",en,26.427,12/15/1939,8,3309
667520,A Whisker Away,"Animation,Drama,Romance,Fantasy",ja,69.562,6/18/2020,8,1023
140420,Paperman,"Animation,Family,Romance",en,8.007,11/2/2012,8,1506
13223,Gran Torino,Drama,en,30.877,12/9/2008,8,9109
3175,Barry Lyndon,"Drama,Romance,War",en,13.443,11/26/1975,8,2243
41050,La Notte,"Drama,Romance",it,8.121,1/24/1961,8,489
359724,Ford v Ferrari,"Drama,Action,History",en,51.999,11/13/2019,8,5850
11712,Sanjuro,"Drama,Action,Comedy",ja,12.524,1/1/1962,8,435
242828,When Marnie Was There,"Animation,Drama",ja,45.105,7/19/2014,8,1429
213,North by Northwest,"Mystery,Thriller",en,15.329,7/8/1959,8,3277
360814,Dangal,"Drama,Action",hi,11.406,12/21/2016,8,714
94047,My Way,"Drama,Action,History,War",ko,14.775,12/21/2011,8,295
560066,Scooby-Doo! and the Curse of the 13th Ghost,"Comedy,Family,Animation,Adventure,Mystery",en,13.866,2/5/2019,8,207
1580,Rope,"Crime,Drama,Thriller",en,12.661,3/11/1948,8,2089
1578,Raging Bull,"Drama,History",en,20.938,11/14/1980,8,3409
1092,The Third Man,"Thriller,Mystery",en,10.808,8/31/1949,8,1398
20875,Operation Y and Other Shurik's Adventures,Comedy,ru,9.284,8/16/1965,8,204
29264,The Exterminating Angel,"Comedy,Drama,Fantasy",es,7.062,5/16/1962,8,518
20334,The Shop Around the Corner,"Comedy,Drama,Romance",en,15.611,1/12/1940,8,420
18438,Castaway on the Moon,"Drama,Comedy,Romance",ko,9.122,5/14/2009,8,532
28971,Limelight,"Drama,Music,Romance",en,8.874,10/23/1952,8,376
527774,Raya and the Last Dragon,"Animation,Family,Fantasy,Action,Adventure",en,221.83,3/3/2021,8,5452
406785,Inner Workings,"Animation,Family,Comedy",en,6.677,11/23/2016,8,235
10238,Cries and Whispers,Drama,sv,10.151,12/21/1972,8,538
458302,"Remi, Nobody's Boy","Adventure,Family,Drama",fr,11.718,12/12/2018,8,347
142061,"Batman: The Dark Knight Returns, Part 2","Science Fiction,Action,Animation,Mystery",en,17.253,1/3/2013,8,1156
523781,Words on Bathroom Walls,"Drama,Romance",en,11.647,8/21/2020,8,421
15383,Army of Shadows,"War,Drama,Thriller",fr,9.168,9/10/1969,8,476
573164,An Egg Rescue,"Animation,Comedy",es,164.059,8/12/2021,8,313
455714,Bad Genius,"Comedy,Drama,Crime,Thriller",th,16.315,5/3/2017,8,639
20453,3 Idiots,"Drama,Comedy",hi,47.97,12/23/2009,8,1865
627,Trainspotting,"Drama,Crime",en,25.467,2/23/1996,8,8266
530915,1917,"War,Drama,Action,Thriller,History",en,41.834,12/25/2019,8,9935
947,Lawrence of Arabia,"War,History,Adventure,Drama",en,22.59,12/11/1962,8,2343
489412,It's Such a Beautiful Day,"Drama,Animation,Comedy",en,6.092,8/24/2012,8,207
10515,Castle in the Sky,"Adventure,Fantasy,Animation,Action,Family,Romance",ja,37.878,8/2/1986,8,3245
45752,Scooby-Doo! Camp Scare,"Animation,Comedy,Family,Mystery",en,34.982,9/14/2010,8,217
20271,Divorce Italian Style,Comedy,it,8.363,12/20/1961,8,337
405,La Strada,Drama,it,8.508,9/23/1954,8,811
24,Kill Bill: Vol. 1,"Action,Crime",en,42.467,10/10/2003,8,14823
38286,Three Men and a Leg,Comedy,it,7.464,12/27/1997,8,1850
775,A Trip to the Moon,"Adventure,Science Fiction",fr,15.828,4/17/1902,8,1344
110,Three Colors: Red,"Drama,Mystery,Romance",fr,15.038,5/12/1994,8,1031
801335,Girl in the Basement,"Crime,Thriller",en,222.729,2/27/2021,8,394
10242,What Ever Happened to Baby Jane?,"Drama,Horror,Thriller",en,10.735,10/12/1962,8,797
10404,Raise the Red Lantern,Drama,zh,11.32,12/18/1991,8,532
862,Toy Story,"Animation,Adventure,Family,Comedy",en,218.376,10/30/1995,8,15623
17295,The Battle of Algiers,"Drama,War,History",it,7.06,9/8/1966,8,534
3777,Throne of Blood,"Drama,History",ja,11.394,1/15/1957,8,604
70,Million Dollar Baby,Drama,en,20.343,12/15/2004,8,8068
920394,My Father's Violin,"Drama,Music",tr,33.154,1/21/2022,8,280
414419,Kill Bill: The Whole Bloody Affair,"Action,Crime,Thriller",en,21.607,3/27/2011,8,770
505262,My Hero Academia: Two Heroes,"Animation,Action,Adventure,Fantasy",ja,193.509,8/3/2018,8,778
31411,The Cameraman,"Comedy,Romance,Drama,Family",en,7.215,9/10/1928,8,265
76,Before Sunrise,"Drama,Romance",en,18.804,1/27/1995,8,3218
21334,Children of Heaven,"Drama,Family",fa,24.82,8/1/1997,8,458
49964,Where Is My Friend's House?,"Drama,Family",fa,7.118,7/1/1987,8,211
588228,The Tomorrow War,"Action,Science Fiction,Adventure",en,256.603,7/2/2021,8,5625
234,The Cabinet of Dr. Caligari,"Drama,Horror,Thriller,Crime",de,15.592,2/27/1920,8,1136
149,Akira,"Animation,Science Fiction,Action",ja,43.652,7/16/1988,8,3159
7857,Amarcord,"Comedy,Drama",it,16.436,12/13/1973,8,865
640,Catch Me If You Can,"Drama,Crime",en,45.878,12/25/2002,8,12740
76203,12 Years a Slave,"Drama,History",en,44.917,10/18/2013,8,9777
20722,La Maison en Petits Cubes,Animation,ja,11.186,6/10/2008,8,368
11010,The Postman,"Comedy,Drama,Romance",it,9.32,4/7/1994,8,932
5925,The Great Escape,"Adventure,Drama,History,Thriller,War",en,19.927,6/20/1963,8,2013
594634,Close to the Horizon,"Drama,Romance",de,22.815,10/10/2019,7.9,374
779047,Us Again,"Animation,Romance,Drama",en,7.785,3/3/2021,7.9,239
43949,Flipped,"Romance,Drama",en,38.408,8/6/2010,7.9,2257
548544,Invisible Life,Drama,pt,7.79,8/30/2019,7.9,246
152532,Dallas Buyers Club,"Drama,History",en,14.59,11/1/2013,7.9,7414
756999,The Black Phone,"Horror,Thriller",en,5278.336,6/22/2022,8,1101
491480,The Boy Who Harnessed the Wind,"Drama,History,Family",en,33.713,2/14/2019,7.9,1310
745,The Sixth Sense,"Mystery,Thriller,Drama",en,43.102,8/6/1999,7.9,9687
522212,Just Mercy,"Drama,Crime,History",en,15.744,12/25/2019,7.9,1755
160885,Tel chi el telùn,Comedy,it,4.366,5/12/1999,7.9,296
14160,Up,"Animation,Comedy,Family,Adventure",en,117.052,5/28/2009,7.9,17392
556901,Teen Titans Go! vs. Teen Titans,"Action,Animation",en,33.578,7/21/2019,7.9,385
552532,Charm City Kings,Drama,en,21.532,1/27/2020,7.9,299
316029,The Greatest Showman,Drama,en,30.112,12/20/2017,7.9,8202
9323,Ghost in the Shell,"Action,Animation,Science Fiction",ja,31.37,11/18/1995,7.9,2586
3083,Mr. Smith Goes to Washington,"Comedy,Drama",en,11.042,10/19/1939,7.9,800
223,Rebecca,"Mystery,Drama,Thriller,Romance",en,14.854,3/23/1940,7.9,1325
32085,Vincent,"Animation,Fantasy",en,8.369,10/1/1982,7.9,711
33,Unforgiven,Western,en,20.664,8/7/1992,7.9,3459
435129,The Breadwinner,"Animation,War,Drama",en,13.942,11/17/2017,7.9,625
8290,La Grande Vadrouille,"Comedy,War",fr,20.29,12/8/1966,7.9,1057
3034,Young Frankenstein,Comedy,en,14.001,12/15/1974,7.9,2600
508943,Luca,"Animation,Comedy,Family,Fantasy",en,341.705,6/17/2021,7.9,6498
334533,Captain Fantastic,"Adventure,Drama",en,48.913,7/8/2016,7.9,5500
1646,Freedom Writers,"Crime,Drama",en,26.723,1/5/2007,7.9,1816
150540,Inside Out,"Animation,Family,Adventure,Drama,Comedy",en,106.458,6/9/2015,7.9,18032
48035,Ordet,Drama,da,6.807,1/9/1955,7.9,265
25364,Ace in the Hole,Drama,en,7.672,6/29/1951,7.9,492
24167,Two Women,"Drama,War",it,7.185,12/22/1960,7.9,424
2011,Persepolis,"Animation,Drama",fr,10.692,6/27/2007,7.9,1559
197,Braveheart,"Action,Drama,History,War",en,38.892,3/14/1995,7.9,8481
78,Blade Runner,"Science Fiction,Drama,Thriller",en,40.476,6/25/1982,7.9,11599
613868,Cousins,"Comedy,Romance,Drama",pt,12.64,12/10/2019,7.9,242
10674,Mulan,"Animation,Family,Adventure",en,138.822,6/18/1998,7.9,8138
6977,No Country for Old Men,"Crime,Drama,Thriller",en,35.532,6/13/2007,7.9,9850
662,La Jetée,"Romance,Science Fiction",fr,10.496,2/16/1962,7.9,670
597316,My Little Pony: A New Generation,"Animation,Family,Fantasy,Comedy,Music,Adventure",en,90.393,9/23/2021,7.9,224
829,Chinatown,"Crime,Drama,Mystery,Thriller",en,18.292,6/20/1974,7.9,3008
329,Jurassic Park,"Adventure,Science Fiction",en,66.065,6/11/1993,7.9,13748
60243,A Separation,Drama,fa,10.258,2/15/2011,7.9,1358
81,Nausicaä of the Valley of the Wind,"Adventure,Animation,Fantasy",ja,28.385,3/11/1984,7.9,2741
85,Raiders of the Lost Ark,"Adventure,Action",en,39.769,6/12/1981,7.9,10209
31439,To Live,"Drama,Romance,War",zh,10.442,5/26/1994,7.9,200
10728,Faust,"Drama,Fantasy,Horror",de,7.325,10/13/1926,7.9,255
37797,Whisper of the Heart,"Animation,Drama,Family",ja,44.337,7/15/1995,7.9,1484
615453,Ne Zha,"Animation,Fantasy,Adventure",zh,23.083,7/26/2019,7.9,279
331482,Little Women,"Drama,Romance",en,43.437,12/25/2019,7.9,4920
10386,The Iron Giant,"Family,Animation,Adventure,Science Fiction,Comedy",en,82.321,8/6/1999,7.9,4586
7984,In the Name of the Father,Drama,en,14.667,12/12/1993,7.9,1374
671,Harry Potter and the Philosopher's Stone,"Adventure,Fantasy",en,287.011,11/16/2001,7.9,22937
183011,Justice League: The Flashpoint Paradox,"Science Fiction,Animation,Action,Adventure",en,32.533,7/30/2013,7.9,1475
47796,Mamma Roma,Drama,it,7.734,9/22/1962,7.9,298
2721,Z,"Drama,History,Thriller",fr,10.477,2/26/1969,7.9,321
679,Aliens,"Action,Thriller,Science Fiction",en,76.725,7/18/1986,7.9,7790
631,Sunrise: A Song of Two Humans,"Drama,Romance",en,8.53,11/4/1927,7.9,603
45523,Louis C.K.: Hilarious,Comedy,en,5.554,1/26/2010,7.9,218
3870,1900,"Drama,History",it,12.417,9/1/1976,7.9,488
3112,The Night of the Hunter,"Crime,Drama,Thriller",en,8.633,8/26/1955,7.9,1201
122906,About Time,"Drama,Romance,Fantasy",en,35.697,9/4/2013,7.9,7013
198,To Be or Not to Be,"Comedy,War",en,9.583,3/5/1942,7.9,509
118340,Guardians of the Galaxy,"Action,Science Fiction,Adventure",en,80.592,7/30/2014,7.9,24684
29455,Winter Light,Drama,sv,6.906,2/11/1963,7.9,325
1892,Return of the Jedi,"Adventure,Action,Science Fiction",en,26.349,5/25/1983,7.9,13013
194,Amélie,"Comedy,Romance",fr,29.126,4/25/2001,7.9,9821
564427,Minha Vida em Marte,"Comedy,Romance",pt,4.298,12/27/2018,7.9,261
369557,Sing Street,"Comedy,Romance,Drama,Music",en,12.019,3/11/2016,7.9,1929
1402,The Pursuit of Happyness,Drama,en,36.131,12/14/2006,7.9,8357
946,Letter from an Unknown Woman,"Drama,Romance",en,7.502,4/28/1948,7.9,228
804,Roman Holiday,"Romance,Comedy,Drama",en,16.377,8/26/1953,7.9,1594
746957,You've Got This,"Romance,Comedy",es,11.641,10/2/2020,7.9,253
56231,The Working Class Goes to Heaven,Drama,it,7.646,9/17/1971,7.9,275
31442,Ivan's Childhood,"Drama,War",ru,8.835,5/9/1962,7.9,519
579245,The Specials,"Comedy,Drama",fr,8.328,10/23/2019,7.9,715
25538,Yi Yi,"Drama,Romance",zh,13.577,9/20/2000,7.9,371
3078,It Happened One Night,"Comedy,Romance",en,9.83,2/22/1934,7.9,929
16,Dancer in the Dark,"Drama,Crime",en,13.371,6/30/2000,7.9,1425
83564,La luna,"Animation,Family",en,6.159,2/10/2012,7.9,662
949,Heat,"Action,Crime,Drama,Thriller",en,66.459,12/15/1995,7.9,5629
752,V for Vendetta,"Action,Thriller,Fantasy",en,40.257,2/23/2006,7.9,12384
301,Rio Bravo,Western,en,15.976,3/17/1959,7.9,867
379170,Sherlock: The Abominable Bride,"Crime,Drama,Mystery,TV Movie",en,24.639,1/1/2016,7.9,2017
16390,Scooby-Doo! and the Samurai Sword,"Family,Mystery,Animation,Comedy,Action,Fantasy",en,12.718,4/7/2009,7.9,205
13398,Tokyo Godfathers,"Animation,Drama,Comedy",ja,12.468,12/29/2003,7.9,855
367412,Whiplash,"Drama,Music",en,7.658,1/18/2013,7.9,259
348892,Bajrangi Bhaijaan,"Action,Comedy,Drama",hi,9.579,7/17/2015,7.9,362
296096,Me Before You,"Drama,Romance",en,141.412,6/1/2016,7.9,10296
404378,A Street Cat Named Bob,"Family,Drama",en,15.579,11/4/2016,7.9,1139
1394,Nostalgia,"Drama,Romance",ru,11.362,5/1/1983,7.9,389
6715,The Cure,"Drama,Family",en,11.008,4/21/1995,7.9,240
10997,Farewell My Concubine,Drama,zh,10.943,1/1/1993,7.9,382
726684,Miraculous World: Shanghai – The Legend of Ladydragon,"Animation,Family,Adventure,Fantasy,Action,TV Movie",fr,268.031,5/15/2021,7.9,459
210577,Gone Girl,"Mystery,Thriller,Drama",en,50.917,10/1/2014,7.9,15994
843241,The Seven Deadly Sins: Cursed by Light,"Animation,Fantasy",ja,452.698,7/2/2021,7.9,366
391,A Fistful of Dollars,Western,it,21.83,1/18/1964,7.9,3333
30588,Monsieur Verdoux,"Comedy,Crime",en,8.117,9/26/1947,7.9,306
1675,Day for Night,"Comedy,Drama",fr,6.809,5/24/1973,7.9,480
11293,Paper Moon,"Comedy,Crime,Drama",en,9.458,5/9/1973,7.9,516
827,Diabolique,"Drama,Horror,Thriller",fr,9.478,1/29/1955,7.9,722
86000,Always,"Romance,Drama,Adventure",ko,10.591,10/20/2011,7.9,223
430424,See You Up There,"Drama,Crime,War",fr,10.747,10/25/2017,7.9,1067
313369,La La Land,"Comedy,Drama,Romance,Music",en,33.13,11/29/2016,7.9,14402
11830,Tampopo,Comedy,ja,8.819,11/23/1985,7.9,234
303867,World of Tomorrow,"Animation,Drama,Science Fiction",en,5.697,1/22/2015,7.9,248
20873,The Diamond Arm,"Adventure,Comedy,Crime",ru,6.761,2/2/1968,7.9,210
381341,Perfect Strangers,"Comedy,Drama",it,14.692,2/11/2016,7.9,3907
16804,Departures,Drama,ja,9.363,9/13/2008,7.9,635
275,Fargo,"Crime,Drama,Thriller",en,16.833,3/8/1996,7.9,6488
11036,The Notebook,"Romance,Drama",en,73.957,6/25/2004,7.9,9665
593,Solaris,"Drama,Science Fiction,Mystery",ru,11.956,3/20/1972,7.9,1232
393,Kill Bill: Vol. 2,"Action,Crime,Thriller",en,36.306,4/16/2004,7.9,11872
266856,The Theory of Everything,"Drama,Romance",en,33.618,11/26/2014,7.9,9418
833,Umberto D.,Drama,it,8.132,1/20/1952,7.9,512
505192,Shoplifters,Drama,ja,14.373,6/2/2018,7.9,1587
597,Titanic,"Drama,Romance",en,161.931,11/18/1997,7.9,21277
22596,Safety Last!,"Comedy,Romance,Action",en,7.928,4/1/1923,7.9,351
2440,Joint Security Area,"War,Drama,Thriller,Action",ko,12.609,9/9/2000,7.9,468
5511,Le Samouraï,"Crime,Thriller",fr,12.288,10/25/1967,7.9,759
22843,Evangelion: 2.0 You Can (Not) Advance,"Animation,Science Fiction,Action,Drama",ja,30.334,6/26/2009,7.9,618
934,Rififi,"Drama,Action,Crime",fr,8.753,4/13/1955,7.9,403
438631,Dune,"Science Fiction,Adventure",en,216.157,9/8/2021,7.9,7373
10774,Network,Drama,en,10.745,11/14/1976,7.9,1309
1162,The Miracle Worker,Drama,en,6.016,5/23/1962,7.9,226
235,Stand by Me,"Crime,Drama",en,21.683,8/8/1986,7.9,4639
398924,A Bag of Marbles,"War,Drama",fr,7.65,1/18/2017,7.9,723
93,Anatomy of a Murder,"Crime,Drama,Mystery,Thriller",en,13.772,7/1/1959,7.9,732
23160,Werckmeister Harmonies,Drama,hu,9.083,7/12/2000,7.9,231
399174,Isle of Dogs,"Adventure,Comedy,Animation",en,18.433,3/23/2018,7.9,3937
152601,Her,"Romance,Science Fiction,Drama",en,27.412,12/18/2013,7.9,12233
33320,Millennium Actress,"Animation,Drama,Romance",ja,13.83,9/14/2001,7.9,567
602063,Rurouni Kenshin: The Final,"Action,Adventure,Drama",ja,62.242,4/23/2021,7.9,329
293299,Feast,"Animation,Comedy,Drama,Family",en,8.069,10/25/2014,7.9,761
705861,Hustle,"Drama,Comedy",en,966.604,6/3/2022,7.9,1209
579792,Cindy La Regia,"Comedy,Romance",es,13.303,1/24/2020,7.9,220
445030,No Game No Life: Zero,"Animation,Action,Drama",ja,50.661,7/15/2017,7.9,287
5544,Hiroshima Mon Amour,"Drama,History,Romance",fr,13.006,6/10/1959,7.9,596
546554,Knives Out,"Comedy,Crime,Mystery",en,55.712,11/27/2019,7.9,9033
352173,Drishyam,"Crime,Drama,Thriller,Mystery",hi,6.715,7/30/2015,7.9,270
5924,Papillon,"Crime,Drama",en,17.457,12/13/1973,7.9,1499
677638,We Bare Bears: The Movie,"Animation,Adventure,Family,Comedy,TV Movie",en,85.597,6/30/2020,7.9,725
614917,King Richard,"Drama,History",en,88.414,11/18/2021,7.9,1430
11602,Through a Glass Darkly,Drama,sv,7.207,6/6/1961,7.9,377
185789,Mulholland Dr.,"Thriller,TV Movie,Drama,Mystery",en,7.148,1/1/1999,7.9,382
11953,Kagemusha,"Action,Drama,History,War",ja,12.106,4/26/1980,7.9,489
180147,We Are the Nobles,Comedy,es,43.243,3/28/2013,7.9,410
581,Dances with Wolves,"Adventure,Drama,Western",en,23.701,3/30/1990,7.9,3402
113833,The Normal Heart,Drama,en,8.249,5/25/2014,7.9,780
24238,Mary and Max,"Animation,Comedy,Drama",en,12.492,2/9/2009,7.9,1565
14574,The Boy in the Striped Pyjamas,"War,Drama,History",en,80.111,5/7/2008,7.9,5926
453,A Beautiful Mind,"Drama,Romance",en,35.547,12/11/2001,7.9,8623
71157,Polisse,"Drama,Thriller",fr,7.433,10/6/2011,7.9,1008
980,The Ox-Bow Incident,Western,en,10.808,12/4/1942,7.9,275
47931,Elite Squad: The Enemy Within,"Drama,Action,Crime",pt,22.556,10/8/2010,7.9,1468
31011,Mr. Nobody,"Science Fiction,Drama,Romance,Fantasy",en,20.672,11/6/2009,7.9,5162
665,Ben-Hur,"Action,Drama,History",en,34.717,11/18/1959,7.9,2134
596,The Grapes of Wrath,Drama,en,11.375,3/15/1940,7.9,737
899405,Anonymously Yours,"Drama,Romance",es,50.904,12/10/2021,7.8,286
265195,Wild Tales,"Drama,Thriller,Comedy",es,21.016,8/21/2014,7.8,2692
1626,Vivre Sa Vie,Drama,fr,10.169,8/28/1962,7.8,481
777,Grand Illusion,"Drama,History,War",fr,7.248,6/4/1937,7.8,508
144,Wings of Desire,"Drama,Fantasy,Romance",de,10.925,5/17/1987,7.8,973
115,The Big Lebowski,"Comedy,Crime",en,24.165,3/6/1998,7.8,9452
32480,The Marquis of Grillo,Comedy,it,5.543,12/23/1981,7.8,395
24480,Partly Cloudy,"Animation,Family,Comedy",en,8.872,5/28/2009,7.8,862
11049,Interstella 5555: The 5tory of the 5ecret 5tar 5ystem,"Animation,Science Fiction,Music,Adventure",ja,11.173,5/28/2003,7.8,325
59440,Warrior,"Drama,Action",en,76.067,9/9/2011,7.8,3761
359156,Don't Be Bad,"Crime,Drama",it,6.897,9/8/2015,7.8,819
152742,The Best Offer,"Drama,Romance,Crime",it,10.673,1/1/2013,7.8,2438
58129,The Phantom Carriage,"Drama,Fantasy,Horror",sv,11.533,1/1/1921,7.8,222
16859,Kiki's Delivery Service,"Animation,Family,Fantasy,Adventure",ja,42.865,7/29/1989,7.8,3078
6075,Carlito's Way,"Crime,Thriller,Drama",en,17.871,11/10/1993,7.8,2542
10757,Kabhi Khushi Kabhie Gham,"Comedy,Drama",hi,16.124,12/14/2001,7.8,432
50759,An Autumn Afternoon,Drama,ja,10.399,11/18/1962,7.8,200
9479,The Nightmare Before Christmas,"Fantasy,Animation,Family",en,83.129,10/9/1993,7.8,7580
810693,Jujutsu Kaisen 0,"Animation,Action,Fantasy",ja,1444.117,12/24/2021,7.8,233
503314,Dragon Ball Super: Broly,"Action,Science Fiction,Animation",ja,131.817,12/14/2018,7.8,2330
200727,"Love, Rosie","Comedy,Romance",en,64.502,10/16/2014,7.8,5518
1018,Mulholland Drive,"Thriller,Drama,Mystery",en,24.039,6/6/2001,7.8,4971
887,The Best Years of Our Lives,"Drama,Romance,War",en,11.9,12/25/1946,7.8,474
354857,Regular Show: The Movie,"Animation,Comedy,Science Fiction,TV Movie",en,31.338,9/1/2015,7.8,274
317442,The Last: Naruto the Movie,"Action,Romance,Animation",ja,226.8,12/6/2014,7.8,1198
5000,Forbidden Games,"Drama,History",fr,7.074,5/9/1952,7.8,233
113,"Spring, Summer, Fall, Winter... and Spring",Drama,ko,11.302,9/19/2003,7.8,835
609242,The Heist of the Century,"Comedy,Thriller,Crime",es,37.98,1/16/2020,7.8,635
25253,Crooks in Clover,"Action,Comedy,Crime",fr,8.719,11/27/1963,7.8,407
15859,A Moment to Remember,"Drama,Romance",ko,15.273,11/5/2004,7.8,232
841755,Mortal Kombat Legends: Battle of the Realms,"Animation,Action,Fantasy",en,121.616,8/30/2021,7.8,276
21135,L'Eclisse,"Romance,Drama",it,7.817,4/12/1962,7.8,346
613,Downfall,"Drama,History,War",de,16.996,9/16/2004,7.8,3051
136,Freaks,"Drama,Horror",en,11.787,2/12/1932,7.8,909
11656,The Virgin Spring,"Crime,Drama,Thriller",sv,7.656,2/8/1960,7.8,455
335578,Land of Mine,"War,Drama,History",da,11.764,12/3/2015,7.8,1187
31056,A Short Film About Love,"Drama,Romance",pl,5.732,1/1/1988,7.8,270
89,Indiana Jones and the Last Crusade,"Adventure,Action",en,33.359,5/24/1989,7.8,8253
5991,The Last Laugh,Drama,de,5.843,12/23/1924,7.8,224
12,Finding Nemo,"Animation,Family",en,128.733,5/30/2003,7.8,16604
968,Dog Day Afternoon,"Crime,Drama,Thriller",en,16.178,8/1/1975,7.8,2330
805,Rosemary's Baby,"Drama,Horror,Thriller",en,23.645,6/12/1968,7.8,3145
585,"Monsters, Inc.","Animation,Comedy,Family",en,220.605,11/1/2001,7.8,15713
10775,Infernal Affairs,"Drama,Action,Thriller,Crime,Mystery",cn,12.826,12/12/2002,7.8,1214
5915,Into the Wild,"Adventure,Drama",en,15.802,9/11/2007,7.8,8347
826,The Bridge on the River Kwai,"Drama,History,War",en,12.349,10/11/1957,7.8,1601
674,Harry Potter and the Goblet of Fire,"Adventure,Fantasy,Family",en,260.25,11/16/2005,7.8,17479
396,Who's Afraid of Virginia Woolf?,Drama,en,7.875,6/22/1966,7.8,621
446159,Bacurau,"Mystery,Western,Thriller",pt,9.3,8/29/2019,7.8,860
502,Fail Safe,"Drama,Thriller,War",en,10.059,10/7/1964,7.8,273
810171,The Valet,"Comedy,Romance",en,362.118,5/11/2022,7.8,291
80,Before Sunset,"Drama,Romance",en,15.163,2/10/2004,7.8,2681
314365,Spotlight,"Drama,History",en,13.601,11/6/2015,7.8,7240
25606,White Collar Blues,Comedy,it,8.418,3/27/1975,7.8,712
1908,Inherit the Wind,"Drama,History",en,6.26,7/7/1960,7.8,307
1280,3-Iron,"Drama,Romance,Crime",ko,16.35,10/15/2004,7.8,908
831223,Gone Mom: The Disappearance of Jennifer Dulos,"TV Movie,Thriller,Crime",en,113.99,6/5/2021,7.8,206
142,Brokeback Mountain,"Drama,Romance",en,34.878,9/10/2005,7.8,5815
263115,Logan,"Action,Drama,Science Fiction",en,75.673,2/28/2017,7.8,16975
506574,Descendants 3,"Family,TV Movie,Music,Adventure,Fantasy",en,76.06,8/2/2019,7.8,1240
29845,A Woman Under the Influence,Drama,en,9.083,9/19/1974,7.8,336
762,Monty Python and the Holy Grail,"Adventure,Comedy,Fantasy",en,15.461,5/25/1975,7.8,4729
393559,My Life as a Zucchini,"Animation,Drama,Comedy",fr,9.383,10/12/2016,7.8,1074
423612,Never Look Away,"Drama,Thriller,Romance",de,8.727,10/3/2018,7.8,518
419478,Midnight Sun,"Romance,Drama",en,33.951,3/22/2018,7.8,3010
656563,Rich in Love,"Comedy,Romance",pt,17.857,4/30/2020,7.8,530
428493,God's Own Country,"Romance,Drama",en,22.96,9/1/2017,7.8,725
375794,No Manches Frida,Comedy,es,109.145,9/2/2016,7.8,659
22683,Gifted Hands: The Ben Carson Story,Drama,en,29.782,2/7/2009,7.8,443
696,Manhattan,"Comedy,Drama,Romance",en,9.084,4/25/1979,7.8,1935
435366,Fabricated City,"Action,Thriller,Crime",ko,15.89,2/9/2017,7.8,257
5961,Fanny and Alexander,"Fantasy,Drama,Mystery",sv,9.979,12/17/1982,7.8,592
20126,Deep Red,"Horror,Mystery,Thriller",it,11.629,3/7/1975,7.8,1144
303,Notorious,"Thriller,Romance,Mystery",en,13.089,8/21/1946,7.8,1222
323272,War Room,"Drama,Romance",en,44.786,8/28/2015,7.8,375
13042,Presto,"Animation,Family",en,7.149,6/27/2008,7.8,824
107,Snatch,"Crime,Comedy",en,25.203,1/19/2000,7.8,7439
539517,Constantine: City of Demons - The Movie,"Fantasy,Animation,Horror,Action",en,32.083,10/4/2018,7.8,446
28145,"They Shoot Horses, Don't They?",Drama,en,8.158,12/10/1969,7.8,229
10193,Toy Story 3,"Animation,Family,Comedy",en,116.195,6/16/2010,7.8,12665
10191,How to Train Your Dragon,"Fantasy,Adventure,Animation,Family",en,116.06,3/18/2010,7.8,11074
1480,Touch of Evil,"Crime,Thriller",en,9.267,3/30/1958,7.8,1132
730840,Trollhunters: Rise of the Titans,"Animation,Fantasy,Family,Action,Adventure",en,90.609,7/21/2021,7.8,250
52345,Lisbela and the Prisoner,"Comedy,Romance",pt,1.278,8/22/2003,7.8,338
17483,Shelter,"Drama,Romance",en,11.763,6/16/2007,7.8,412
262,The King of Comedy,"Drama,Comedy",en,13.302,2/18/1983,7.8,1734
141,Donnie Darko,"Fantasy,Drama,Mystery",en,32.477,10/24/2001,7.8,10520
583083,The Kissing Booth 2,"Comedy,Romance",en,60.867,7/24/2020,7.8,4541
359784,Maudie,"Drama,Romance",en,20.045,6/16/2016,7.8,340
149870,The Wind Rises,"Family,Drama,Animation,War,History,Romance",ja,33.882,7/20/2013,7.8,2283
925,Do the Right Thing,Drama,en,11.34,6/14/1989,7.8,1329
143,All Quiet on the Western Front,"Drama,War",en,14.554,4/29/1930,7.8,541
13855,The Chaser,"Crime,Drama,Thriller",ko,10.629,2/14/2008,7.8,970
553,Dogville,"Crime,Drama,Thriller",en,13.5,5/19/2003,7.8,1955
14836,Coraline,"Animation,Family,Fantasy",en,231.561,2/5/2009,7.8,5902
336804,Mustang,Drama,tr,9.23,6/17/2015,7.8,1194
126319,Ernest & Celestine,"Animation,Comedy,Drama,Family,Adventure",fr,7.494,12/12/2012,7.8,468
11697,The Man Who Shot Liberty Valance,Western,en,15.882,4/15/1962,7.8,843
573699,White Snake,"Romance,Animation,Fantasy",zh,73.37,1/11/2019,7.8,324
277216,Straight Outta Compton,"Drama,Music,History",en,52.239,8/11/2015,7.8,3237
770254,Back to the Outback,"Animation,Family,Adventure,Comedy",en,158.647,12/3/2021,7.8,514
498249,Bad Seeds,Comedy,fr,8.484,11/21/2018,7.8,492
4977,Paprika,"Animation,Drama,Mystery,Science Fiction",ja,20.965,10/1/2006,7.8,1709
851,Brief Encounter,"Drama,Romance",en,8.197,11/24/1945,7.8,443
713776,If Anything Happens I Love You,"Drama,Animation",en,6.943,8/8/2020,7.8,667
49687,Marriage Italian Style,"Drama,Comedy,Romance",it,12.606,12/18/1964,7.8,404
22504,The King and the Mockingbird,"Animation,Family,Fantasy",fr,4.434,3/19/1980,7.8,299
72660,I Don't Want to Go Back Alone,"Drama,Romance",pt,7.353,7/18/2010,7.8,201
49797,I Saw the Devil,"Thriller,Horror",ko,17.667,8/12/2010,7.8,1897
16237,Teen Titans: Trouble in Tokyo,"Action,Animation,Family,Science Fiction,TV Movie",en,25.608,9/15/2006,7.8,281
357786,Kizumonogatari Part 1: Tekketsu,"Animation,Fantasy,Mystery",ja,27.242,1/8/2016,7.8,209
169813,Short Term 12,Drama,en,9.199,8/23/2013,7.8,1063
10227,PlayTime,Comedy,fr,9.564,12/16/1967,7.8,407
703,Annie Hall,"Comedy,Drama,Romance",en,11.083,4/19/1977,7.8,3228
629542,The Bad Guys,"Animation,Comedy,Family,Crime",en,669.938,3/17/2022,7.8,836
537116,"tick, tick... BOOM!",Drama,en,41.609,11/11/2021,7.8,1447
15916,Angel's Egg,"Animation,Fantasy,Mystery",ja,11.425,12/22/1985,7.8,281
40662,Batman: Under the Red Hood,"Science Fiction,Crime,Action,Animation,Mystery",en,29.524,7/27/2010,7.8,1296
873,The Color Purple,Drama,en,14.284,12/18/1985,7.8,1346
29458,One Hundred Steps,"Drama,History",it,7.125,9/1/2000,7.8,558
234200,Pride,"Drama,Comedy",en,7.863,9/12/2014,7.8,1097
28162,A Matter of Life and Death,"Comedy,Fantasy,Romance,Drama",en,7.188,12/15/1946,7.8,277
27670,Nothing Left to Do but Cry,Comedy,it,6.717,12/20/1984,7.8,940
2118,L.A. Confidential,"Crime,Drama,Mystery,Thriller",en,14.13,9/19/1997,7.8,3920
2062,Ratatouille,"Animation,Comedy,Family,Fantasy",en,150.31,6/28/2007,7.8,14143
12496,The Twilight Samurai,"Drama,Romance,History",ja,9.421,11/2/2002,7.8,231
12444,Harry Potter and the Deathly Hallows: Part 1,"Adventure,Fantasy",en,252.448,10/17/2010,7.8,16225
616584,K-12,"Music,Horror,Fantasy",en,9.338,9/5/2019,7.8,214
20139,The Children's Hour,"Drama,Romance",en,9.287,12/19/1961,7.8,259
22,Pirates of the Caribbean: The Curse of the Black Pearl,"Adventure,Fantasy,Action",en,166.203,7/9/2003,7.8,17723
84892,The Perks of Being a Wallflower,Drama,en,57.496,9/20/2012,7.8,9057
614934,Elvis,"Drama,History,Music",en,364.203,6/22/2022,7.8,543
317182,Doctor Who: Last Christmas,"Science Fiction,Adventure,Drama",en,5.396,12/25/2014,7.8,207
16052,Selena,"Music,Drama,History",en,30.875,3/21/1997,7.8,1022
1607,A Bronx Tale,"Drama,Crime",en,21.149,9/14/1993,7.8,1682
508439,Onward,"Family,Animation,Adventure,Comedy,Fantasy",en,52.864,2/29/2020,7.8,5096
14282,Ninja Scroll,"Fantasy,Adventure,Animation",ja,25.175,6/5/1993,7.8,442
672322,Rurouni Kenshin: The Beginning,"Action,Adventure,Drama",ja,131.667,6/4/2021,7.8,284
166428,How to Train Your Dragon: The Hidden World,"Animation,Family,Adventure",en,148.415,1/3/2019,7.8,5224
18079,Nine Queens,Crime,es,7.15,8/31/2000,7.8,531
14069,The Girl Who Leapt Through Time,"Fantasy,Animation,Drama,Science Fiction",ja,33.368,7/15/2006,7.8,1623
11621,Porco Rosso,"Family,Comedy,Animation,Adventure",ja,28.28,7/18/1992,7.8,2531
1366,Rocky,"Drama,Romance",en,47.522,11/21/1976,7.8,6204
117,The Untouchables,"Crime,Drama,History,Thriller",en,20.829,6/3/1987,7.8,4660
530254,The Witch: Part 1. The Subversion,"Action,Mystery,Fantasy",ko,67.906,6/27/2018,7.8,264
492188,Marriage Story,Drama,en,23.26,9/28/2019,7.8,5798
963,The Maltese Falcon,"Mystery,Crime,Thriller",en,9.908,10/18/1941,7.8,1277
587,Big Fish,"Adventure,Fantasy,Drama",en,27.092,12/25/2003,7.8,6194
337960,Holding the Man,Drama,en,7.969,8/27/2015,7.8,410
221732,Rurouni Kenshin Part III: The Legend Ends,"Action,Adventure,Drama,Fantasy",ja,20.226,9/13/2014,7.8,356
49026,The Dark Knight Rises,"Action,Crime,Drama,Thriller",en,91.76,7/16/2012,7.8,19738
33602,Temple Grandin,Drama,en,10.591,2/6/2010,7.8,313
583,Life of Brian,Comedy,en,17.84,8/17/1979,7.8,3554
396535,Train to Busan,"Action,Horror,Thriller",ko,103.778,7/20/2016,7.8,5798
61979,Three Steps Above Heaven,"Romance,Drama",es,131.177,12/3/2010,7.8,2511
10315,Fantastic Mr. Fox,"Adventure,Animation,Comedy,Family",en,25.751,10/23/2009,7.8,4159
2108,The Breakfast Club,"Comedy,Drama",en,18.771,2/15/1985,7.8,6866
709629,War of Likes,Comedy,es,38.23,3/12/2021,7.8,228
123025,"Batman: The Dark Knight Returns, Part 1","Science Fiction,Action,Animation,Mystery",en,25.449,8/21/2012,7.8,1256
86837,Amour,"Drama,Romance",fr,11.557,9/20/2012,7.8,1323
903,Cool Hand Luke,"Crime,Drama",en,14.453,6/22/1967,7.8,1073
27040,Meshes of the Afternoon,"Mystery,Fantasy",en,6.612,1/1/1943,7.8,272
486589,Red Shoes and the Seven Dwarfs,"Animation,Romance,Family",en,83.167,7/25/2019,7.8,871
451945,BPM (Beats per Minute),Drama,fr,10.128,8/23/2017,7.8,1188
399566,Godzilla vs. Kong,"Action,Fantasy,Science Fiction",en,260.732,3/24/2021,7.8,8073
393729,Divines,Drama,fr,9.632,8/31/2016,7.8,577
40619,Day & Night,"Animation,Family",en,7.58,6/17/2010,7.8,746
11005,Awakenings,Drama,en,11.585,12/4/1990,7.8,1929
9421,The Dinner Game,Comedy,fr,8.362,4/15/1998,7.8,1548
632,Stalag 17,"War,Comedy,Thriller",en,7.54,5/29/1953,7.8,447
556984,The Trial of the Chicago 7,"Drama,History",en,15.869,9/25/2020,7.8,2411
414906,The Batman,"Crime,Mystery,Thriller",en,881.595,3/1/2022,7.8,5652
30018,Mother,"Crime,Drama,Mystery,Thriller",ko,11.011,5/28/2009,7.8,1070
14811,Fiddler on the Roof,"Drama,Romance",en,15.989,11/3/1971,7.8,413
380,Rain Man,Drama,en,18.587,12/11/1988,7.8,5188
599521,Z-O-M-B-I-E-S 2,"Music,Romance,TV Movie",en,125.282,6/13/2020,7.7,332
3763,Onibaba,"Horror,Drama",ja,11.412,11/21/1964,7.8,270
502033,Sound of Metal,"Drama,Music",en,14.749,11/20/2020,7.8,1853
336,"Duck, You Sucker",Western,it,12.362,10/20/1971,7.8,815
471707,Corpus Christi,Drama,pl,63.876,9/10/2019,7.8,395
52629,El Infierno,"Drama,Crime,Comedy",es,84.226,9/3/2010,7.8,444
582927,I'm No Longer Here,Drama,es,14.272,10/21/2019,7.8,375
990,The Hustler,Drama,en,12.37,9/25/1961,7.8,741
562,Die Hard,"Action,Thriller",en,44.345,7/15/1988,7.8,9223
374473,"I, Daniel Blake",Drama,en,12.602,10/21/2016,7.8,1142
203217,My Mom is a Character,Comedy,pt,5.084,6/21/2013,7.8,568
13929,Geri's Game,"Animation,Family",en,9.043,11/24/1997,7.8,939
12491,Accattone,Drama,it,6.357,9/25/1961,7.8,368
309,The Celebration,Drama,da,11.425,6/19/1998,7.8,748
81401,The Turin Horse,Drama,hu,14.96,2/15/2011,7.8,266
3114,The Searchers,Western,en,15.027,5/7/1956,7.8,1057
525,The Blues Brothers,"Music,Comedy,Action,Crime",en,16.088,6/16/1980,7.8,3440
177572,Big Hero 6,"Adventure,Family,Animation,Action,Comedy",en,218.287,10/24/2014,7.7,13789
10229,A Walk to Remember,"Drama,Romance",en,53.892,1/25/2002,7.7,3535
1700,Misery,"Drama,Thriller",en,22.746,11/30/1990,7.7,3707
792,Platoon,"Drama,War,Action",en,29.809,12/19/1986,7.7,3605
322,Mystic River,"Thriller,Crime,Drama,Mystery",en,22.343,1/1/2003,7.7,5328
382591,Two Is a Family,"Drama,Comedy",fr,19.377,12/7/2016,7.7,2723
269149,Zootopia,"Animation,Adventure,Family,Comedy",en,139.832,2/11/2016,7.7,14106
1417,Pan's Labyrinth,"Fantasy,Drama,War",es,64.149,10/10/2006,7.7,9048
216,Ali: Fear Eats the Soul,"Romance,Drama",de,7.046,6/5/1974,7.7,284
14756,Ip Man,"Drama,Action,History",cn,21.187,12/12/2008,7.7,3087
413594,Sword Art Online: The Movie – Ordinal Scale,"Animation,Action,Adventure,Fantasy,Romance,Science Fiction",ja,73.573,2/18/2017,7.7,538
165,Back to the Future Part II,"Adventure,Comedy,Family,Science Fiction",en,29.999,11/22/1989,7.7,10781
508933,Ricky Gervais: Humanity,Comedy,en,7.809,3/13/2018,7.7,336
650031,The Shadow in My Eye,"War,Drama,History",da,16.834,10/28/2021,7.8,237
554590,Tod@s Caen,Comedy,es,26.549,8/30/2019,7.7,431
30959,Kwaidan,"Fantasy,Horror,Drama",ja,11.168,12/29/1964,7.7,271
6844,The Ten Commandments,"Drama,History",en,57.079,10/5/1956,7.7,1151
25050,Still Walking,"Drama,Family",ja,10.846,6/28/2008,7.7,261
20123,Time of the Gypsies,"Drama,Comedy,Crime,Fantasy",sh,9.054,12/21/1988,7.7,272
13002,Barbie in The 12 Dancing Princesses,"Animation,Family",en,58.514,9/19/2006,7.7,880
10020,Beauty and the Beast,"Romance,Family,Animation,Fantasy",en,121.369,10/22/1991,7.7,8516
9475,Scent of a Woman,Drama,en,21.34,12/23/1992,7.7,2580
404,The Straight Story,Drama,en,11.262,10/15/1999,7.7,1189
273248,The Hateful Eight,"Drama,Mystery,Western",en,24.136,12/25/2015,7.7,12253
45269,The King's Speech,"Drama,History",en,17.692,11/26/2010,7.7,7518
4495,The Spirit of the Beehive,"Drama,Fantasy",es,7.492,10/8/1973,7.7,255
9800,Philadelphia,Drama,en,17.163,12/22/1993,7.7,3529
24160,My Friends Act II,Comedy,it,4.819,12/22/1982,7.7,293
499,Cléo from 5 to 7,Drama,fr,8.878,4/11/1962,7.7,449
12405,Slumdog Millionaire,"Drama,Romance",en,21.848,11/12/2008,7.7,9110
137182,The Broken Circle Breakdown,Drama,nl,6.483,10/9/2012,7.7,897
444705,Dave Chappelle: The Age of Spin,Comedy,en,5.073,3/21/2017,7.7,201
15265,The Red Balloon,"Comedy,Drama,Family,Fantasy",fr,7.086,8/24/1956,7.7,294
845,Strangers on a Train,"Crime,Thriller,Mystery",en,10.95,6/27/1951,7.7,1253
16306,Fantastic Planet,"Animation,Science Fiction",fr,26.501,12/1/1973,7.7,679
672,Harry Potter and the Chamber of Secrets,"Adventure,Fantasy",en,284.928,11/13/2002,7.7,18484
993,Sleuth,"Mystery,Thriller,Crime",en,7.859,12/10/1972,7.7,458
575452,The Traitor,"Drama,Crime,Thriller",it,10.503,5/23/2019,7.7,1122
11902,Underground,"Comedy,Drama,War",sr,8.24,4/11/1995,7.7,498
567410,System Crasher,Drama,de,7.995,9/19/2019,7.7,228
12429,Ponyo,"Animation,Fantasy,Family",ja,93.7,7/19/2008,7.7,3299
3309,Mildred Pierce,"Crime,Drama",en,8.822,10/20/1945,7.7,287
11482,The Tenant,"Thriller,Horror,Drama",fr,6.51,5/26/1976,7.7,880
653,Nosferatu,"Fantasy,Horror",de,16.989,2/16/1922,7.7,1492
11220,Fallen Angels,"Action,Romance,Crime",cn,15.731,9/6/1995,7.7,639
10835,The Killer,"Action,Crime,Drama,Thriller",cn,13.672,7/6/1989,7.7,573
205,Hotel Rwanda,"Drama,History,War",en,14.665,3/4/2004,7.7,2323
976,Sweet Smell of Success,Drama,en,11.153,7/4/1957,7.7,334
334,Magnolia,Drama,en,13.294,12/10/1999,7.7,2831
14580,The Big Heat,"Crime,Drama,Thriller",en,9.854,10/14/1953,7.7,373
1040,The Leopard,Drama,it,8.982,3/28/1963,7.7,601
261,Cat on a Hot Tin Roof,"Drama,Romance",en,11.224,8/29/1958,7.7,594
637649,Wrath of Man,"Action,Crime,Thriller",en,222.541,4/22/2021,7.7,3780
4808,Charade,"Comedy,Mystery,Romance",en,12.94,12/5/1963,7.7,1052
995,Stagecoach,"Western,Adventure,Action,Drama,Romance",en,11.182,3/3/1939,7.7,851
596054,Heroic Losers,"Comedy,Thriller",es,12.167,8/15/2019,7.7,453
23832,For Love and Gold,"Adventure,Comedy",it,7.333,4/7/1966,7.7,289
11787,Harvey,"Comedy,Fantasy",en,7.122,12/4/1950,7.7,467
580175,Another Round,"Comedy,Drama",da,20.247,9/24/2020,7.7,2054
453191,The Big Bad Fox and Other Tales,"Family,Animation,Comedy",fr,9.916,6/21/2017,7.7,224
9552,The Exorcist,Horror,en,113.45,12/26/1973,7.7,6403
5528,The Chorus,Drama,fr,11.562,3/17/2004,7.7,2004
48831,My Night at Maud's,"Romance,Comedy,Drama",fr,7.976,6/4/1969,7.7,208
15121,The Sound of Music,"Drama,Family,Music,Romance",en,18.422,3/29/1965,7.7,2655
10633,In the Heat of the Night,"Crime,Drama,Mystery,Thriller",en,10.9,8/2/1967,7.7,765
162,Edward Scissorhands,"Fantasy,Drama,Romance",en,57.006,12/5/1990,7.7,11045
128246,A Werewolf Boy,"Romance,Fantasy",ko,18.163,10/31/2012,7.7,208
12219,12 Angry Men,"Crime,Drama,TV Movie",en,8.953,8/17/1997,7.7,220
371645,Hunt for the Wilderpeople,"Adventure,Comedy,Drama",en,16.193,3/31/2016,7.7,1640
5910,Fireworks,"Crime,Drama",ja,11.637,11/5/1997,7.7,486
238628,Tangerines,"Drama,War",et,7.063,10/16/2013,7.7,380
24428,The Avengers,"Science Fiction,Action,Adventure",en,278.98,4/25/2012,7.7,27250
678,Out of the Past,"Crime,Drama,Romance,Thriller",en,11.356,11/25/1947,7.7,420
531,The Wrong Trousers,"Animation,Comedy,Family",en,14.69,12/17/1993,7.7,747
19026,Azur & Asmar: The Princes' Quest,"Animation,Family",fr,8.334,5/21/2006,7.7,459
767,Harry Potter and the Half-Blood Prince,"Adventure,Fantasy",en,224.981,7/7/2009,7.7,16360
702,A Streetcar Named Desire,Drama,en,16.661,9/18/1951,7.7,1067
513434,One Cut of the Dead,"Comedy,Horror",ja,12.122,11/4/2017,7.7,518
96721,Rush,"Drama,Action",en,24.176,9/2/2013,7.7,5984
17058,Scarlet Street,"Drama,Thriller,Crime",en,8.526,12/25/1945,7.7,261
11854,Kuch Kuch Hota Hai,"Romance,Drama",hi,12.136,10/16/1998,7.7,313
891,All the President's Men,"Drama,History,Mystery,Thriller",en,13.445,1/18/1976,7.7,1419
336808,Embrace of the Serpent,"Drama,Adventure",es,8.049,5/25/2015,7.7,378
11299,Cowboy Bebop: The Movie,"Action,Animation,Science Fiction",ja,15.926,9/1/2001,7.7,623
8416,The Conformist,Drama,it,8.808,10/21/1970,7.7,488
164,Breakfast at Tiffany's,"Comedy,Romance",en,21.269,10/6/1961,7.7,3560
51608,The Man from Nowhere,"Action,Thriller,Crime",ko,47.723,8/4/2010,7.7,1011
808,Shrek,"Animation,Comedy,Fantasy,Adventure,Family",en,171.504,5/18/2001,7.7,14092
108,Three Colors: Blue,Drama,fr,11.401,9/8/1993,7.7,1272
110160,Laurence Anyways,"Drama,Romance",fr,12.8,5/18/2012,7.7,728
9806,The Incredibles,"Action,Adventure,Animation,Family",en,105.549,10/27/2004,7.7,15372
534780,Andhadhun,"Crime,Thriller,Comedy",hi,9.813,10/5/2018,7.7,345
4497,Viridiana,Drama,es,8.469,5/17/1961,7.7,399
297222,PK,"Comedy,Drama,Adventure",hi,9.75,12/18/2014,7.7,754
11972,Don Camillo,Comedy,it,12.273,3/28/1952,7.7,232
272,Batman Begins,"Action,Crime,Drama",en,60.2,6/10/2005,7.7,17934
83666,Moonrise Kingdom,"Comedy,Drama,Romance",en,12.937,5/16/2012,7.7,4942
9023,Spirit: Stallion of the Cimarron,"Western,Animation,Adventure,Comedy,Family,Drama",en,87.47,5/24/2002,7.7,3887
707886,Feel the Beat,"Comedy,Music,Drama",en,15.906,6/19/2020,7.7,953
675,Harry Potter and the Order of the Phoenix,"Adventure,Fantasy,Mystery",en,217.575,6/28/2007,7.7,16567
68,Brazil,"Comedy,Science Fiction",en,15.397,2/20/1985,7.7,2701
466282,To All the Boys I've Loved Before,"Comedy,Romance",en,71.201,8/16/2018,7.7,7634
342470,All the Bright Places,"Romance,Drama",en,97.135,2/28/2020,7.7,2444
13187,A Charlie Brown Christmas,"Animation,Family,Comedy,TV Movie",en,9.967,12/9/1965,7.7,492
13696,Angels with Dirty Faces,"Crime,Drama,Thriller",en,5.474,11/26/1938,7.7,229
288,High Noon,"Western,Thriller",en,12.815,6/9/1952,7.7,1112
8016,"Germany, Year Zero","War,Drama",it,7.285,12/1/1948,7.7,259
675353,Sonic the Hedgehog 2,"Action,Adventure,Family,Comedy",en,1713.432,3/30/2022,7.7,2579
242582,Nightcrawler,"Crime,Drama,Thriller",en,56.904,10/23/2014,7.7,9102
167581,Free Fall,"Drama,Romance",de,13.978,5/27/2013,7.7,652
11474,The Warriors,"Action,Thriller",en,21.659,2/9/1979,7.7,1667
1939,Laura,"Drama,Mystery",en,9.806,10/11/1944,7.7,597
1632,Mississippi Burning,"Drama,Thriller,Crime,History,Mystery",en,10.881,12/8/1988,7.7,1279
1075,"Black Cat, White Cat","Comedy,Romance,Crime",sr,10.349,6/1/1998,7.7,576
24657,The Sacrifice,Drama,sv,8.373,5/9/1986,7.7,391
12548,I Vitelloni,"Comedy,Drama",it,6.887,9/17/1953,7.7,538
4235,The Sicilian Clan,Crime,fr,10.201,12/1/1969,7.7,238
910,The Big Sleep,"Crime,Mystery,Thriller",en,13.252,8/23/1946,7.7,786
247,The Killing,"Crime,Drama,Thriller",en,14.533,6/6/1956,7.7,1141
614409,To All the Boys: Always and Forever,"Romance,Comedy,Drama",en,56.354,2/12/2021,7.7,1582
581528,"The Gangster, the Cop, the Devil","Crime,Action,Adventure",ko,43.861,5/15/2019,7.7,565
522627,The Gentlemen,"Crime,Action,Comedy",en,67.919,11/14/2019,7.7,4271
2433,The Young Girls of Rochefort,"Romance,Comedy,Drama",fr,7.713,3/8/1967,7.7,448
1633,Fried Green Tomatoes,"Drama,Comedy",en,15.163,12/27/1991,7.7,1072
431693,Spies in Disguise,"Animation,Action,Adventure,Comedy,Family",en,50.525,12/4/2019,7.7,2313
8832,Il Divo,Drama,it,6.862,5/28/2008,7.7,953
776,The Rules of the Game,"Drama,Comedy,Romance",fr,8.544,7/9/1939,7.7,422
29154,Stand and Deliver,Drama,en,12.461,3/11/1988,7.7,263
16391,Black Narcissus,Drama,en,7.789,5/26/1947,7.7,343
320007,Victoria,"Crime,Thriller,Romance",de,12.238,6/11/2015,7.7,980
12516,Dreams,"Fantasy,Drama",ja,7.586,5/11/1990,7.7,325
589739,Hair Love,"Animation,Family,Drama",en,5.097,8/14/2019,7.7,378
100402,Captain America: The Winter Soldier,"Action,Adventure,Science Fiction",en,73.722,3/20/2014,7.7,16361
15137,Evangelion: 1.0 You Are (Not) Alone,"Animation,Science Fiction,Action,Drama",ja,25.432,9/1/2007,7.7,672
1904,Memoirs of a Geisha,"Drama,Romance,History",en,21.762,12/6/2005,7.7,2440
688,The Bridges of Madison County,"Drama,Romance",en,18.625,5/28/1995,7.7,1708
426426,Roma,Drama,es,13.668,8/25/2018,7.7,3428
568124,Encanto,"Animation,Comedy,Family,Fantasy",en,864.184,11/24/2021,7.7,7005
1587,What's Eating Gilbert Grape,"Romance,Drama",en,34.72,12/17/1993,7.7,3216
15794,White Heat,"Crime,Drama,Thriller",en,6.598,9/2/1949,7.7,337
710356,2 Hearts,"Romance,Drama",en,13.173,10/16/2020,7.7,366
244063,Boys,Drama,nl,12.757,1/8/2014,7.7,564
15251,Eddie Murphy: Delirious,"Comedy,TV Movie",en,5.387,8/17/1983,7.7,258
566525,Shang-Chi and the Legend of the Ten Rings,"Action,Adventure,Fantasy",en,578.648,9/1/2021,7.7,6873
99,All About My Mother,"Comedy,Drama",es,9.242,4/16/1999,7.7,1486
313297,Kubo and the Two Strings,"Animation,Adventure,Family",en,56.998,8/18/2016,7.7,3086
25768,"Steamboat Bill, Jr.","Comedy,Drama,Family,Romance",en,6.673,5/9/1928,7.7,245
284427,Who Am I,Thriller,de,28.716,9/25/2014,7.7,1223
16761,A Movie of Eggs,"Animation,Comedy",es,19.911,4/21/2006,7.7,244
286217,The Martian,"Drama,Adventure,Science Fiction",en,65.223,9/30/2015,7.7,17194
265169,Winter Sleep,Drama,tr,7.948,6/13/2014,7.7,420
211954,Instructions Not Included,"Comedy,Drama",es,33.439,7/20/2013,7.7,723
4480,Jean de Florette,Drama,fr,5.946,8/27/1986,7.7,415
82702,How to Train Your Dragon 2,"Fantasy,Action,Adventure,Animation,Comedy,Family",en,134.7,6/5/2014,7.7,8228
4960,"Synecdoche, New York",Drama,en,14.053,10/24/2008,7.7,1102
22292,The Ghost and Mrs. Muir,"Fantasy,Romance,Mystery",en,6.794,5/25/1947,7.7,224
37247,The Graduate,"Comedy,Drama,Romance",en,15.925,12/21/1967,7.7,2659
981,The Philadelphia Story,"Comedy,Romance",en,11.799,12/5/1940,7.7,670
343,Harold and Maude,"Comedy,Drama,Romance",en,10.34,12/20/1971,7.7,833
1628,Jules and Jim,"Drama,Romance",fr,7.828,1/23/1962,7.7,765
25188,The Last Picture Show,Drama,en,10.34,10/3/1971,7.7,488
50531,Ask Me If I Am Happy,Comedy,it,4.469,12/15/2000,7.7,1473
11898,Kind Hearts and Coronets,"Comedy,Drama",en,8.539,6/21/1949,7.7,383
2493,The Princess Bride,"Adventure,Family,Fantasy,Comedy,Romance",en,16.321,9/25/1987,7.7,3770
1093,Elevator to the Gallows,"Crime,Drama,Thriller",fr,10.387,1/29/1958,7.7,426
773,Little Miss Sunshine,"Comedy,Drama",en,12.588,7/26/2006,7.7,5802
20108,Au Hasard Balthazar,Drama,fr,7.31,5/25/1966,7.7,312
22881,The Blind Side,Drama,en,70.283,11/20/2009,7.7,5192
28580,The Lost Weekend,Drama,en,9.795,11/29/1945,7.7,436
666243,The Witcher: Nightmare of the Wolf,"Animation,Action,Fantasy",en,17.601,8/23/2021,7.7,664
227932,My Mom is a Character 2,Comedy,pt,5.939,12/22/2016,7.7,450
13151,Scooby-Doo on Zombie Island,"Animation,Comedy,Family,Mystery,Adventure,Horror",en,25.804,9/22/1998,7.7,564
820,JFK,"Drama,Thriller,History",en,12.912,12/20/1991,7.7,1633
221731,Rurouni Kenshin Part II: Kyoto Inferno,"Action,Adventure,Drama,Fantasy",ja,19.661,8/1/2014,7.7,434
550988,Free Guy,"Comedy,Adventure,Science Fiction",en,289.962,8/11/2021,7.7,6013
31216,I Can't Think Straight,"Drama,Romance",en,11.371,6/1/2008,7.7,252
624932,Dave Chappelle: Sticks & Stones,Comedy,en,7.885,8/26/2019,7.7,218
49992,Lucky and Zorba,"Family,Animation",it,5.813,12/22/1998,7.7,548
12501,The Big Country,"Drama,Western,Romance",en,10.803,9/30/1958,7.7,246
14813,Mickey's Christmas Carol,"Family,Animation",en,14.427,10/19/1983,7.7,718
8358,Cast Away,"Adventure,Drama",en,36.479,12/22/2000,7.7,9561
576,The Wild Bunch,"Adventure,Western",en,12.737,6/17/1969,7.7,915
586863,Les Misérables,"Crime,Drama,Thriller",fr,8.848,11/14/2019,7.7,1194
8429,Paisan,"History,Drama,War",it,6.935,12/10/1946,7.7,233
1592,Primal Fear,"Crime,Drama,Mystery,Thriller",en,21.671,3/6/1996,7.7,2539
517093,Balkan Line,"Drama,Action,War",ru,27.553,3/21/2019,7.7,228
14624,The Ultimate Gift,"Romance,Drama,Family",en,25.882,3/9/2007,7.7,341
10331,Night of the Living Dead,"Horror,Thriller",en,15.358,10/4/1968,7.7,1877
612706,Work It,"Comedy,Music",en,15.29,8/7/2020,7.7,1001
4347,Atonement,"Drama,Romance",en,30.536,9/7/2007,7.6,3420
369299,Don't Blame the Kid,"Comedy,Romance",es,61.05,5/13/2016,7.6,530
44214,Black Swan,"Drama,Thriller,Horror",en,37.096,12/3/2010,7.6,12415
13466,October Sky,"Drama,Family",en,9.757,2/19/1999,7.6,939
9343,Fitzcarraldo,"Drama,Adventure",de,11.761,3/2/1982,7.6,558
793,Blue Velvet,"Drama,Crime,Mystery,Thriller",en,17.027,1/1/1986,7.7,2591
643,Battleship Potemkin,"Drama,History",ru,12.801,12/24/1925,7.7,885
514439,Breakthrough,Drama,en,43.032,4/10/2019,7.6,880
30020,Taste of Cherry,Drama,fa,6.841,9/28/1997,7.6,378
10754,A Short Film About Killing,"Crime,Drama",pl,8.299,3/11/1988,7.6,261
1879,Guess Who's Coming to Dinner,Drama,en,9.342,12/11/1967,7.6,635
9377,Ferris Bueller's Day Off,Comedy,en,15.383,6/11/1986,7.6,3975
722778,The Hand of God,Drama,it,30.222,11/24/2021,7.6,1234
13386,I'm Starting from Three,Comedy,it,5.702,3/5/1981,7.6,571
11362,The Count of Monte Cristo,"Adventure,Drama,History",en,28.595,1/23/2002,7.6,1416
436969,The Suicide Squad,"Action,Comedy,Adventure,Science Fiction",en,308.481,7/28/2021,7.6,6397
10322,Being There,"Comedy,Drama",en,9.857,12/19/1979,7.6,742
812,Aladdin,"Animation,Family,Adventure,Fantasy,Romance",en,86.122,11/25/1992,7.6,9759
578,Jaws,"Horror,Thriller,Adventure",en,59.754,6/20/1975,7.6,8471
158,Knockin' on Heaven's Door,"Comedy,Crime",de,9.582,2/20/1997,7.6,385
207703,Kingsman: The Secret Service,"Crime,Comedy,Action,Adventure",en,87.497,1/24/2015,7.6,14538
13980,Sword of the Stranger,"Action,Animation,History",ja,18.045,9/29/2007,7.6,298
871,Planet of the Apes,"Science Fiction,Adventure,Drama,Action",en,48.892,2/7/1968,7.6,2701
269,Breathless,"Drama,Crime",fr,9.794,3/16/1960,7.6,1385
31417,Eyes Without a Face,"Drama,Horror,Thriller",fr,7.272,1/11/1960,7.6,523
234567,Get a Horse!,"Animation,Family,Comedy",en,5.842,11/27/2013,7.6,202
180299,The Raid 2,"Action,Crime,Thriller",id,34.95,3/27/2014,7.6,1897
144288,Berserk: The Golden Age Arc III - The Advent,"Action,Adventure,Drama,Fantasy,Animation",ja,40.343,2/1/2013,7.6,256
54186,Confessions,"Drama,Thriller,Mystery",ja,10.51,6/4/2010,7.6,714
560057,The Sea Beast,"Animation,Adventure,Family,Fantasy",en,1723.363,6/24/2022,7.6,439
398978,The Irishman,"Crime,Drama,History",en,23.632,11/1/2019,7.6,5487
38251,Mediterraneo,"Comedy,Romance,War",it,8.745,1/31/1991,7.6,831
18197,Running on Empty,"Drama,Crime,Romance",en,6.172,9/9/1988,7.6,222
433471,Lou,"Family,Fantasy,Animation",en,7.143,6/16/2017,7.6,305
8327,The Holy Mountain,Drama,es,11.08,11/29/1973,7.6,689
4995,Boogie Nights,Drama,en,24.132,10/7/1997,7.6,2537
585244,I Still Believe,"Music,Drama,Romance",en,71.182,3/12/2020,7.6,990
18900,In Cold Blood,"Crime,Drama,History",en,9.636,12/15/1967,7.6,278
13363,The Man from Earth,"Science Fiction,Drama",en,19.748,6/10/2007,7.6,1853
982,The Manchurian Candidate,"Thriller,Drama,Mystery",en,10.698,10/1/1962,7.6,520
212,Arsenic and Old Lace,"Comedy,Crime",en,9.425,9/1/1944,7.6,699
660120,The Worst Person in the World,"Comedy,Drama,Romance",no,40.398,10/13/2021,7.6,583
364111,The Anthem of the Heart,"Animation,Drama,Music,Romance",ja,51.751,9/19/2015,7.6,307
283995,Guardians of the Galaxy Vol. 2,"Adventure,Action,Science Fiction",en,158.159,4/19/2017,7.6,18536
430,"One, Two, Three",Comedy,en,7.271,12/15/1961,7.6,278
42801,"Yesterday, Today and Tomorrow","Drama,Comedy,Romance",it,6.9,12/21/1963,7.6,330
1712,Giant,"Drama,Western",en,12.58,11/8/1956,7.6,527
831405,Injustice,"Animation,Science Fiction,Fantasy,Action",en,115.331,10/9/2021,7.6,586
425909,Ghostbusters: Afterlife,"Fantasy,Comedy,Adventure",en,368.083,11/11/2021,7.6,2993
1654,The Dirty Dozen,"Action,Adventure,War",en,18.436,6/15/1967,7.6,931
1726,Iron Man,"Action,Science Fiction,Adventure",en,135.952,4/30/2008,7.6,23032
11686,Love and Death,"History,Comedy",en,8.641,6/10/1975,7.6,695
347201,Boruto: Naruto the Movie,"Animation,Action,Comedy",ja,258.002,8/7/2015,7.6,1055
5165,L'Avventura,"Drama,Mystery",it,9.919,9/14/1960,7.6,509
11782,Hard Boiled,"Action,Thriller,Crime",cn,11.661,4/16/1992,7.6,572
42987,The Servant,Drama,en,7.918,11/14/1963,7.6,234
13355,Scooby-Doo! Pirates Ahoy!,"Fantasy,Animation,Comedy,Family,Mystery,Adventure",en,26.004,1/1/2006,7.6,210
9912,The World's Fastest Indian,"Drama,Adventure,History",en,11.306,10/12/2005,7.6,552
746,The Last Emperor,"Drama,History",en,14.787,5/27/1987,7.6,1285
218,The Terminator,"Action,Thriller,Science Fiction",en,50.622,10/26/1984,7.6,10634
333339,Ready Player One,"Science Fiction,Adventure,Action",en,113.572,3/28/2018,7.6,13104
338729,The Beauty Inside,"Fantasy,Romance",ko,18.263,8/20/2015,7.6,207
177945,"Like Father, Like Son",Drama,ja,9.847,9/28/2013,7.6,504
642,Butch Cassidy and the Sundance Kid,"Western,Drama,Crime",en,14.628,1/15/1969,7.6,1735
11040,Little Big Man,"Adventure,Western,Comedy,Drama",en,7.859,12/14/1970,7.6,459
306819,The Danish Girl,Drama,en,15.769,1/1/2015,7.6,5233
9444,Anastasia,"Animation,Family",en,53.967,11/20/1997,7.6,4645
244,King Kong,"Adventure,Fantasy,Horror",en,21.704,3/15/1933,7.6,1117
575604,The Call,"Thriller,Mystery,Science Fiction",ko,38.186,11/27/2020,7.6,528
14784,The Fall,"Adventure,Fantasy,Drama",en,9.226,1/1/2006,7.6,1009
18329,Happy Together,"Drama,Romance",zh,15.351,5/30/1997,7.6,459
1933,The Others,"Horror,Mystery,Thriller",en,34.252,8/2/2001,7.6,5299
3767,Gilda,"Drama,Romance,Thriller",en,7.837,4/25/1946,7.6,430
2204,Alice in the Cities,Drama,de,7.769,5/17/1974,7.6,202
401698,Hidden Kisses,Drama,fr,6.936,2/4/2016,7.6,239
19101,A Little Princess,"Drama,Family,Fantasy",en,16.806,5/10/1995,7.6,805
15917,Devdas,"Drama,Romance",hi,10.886,7/11/2002,7.6,264
309809,The Little Prince,"Adventure,Animation,Fantasy,Family",en,23.528,7/29/2015,7.6,2398
489999,Searching,"Thriller,Mystery,Drama",en,22.939,8/24/2018,7.6,3172
24653,The Consequences of Love,"Drama,Thriller",it,7.02,9/24/2004,7.6,686
11657,Le Cercle Rouge,"Thriller,Crime",fr,8.801,10/19/1970,7.6,469
8703,Three Wishes for Cinderella,"Fantasy,Family,Romance",cs,12.979,11/16/1973,7.6,260
1678,Godzilla,"Thriller,Horror,Science Fiction",ja,16.395,11/3/1954,7.6,674
55,Amores Perros,"Drama,Thriller",es,33.519,6/16/2000,7.6,2049
423108,The Conjuring: The Devil Made Me Do It,"Horror,Mystery,Thriller",en,309.43,5/25/2021,7.6,4548
736069,Justice Society: World War II,"Animation,War,Science Fiction",en,71.426,4/27/2021,7.6,402
459670,Monica and Friends: Bonds,"Family,Adventure,Comedy",pt,10.999,6/27/2019,7.6,238
11969,Tombstone,"Western,Action",en,32.369,12/25/1993,7.6,1587
824,Moulin Rouge!,"Drama,Romance,Music",en,19.299,5/24/2001,7.6,3866
607259,Fatherhood,"Drama,Comedy",en,90.377,6/18/2021,7.6,1054
21575,A Prophet,"Crime,Drama",fr,8.491,8/26/2009,7.6,1228
221,Rebel Without a Cause,Drama,en,15.203,10/29/1955,7.6,1264
220,East of Eden,"Drama,Romance",en,10.123,4/10/1955,7.6,566
8073,Band of Outsiders,"Crime,Drama,Romance",fr,6.019,8/5/1964,7.6,420
4481,Manon of the Spring,Drama,fr,6.766,11/19/1986,7.6,382
3580,Changeling,"Crime,Drama,Mystery",en,17.217,1/30/2008,7.6,3502
51739,The Secret World of Arrietty,"Fantasy,Animation,Family",ja,30.232,7/16/2010,7.6,2237
17057,In a Lonely Place,"Thriller,Mystery,Drama,Romance",en,8.115,5/17/1950,7.6,415
514754,Bao,"Animation,Family,Fantasy",en,11.886,6/15/2018,7.6,948
417261,Forever My Girl,"Romance,Drama,Music",en,35.922,1/26/2018,7.6,1008
284053,Thor: Ragnarok,"Action,Adventure,Fantasy,Science Fiction",en,433.495,10/24/2017,7.6,17963
12093,Lilya 4-ever,"Crime,Drama",sv,9.33,8/23/2002,7.6,413
348678,A Man Called Ove,"Comedy,Drama",sv,13.24,12/25/2015,7.6,836
9693,Children of Men,"Drama,Action,Thriller,Science Fiction",en,19.926,9/22/2006,7.6,5883
870,Dolls,"Drama,Romance",ja,7.063,9/5/2002,7.6,233
222935,The Fault in Our Stars,"Romance,Drama",en,61.455,5/16/2014,7.6,10052
13413,BURN·E,"Animation,Family",en,10.003,11/17/2008,7.6,594
1913,The Sea Inside,Drama,es,7.777,9/3/2004,7.6,723
419430,Get Out,"Mystery,Thriller,Horror",en,63.842,2/24/2017,7.6,14345
293660,Deadpool,"Action,Adventure,Comedy",en,230.309,2/9/2016,7.6,27028
244267,I Origins,"Science Fiction,Drama",en,14.006,7/18/2014,7.6,2787
11113,My Fair Lady,"Romance,Drama,Music",en,12.315,10/21/1964,7.6,1019
11321,Seven Pounds,Drama,en,17.681,12/18/2008,7.6,5886
11046,Where Eagles Dare,"Action,Adventure,War",en,19.458,12/4/1968,7.6,684
5558,The Phantom of Liberty,"Comedy,Drama",fr,6.216,9/10/1974,7.6,208
819,Sleepers,"Crime,Drama,Thriller",en,22.373,10/18/1996,7.6,2823
63,Twelve Monkeys,"Science Fiction,Thriller,Mystery",en,25.671,12/29/1995,7.6,6960
400160,The SpongeBob Movie: Sponge on the Run,"Family,Animation,Fantasy,Adventure,Comedy",en,197.987,8/14/2020,7.6,2488
10363,Purple Noon,"Crime,Drama,Thriller",fr,10.44,3/10/1960,7.6,317
638,Lost Highway,"Drama,Thriller,Mystery",en,15.827,1/15/1997,7.6,1991
10778,The Man Who Wasn't There,"Crime,Drama",en,9.441,10/26/2001,7.6,1251
20992,Brother,"Drama,Crime,Action",ru,7.355,12/12/1997,7.6,284
780382,The Wolf and the Lion,"Family,Adventure",en,23.249,10/13/2021,7.6,226
71,Billy Elliot,"Drama,Comedy,Music",en,18.569,9/28/2000,7.6,3254
381289,A Dog's Purpose,"Adventure,Comedy,Fantasy,Family,Drama",en,61.14,1/19/2017,7.6,2754
225745,Steins;Gate: The Movie - Load Region of Déjà Vu,"Science Fiction,Animation,Drama",ja,23.473,4/20/2013,7.6,236
137113,Edge of Tomorrow,"Action,Science Fiction",en,68.088,5/27/2014,7.6,11781
10637,Remember the Titans,Drama,en,19.537,9/29/2000,7.6,2152
9289,The Longest Day,War,en,15.703,9/25/1962,7.6,753
64,Talk to Her,"Drama,Romance",es,13.868,3/15/2002,7.6,1012
809140,Father Stu,Drama,en,872.611,4/13/2022,7.6,209
200481,The Blue Umbrella,"Animation,Romance",en,9.758,2/12/2013,7.6,453
127533,Rurouni Kenshin Part I: Origins,"Adventure,Action,Drama,History",ja,26.93,8/25/2012,7.6,612
228205,The Longest Ride,"Drama,Romance",en,26.898,4/9/2015,7.6,2775
491418,Instant Family,Comedy,en,34.537,11/13/2018,7.6,2357
650,Boyz n the Hood,"Crime,Drama",en,56.473,7/12/1991,7.6,1488
137,Groundhog Day,"Romance,Fantasy,Drama,Comedy",en,20.451,2/11/1993,7.6,6431
26371,Maurice,"Drama,Romance",en,12.599,8/21/1987,7.6,368
3133,Badlands,"Drama,Crime",en,8.641,10/15/1973,7.6,933
1544,Imagine Me & You,"Drama,Comedy,Romance",en,14.87,5/16/2005,7.6,822
736073,"Batman: The Long Halloween, Part One","Animation,Mystery,Action,Crime",en,60.285,6/21/2021,7.6,409
15014,Bianca,"Drama,Comedy",it,5.283,2/23/1984,7.6,307
900,Bringing Up Baby,"Comedy,Romance",en,11.249,2/18/1938,7.6,748
484468,The Wolf's Call,"Thriller,Action",fr,15.777,2/20/2019,7.6,1583
416144,Hotel Mumbai,"Thriller,History,Drama,Action",en,19.09,3/14/2019,7.6,1206
11159,Secrets & Lies,Drama,en,9.49,5/24/1996,7.6,466
198375,The Garden of Words,"Animation,Drama,Romance",ja,42.418,5/31/2013,7.6,1611
17431,Moon,"Science Fiction,Drama",en,17.866,6/12/2009,7.6,4774
483184,Dogman,"Crime,Drama,Thriller",it,10.641,5/17/2018,7.6,1934
21191,Sin Nombre,"Drama,Action,Thriller,Crime",es,29.831,3/20/2009,7.6,509
13562,My Man Godfrey,"Comedy,Romance,Drama",en,7.761,9/2/1936,7.6,251
2487,Lady Snowblood,"Action,Drama,Thriller",ja,7.962,12/1/1973,7.6,256
38757,Tangled,"Animation,Family",en,156.886,11/24/2010,7.6,9526
630,The Wizard of Oz,"Adventure,Fantasy,Family",en,54.235,8/15/1939,7.6,4578
41411,The Round Up,"Drama,History,War",fr,13.287,3/10/2010,7.6,874
13403,Hedwig and the Angry Inch,"Comedy,Music,Drama",en,7.571,7/20/2001,7.6,287
4982,American Gangster,"Drama,Crime",en,28.549,11/2/2007,7.6,4432
863,Toy Story 2,"Animation,Comedy,Family",en,187.549,10/30/1999,7.6,11772
592,The Conversation,"Crime,Drama,Mystery",en,12.559,4/7/1974,7.6,1279
671295,Blue Miracle,"Adventure,Drama,Family",en,16.237,5/27/2021,7.6,217
283587,Beasts of No Nation,"Drama,War",en,26.768,9/11/2015,7.6,1424
2013,The Diving Bell and the Butterfly,Drama,fr,8.931,5/23/2007,7.6,941
25468,My Dinner with Andre,"Comedy,Drama",en,5.711,10/11/1981,7.6,261
587272,Father There Is Only One,Comedy,es,392.919,8/2/2019,7.6,474
520763,A Quiet Place Part II,"Science Fiction,Thriller,Horror",en,252.866,5/21/2021,7.6,4529
481848,The Call of the Wild,"Adventure,Family,Drama",en,39.469,2/19/2020,7.6,2929
5143,Hannah and Her Sisters,"Comedy,Drama",en,8.135,2/7/1986,7.6,789
948,Halloween,"Horror,Thriller",en,46.632,10/24/1978,7.6,4297
19413,"Ugly, Dirty and Bad","Comedy,Drama",it,5.638,9/23/1976,7.6,232
9394,They Call Me Trinity,"Action,Comedy,Western",it,11.805,12/22/1970,7.6,1045
627725,The Banker,Drama,en,36.002,3/6/2020,7.6,584
246741,What We Do in the Shadows,"Comedy,Horror",en,13.577,6/19/2014,7.6,2876
51822,Love Hurts,"Drama,Romance",es,26.541,11/8/2002,7.6,204
229,The Bride of Frankenstein,"Drama,Horror,Science Fiction",en,12.205,4/20/1935,7.6,688
216156,Still Life,Drama,en,4.883,11/28/2013,7.6,280
28569,Splendor in the Grass,"Drama,Romance",en,8.734,10/10/1961,7.6,200
10950,I Am Sam,Drama,en,19.847,12/28/2001,7.6,1902
456929,Champions,"Drama,Comedy",es,14.404,4/6/2018,7.6,616
76696,Sidewalls,"Drama,Romance",es,6.341,2/1/2011,7.6,242
74308,Detachment,Drama,en,25.609,4/24/2011,7.6,1152
57158,The Hobbit: The Desolation of Smaug,"Fantasy,Adventure,Action",en,103.926,12/11/2013,7.6,11164
11190,The Return,Drama,ru,6.865,6/25/2003,7.6,362
736074,"Batman: The Long Halloween, Part Two","Animation,Mystery,Action,Crime",en,61.151,7/26/2021,7.6,345
539617,Big Time Adolescence,Comedy,en,10.845,3/13/2020,7.6,248
10161,My Left Foot: The Story of Christy Brown,Drama,en,11.653,4/7/1989,7.6,715
12498,Sling Blade,Drama,en,9.307,8/30/1996,7.6,605
12102,Kramer vs. Kramer,Drama,en,11.902,12/7/1979,7.6,1783
451657,Custody,"Drama,Thriller",fr,7.835,2/7/2018,7.6,504
264660,Ex Machina,"Drama,Science Fiction",en,24.53,1/21/2015,7.6,11387
61202,Zindagi Na Milegi Dobara,"Drama,Comedy,Romance",hi,5.723,7/15/2011,7.6,260
329865,Arrival,"Drama,Science Fiction,Mystery",en,57.728,11/10/2016,7.6,15241
277834,Moana,"Adventure,Comedy,Family,Animation",en,36.131,11/23/2016,7.6,10570
203101,High School of the Dead: Drifters of the Dead,"Comedy,Animation,Adventure,Horror",ja,15.787,4/25/2011,7.6,412
19223,A Pure Formality,"Mystery,Drama,Crime,Thriller",fr,7.572,5/15/1994,7.6,288
11356,The Odd Couple,Comedy,en,8.381,5/16/1968,7.6,426
4922,The Curious Case of Benjamin Button,"Drama,Fantasy,Romance",en,39.456,12/25/2008,7.6,10860
433,Mary Poppins,"Comedy,Family,Fantasy",en,39.434,12/17/1964,7.6,4004
338,Good Bye Lenin!,"Comedy,Drama",de,9.965,2/9/2003,7.6,1962
111083,The Body,"Thriller,Mystery",es,11.735,12/21/2012,7.6,1013
43650,The Legend of Sleepy Hollow,"Family,Animation,Horror",en,7.883,10/8/1949,7.6,225
507569,The Seven Deadly Sins: Prisoners of the Sky,"Action,Adventure,Fantasy,Animation",ja,21.259,8/18/2018,7.6,897
364137,All Three of Us,"Drama,Comedy",fr,5.277,11/4/2015,7.6,399
3529,The Thin Man,"Comedy,Crime,Mystery",en,10.113,5/25/1934,7.6,332
11016,Key Largo,"Crime,Drama,Thriller",en,8.895,7/16/1948,7.6,390
5708,Control,Drama,en,8.696,9/26/2007,7.6,675
544510,"Cyrano, My Love","Comedy,History",fr,5.796,11/10/2018,7.6,409
64690,Drive,"Drama,Thriller,Crime",en,62.517,9/15/2011,7.6,10528
1859,Ninotchka,"Comedy,Romance",en,8.266,11/23/1939,7.6,280
529203,The Croods: A New Age,"Animation,Family,Adventure,Fantasy,Comedy",en,231.87,11/25/2020,7.6,3035
308369,Me and Earl and the Dying Girl,"Comedy,Drama",en,15.466,6/12/2015,7.6,2239
118406,Road to Ninja: Naruto the Movie,"Animation,Fantasy,Action",ja,127.299,7/28/2012,7.6,688
16958,The Asphalt Jungle,"Crime,Drama",en,9.31,5/12/1950,7.6,354
2000,"Aguirre, the Wrath of God","Adventure,Drama,History",de,10.132,12/29/1972,7.6,832
301528,Toy Story 4,"Family,Adventure,Animation,Comedy,Fantasy,Drama",en,141.414,6/19/2019,7.6,8157
11327,Midnight Express,"Drama,Crime",en,13.127,8/31/1978,7.6,1327
21734,Shadow of a Doubt,"Crime,Thriller",en,8.676,1/15/1943,7.6,751
18671,Gun Crazy,"Crime,Drama,Thriller,Action",en,6.848,1/20/1950,7.6,205
530079,Ride Your Wave,"Animation,Romance,Comedy,Drama,Fantasy",ja,68.685,6/21/2019,7.6,214
442065,The Last Full Measure,"War,Drama",en,11.29,1/23/2020,7.6,344
109424,Captain Phillips,"Action,Drama,Thriller",en,18.214,10/10/2013,7.6,5878
76341,Mad Max: Fury Road,"Action,Adventure,Science Fiction",en,114.863,5/13/2015,7.6,19579
9040,Serpico,"Crime,History",en,13.017,12/5/1973,7.6,1510
25934,"To Sir, with Love",Drama,en,9.197,6/14/1967,7.6,244
1600,The Double Life of Véronique,"Drama,Mystery,Fantasy",fr,13.293,5/15/1991,7.6,558
966,The Magnificent Seven,Western,en,19.427,4/14/1960,7.6,1411
13396,The Snowman,"Adventure,Animation,Family,Fantasy",en,8.806,12/26/1982,7.6,224
907,Doctor Zhivago,"Drama,Romance,War",en,19.641,12/22/1965,7.6,882
626,Un Chien Andalou,"Fantasy,Horror",fr,10.564,6/5/1929,7.6,1005
375572,Italian Race,Drama,it,6.485,4/7/2016,7.6,882
9081,Waking Life,Animation,en,9.425,10/19/2001,7.6,723
1541,Thelma & Louise,"Drama,Thriller,Crime,Adventure",en,16.504,5/24/1991,7.6,2654
375262,The Favourite,"Drama,Comedy,Thriller",en,19.398,11/23/2018,7.6,4445
256040,Bāhubali: The Beginning,"Action,Drama",te,53.591,7/10/2015,7.6,587
71859,We Need to Talk About Kevin,"Drama,Thriller",en,18.25,9/28/2011,7.6,2301
768744,My Hero Academia: World Heroes' Mission,"Animation,Action,Adventure,Science Fiction",ja,605.722,8/6/2021,7.6,230
431580,Abominable,"Family,Animation,Adventure,Comedy",en,42.048,9/19/2019,7.6,1660
6620,Sabrina,"Comedy,Drama,Romance",en,12.497,9/10/1954,7.6,1002
4593,The Discreet Charm of the Bourgeoisie,Comedy,fr,10.506,9/15/1972,7.6,589
3558,"Girl, Interrupted",Drama,en,21.344,3/24/1999,7.6,3014
2009,"4 Months, 3 Weeks and 2 Days",Drama,ro,6.678,8/24/2007,7.6,562
1567,I Stand Alone,"Drama,Thriller",fr,10.368,5/16/1998,7.6,395
319,True Romance,"Action,Crime,Romance",en,18.342,9/9/1993,7.6,2162
2649,The Game,"Drama,Thriller,Mystery",en,19.319,9/12/1997,7.6,5197
782,Gattaca,"Thriller,Science Fiction,Mystery,Romance",en,17.789,9/7/1997,7.6,5190
616,The Last Samurai,"Drama,Action,War,History",en,33.759,12/5/2003,7.6,5700
860159,Crush,"Comedy,Romance",en,188.819,4/29/2022,7.6,205
581577,Persian Lessons,"War,Drama",de,14.477,4/17/2020,7.6,206
451915,Beautiful Boy,Drama,en,20.733,10/12/2018,7.6,1917
43904,L'Atalante,"Romance,Drama,Comedy",fr,6.895,4/24/1934,7.5,313
339,Night on Earth,"Comedy,Drama",en,7.309,12/12/1991,7.6,641
967,Spartacus,"History,War,Drama,Adventure",en,30.568,10/13/1960,7.6,1693
366170,Yu-Gi-Oh!: The Dark Side of Dimensions,"Adventure,Animation",ja,106.289,4/23/2016,7.5,284
13393,My Father and My Son,Drama,tr,8.693,11/18/2005,7.5,225
10787,The Invisible Man,"Horror,Science Fiction",en,12.635,11/3/1933,7.5,589
4951,10 Things I Hate About You,"Comedy,Romance,Drama",en,48.065,3/30/1999,7.5,6573
586940,I Lost My Body,"Animation,Drama,Fantasy",fr,9.031,11/6/2019,7.5,1002
38234,Undisputed III: Redemption,"Action,Thriller",en,176.026,5/22/2010,7.5,651
11688,The Emperor's New Groove,"Adventure,Animation,Comedy,Family,Fantasy",en,101.943,12/15/2000,7.5,5543
765,Evil Dead II,"Horror,Comedy,Fantasy",en,27.264,3/13/1987,7.5,2363
8342,No Man's Land,"Drama,Action,History",bs,7.054,9/8/2001,7.5,339
1051,The French Connection,"Action,Crime,Thriller",en,11.034,10/9/1971,7.5,1387
632617,C'mon C'mon,Drama,en,49.542,11/19/2021,7.5,325
503919,The Lighthouse,"Drama,Fantasy,Thriller,Horror",en,26.267,10/18/2019,7.5,3541
11171,Mysterious Skin,Drama,en,12.96,3/30/2005,7.5,733
13354,"Chill Out, Scooby-Doo!","Family,Comedy,Animation,Adventure,Mystery",en,23.797,9/4/2007,7.5,224
11906,Suspiria,Horror,it,22.399,2/1/1977,7.5,2309
1954,The Butterfly Effect,"Science Fiction,Thriller",en,35.389,1/17/2004,7.5,6198
459151,The Boss Baby: Family Business,"Animation,Comedy,Adventure,Family",en,462.726,7/1/2021,7.5,2000
4909,The Day of the Jackal,"Action,Thriller",en,8.904,5/15/1973,7.5,406
660000,Lost Illusions,"Drama,Romance",fr,6.741,10/20/2021,7.5,244
487558,BlacKkKlansman,"Comedy,Crime,Drama,History",en,16.334,8/9/2018,7.5,6509
4638,Hot Fuzz,"Crime,Action,Comedy",en,26.456,2/14/2007,7.5,6252
4550,Sympathy for Lady Vengeance,"Drama,Thriller",ko,16.985,7/29/2005,7.5,1241
83389,From Up on Poppy Hill,"Animation,Drama",ja,19.679,7/16/2011,7.5,1326
10734,Escape From Alcatraz,"Drama,Thriller",en,21.219,1/25/1979,7.5,2211
921,Cinderella Man,"Romance,Drama,History",en,14.018,6/2/2005,7.5,1785
47909,Poetry,Drama,ko,5.784,5/13/2010,7.5,230
13310,Let the Right One In,"Horror,Drama",sv,10.776,10/24/2008,7.5,2401
1579,Apocalypto,"Action,Drama,Thriller,History",en,56.576,12/7/2006,7.5,4454
127501,Barfi!,"Drama,Romance,Comedy",hi,7.897,9/13/2012,7.5,245
39324,Dragon Ball Z: The History of Trunks,"Animation,Action,Science Fiction",ja,92.549,2/24/1993,7.5,426
11610,"Play It Again, Sam","Comedy,Drama,Romance",en,7.915,5/4/1972,7.5,458
9516,Menace II Society,"Drama,Crime",en,13.928,5/26/1993,7.5,582
379019,My Blind Date with Life,"Comedy,Drama",de,10.107,1/26/2017,7.5,243
4291,Kikujiro,"Comedy,Drama,Family",ja,12.847,6/5/1999,7.5,350
552095,PAW Patrol: Mighty Pups,"Adventure,Animation,Family,Action",en,47.494,10/4/2018,7.5,514
475888,Tell It to the Bees,"Romance,Drama",en,15.866,5/3/2019,7.5,323
382614,The Book of Henry,"Drama,Crime,Thriller",en,13.31,6/16/2017,7.5,1150
315846,Our Little Sister,"Drama,Family",ja,13.035,6/13/2015,7.5,337
16219,Gladiator,"Action,Drama",en,17.536,3/6/1992,7.5,238
13528,Gaslight,"Thriller,Drama,Mystery,Crime",en,12.096,5/4/1944,7.5,332
783,Gandhi,"Drama,History",en,10.513,11/30/1982,7.5,1897
551332,The Two Popes,"Drama,Comedy,History",en,12.106,11/27/2019,7.5,2435
30368,Stray Dog,"Crime,Drama,Thriller",ja,8.373,10/17/1949,7.5,212
7214,Coach Carter,"Drama,History",en,27.757,1/14/2005,7.5,2200
11562,Crimes and Misdemeanors,"Comedy,Drama",en,9.569,10/13/1989,7.5,698
11344,A Bittersweet Life,"Action,Drama,Crime",ko,10.311,3/31/2005,7.5,668
9366,Donnie Brasco,"Crime,Drama,Thriller",en,18.168,2/27/1997,7.5,3608
1883,Malcolm X,"Drama,History",en,13.227,11/18/1992,7.5,1292
603661,The Hating Game,"Romance,Comedy",en,28.465,12/9/2021,7.5,529
138843,The Conjuring,"Horror,Thriller",en,185.043,7/18/2013,7.5,9556
11421,C.R.A.Z.Y.,"Drama,Comedy",fr,6.514,5/27/2005,7.5,351
3001,How to Steal a Million,"Comedy,Crime",en,10.404,7/13/1966,7.5,459
747,Shaun of the Dead,"Horror,Comedy",en,38.07,4/9/2004,7.5,7005
645886,The Unforgivable,"Drama,Crime",en,84.706,11/24/2021,7.5,1366
179144,The Great Beauty,Drama,it,12.361,5/21/2013,7.5,2672
63311,The Skin I Live In,"Thriller,Drama,Horror",es,34.682,8/17/2011,7.5,3540
59436,Midnight in Paris,"Fantasy,Comedy,Romance",en,12.483,5/11/2011,7.5,6298
26280,I Killed My Mother,Drama,fr,6.732,6/5/2009,7.5,968
409502,I'm Not Ashamed,Drama,en,73.087,10/21/2016,7.5,208
382748,Stargirl,"Comedy,Drama,Romance,Family",en,16.658,3/10/2020,7.5,487
228326,The Book of Life,"Animation,Adventure,Comedy,Family,Fantasy",en,87.426,10/1/2014,7.5,2214
28874,Summer Wars,Animation,ja,28.158,8/1/2009,7.5,737
15472,The Girl with the Dragon Tattoo,"Drama,Thriller,Crime,Mystery",sv,15.565,2/27/2009,7.5,2459
625,The Killing Fields,"Drama,History,War",en,10.758,11/23/1984,7.5,558
334541,Manchester by the Sea,Drama,en,16.732,11/18/2016,7.5,4924
37769,The Second Tragic Fantozzi,Comedy,it,7.84,4/15/1976,7.5,529
36685,The Rocky Horror Picture Show,"Comedy,Science Fiction,Fantasy,Horror",en,13.504,8/14/1975,7.5,2273
29084,Le Corbeau,"Drama,Thriller,Crime,Mystery",fr,6.45,9/28/1943,7.5,209
3009,The Trial,"Crime,Drama",en,8.166,12/21/1962,7.5,347
571,The Birds,Horror,en,25.341,3/28/1963,7.5,3246
617653,The Last Duel,"Action,Drama,History",en,137.996,10/13/2021,7.5,2286
127585,X-Men: Days of Future Past,"Action,Adventure,Fantasy,Science Fiction",en,76.912,5/15/2014,7.5,13528
37903,The White Ribbon,"Drama,Mystery",de,10.149,9/24/2009,7.5,817
24807,Mr. Deeds Goes to Town,"Comedy,Drama,Romance",en,7.334,4/9/1936,7.5,249
14919,Batman: Mask of the Phantasm,"Action,Animation,Crime,Mystery",en,17.782,12/25/1993,7.5,821
13384,Kes,Drama,en,7.359,4/3/1970,7.5,301
31682,The Incredible Shrinking Man,"Drama,Science Fiction,Horror",en,7.75,2/22/1957,7.5,347
11178,My Sassy Girl,"Drama,Comedy,Romance",ko,15.575,7/27/2001,7.5,439
9016,Treasure Planet,"Adventure,Animation,Family,Fantasy,Science Fiction",en,53.853,11/26/2002,7.5,3395
4034,That Man from Rio,"Action,Adventure,Comedy",fr,6.406,2/5/1964,7.5,244
3035,Frankenstein,"Drama,Horror,Science Fiction",en,10.832,11/21/1931,7.5,1165
828,The Day the Earth Stood Still,"Drama,Science Fiction",en,13.213,9/28/1951,7.5,834
74879,Once Upon a Time in Anatolia,"Drama,Crime",tr,6.579,9/23/2011,7.5,364
624479,Superman II: The Richard Donner Cut,"Science Fiction,Action,Adventure",en,14.244,11/2/2006,7.5,203
582014,Promising Young Woman,"Thriller,Crime,Drama",en,24.117,12/13/2020,7.5,2209
484751,Through the Fire,Drama,fr,8.556,11/28/2018,7.5,512
449406,Vivo,"Animation,Family,Comedy",en,88.647,7/30/2021,7.5,551
16633,Somewhere in Time,"Drama,Fantasy,Romance",en,8.596,10/2/1980,7.5,421
79,Hero,"Drama,Adventure,Action,History",zh,21.679,7/22/2002,7.5,1806
502897,Leto,"Music,Drama",ru,6.702,6/7/2018,7.5,253
16642,Days of Heaven,"Drama,Romance",en,10.329,9/13/1978,7.5,770
8440,Carandiru,Drama,pt,7.786,3/21/2003,7.5,410
4553,The Machinist,"Thriller,Drama",en,17.398,2/9/2004,7.5,4488
451048,Jungle Cruise,"Action,Adventure,Fantasy",en,222.832,7/28/2021,7.5,4450
898,Birdman of Alcatraz,"Crime,Drama",en,8.176,7/4/1962,7.5,219
574,The Man Who Knew Too Much,"Crime,Drama,Mystery,Thriller",en,17.142,5/16/1956,7.5,1079
552178,Dark Waters,"Drama,Thriller,History",en,17.022,11/22/2019,7.5,1583
337703,The Red Turtle,"Animation,Drama,Fantasy,Family",fr,10.244,6/29/2016,7.5,1016
16305,Sullivan's Travels,"Adventure,Comedy,Romance",en,8.128,11/30/1941,7.5,340
15999,Vampire Hunter D: Bloodlust,"Animation,Fantasy,Horror,Action",ja,19.751,8/25/2000,7.5,431
9340,The Goonies,"Adventure,Comedy,Family",en,32.878,6/7/1985,7.5,4761
4024,Last Year at Marienbad,"Drama,Romance",fr,10.873,5/25/1961,7.5,370
470878,I Can Only Imagine,"Music,Drama",en,38.331,2/14/2018,7.5,377
389015,"I, Tonya",Drama,en,25.751,12/8/2017,7.5,4874
200085,The Flu,"Action,Drama,Science Fiction",ko,59.583,8/14/2013,7.5,977
5781,That Obscure Object of Desire,"Comedy,Drama,Romance",fr,18.415,8/17/1977,7.5,267
940,The Lady Vanishes,"Mystery,Thriller,Comedy",en,9.814,10/7/1938,7.5,679
483983,Balloon,"Drama,History,Thriller",de,13.142,9/27/2018,7.5,335
36557,Casino Royale,"Adventure,Action,Thriller",en,40.164,11/14/2006,7.5,9055
332562,A Star Is Born,"Drama,Romance,Music",en,33.837,10/3/2018,7.5,10349
3116,Midnight Cowboy,Drama,en,13.42,5/25/1969,7.5,1021
327331,The Dirt,"Drama,Music,History",en,15.86,3/22/2019,7.5,984
7735,The Wave,"Drama,Thriller",de,15.008,3/11/2008,7.5,2796
1372,Blood Diamond,"Drama,Thriller,Action",en,42.378,1/26/2006,7.5,6352
532,A Close Shave,"Family,Animation,Comedy",en,9.921,4/10/1995,7.5,616
11202,Patton,"War,Drama,History",en,12.413,1/25/1970,7.5,838
14438,Fireproof,"Drama,Romance",en,67.878,9/26/2008,7.5,538
10110,Empire of the Sun,"Drama,History,War",en,14.155,12/9/1987,7.5,1522
613090,"Live Twice, Love Once","Comedy,Drama",es,11.005,9/6/2019,7.5,283
19995,Avatar,"Action,Adventure,Fantasy,Science Fiction",en,386.124,12/10/2009,7.5,25759
15165,Barbie as The Princess & the Pauper,"Animation,Family,Comedy",en,78.974,9/28/2004,7.5,1214
12163,The Wrestler,"Drama,Romance",en,14.47,9/7/2008,7.5,2967
10747,The Outlaw Josey Wales,Western,en,28.319,7/14/1976,7.5,885
15371,Lupin the Third: The Castle of Cagliostro,"Family,Animation,Adventure,Comedy,Crime",ja,15.607,12/15/1979,7.5,795
15097,Fear City: A Family-Style Comedy,Comedy,fr,5.684,3/9/1994,7.5,997
468284,The Insult,"Drama,Crime",fr,7.509,9/14/2017,7.5,378
284293,Still Alice,Drama,en,8.949,12/5/2014,7.5,2656
281957,The Revenant,"Western,Drama,Adventure",en,52.979,12/25/2015,7.5,15986
11798,This Is England,"Drama,Crime",en,3.341,9/12/2006,7.5,1014
10683,Happiness,"Comedy,Drama",en,9.982,10/16/1998,7.5,606
984,Dirty Harry,"Action,Crime,Thriller",en,16.841,12/23/1971,7.5,1881
522,Ed Wood,"Comedy,Drama,History",en,11.686,9/27/1994,7.5,1876
876716,Ciao Alberto,"Animation,Comedy,Family,Fantasy",en,185.274,11/12/2021,7.5,505
431937,Mr & Mme Adelman,"Romance,Drama,Comedy",fr,7.112,3/8/2017,7.5,360
260513,Incredibles 2,"Action,Adventure,Animation,Family",en,82.939,6/14/2018,7.5,11100
18,The Fifth Element,"Adventure,Fantasy,Action,Thriller,Science Fiction",en,49.335,5/2/1997,7.5,9065
1786,Au Revoir les Enfants,"Drama,War",fr,10.485,10/7/1987,7.5,504
379,Miller's Crossing,"Drama,Thriller,Crime",en,10.52,9/21/1990,7.5,1285
429450,Pandora,"Thriller,Drama,Action",ko,31.464,12/7/2016,7.5,324
32761,The Seventh Continent,Drama,de,5.963,10/20/1989,7.5,225
10451,Eat Drink Man Woman,"Comedy,Drama,Romance",zh,8.991,1/28/1994,7.5,231
3482,The Train,"Thriller,War,Action",en,8.463,9/24/1964,7.5,233
601,E.T. the Extra-Terrestrial,"Science Fiction,Adventure,Family,Fantasy",en,31.547,6/11/1982,7.5,9585
453395,Doctor Strange in the Multiverse of Madness,"Fantasy,Action,Adventure",en,4289.605,5/4/2022,7.5,4782
85350,Boyhood,Drama,en,16.631,6/5/2014,7.5,4486
13930,For the Birds,"Animation,Family,Comedy",en,8.75,11/2/2000,7.5,976
11549,Invasion of the Body Snatchers,"Horror,Science Fiction",en,11.356,2/5/1956,7.5,791
3088,My Darling Clementine,Western,en,13.165,10/17/1946,7.5,298
500664,Upgrade,"Action,Thriller,Science Fiction",en,39.221,5/31/2018,7.5,3447
11970,Hercules,"Animation,Family,Fantasy,Adventure,Comedy,Romance",en,103.216,6/20/1997,7.5,6237
11544,Lilo & Stitch,"Animation,Family",en,103.355,6/21/2002,7.5,5074
2786,Pierrot le Fou,"Drama,Thriller",fr,11.442,8/29/1965,7.5,661
335984,Blade Runner 2049,"Science Fiction,Drama",en,67.918,10/4/2017,7.5,10895
10604,Zorba the Greek,Drama,el,9.178,12/14/1964,7.5,263
8740,The Vanishing,Thriller,nl,8.151,10/27/1988,7.5,450
615666,A Boy Called Christmas,"Family,Adventure,Fantasy",en,60.608,11/25/2021,7.5,456
983,The Man Who Would Be King,"Adventure,Drama",en,8.744,12/3/1975,7.5,463
217993,Justice League: War,"Animation,Action",en,22.723,2/2/2014,7.5,860
204553,Cold Eyes,"Crime,Action,Thriller",ko,28.592,7/3/2013,7.5,257
72213,Courageous,Drama,en,38.652,9/30/2011,7.5,283
1949,Zodiac,"Crime,Drama,Mystery,Thriller",en,24.806,3/2/2007,7.5,8532
475,Bonnie and Clyde,"Crime,Drama",en,19.45,7/18/1967,7.5,1256
228150,Fury,"War,Drama,Action",en,143.519,10/15/2014,7.5,10076
176983,One Piece Film: Z,"Action,Adventure,Animation",ja,60.15,12/15/2012,7.5,400
4254,Kal Ho Naa Ho,"Comedy,Drama",hi,8.804,11/27/2003,7.5,299
923,Dawn of the Dead,Horror,en,24.387,9/2/1978,7.5,1634
508947,Turning Red,"Animation,Family,Comedy,Fantasy",en,1100.986,3/10/2022,7.5,2804
438148,Minions: The Rise of Gru,"Family,Animation,Adventure,Comedy,Fantasy",en,8821.801,6/29/2022,7.5,489
1847,The Long Goodbye,"Crime,Mystery,Thriller,Comedy",en,10.656,3/7/1973,7.5,427
881,A Few Good Men,Drama,en,21.002,12/11/1992,7.5,2797
856,Who Framed Roger Rabbit,"Fantasy,Animation,Comedy,Crime",en,25.325,6/21/1988,7.5,4730
69,Walk the Line,"Drama,Music,Romance",en,17.333,9/13/2005,7.5,2360
145,Breaking the Waves,"Drama,Romance",da,13.462,5/13/1996,7.5,751
13830,Shottas,"Action,Adventure,Crime,Drama",en,26.421,2/27/2002,7.5,239
383498,Deadpool 2,"Action,Comedy,Adventure",en,193.759,5/10/2018,7.5,14884
9495,The Crow,"Fantasy,Action,Thriller",en,29.254,5/11/1994,7.5,3161
429617,Spider-Man: Far From Home,"Action,Adventure,Science Fiction",en,199.965,6/28/2019,7.5,12873
244088,Human Capital,Drama,it,6.557,1/9/2014,7.5,808
24192,The Gospel According to St. Matthew,"History,Drama",it,7.422,3/3/1965,7.5,259
17136,The Woman in the Window,"Drama,Thriller,Mystery,Crime",en,5.471,10/25/1944,7.5,250
12780,Iron Monkey,"Action,Crime,Drama",cn,9.714,9/3/1993,7.5,223
11481,Repulsion,"Drama,Thriller,Horror",en,9.158,6/1/1965,7.5,765
9428,The Royal Tenenbaums,"Comedy,Drama",en,15.103,10/5/2001,7.5,3764
9075,Black Book,"Drama,Thriller,War",nl,11.646,9/14/2006,7.5,911
16619,Ordinary People,Drama,en,11.098,9/19/1980,7.5,475
440298,Cold War,"Drama,Romance,War,Music",pl,9.395,6/8/2018,7.5,1227
377273,Aquarius,Drama,pt,11.034,9/1/2016,7.5,402
27327,Phantom of the Paradise,"Comedy,Fantasy,Horror,Music,Thriller",en,8.646,10/31/1974,7.5,484
11506,The Silence,"Drama,Romance",sv,8.041,9/23/1963,7.5,283
11528,The Sandlot,"Family,Comedy",en,18.544,4/7/1993,7.5,911
644583,The Mauritanian,"Drama,Thriller",en,15.331,2/10/2021,7.5,759
7500,Sonatine,"Action,Crime,Thriller",ja,10.229,4/10/1993,7.5,470
877,Scarface,"Action,Crime,Drama,Thriller",en,29.61,4/9/1932,7.5,444
346648,Paddington 2,"Adventure,Comedy,Family",en,37.69,11/9/2017,7.5,1755
11030,Zelig,Comedy,en,7.86,7/15/1983,7.5,690
9056,Police Story,"Action,Crime,Thriller",cn,19.445,12/14/1985,7.5,600
673595,Maggie Simpson in Playdate with Destiny,"Animation,Comedy,Family,Romance",en,29.927,2/29/2020,7.5,302
132344,Before Midnight,"Romance,Drama",en,12.454,4/5/2013,7.5,1880
375785,Then Came You,"Comedy,Drama",en,10.211,2/1/2019,7.5,386
11841,The 36th Chamber of Shaolin,"Action,Adventure",zh,12.749,2/2/1978,7.5,291
186,Lucky Number Slevin,"Drama,Thriller,Crime,Mystery",en,15.383,2/24/2006,7.5,3404
37916,Swept Away,"Romance,Drama,Comedy",it,5.763,12/18/1974,7.5,242
34148,Imitation of Life,"Drama,Romance",en,6.984,10/2/1959,7.5,202
219,Volver,"Comedy,Drama,Romance",es,8.762,3/17/2006,7.5,1348
37719,A Night at the Opera,"Comedy,Music",en,7.033,11/15/1935,7.5,368
14257,Delusions of Grandeur,"Comedy,History",fr,8.163,12/8/1971,7.5,558
530,A Grand Day Out,"Animation,Comedy,Family",en,10.248,5/18/1990,7.5,650
795514,The Fallout,Drama,en,128.349,1/28/2022,7.5,288
203833,The Book Thief,Drama,en,14.309,11/8/2013,7.5,3865
22584,To Have and Have Not,"Adventure,Romance,War",en,7.813,1/20/1945,7.5,382
10843,After Hours,"Comedy,Thriller,Drama",en,10.999,9/13/1985,7.5,1067
10549,Hamlet,Drama,en,9.137,12/25/1996,7.5,382
134350,Why Don't You Play in Hell?,"Drama,Action,Comedy",ja,8.838,9/14/2013,7.5,215
434616,Patients,"Drama,Comedy",fr,6.327,3/1/2017,7.5,536
58451,The Adventures of Pinocchio,"Family,Drama",it,6.726,12/21/1972,7.5,260
252,Willy Wonka & the Chocolate Factory,"Family,Fantasy,Comedy",en,47.714,6/29/1971,7.5,2740
34106,You Can't Take It with You,"Comedy,Drama,Romance",en,8.56,9/1/1938,7.5,287
3933,Corpse Bride,"Romance,Fantasy,Animation",en,143.486,9/12/2005,7.5,7267
118412,Berserk: The Golden Age Arc II - The Battle for Doldrey,"Action,Adventure,Drama,Fantasy,Animation",ja,18.394,6/23/2012,7.5,267
437586,mid90s,"Drama,Comedy",en,17.179,10/19/2018,7.5,1197
330459,Rogue One: A Star Wars Story,"Action,Adventure,Science Fiction",en,40.968,12/14/2016,7.5,13304
176241,Prison Break: The Final Break,"Action,Drama,Thriller",en,30.247,5/24/2009,7.5,532
16328,Johnny Got His Gun,"War,Drama",en,9.106,8/4/1971,7.5,284
11031,This Is Spinal Tap,"Music,Comedy",en,9.609,5/4/1984,7.5,1110
7549,Fearless,"Drama,Action",zh,25.838,1/26/2006,7.5,1011
874300,South Park: Post COVID: The Return of COVID,"Animation,Comedy,TV Movie",en,19.735,12/16/2021,7.5,212
576845,Last Night in Soho,"Thriller,Horror,Mystery",en,119.322,10/21/2021,7.5,1823
26596,Johnny Guitar,"Drama,Western,Romance",en,9.735,5/26/1954,7.5,297
1902,Open Your Eyes,"Drama,Thriller,Science Fiction",es,11.347,12/19/1997,7.5,784
11167,Peeping Tom,"Horror,Thriller,Drama",en,12.466,5/16/1960,7.5,588
9665,Glory,"Drama,History,War",en,11.96,12/15/1989,7.5,1238
9028,The Great Silence,"Western,Action",it,10.979,2/21/1968,7.5,279
4689,Sympathy for Mr. Vengeance,"Action,Drama,Thriller",ko,10.451,3/29/2002,7.5,1074
2690,Irma la Douce,"Comedy,Romance",en,10.752,6/5/1963,7.5,296
786,Almost Famous,"Drama,Music",en,14.585,9/15/2000,7.5,2187
106,Predator,"Science Fiction,Action,Adventure,Thriller",en,90.871,6/12/1987,7.5,6267
630220,18 Presents,"Drama,Fantasy",it,11.108,1/2/2020,7.5,583
258480,Carol,"Romance,Drama",en,13.462,11/20/2015,7.5,3139
27632,Black Sunday,Horror,it,8.079,8/12/1960,7.5,378
109,Three Colors: White,"Comedy,Drama,Mystery",fr,9.824,1/26/1994,7.5,876
638449,The Last Letter From Your Lover,"Drama,Romance",en,29.987,7/23/2021,7.5,434
637534,The Stronghold,"Thriller,Action,Crime",fr,100.742,8/18/2021,7.5,851
38396,That's Life,Comedy,it,5.067,12/18/1998,7.5,1173
9008,The Insider,"Drama,Thriller",en,12.693,3/10/1999,7.5,1450
818647,Through My Window,"Romance,Drama",es,236.503,2/4/2022,7.5,2126
529216,Mirage,"Thriller,Drama,Mystery,Fantasy",es,17.086,11/30/2018,7.5,1484
484747,Little Tickles,Drama,fr,8.065,11/14/2018,7.5,266
76758,The Flowers of War,"Drama,History,War",zh,10.622,12/15/2011,7.5,612
13689,Peaceful Warrior,Drama,en,12.309,3/30/2006,7.5,323
451480,The Guernsey Literary & Potato Peel Pie Society,"Romance,Drama,History",en,11.939,4/19/2018,7.5,1149
41498,One Piece: Strong World,"Animation,Fantasy,Adventure",ja,37.495,12/12/2009,7.5,271
18333,Hour of the Wolf,"Drama,Horror",sv,7.807,2/19/1968,7.5,379
15919,Marty,"Drama,Romance",en,7.689,4/11/1955,7.5,273
14736,Love & Basketball,"Action,Comedy,Drama,Romance",en,11.605,4/21/2000,7.5,349
487670,The Death of Superman,"Science Fiction,Animation,Action,Drama",en,21.115,8/28/2018,7.5,520
251516,Kung Fury,"Action,Comedy,Science Fiction,Fantasy",en,7.294,5/22/2015,7.5,1585
13060,Lifted,"Family,Animation,Science Fiction",en,9.058,12/28/2006,7.5,612
9559,A Perfect World,"Crime,Drama,Thriller",en,13.107,11/24/1993,7.5,1293
634544,Uncle Frank,Drama,en,10.852,11/25/2020,7.5,314
489418,In Safe Hands,Drama,fr,5.038,12/5/2018,7.5,338
476968,"Paul, Apostle of Christ","Drama,History",en,47.78,3/23/2018,7.5,259
21832,Neon Genesis Evangelion: Death and Rebirth,"Drama,Science Fiction,Animation",ja,30.877,3/15/1997,7.5,300
8333,The Taking of Pelham One Two Three,"Crime,Action,Thriller",en,6.972,10/2/1974,7.5,346
4584,Sense and Sensibility,"Drama,Romance",en,16.794,12/13/1995,7.5,1342
376290,Miss Sloane,"Thriller,Drama",en,21.299,11/25/2016,7.5,1470
239571,The Best of Me,"Drama,Romance",en,16.547,10/15/2014,7.5,2282
8094,The Magdalene Sisters,"Drama,History",en,8.476,8/30/2002,7.5,318
1407,La Vie en Rose,"Music,Drama",fr,9.685,2/14/2007,7.5,1336
154,Star Trek II: The Wrath of Khan,"Action,Adventure,Science Fiction,Thriller",en,11.913,6/4/1982,7.5,1521
621013,Chemical Hearts,"Drama,Romance",en,52.816,8/21/2020,7.5,970
4174,Spellbound,"Mystery,Thriller,Romance",en,9.452,11/8/1945,7.5,671
1251,Letters from Iwo Jima,"Action,Drama,War",en,17.082,12/19/2006,7.5,1639
175,The Big Blue,"Adventure,Drama,Romance",fr,10.357,5/10/1988,7.5,1167
508570,The One and Only Ivan,"Family,Comedy,Drama",en,11.229,8/21/2020,7.5,470
194662,Birdman or (The Unexpected Virtue of Ignorance),"Drama,Comedy",en,25.92,10/17/2014,7.5,11369
166666,3096 Days,Drama,de,24.647,2/21/2013,7.5,690
26638,Red Desert,Drama,it,9.442,9/4/1964,7.5,334
12169,The First Day of the Rest of Your Life,Drama,fr,5.21,7/23/2008,7.5,399
37181,About Elly,Drama,fa,6.773,6/6/2009,7.5,377
33273,Cell 211,"Action,Thriller,Drama",es,64.16,11/6/2009,7.5,999
17529,True Grit,Western,en,15.211,6/11/1969,7.5,591
8321,In Bruges,"Comedy,Drama,Crime",en,12.488,2/8/2008,7.5,4073
33997,Desert Flower,Drama,en,9.787,9/24/2009,7.5,329
10907,The Adventures of Robin Hood,"Adventure,Action,Romance",en,12.215,5/13/1938,7.5,554
3110,Shane,"Drama,Western",en,9.962,4/23/1953,7.5,458
345,Eyes Wide Shut,"Drama,Thriller,Mystery",en,33.548,7/16/1999,7.5,4853
290,Barton Fink,"Comedy,Drama,Crime",en,10.842,8/1/1991,7.5,1316
39323,Dragon Ball Z: Bardock - The Father of Goku,"Animation,Action,Science Fiction,Drama,Fantasy",ja,117.73,10/17/1990,7.5,509
9918,Glory Road,"Drama,History",en,14.77,1/13/2006,7.5,588
457601,Everything You Want,"Comedy,Drama",it,5.539,5/11/2017,7.5,265
370172,No Time to Die,"Adventure,Action,Thriller",en,200.651,9/29/2021,7.5,4364
565310,The Farewell,"Comedy,Drama",en,11.305,7/12/2019,7.5,1122
637693,Spirit Untamed,"Animation,Adventure,Family,Western",en,150.453,5/20/2021,7.5,394
374720,Dunkirk,"War,Action,Drama",en,33.047,7/19/2017,7.5,14229
17809,Fist of Legend,Action,zh,23.946,12/22/1994,7.5,400
13350,Scooby-Doo and the Ghoul School,"Adventure,Animation,Mystery,Family,TV Movie,Comedy,Fantasy",en,11.166,10/16/1988,7.5,251
1023,Adam's Apples,"Drama,Comedy,Crime",da,9.933,4/15/2005,7.5,523
648,Beauty and the Beast,"Drama,Fantasy,Romance",fr,10.018,10/29/1946,7.5,463
32909,Mulan: Rise of a Warrior,"Adventure,Drama,Action",zh,14.995,11/26/2009,7.5,353
2034,Training Day,"Action,Crime,Drama",en,23.2,10/5/2001,7.5,4774
620,Ghostbusters,"Comedy,Fantasy",en,29.594,6/8/1984,7.5,7422
319373,Sweet Bean,Drama,ja,10.816,5/30/2015,7.5,399
71883,Redline,"Animation,Action,Science Fiction",ja,15.203,5/27/2010,7.5,305
226,Boys Don't Cry,"Crime,Drama",en,12.803,9/2/1999,7.5,1067
31767,The Devils,"Drama,History",en,7.531,7/1/1971,7.5,270
18925,Facing the Giants,Drama,en,47.065,9/29/2006,7.5,320
9549,The Right Stuff,"Drama,History,Adventure",en,10.37,10/20/1983,7.5,676
1360,Frida,"Drama,Romance",en,19.343,8/29/2002,7.5,1742
985,Eraserhead,"Fantasy,Horror",en,9.624,9/28/1977,7.5,1920
813258,Monster Pets: A Hotel Transylvania Short,"Animation,Comedy,Fantasy",en,162.524,4/2/2021,7.5,313
11349,Cape Fear,"Drama,Thriller",en,8.116,4/12/1962,7.5,438
10377,My Cousin Vinny,"Comedy,Crime",en,10.927,3/13/1992,7.5,1154
845222,Kingdom: Ashin of the North,"Drama,Fantasy,Thriller",ko,70.239,7/23/2021,7.5,386
6916,"Watch Out, We're Mad","Action,Comedy",it,10.424,3/29/1974,7.5,638
192,The Name of the Rose,"Drama,Thriller,Mystery",en,13.639,9/24/1986,7.5,2456
11704,The Secret of NIMH,"Family,Animation,Fantasy,Adventure",en,9.909,6/17/1982,7.5,637
11471,A Better Tomorrow,"Action,Crime,Drama",zh,10.086,8/2/1986,7.5,360
408647,Teen Titans: The Judas Contract,"Science Fiction,Animation,Action",en,31.813,3/31/2017,7.5,556
339403,Baby Driver,"Action,Crime",en,87.935,6/28/2017,7.5,13382
293863,The Age of Adaline,"Romance,Fantasy,Drama",en,29.63,4/16/2015,7.5,5553
663260,Black Box,"Mystery,Thriller,Drama",fr,14.839,9/8/2021,7.5,693
340666,Nocturnal Animals,"Drama,Thriller",en,27.231,11/4/2016,7.5,6590
48282,Ecce Bombo,"Comedy,Drama",it,5.075,3/8/1978,7.5,203
16372,The Innocents,"Horror,History,Thriller",en,10.405,12/15/1961,7.5,441
823,Jin-Roh: The Wolf Brigade,"Animation,Science Fiction,Thriller,Drama",ja,12.68,11/17/1999,7.5,344
364433,They Call Me Jeeg,"Crime,Drama,Action,Science Fiction",it,18.807,2/25/2016,7.5,2286
292011,Richard Jewell,"Drama,History,Crime",en,16.254,12/13/2019,7.5,1984
16646,Russian Ark,"Drama,Fantasy,History,Mystery",ru,5.632,5/22/2002,7.5,355
345938,The Shack,"Drama,Fantasy",en,110.472,3/3/2017,7.5,1717
49361,Don't Torture a Duckling,Horror,it,8.568,9/29/1972,7.5,276
10400,The Hurricane,Drama,en,13.911,9/17/1999,7.5,1148
846214,"The Simpsons: The Good, the Bart, and the Loki","Animation,Comedy,Family",en,163.765,7/7/2021,7.5,547
533444,Waves,"Romance,Drama",en,17.351,11/15/2019,7.5,444
519010,Pain and Glory,Drama,es,10.62,3/22/2019,7.5,1507
407445,Breathe,"Drama,Romance",en,19.596,10/13/2017,7.5,630
13754,Tekkonkinkreet,"Action,Adventure,Animation",ja,10.736,10/21/2006,7.5,284
8356,An Affair to Remember,"Drama,Romance",en,9.394,7/11/1957,7.5,356
649,Belle de Jour,"Drama,Romance",fr,10.557,5/24/1967,7.5,640
129670,Nebraska,"Drama,Adventure",en,8.808,9/21/2013,7.5,1462
22538,Scott Pilgrim vs. the World,"Action,Comedy,Romance",en,47.115,8/12/2010,7.5,6449
12837,The Secret Life of Bees,"Family,Adventure,Drama",en,12.297,9/17/2008,7.5,430
10435,Chaplin,Drama,en,12.727,12/17/1992,7.5,829
4251,Veer-Zaara,"Drama,Romance",hi,9.734,11/12/2004,7.5,205
196,Back to the Future Part III,"Adventure,Comedy,Science Fiction",en,25.65,5/25/1990,7.5,8791
402693,100 Meters,"Comedy,Drama",es,8.002,11/4/2016,7.5,230
269258,Head Full of Honey,"Comedy,Drama",de,5.491,12/25/2014,7.5,292
227306,Unbroken,"Drama,War",en,17.953,12/25/2014,7.5,3585
65218,Lemonade Mouth,"Drama,Comedy,TV Movie",en,13.389,12/6/2011,7.5,928
37472,Ip Man 2,"Action,History,Drama",cn,4.538,4/29/2010,7.5,1831
13377,How the Grinch Stole Christmas!,"Animation,Family,Comedy",en,16.185,12/18/1966,7.5,789
1523,The Last King of Scotland,Drama,en,18.324,1/12/2006,7.5,1687
1368,First Blood,"Action,Adventure,Thriller,War",en,46.8,10/22/1982,7.5,5024
755339,Just Another Christmas,"Comedy,Family",pt,6.758,12/3/2020,7.4,326
675445,PAW Patrol: The Movie,"Animation,Family,Adventure,Comedy",en,323.229,8/9/2021,7.4,978
72478,Suicide Room,"Drama,Thriller,Animation",pl,8.775,3/4/2011,7.4,395
14092,Ghost in the Shell 2.0,"Action,Animation,Science Fiction",ja,20.366,7/12/2008,7.4,311
11901,High Plains Drifter,"Western,Drama,Mystery",en,13.605,4/19/1973,7.4,839
25403,Caro diario,"Comedy,Drama",it,6.27,10/12/1993,7.4,312
13353,"It's the Great Pumpkin, Charlie Brown","Family,Animation,TV Movie",en,7.413,10/27/1966,7.4,281
265180,Leviathan,Drama,ru,12.141,9/24/2014,7.4,686
18988,The Lion in Winter,"Drama,History",en,12.347,10/30/1968,7.4,244
8741,The Thin Red Line,"Drama,History,War",en,15.749,3/5/1998,7.4,2404
11710,The Enigma of Kaspar Hauser,"Drama,History",de,5.859,11/1/1974,7.4,242
290762,Miss You Already,"Comedy,Drama",en,12.386,9/12/2015,7.4,612
10784,Cabaret,"Music,Drama,Romance",en,9.849,2/13/1972,7.4,693
499631,Fabrizio De André: Principe libero,"Music,History",it,4.729,1/23/2018,7.4,314
11829,Trinity Is Still My Name,"Comedy,Western",it,15.876,10/21/1971,7.4,716
2501,The Bourne Identity,"Action,Drama,Mystery,Thriller",en,32.465,6/14/2002,7.4,7876
704,A Hard Day's Night,"Music,Comedy",en,9.597,7/7/1964,7.4,517
589982,Spread Your Wings,"Adventure,Family",fr,6.514,9/12/2019,7.4,238
544401,Cherry,"Drama,Crime",en,63.778,2/26/2021,7.4,987
9509,Man on Fire,"Action,Drama,Thriller",en,36.535,4/23/2004,7.4,4182
2056,The Station Agent,"Drama,Comedy",en,7.775,1/26/2003,7.4,512
250219,I Can Quit Whenever I Want,Comedy,it,6.703,2/6/2014,7.4,1637
100271,A Letter to Momo,"Comedy,Fantasy,Animation,Drama,Family",ja,21.267,4/21/2012,7.4,285
13475,Star Trek,"Science Fiction,Action,Adventure",en,48.397,5/6/2009,7.4,8724
458156,John Wick: Chapter 3 - Parabellum,"Action,Thriller,Crime",en,156.452,5/15/2019,7.4,8059
339380,On the Basis of Sex,"Drama,History",en,20.017,12/25/2018,7.4,843
290542,You're Not You,Drama,en,11.186,10/10/2014,7.4,689
5967,The Umbrellas of Cherbourg,"Drama,Romance",fr,8.498,2/19/1964,7.4,561
1677,Ray,"Drama,Music",en,22.397,10/29/2004,7.4,1560
466272,Once Upon a Time… in Hollywood,"Comedy,Drama,Thriller",en,46.853,7/24/2019,7.4,10661
206487,Predestination,"Science Fiction,Thriller",en,36.547,8/28/2014,7.4,5363
18917,Alice,"Animation,Fantasy,Adventure",cs,8.099,8/3/1988,7.4,251
1813,The Devil's Advocate,"Drama,Mystery,Thriller,Horror",en,36.161,10/17/1997,7.4,4784
595975,La Belle Époque,"Comedy,Drama",fr,12.38,11/6/2019,7.4,766
190859,American Sniper,"War,Action",en,96.044,12/25/2014,7.4,11243
451499,School of Life,"Drama,Comedy,Family",fr,6.586,2/22/2017,7.4,236
271110,Captain America: Civil War,"Adventure,Action,Science Fiction",en,167.83,4/27/2016,7.4,20066
250538,The Good Lie,Drama,en,8.505,6/27/2014,7.4,425
26963,The Secret of Kells,"Animation,Family,Fantasy",en,14.099,2/9/2009,7.4,522
16858,All That Jazz,Drama,en,7.761,12/16/1979,7.4,344
11545,Rushmore,"Comedy,Drama",en,10.519,12/11/1998,7.4,2004
8055,The Reader,"Drama,Romance",en,28.643,1/2/2008,7.4,2477
527,Once Were Warriors,Drama,en,8.484,9/2/1994,7.4,296
39107,Dragon Ball Z: Fusion Reborn,"Animation,Action,Fantasy,Science Fiction",ja,158.694,3/4/1995,7.4,644
5503,The Fugitive,"Drama,Action,Thriller",en,27.426,8/6/1993,7.4,3401
1052,Blow-Up,"Drama,Mystery,Thriller",en,9.827,12/18/1966,7.4,944
439584,I Can Quit Whenever I Want 3: Ad Honorem,"Action,Comedy",it,6.194,11/30/2017,7.4,868
339984,Miracles from Heaven,Drama,en,82.521,3/17/2016,7.4,993
271706,Big Fish & Begonia,"Animation,Adventure,Fantasy",zh,27.85,7/8/2016,7.4,357
74643,The Artist,"Drama,Comedy,Romance",en,9.768,10/12/2011,7.4,2738
36208,A Dog's Life,"Comedy,Drama",en,6.323,4/14/1918,7.4,244
1391,Y Tu Mamá También,"Drama,Romance",es,33.939,6/8/2001,7.4,1148
626735,Dog,"Drama,Comedy",en,1506.438,2/17/2022,7.4,673
380225,Like Crazy,"Drama,Comedy",it,7.018,5/17/2016,7.4,798
9299,Thesis,"Horror,Thriller",es,11.217,4/11/1996,7.4,623
6114,Bram Stoker's Dracula,"Romance,Horror",en,39.908,11/13/1992,7.4,4081
1653,The Motorcycle Diaries,Drama,es,9.353,2/6/2004,7.4,1035
779,Vampyr,"Horror,Fantasy",de,7.37,5/6/1932,7.4,367
568,Apollo 13,"History,Drama,Adventure",en,19.844,6/30/1995,7.4,4552
583689,Moxie,"Comedy,Drama,Music",en,18.075,3/3/2021,7.4,652
414425,Mudbound,Drama,en,7.053,11/16/2017,7.4,1038
284052,Doctor Strange,"Action,Adventure,Fantasy",en,209.472,10/25/2016,7.4,19409
273895,Selma,"History,Drama",en,7.462,12/25/2014,7.4,1939
193756,Lone Survivor,"War,Action,Drama,History",en,53.119,12/24/2013,7.4,3552
31522,A Woman Is a Woman,"Comedy,Drama,Romance",fr,6.732,9/6/1961,7.4,268
24226,The Verdict,Drama,en,9.222,12/8/1982,7.4,456
497698,Black Widow,"Action,Adventure,Science Fiction",en,284.897,7/7/2021,7.4,7878
14283,The Red Violin,"Drama,Thriller,Mystery,Music,Romance",fr,11.215,9/10/1998,7.4,315
25623,House,"Comedy,Fantasy,Horror",ja,8.104,8/26/1977,7.4,436
6644,El Dorado,"Western,Adventure,Action,Romance",en,16.302,12/17/1966,7.4,389
187,Sin City,"Thriller,Action,Crime",en,25.895,4/1/2005,7.4,6852
516486,Greyhound,"War,Action,Drama",en,23.098,7/10/2020,7.4,2202
483980,Z-O-M-B-I-E-S,"Music,Fantasy,Comedy,Romance,TV Movie",en,115.325,2/16/2018,7.4,531
247645,Queen,"Comedy,Drama",hi,6.496,3/7/2014,7.4,216
11615,The Life of David Gale,"Drama,Thriller,Crime",en,12.925,2/21/2003,7.4,1644
3080,Top Hat,"Comedy,Music,Romance",en,8.761,8/29/1935,7.4,221
395834,Wind River,"Crime,Drama,Mystery,Thriller",en,26.743,8/3/2017,7.4,4241
3085,His Girl Friday,"Comedy,Drama,Romance",en,13.457,1/18/1940,7.4,621
114,Pretty Woman,"Romance,Comedy",en,56.518,3/23/1990,7.4,6515
21450,Naked,"Drama,Comedy",en,7.608,9/14/1993,7.4,386
2292,Clerks,Comedy,en,11.721,9/13/1994,7.4,1984
481432,Happy as Lazzaro,"Drama,Fantasy",it,6.647,5/31/2018,7.4,542
101299,The Hunger Games: Catching Fire,"Adventure,Action,Science Fiction",en,64.043,11/15/2013,7.4,15082
39356,Boy,"Drama,Comedy",en,8.427,2/14/2010,7.4,299
25955,Pickup on South Street,"Crime,Thriller,Romance",en,5.599,5/27/1953,7.4,207
9461,Enter the Dragon,Action,en,25.531,8/17/1973,7.4,1441
13446,Withnail & I,"Comedy,Drama",en,6.646,6/19/1987,7.4,416
491584,Burning,"Mystery,Drama,Thriller",ko,14.875,5/17/2018,7.4,1180
363,Head-On,"Drama,Romance",de,8.023,3/11/2004,7.4,426
242,The Godfather: Part III,"Crime,Drama,Thriller",en,41.812,12/25/1990,7.4,4985
164249,Santa Claus Is a Stinker,Comedy,fr,4.771,1/14/1985,7.4,224
11978,Men of Honor,Drama,en,41.147,9/13/2000,7.4,1807
639,When Harry Met Sally...,"Comedy,Romance,Drama",en,12.132,1/12/1989,7.4,3267
615,The Passion of the Christ,Drama,en,76.145,2/25/2004,7.4,3503
492,Being John Malkovich,"Comedy,Drama,Fantasy",en,17.492,10/29/1999,7.4,3524
507505,El Angel,"Drama,Crime",es,13.461,8/9/2018,7.4,468
75233,"Oslo, August 31st",Drama,no,6.454,8/31/2011,7.4,283
26900,The Bandit,"Crime,Drama,Thriller",tr,6.522,11/29/1996,7.4,236
575,The Experiment,"Drama,Thriller",de,10.382,3/7/2001,7.4,875
432836,Memoir of a Murderer,"Thriller,Action,Crime",ko,10.618,9/7/2017,7.4,208
76589,Justice League: Doom,"Action,Animation,Science Fiction",en,39.284,2/28/2012,7.4,696
451751,American Satan,"Thriller,Drama,Music",en,9.574,10/13/2017,7.4,209
94329,The Raid,"Action,Thriller,Crime",id,29.467,3/22/2012,7.4,2713
387426,Okja,"Adventure,Drama,Science Fiction,Fantasy",en,27.091,6/28/2017,7.4,3661
228203,"McFarland, USA","Drama,Family",en,9.342,2/20/2015,7.4,623
38985,Sorcerer,"Adventure,Thriller",en,18.015,6/24/1977,7.4,335
161,Ocean's Eleven,"Thriller,Crime",en,29.487,12/7/2001,7.4,9818
615643,Minari,Drama,en,14.076,2/12/2021,7.4,1138
49020,Submarine,"Drama,Comedy,Romance",en,8.147,3/18/2011,7.4,1204
15764,Sophie's Choice,"Drama,Romance",en,8.672,12/8/1982,7.4,693
137106,The Lego Movie,"Adventure,Animation,Comedy,Family,Fantasy",en,36.137,2/6/2014,7.4,6665
11589,Kelly's Heroes,"Adventure,Comedy,War",en,11.569,1/1/1970,7.4,543
514575,A Twelve-Year Night,"Drama,Crime,History",es,9.287,9/20/2018,7.4,239
377263,Frantz,"History,Drama,Romance",fr,17.053,9/7/2016,7.4,582
3766,The Lady from Shanghai,"Crime,Drama,Mystery,Thriller",en,6.426,12/24/1947,7.4,484
2767,The Lovers on the Bridge,"Drama,Romance",fr,7.004,10/16/1991,7.4,234
433247,First They Killed My Father,"War,Drama,History",en,17.43,2/18/2017,7.4,559
121986,Frances Ha,"Comedy,Drama",en,10.439,5/17/2013,7.4,1214
583406,Judas and the Black Messiah,"Drama,History",en,17.455,2/12/2021,7.4,1056
446893,Trolls World Tour,"Family,Animation,Comedy,Fantasy,Adventure,Music",en,72.829,3/11/2020,7.4,1774
417320,Descendants 2,"Family,Fantasy,TV Movie,Music,Adventure,Action,Romance",en,58.785,7/21/2017,7.4,1364
394117,The Florida Project,Drama,en,14.146,10/6/2017,7.4,2238
11661,Joyeux Noel,"Drama,War,Romance,History",fr,8.973,11/9/2005,7.4,701
839,Duel,"Action,Thriller,TV Movie",en,20.066,11/13/1971,7.4,1431
713,The Piano,"Drama,Romance",en,11.12,5/19/1993,7.4,1153
686,Contact,"Drama,Science Fiction,Mystery",en,21.106,7/11/1997,7.4,3588
12207,The Legend of Drunken Master,"Action,Comedy",cn,24.426,2/3/1994,7.4,739
2898,As Good as It Gets,"Comedy,Romance",en,19.57,12/19/1997,7.4,3055
1116,The Wind That Shakes the Barley,"Drama,War",en,11.514,3/23/2006,7.4,578
758866,Drive My Car,Drama,ja,20.21,8/18/2021,7.4,708
3063,Duck Soup,"Comedy,War",en,9.082,11/12/1933,7.4,588
388,Inside Man,"Crime,Drama,Thriller",en,22.631,3/17/2006,7.4,4777
2503,The Bourne Ultimatum,"Action,Drama,Mystery,Thriller",en,33.995,8/3/2007,7.4,6525
427033,This Crazy Heart,Drama,de,6.328,12/21/2017,7.4,235
406385,I Can Quit Whenever I Want 2: Masterclass,"Action,Comedy,Crime",it,5.658,2/2/2017,7.4,1110
15774,Swades,Drama,hi,6.299,12/17/2004,7.4,244
11416,The Mission,"Adventure,Drama,Action,History",en,12.611,9/29/1986,7.4,1122
11236,The Secret Garden,"Drama,Family,Fantasy",en,14.951,8/13/1993,7.4,735
4476,Legends of the Fall,"Adventure,Drama,Romance,War,Western",en,19.632,12/16/1994,7.4,2046
594328,Phineas and Ferb: The Movie: Candace Against the Universe,"Family,Animation,Science Fiction,Comedy,TV Movie",en,64.959,8/28/2020,7.4,304
73456,Barbie: Princess Charm School,"Family,Animation,Fantasy",en,66.082,10/5/2011,7.4,619
46919,Daisies,"Comedy,Fantasy",cs,6.325,12/30/1966,7.4,231
10849,The Purple Rose of Cairo,"Fantasy,Comedy,Romance",en,10.014,3/1/1985,7.4,797
5723,Once,"Drama,Music,Romance",en,11.371,7/15/2006,7.4,1064
2291,Jacob's Ladder,"Drama,Mystery,Horror",en,14.615,11/2/1990,7.4,1227
28055,Blood and Black Lace,"Horror,Mystery,Thriller",it,7.018,4/10/1964,7.4,286
14433,Zulu,"Action,Drama,History,War",en,9.673,1/22/1964,7.4,395
462,Erin Brockovich,Drama,en,15.048,3/17/2000,7.4,2529
13321,Lifeboat,"War,Drama",en,9.265,1/28/1944,7.4,325
140,Bad Education,"Crime,Drama",es,10.812,3/19/2004,7.4,750
40823,The Man Who Copied,"Comedy,Drama,Romance,Crime",pt,5.104,6/13/2003,7.4,276
37211,Scooby-Doo! and the Reluctant Werewolf,"Animation,Comedy,Family,Mystery,TV Movie",en,43.449,11/13/1988,7.4,254
763,Braindead,"Horror,Comedy",en,19.033,8/13/1992,7.4,1268
546121,Run,"Thriller,Horror,Drama",en,26.026,11/20/2020,7.4,1802
489930,Blindspotting,"Comedy,Drama",en,11.028,7/20/2018,7.4,523
463257,The Peanut Butter Falcon,"Adventure,Drama,Comedy",en,11.726,8/9/2019,7.4,1022
432616,Promise at Dawn,"Drama,Romance",fr,6.488,12/20/2017,7.4,364
37135,Tarzan,"Family,Adventure,Animation,Drama",en,93.739,6/18/1999,7.4,5693
25673,A Place in the Sun,"Drama,Thriller",en,10.274,6/12/1951,7.4,282
20558,Scooby-Doo! in Where's My Mummy?,"Mystery,Animation,Family,Adventure,Comedy,Fantasy",en,33.925,12/13/2005,7.4,305
9462,The Way of the Dragon,"Action,Crime",cn,18.337,6/1/1972,7.4,867
614587,Lupin III: The First,"Adventure,Action,Animation",ja,10.476,12/6/2019,7.4,230
353081,Mission: Impossible - Fallout,"Action,Adventure",en,61.704,7/13/2018,7.4,6677
17654,District 9,Science Fiction,en,68.264,8/5/2009,7.4,7978
4203,Women on the Verge of a Nervous Breakdown,"Comedy,Drama",es,9.12,3/25/1988,7.4,674
1245,The Remains of the Day,"Drama,Romance",en,9.223,11/5/1993,7.4,973
376867,Moonlight,Drama,en,18.006,10/21/2016,7.4,6155
274109,Palm Trees in the Snow,"Drama,History,Romance",es,15.317,12/25/2015,7.4,468
9504,Glengarry Glen Ross,"Crime,Drama,Mystery",en,9.792,9/15/1992,7.4,1012
447332,A Quiet Place,"Horror,Drama,Science Fiction",en,103.119,4/3/2018,7.4,11807
19100,Those Happy Days,"Comedy,Family",fr,6.308,6/28/2006,7.4,815
621,Grease,"Romance,Comedy",en,35.61,7/7/1978,7.4,6144
113082,Berserk: The Golden Age Arc I - The Egg of the King,"Action,Adventure,Fantasy,Animation",ja,20.311,2/3/2012,7.4,354
284054,Black Panther,"Action,Adventure,Science Fiction",en,181.856,2/13/2018,7.4,19314
157354,Fruitvale Station,Drama,en,10.597,7/26/2013,7.4,1039
7452,"The Cook, the Thief, His Wife & Her Lover","Crime,Drama",en,12.649,10/13/1989,7.4,456
260,The 39 Steps,"Mystery,Thriller",en,11.12,6/6/1935,7.4,715
416494,Status Update,"Comedy,Fantasy,Science Fiction",en,21.581,2/9/2018,7.4,430
13635,Mesrine: Killer Instinct,"Drama,Action,Thriller,Crime",fr,8.041,10/22/2008,7.4,760
8810,Mad Max 2,"Adventure,Action,Thriller,Science Fiction",en,32.147,12/24/1981,7.4,2901
458131,The Best of Enemies,"Drama,History",en,15.207,4/5/2019,7.4,323
303483,Once in a Lifetime,Drama,fr,4.975,12/3/2014,7.4,271
289222,The Zookeeper's Wife,"Drama,History,War",en,21.042,3/24/2017,7.4,1311
3089,Red River,"Western,Adventure,Drama,Romance",en,8.013,8/26/1948,7.4,375
756,Fantasia,"Animation,Family",en,60.954,4/11/1940,7.4,2514
205220,Philomena,Drama,en,7.897,11/1/2013,7.4,1373
1669,The Hunt for Red October,"Action,Adventure,Thriller",en,22.058,3/2/1990,7.4,2631
853,Enemy at the Gates,"Drama,War,History",en,36.545,3/14/2001,7.4,2883
146,"Crouching Tiger, Hidden Dragon","Adventure,Drama,Action,Romance",zh,18.694,7/6/2000,7.4,2589
571468,Freaks Out,"Adventure,Action,Science Fiction",it,19.216,10/28/2021,7.4,642
312221,Creed,Drama,en,88.343,11/25/2015,7.4,6046
242643,Batman: Assault on Arkham,"Thriller,Animation,Action,Crime",en,15.836,8/12/2014,7.4,927
36095,Cure,"Crime,Thriller,Horror,Mystery",ja,10.667,12/27/1997,7.4,275
14638,The Killers,"Crime,Mystery,Thriller",en,9.332,8/28/1946,7.4,289
5123,August Rush,"Family,Drama,Music",en,27.715,11/21/2007,7.4,2369
2757,Adaptation.,"Comedy,Crime,Drama",en,14.189,12/6/2002,7.4,1997
9361,The Last of the Mohicans,"Action,Adventure,Drama,History,Romance,War",en,17.936,8/26/1992,7.4,2449
9065,Europa,Drama,de,5.301,6/27/1991,7.4,222
12554,Citizen X,"Crime,Drama",en,10.323,2/25/1995,7.4,226
6404,Nosferatu the Vampyre,"Drama,Horror",de,17.456,1/17/1979,7.4,616
1895,Star Wars: Episode III - Revenge of the Sith,"Adventure,Action,Science Fiction",en,44.413,5/17/2005,7.4,11619
38602,Little Lord Fauntleroy,"TV Movie,Family,Drama",en,7.858,11/25/1980,7.4,215
14698,"Suddenly, Last Summer","Thriller,Drama,Mystery",en,7.003,12/22/1959,7.4,210
176,Saw,"Horror,Mystery,Crime",en,79.716,10/1/2004,7.4,7514
668742,Father There Is Only One 2,"Comedy,Family",es,337.486,7/29/2020,7.4,363
408220,Justice League Dark,"Science Fiction,Action,Animation,Fantasy,Thriller",en,23.311,3/29/2017,7.4,746
590223,Love and Monsters,"Comedy,Action,Adventure,Fantasy",en,36.32,10/16/2020,7.4,3141
165213,New World,"Thriller,Crime,Drama",ko,10.33,2/21/2013,7.4,324
87827,Life of Pi,"Adventure,Drama",en,50.245,11/20/2012,7.4,11667
9385,The Twelve Tasks of Asterix,"Family,Animation,Comedy,Adventure",fr,11.68,6/26/1976,7.4,947
7863,Shine,Drama,en,10.408,8/15/1996,7.4,516
427,Mon Oncle,Comedy,fr,10.737,5/10/1958,7.4,399
659959,Summer of 85,"Romance,Drama",fr,11.979,7/14/2020,7.4,543
111969,Stuck in Love,"Drama,Comedy",en,19.177,6/14/2013,7.4,1693
64682,The Great Gatsby,"Drama,Romance",en,48.66,5/10/2013,7.4,10607
51828,One Day,"Drama,Romance",en,37.582,3/2/2011,7.4,3550
16320,Serenity,"Science Fiction,Action,Adventure,Thriller",en,17.478,9/23/2005,7.4,2904
2798,Oscar,Comedy,fr,6.099,10/11/1967,7.4,394
1542,Office Space,Comedy,en,13.26,2/19/1999,7.4,2350
687,Dead Man Walking,Drama,en,13.905,12/29/1995,7.4,1086
454626,Sonic the Hedgehog,"Action,Science Fiction,Comedy,Family",en,152.261,2/12/2020,7.4,8190
88273,A Royal Affair,"Drama,History,Romance",da,7.515,3/29/2012,7.4,715
20620,Seconds,"Science Fiction,Thriller",en,8.042,10/5/1966,7.4,250
17681,Scooby-Doo! and the Witch's Ghost,"Animation,Comedy,Mystery,Family,Fantasy",en,15.381,11/5/1999,7.4,323
3121,Nashville,"Drama,Music,Comedy",en,7.704,6/11/1975,7.4,285
794,The Omen,"Horror,Thriller",en,24.542,6/6/1976,7.4,1549
34647,Enter the Void,"Fantasy,Drama",en,12.869,6/17/2009,7.4,1427
10867,Malena,Drama,it,51.992,3/16/2000,7.4,1695
4011,Beetlejuice,"Fantasy,Comedy",en,33.425,3/30/1988,7.4,5509
814,An American Werewolf in London,"Horror,Comedy",en,27.081,8/21/1981,7.4,1849
802,Lolita,"Crime,Drama,Romance",en,27.211,6/21/1962,7.4,1613
153,Lost in Translation,"Comedy,Drama,Romance",en,18.533,9/18/2003,7.4,6056
522369,Sorry We Missed You,Drama,en,8.952,10/4/2019,7.4,549
25866,The Sucker,"Comedy,Crime",fr,10.091,3/24/1965,7.4,516
258893,Scooby-Doo! WrestleMania Mystery,"Animation,Comedy,Family,Mystery",en,22.366,3/25/2014,7.4,247
249164,If I Stay,Drama,en,31.784,8/21/2014,7.4,3839
17474,The Man in the Moon,"Drama,Family,Romance",en,7.05,9/30/1991,7.4,227
12716,My Father's Glory,"Adventure,Drama",fr,6.393,8/29/1990,7.4,232
19120,Juliet of the Spirits,"Comedy,Drama,Fantasy",it,6.707,10/22/1965,7.4,229
14645,Santa Claus Is a Stinker,Comedy,fr,6.975,8/25/1982,7.4,801
1359,American Psycho,"Thriller,Drama,Crime",en,56.019,4/13/2000,7.4,8179
628,Interview with the Vampire,"Horror,Drama,Fantasy",en,34.553,11/11/1994,7.4,4752
610120,Anima,Music,en,6.645,6/27/2019,7.4,339
10474,The Basketball Diaries,"Drama,Crime",en,30.737,4/21/1995,7.4,1575
7294,The Man Without a Past,"Romance,Comedy,Drama",fi,6.424,3/1/2002,7.4,226
4710,Masculin Féminin,"Drama,Romance",fr,6.53,3/22/1966,7.4,270
2134,The Time Machine,"Thriller,Adventure,Fantasy,Science Fiction,Romance",en,22.305,5/25/1960,7.4,615
771,Home Alone,"Comedy,Family",en,2.928,11/16/1990,7.4,9089
47735,Summer with Monika,"Drama,Romance",sv,8.334,2/9/1953,7.4,252
45317,The Fighter,Drama,en,12.099,12/10/2010,7.4,3645
11943,Jeremiah Johnson,"Adventure,Western,History",en,12.317,9/10/1972,7.4,458
1554,Down by Law,"Crime,Drama,Comedy",en,7.467,9/20/1986,7.4,555
760,The Mad Adventures of Rabbi Jacob,Comedy,fr,10.523,10/17/1973,7.4,787
350,The Devil Wears Prada,"Comedy,Drama,Romance",en,57.084,6/29/2006,7.4,10170
90369,Now Is Good,"Drama,Romance",en,10.93,5/25/2012,7.4,1004
9571,Dazed and Confused,"Comedy,Drama",en,14.526,9/24/1993,7.4,1632
4133,Blow,"Crime,Drama",en,21.777,4/4/2001,7.4,3687
245891,John Wick,"Action,Thriller",en,104.505,10/22/2014,7.4,15910
15003,Chocolate,"Action,Comedy,Crime",th,12.81,2/6/2008,7.4,381
8681,Taken,"Action,Thriller",en,116.411,2/18/2008,7.4,9618
520172,Happiest Season,"Romance,Comedy",en,15.287,11/26/2020,7.4,861
273481,Sicario,"Action,Crime,Thriller",en,84.594,9/17/2015,7.4,7048
39486,Secretariat,Drama,en,13.933,8/20/2010,7.4,477
22164,Blood and Bone,"Action,Drama,Thriller",en,41.6,2/7/2009,7.4,565
7249,Futurama: Bender's Big Score,"Animation,Comedy,Science Fiction,TV Movie",en,14.344,3/5/2008,7.4,503
1429,25th Hour,"Crime,Drama",en,10.638,12/19/2002,7.4,1936
413279,Team Thor,"Comedy,Science Fiction",en,24.034,8/28/2016,7.4,426
53565,Steamboat Willie,"Animation,Music,Comedy,Family",en,7.827,11/18/1928,7.4,387
14551,Winchester '73,Western,en,8.307,7/12/1950,7.4,262
12311,Mutiny on the Bounty,"Adventure,Drama,History",en,8.352,11/22/1935,7.4,239
11206,Wait Until Dark,"Crime,Thriller,Horror",en,8.305,10/26/1967,7.4,386
429174,Loveless,Drama,ru,11.239,6/1/2017,7.4,608
6003,Romeo and Juliet,"Drama,Romance",en,15.604,4/2/1968,7.4,520
19673,Sexmission,"Science Fiction,Adventure,Comedy",pl,7.686,5/13/1984,7.4,220
11881,Miracle on 34th Street,"Comedy,Drama,Family",en,11.049,6/4/1947,7.4,533
840,Close Encounters of the Third Kind,"Science Fiction,Drama",en,23.37,11/18/1977,7.4,3406
488,The African Queen,"Adventure,Romance",en,13.339,1/7/1952,7.4,712
332270,Battle for Sevastopol,"Drama,War,Romance",ru,26.522,4/2/2015,7.4,348
15601,Scooby-Doo! and the Cyber Chase,"Animation,Adventure,Comedy",en,29.903,10/9/2001,7.4,407
10024,My Sister's Keeper,Drama,en,31.704,6/26/2009,7.4,1788
9662,The Triplets of Belleville,"Animation,Drama,Comedy",fr,11.045,6/11/2003,7.4,743
395991,Only the Brave,"Drama,Action,History",en,35.946,9/22/2017,7.4,1224
16234,Batman Beyond: Return of the Joker,"Animation,Family,Action,Science Fiction",en,23.65,12/12/2000,7.4,771
9470,Kung Fu Hustle,"Action,Comedy,Crime,Fantasy",cn,35.687,2/10/2004,7.4,2164
9426,The Fly,"Horror,Science Fiction",en,34.881,8/15/1986,7.4,3431
4032,My Girl,"Comedy,Drama",en,32.833,11/27/1991,7.4,1697
2639,Deconstructing Harry,"Comedy,Drama",en,10.449,12/12/1997,7.4,729
474395,Teen Titans Go! To the Movies,"Animation,Action,Comedy,Science Fiction",en,32.692,7/27/2018,7.4,946
401306,The Seventh Company Has Been Found,"Action,Comedy,War",fr,7.66,12/10/1975,7.4,229
37775,"Bianco, rosso e Verdone",Comedy,it,7.841,2/20/1981,7.4,623
10975,Operation Condor,"Action,Adventure,Crime,Thriller",cn,20.475,2/7/1991,7.4,406
315635,Spider-Man: Homecoming,"Action,Adventure,Science Fiction,Drama",en,188.96,7/5/2017,7.4,18866
245913,Pelé: Birth of a Legend,Drama,en,17.573,5/6/2016,7.4,876
233639,Windstorm,"Adventure,Family",de,8.437,3/21/2013,7.4,231
4147,Road to Perdition,"Crime,Drama,Thriller",en,21.967,7/12/2002,7.4,2950
2252,Eastern Promises,"Thriller,Crime,Mystery",en,16.335,9/14/2007,7.4,2627
1645,A Time to Kill,"Crime,Drama,Thriller",en,20.132,7/24/1996,7.4,1846
33436,The Brain,"Crime,Comedy",fr,8.996,3/7/1969,7.4,217
759,Gentlemen Prefer Blondes,"Music,Comedy,Romance",en,14.222,7/14/1953,7.4,700
547258,Play,Comedy,fr,5.496,9/4/2019,7.4,296
535356,Elisa & Marcela,"Drama,Romance",es,13.637,5/24/2019,7.4,321
438146,Birds of Passage,"Drama,Crime",es,7.506,8/2/2018,7.4,233
298582,Full Out,"History,Drama,Family",en,11.033,9/11/2015,7.4,310
12776,Johnny Stecchino,Comedy,it,6.947,10/24/1991,7.4,898
11948,"Merry Christmas, Mr. Lawrence","Drama,History,War",ja,12.037,5/28/1983,7.4,332
855,Black Hawk Down,"Action,History,War",en,41.257,12/28/2001,7.4,4643
14554,Bad Day at Black Rock,"Thriller,Drama",en,8.073,1/13/1955,7.4,271
9652,The Passenger,"Thriller,Drama",it,6.408,2/28/1975,7.4,377
457,Sissi,"Comedy,Drama,Romance",de,10.551,12/22/1955,7.4,394
545609,Extraction,"Drama,Action,Thriller",en,47.923,4/24/2020,7.4,4560
416477,The Big Sick,"Comedy,Drama,Romance",en,14.565,3/30/2017,7.4,2055
36040,Walkabout,"Adventure,Drama",en,8.528,7/1/1971,7.4,292
381,To Catch a Thief,"Crime,Drama,Mystery,Romance,Thriller",en,11.491,8/3/1955,7.4,1175
283591,The Secret Scripture,"Drama,Romance",en,20.385,3/23/2017,7.4,231
212167,Patema Inverted,"Animation,Adventure,Drama,Fantasy,Science Fiction",ja,27.363,11/9/2013,7.4,304
140823,Saving Mr. Banks,"Comedy,Drama,History",en,13.099,11/29/2013,7.4,2902
16307,The Wicker Man,Horror,en,10.084,12/1/1973,7.4,997
2748,Journey to Italy,"Drama,Romance",it,6.895,9/7/1954,7.4,206
379291,Justice League vs. Teen Titans,"Science Fiction,Action,Animation",en,29.851,5/13/2016,7.4,717
43316,All That Heaven Allows,"Drama,Romance",en,7.237,12/25/1955,7.4,229
40794,Loose Cannons,"Comedy,Drama,Romance",it,7.971,2/12/2010,7.4,678
13004,Barbie and the Diamond Castle,"Animation,Family",en,45.276,9/3/2008,7.4,681
874,A Man for All Seasons,"Drama,History",en,8.509,12/13/1966,7.4,321
470,21 Grams,"Drama,Crime,Thriller",en,14.224,9/6/2003,7.4,2583
25793,Precious,Drama,en,15.13,11/6/2009,7.4,1373
6949,"What's Up, Doc?","Comedy,Romance",en,7.575,3/9/1972,7.4,266
765245,Swan Song,"Drama,Science Fiction",en,48.457,12/17/2021,7.4,329
80278,The Impossible,"Thriller,Drama",en,24.772,9/9/2012,7.4,5457
33701,French Fried Vacation 2,Comedy,fr,9.528,11/22/1979,7.4,1016
12902,Scooby-Doo! and the Loch Ness Monster,"Family,Adventure,Animation,Comedy,Fantasy,Mystery",en,17.321,6/21/2004,7.4,343
11426,From Here to Eternity,"War,Romance,Drama",en,10.092,8/28/1953,7.4,484
10144,The Little Mermaid,"Animation,Family,Fantasy",en,135.109,11/17/1989,7.4,6527
504608,Rocketman,"Music,Drama,History",en,18.672,5/22/2019,7.4,3879
132363,The Butler,Drama,en,14.045,8/16/2013,7.4,2579
81188,Rise of the Guardians,"Family,Animation,Fantasy,Action,Adventure",en,53.181,11/21/2012,7.4,5720
9454,EverAfter,"Drama,Romance,Comedy",en,28.646,7/31/1998,7.4,1207
109689,I Want You,"Drama,Romance",es,79.473,6/22/2012,7.4,1544
690,Pickpocket,"Crime,Drama",fr,7.264,12/16/1959,7.4,366
307081,Southpaw,"Action,Drama",en,88.511,3/24/2015,7.4,4771
46838,Tucker and Dale vs. Evil,"Comedy,Horror",en,14.466,1/22/2010,7.4,2203
42994,Memories,"Fantasy,Animation,Science Fiction",ja,10.945,12/23/1995,7.4,273
15362,Mesrine: Public Enemy #1,"Action,Thriller,Crime,Drama",fr,10.646,11/19/2008,7.4,711
902,The City of Lost Children,"Fantasy,Science Fiction,Adventure",fr,12.776,8/17/1995,7.4,828
259316,Fantastic Beasts and Where to Find Them,"Fantasy,Adventure,Action",en,131.03,11/16/2016,7.4,16861
75656,Now You See Me,"Thriller,Crime",en,85.474,5/29/2013,7.4,13811
476299,Ghostland,"Horror,Mystery,Thriller",en,39.168,3/14/2018,7.4,1898
399404,Darkest Hour,"Drama,History",en,19.049,11/22/2017,7.4,4388
293670,The Wailing,"Horror,Mystery",ko,24.026,5/12/2016,7.4,1277
65754,The Girl with the Dragon Tattoo,"Thriller,Crime,Mystery",en,23.521,12/14/2011,7.4,5890
37094,Falling Down,"Crime,Drama,Thriller",en,15.376,2/26/1993,7.4,2936
14534,Rudy,"Drama,History",en,8.663,9/17/1993,7.4,519
11673,Cyrano de Bergerac,"Drama,Comedy,History,Romance",fr,7.96,3/28/1990,7.4,594
9539,Martyrs,"Horror,Drama,Thriller",fr,57.519,9/3/2008,7.4,2064
302528,Remember,"Drama,Thriller,Mystery",en,8.175,10/23/2015,7.4,573
2899,Asterix & Obelix: Mission Cleopatra,"Family,Fantasy,Comedy,Adventure",fr,35.004,1/30/2002,7.4,2761
658,Goldfinger,"Adventure,Action,Thriller",en,31.088,9/20/1964,7.4,2883
88,Dirty Dancing,"Drama,Music,Romance",en,23.796,8/21/1987,7.4,5168
10437,The Muppet Christmas Carol,"Music,Comedy,Family,Fantasy,Drama",en,10.889,12/10/1992,7.3,703
10234,Funny Games,"Drama,Horror,Thriller",de,15.655,9/11/1997,7.3,1389
4232,Scream,"Crime,Horror,Mystery",en,49.314,12/20/1996,7.3,5204
801,"Good Morning, Vietnam","Comedy,Drama,War",en,14.648,12/23/1987,7.3,2145
184,Jackie Brown,"Crime,Thriller,Drama",en,15.278,4/10/1997,7.3,5311
13949,Persuasion,"Romance,Drama,TV Movie",en,28.609,4/1/2007,7.3,235
8056,Train of Life,"Drama,Comedy,War",fr,7.904,9/16/1998,7.3,236
1923,Twin Peaks: Fire Walk with Me,"Drama,Mystery,Horror",en,10.399,6/3/1992,7.3,1511
987,The Front Page,Comedy,en,8.424,11/1/1974,7.3,262
116,Match Point,"Drama,Thriller,Crime,Romance",en,14.083,10/26/2005,7.3,3458
304357,Woman in Gold,Drama,en,11.675,3/20/2015,7.3,1199
374461,Mr. Church,Drama,en,9.913,9/16/2016,7.3,375
342737,20th Century Women,Drama,en,13.485,12/28/2016,7.3,970
787428,Two Distant Strangers,Drama,en,8.334,4/9/2021,7.3,284
574093,Float,"Animation,Drama,Family",en,5.567,11/12/2019,7.3,201
286192,Lava,"Animation,Family",en,8.675,10/10/2014,7.3,911
284689,Testament of Youth,"History,Drama,War",en,8.897,10/14/2014,7.3,671
30061,Justice League: Crisis on Two Earths,"Action,Adventure,Animation,Science Fiction",en,20.649,2/23/2010,7.3,555
11644,Blow Out,"Crime,Drama,Mystery,Thriller",en,8.247,7/24/1981,7.3,1048
4107,Bloody Sunday,"Drama,History",en,7.44,1/16/2002,7.3,235
82695,Les Misérables,"History,Drama",en,14.003,12/18/2012,7.3,4648
1791,The Piano Teacher,"Drama,Romance",fr,13.096,9/5/2001,7.3,825
1427,Perfume: The Story of a Murderer,"Crime,Fantasy,Drama",en,48.788,9/13/2006,7.3,3708
497582,Enola Holmes,"Mystery,Crime,Adventure",en,52.3,9/23/2020,7.3,4500
428836,Ophelia,"Drama,Romance,History",en,19.181,6/28/2019,7.3,386
420814,Christopher Robin,"Adventure,Comedy,Family,Fantasy",en,60.622,8/2/2018,7.3,2323
23550,His Secret Life,"Drama,Romance",it,8.547,3/16/2001,7.3,452
19666,Lagaan: Once Upon a Time in India,"Adventure,Romance,Drama",hi,7.11,6/15/2001,7.3,434
2666,Dark City,"Mystery,Science Fiction",en,23.599,2/27/1998,7.3,2217
420809,Maleficent: Mistress of Evil,"Family,Fantasy,Adventure",en,109.175,10/16/2019,7.3,5113
11101,Stalingrad,"Drama,History,War",de,14.865,1/20/1993,7.3,427
4043,Law of Desire,"Comedy,Drama,Thriller",es,7.062,2/7/1987,7.3,206
433498,Papillon,"Drama,History,Crime",en,22.319,9/7/2017,7.3,1511
265712,Stand by Me Doraemon,"Animation,Family,Science Fiction,Fantasy",ja,59.688,8/8/2014,7.3,370
36940,The First Beautiful Thing,"Comedy,Drama",it,5.816,1/15/2010,7.3,468
13188,Scrooge,"Fantasy,Drama",en,10.478,11/28/1951,7.3,221
10794,The Party,Comedy,en,15.032,4/4/1968,7.3,586
38884,Land and Freedom,"Drama,History,War,Romance",en,6.557,4/7/1995,7.3,200
37799,The Social Network,Drama,en,21.97,10/1/2010,7.3,10144
13199,American Me,"Crime,Drama",en,17.612,3/13/1992,7.3,272
892,Delicatessen,"Comedy,Science Fiction,Fantasy",fr,8.186,4/17/1991,7.3,1101
239877,The Mafia Kills Only in Summer,"Romance,Comedy,Crime,Drama",it,7.684,11/28/2013,7.3,1019
15600,Missing,"Drama,Mystery,Thriller",en,9.734,2/12/1982,7.3,281
4816,Ghost Dog: The Way of the Samurai,"Crime,Drama",en,9.012,6/2/1999,7.3,900
2640,Heathers,"Comedy,Crime",en,15.197,3/31/1989,7.3,1329
965,The Magnificent Ambersons,"Drama,Romance,History",en,6.892,7/10/1942,7.3,310
483306,Dear Basketball,Animation,en,5.118,4/23/2017,7.3,210
22803,Law Abiding Citizen,"Drama,Crime,Thriller",en,172.057,10/15/2009,7.3,4084
104,Run Lola Run,"Action,Drama,Thriller",de,12.346,3/3/1998,7.3,1757
271674,Suite Française,"Drama,Romance,War",en,9.289,3/12/2015,7.3,992
19067,The Duellists,"Drama,War",en,10.584,8/31/1977,7.3,393
228,The Blue Angel,Drama,de,9.198,4/1/1930,7.3,234
498248,Mia and the White Lion,"Adventure,Family,Drama",fr,31.965,8/2/2018,7.3,740
54138,Star Trek Into Darkness,"Action,Adventure,Science Fiction",en,38.014,5/5/2013,7.3,8081
11816,On Golden Pond,Drama,en,8.395,12/1/1981,7.3,352
9589,Christiane F.,Drama,de,16.842,4/2/1981,7.3,1066
2756,The Abyss,"Adventure,Action,Thriller,Science Fiction",en,22.136,8/9/1989,7.3,2268
425,Ice Age,"Animation,Comedy,Family,Adventure",en,178.581,3/10/2002,7.3,11247
651881,Bye Bye Morons,"Comedy,Drama",fr,8.06,10/21/2020,7.3,624
211387,Marvel One-Shot: Agent Carter,"Action,Adventure,Science Fiction,Fantasy",en,33.593,9/3/2013,7.3,569
42726,A Man and a Woman,"Drama,Romance",fr,6.906,5/27/1966,7.3,203
2841,A Very Long Engagement,"Drama,Romance,War",fr,9.454,10/26/2004,7.3,971
506528,Harriet,"Drama,History",en,18.02,11/1/2019,7.3,595
407448,Detroit,"Crime,Drama,Thriller,History",en,15.286,7/28/2017,7.3,1402
57361,The Yellow Sea,"Drama,Thriller,Crime",ko,9.39,12/22/2010,7.3,363
15392,Crossroads,"Drama,Music,Mystery,Romance",en,28.656,3/14/1986,7.3,315
10911,The Guns of Navarone,"War,Action",en,10.766,4/27/1961,7.3,593
7979,The Kite Runner,Drama,en,17.436,12/14/2007,7.3,988
180,Minority Report,"Action,Thriller,Science Fiction,Mystery",en,19.856,6/20/2002,7.3,7205
508642,Gonjiam: Haunted Asylum,"Horror,Mystery",ko,90.59,3/28/2018,7.3,395
1594,A Shot in the Dark,"Comedy,Crime,Mystery",en,10.336,6/23/1964,7.3,394
79120,Weekend,"Drama,Romance",en,7.963,9/22/2011,7.3,439
18874,Ghost in the Shell: Stand Alone Complex - Solid State Society,"Animation,Action,Thriller,Crime,Science Fiction",ja,10.705,9/1/2006,7.3,203
21484,Possession,Horror,fr,18.638,5/27/1981,7.3,707
614696,#Alive,"Action,Horror,Thriller",ko,70.161,6/24/2020,7.3,1318
570661,The Collini Case,"Thriller,Drama,Crime",de,8.748,4/18/2019,7.3,251
381288,Split,"Horror,Thriller",en,110.628,11/15/2016,7.3,15126
360365,Tini: The New Life of Violetta,"Comedy,Drama,Music",es,24.95,5/4/2016,7.3,332
318846,The Big Short,"Comedy,Drama",en,30.123,12/11/2015,7.3,7542
10654,Hair,"Comedy,Drama,Music,Romance,War",en,8.857,3/14/1979,7.3,511
58,Pirates of the Caribbean: Dead Man's Chest,"Adventure,Fantasy,Action",en,158.642,7/6/2006,7.3,13664
362045,Bajirao Mastani,"War,History,Romance",hi,11.094,12/18/2015,7.3,216
318121,The Fundamentals of Caring,"Comedy,Drama",en,15.455,6/16/2016,7.3,1922
43641,Superman/Shazam!: The Return of Black Adam,"Animation,Action,Science Fiction,Fantasy",en,55.74,11/16/2010,7.3,567
24748,Hud,"Western,Drama",en,9.427,5/28/1963,7.3,216
590,The Hours,Drama,en,15.501,12/27/2002,7.3,1371
255,Stolen Kisses,"Comedy,Drama,Romance",fr,7.906,9/4/1968,7.3,319
467909,In the Heights,"Drama,Music,Romance",en,16.982,6/10/2021,7.3,510
38528,Horse Fever,Comedy,it,5.607,10/29/1976,7.3,305
11963,Three Days of the Condor,"Thriller,Mystery,Adventure",en,14.21,9/24/1975,7.3,846
4543,The Meaning of Life,Comedy,en,16.247,3/31/1983,7.3,1481
850,A Christmas Story,"Comedy,Family",en,9.717,11/18/1983,7.3,971
13382,Rudolph the Red-Nosed Reindeer,"Animation,Family,TV Movie",en,18.434,12/6/1964,7.3,415
482373,Don't Breathe 2,"Thriller,Horror",en,211.991,8/12/2021,7.3,1749
403450,At War for Love,"War,Drama,Comedy,Romance",it,5.636,10/27/2016,7.3,471
77016,End of Watch,"Crime,Drama,Thriller",en,18.726,9/20/2012,7.3,2647
40180,Fear Over the City,"Action,Crime,Drama,Thriller",fr,6.167,4/9/1975,7.3,201
38142,5 Centimeters per Second,"Animation,Drama,Romance",ja,38.526,3/3/2007,7.3,1524
15384,Red Cliff Part II,"Action,Drama,History,War",zh,11.255,1/7/2009,7.3,354
3109,The Quiet Man,"Romance,Comedy,Drama",en,8.093,7/21/1952,7.3,384
594,The Terminal,"Comedy,Drama",en,23.052,6/17/2004,7.3,6518
350312,Bāhubali 2: The Conclusion,"Action,Adventure,Fantasy",te,41.211,4/27/2017,7.3,538
14163,Chak De! India,Drama,hi,7.35,8/10/2007,7.3,244
13008,An American Crime,"Crime,Drama",en,14.956,7/27/2007,7.3,518
866,Finding Neverland,Drama,en,13.633,10/17/2004,7.3,3149
134,"O Brother, Where Art Thou?","Adventure,Comedy,Crime",en,15.658,8/30/2000,7.3,3366
259761,Lights Out,Horror,sv,4.448,12/30/2013,7.3,287
169881,The Physician,"Adventure,Drama,History",en,18.149,12/25/2013,7.3,911
140607,Star Wars: The Force Awakens,"Adventure,Action,Science Fiction,Fantasy",en,71.285,12/15/2015,7.3,17181
33954,Hawks and Sparrows,"Comedy,Drama,Fantasy",it,8.89,5/4/1966,7.3,247
10669,Deliverance,"Drama,Adventure,Thriller",en,10.5,8/18/1972,7.3,1220
718789,Lightyear,"Animation,Science Fiction,Adventure,Action,Family",en,5255.93,6/15/2022,7.3,987
82690,Wreck-It Ralph,"Family,Animation,Comedy,Adventure",en,107.075,11/24/2011,7.3,10761
21956,Scooby-Doo! and the Monster of Mexico,"Animation,Comedy,Family,Mystery",en,32.076,9/30/2003,7.3,257
9550,House of Flying Daggers,"Adventure,Drama,Action",zh,13.271,5/19/2004,7.3,1274
2977,Becoming Jane,"Romance,Drama",en,14.341,3/2/2007,7.3,983
11368,Blood Simple,"Crime,Drama,Thriller",en,6.874,9/7/1984,7.3,1051
11230,Drunken Master,"Action,Comedy",cn,21.767,10/5/1978,7.3,707
10705,Henry V,"War,Drama,History",en,8.808,10/5/1989,7.3,289
114150,Pitch Perfect,"Comedy,Music,Romance",en,36.335,9/28/2012,7.3,5849
75629,Evangelion: 3.0 You Can (Not) Redo,"Animation,Science Fiction,Action,Drama",ja,23.752,11/17/2012,7.3,590
65229,Tomboy,Drama,fr,10.657,4/20/2011,7.3,554
36998,The Eighth Day,Drama,fr,7.577,5/22/1996,7.3,213
13932,Jack-Jack Attack,"Adventure,Animation,Family",en,10.6,3/15/2005,7.3,757
360606,Adventures in Babysitting,"TV Movie,Comedy,Family",en,19.863,6/24/2016,7.3,324
228194,The Hundred-Foot Journey,"Drama,Comedy",en,12.673,8/6/2014,7.3,1226
26842,The Message,"Adventure,Drama,Action,History",en,24.074,3/9/1976,7.3,261
13183,Watchmen,"Action,Mystery,Science Fiction",en,54.43,3/4/2009,7.3,7732
587792,Palm Springs,"Comedy,Romance,Science Fiction",en,18.189,7/10/2020,7.3,2241
306745,Freeheld,"Romance,Drama",en,8.821,10/2/2015,7.3,562
261470,Sorry If I Call You Love,"Drama,Romance",es,21.48,6/20/2014,7.3,336
50848,The Names of Love,"Drama,Comedy,Romance",fr,4.83,11/24/2010,7.3,248
15080,Only Yesterday,"Animation,Drama,Romance",ja,14.718,7/20/1991,7.3,796
11499,Frost/Nixon,"Drama,History",en,9.139,10/15/2008,7.3,952
560050,Over the Moon,"Animation,Adventure,Family,Fantasy",en,64.443,10/16/2020,7.3,1074
34653,A Single Man,"Romance,Drama",en,9.616,10/19/2009,7.3,1301
20246,The Stranger,"Crime,Drama,Mystery,Thriller",en,8.163,7/2/1946,7.3,448
11537,Snake in the Eagle's Shadow,"Action,Comedy",cn,12.294,3/1/1978,7.3,244
9587,Little Women,"Drama,Romance",en,13.683,12/21/1994,7.3,1007
500006,Utøya: July 22,"History,Drama",no,15.102,3/9/2018,7.3,272
205587,The Judge,Drama,en,22.314,10/8/2014,7.3,3450
11663,The Commitments,"Comedy,Drama,Music",en,10.701,8/14/1991,7.3,424
9609,Of Mice and Men,Drama,en,17.469,9/16/1992,7.3,485
830,Forbidden Planet,Science Fiction,en,14.614,3/23/1956,7.3,691
121642,Twice Born,"Drama,Romance,War",it,8.184,9/13/2012,7.3,397
49051,The Hobbit: An Unexpected Journey,"Adventure,Fantasy,Action",en,112.618,11/26/2012,7.3,16111
8337,They Live,"Science Fiction,Action",en,17.798,11/23/1988,7.3,2296
3131,Gangs of New York,"Drama,History,Crime",en,20.277,12/14/2002,7.3,5552
20312,Interstate 60,"Adventure,Comedy,Fantasy",en,11.055,4/13/2002,7.3,500
64246,Colorful,"Animation,Drama,Family",ja,13.428,8/21/2010,7.3,213
30497,The Texas Chain Saw Massacre,Horror,en,48.66,10/1/1974,7.3,2441
13189,A Christmas Carol,"Drama,Fantasy,TV Movie,Family",en,8.832,10/9/1984,7.3,253
7862,The Counterfeiters,"Drama,War",de,10.657,3/22/2007,7.3,460
323661,Mune: Guardian of the Moon,"Animation,Family,Adventure,Fantasy",fr,15.519,2/5/2015,7.3,461
2759,"The Adventures of Priscilla, Queen of the Desert","Drama,Comedy",en,9.206,5/31/1994,7.3,606
663870,Riders of Justice,"Action,Comedy,Drama",da,17.51,11/19/2020,7.3,468
486947,The Guilty,"Drama,Thriller",da,12.368,6/14/2018,7.3,1353
167073,Brooklyn,"Romance,Drama",en,12.447,10/20/2015,7.3,2743
53457,Sarah's Key,"Drama,War",fr,9.956,9/16/2010,7.3,607
13933,One Man Band,"Animation,Family",en,8.172,6/21/2005,7.3,456
197082,Venus in Fur,Drama,fr,8.08,5/28/2013,7.3,578
57212,War Horse,"War,Drama,Action",en,20.389,12/25/2011,7.3,2881
3086,The Lady Eve,"Comedy,Romance",en,7.568,2/25/1941,7.3,244
73624,The Man from the Future,"Comedy,Fantasy,Science Fiction,Romance",pt,6.452,9/2/2011,7.3,299
53486,The Family Friend,Drama,it,4.739,10/1/2006,7.3,240
12140,Ghost in the Shell 2: Innocence,"Animation,Drama,Science Fiction",ja,17.885,3/6/2004,7.3,657
10312,Patch Adams,"Comedy,Drama",en,17.577,12/25/1998,7.3,2754
764,The Evil Dead,Horror,en,46.679,9/10/1981,7.3,3006
435577,The 12th Man,"War,Drama",no,16.073,12/25/2017,7.3,407
152780,The Past,"Drama,Mystery",fr,7.926,5/17/2013,7.3,425
14675,The Awful Truth,"Comedy,Drama,Romance",en,6.958,10/20/1937,7.3,210
10938,Beautiful Thing,"Comedy,Drama,Romance",en,7.436,6/21/1996,7.3,231
4771,Gone Baby Gone,"Crime,Drama,Mystery",en,11.854,6/6/2007,7.3,3022
1433,The Devil's Backbone,"Fantasy,Drama,Horror,Thriller",es,14.286,4/20/2001,7.3,943
318781,Colonia,"Drama,Romance,Thriller",en,14.04,6/24/2015,7.3,1668
58857,13 Assassins,"Adventure,Drama,Action",ja,44.532,9/9/2010,7.3,864
3176,Battle Royale,"Drama,Thriller,Action",ja,18.919,12/16/2000,7.3,2714
1672,The Professional,"Action,Adventure,Thriller",fr,7.52,10/21/1981,7.3,386
377,A Nightmare on Elm Street,Horror,en,49.488,11/9/1984,7.3,4052
407449,Lucky,Drama,en,11.324,9/29/2017,7.3,439
338766,Hell or High Water,"Crime,Thriller,Drama",en,19.318,8/11/2016,7.3,3780
47653,The Immigrant,Comedy,en,8.532,6/17/1917,7.3,213
21348,Kirikou and the Sorceress,"Fantasy,Adventure,Animation,Family",fr,9.946,12/9/1998,7.3,932
17814,Assault on Precinct 13,"Thriller,Action,Crime",en,10.592,11/5/1976,7.3,805
2502,The Bourne Supremacy,"Action,Drama,Thriller",en,26.25,7/23/2004,7.3,6384
330457,Frozen II,"Family,Animation,Adventure,Comedy,Fantasy",en,203.266,11/20/2019,7.3,8304
18785,The Hangover,Comedy,en,150.976,6/2/2009,7.3,14633
17687,The Public Enemy,"Crime,Drama",en,11.719,4/23/1931,7.3,242
11072,Blazing Saddles,"Western,Comedy",en,13.833,2/7/1974,7.3,1457
9090,"To Wong Foo, Thanks for Everything! Julie Newmar",Comedy,en,15.437,9/7/1995,7.3,508
552,Bread and Tulips,"Comedy,Romance",it,6.038,3/3/2000,7.3,210
512895,Lady and the Tramp,"Family,Romance,Comedy",en,23.556,11/12/2019,7.3,1316
396263,Gantz:O,"Science Fiction,Action,Animation",ja,31.831,10/14/2016,7.3,551
10857,When the Wind Blows,"Animation,Drama,War,Science Fiction",en,10.706,10/24/1986,7.3,200
10440,Manhattan Murder Mystery,"Comedy,Mystery",en,7.894,5/2/1993,7.3,856
550231,The Secret: Dare to Dream,"Drama,Romance",en,15.613,4/16/2020,7.3,442
508763,A Dog's Way Home,"Drama,Adventure,Family",en,56.183,1/10/2019,7.3,912
425373,The Miracle Season,Drama,en,26.131,4/13/2018,7.3,256
119450,Dawn of the Planet of the Apes,"Science Fiction,Action,Drama,Thriller",en,94.743,6/26/2014,7.3,9594
49538,X-Men: First Class,"Action,Science Fiction,Adventure",en,3.269,6/1/2011,7.3,11182
1725,West Side Story,"Crime,Drama,Romance",en,11.831,12/13/1961,7.3,1501
585245,Clifford the Big Red Dog,"Family,Adventure,Comedy,Fantasy",en,371.367,11/10/2021,7.3,1333
400617,Phantom Thread,"Drama,Romance",en,17.519,12/25/2017,7.3,2930
360737,Center of My World,"Drama,Romance",de,10.52,11/10/2016,7.3,203
785539,Resort to Love,"Romance,Comedy",en,36.291,7/29/2021,7.3,335
356296,Suburra,"Crime,Drama,Thriller",it,8.208,10/14/2015,7.3,1119
245842,The King's Daughter,"Fantasy,Drama,Romance,History",en,62.494,1/21/2022,7.3,551
191714,The Lunchbox,"Drama,Romance",hi,7.795,9/20/2013,7.3,557
122917,The Hobbit: The Battle of the Five Armies,"Action,Adventure,Fantasy",en,176.622,12/10/2014,7.3,12134
39148,Dragon Ball: The Path to Power,"Animation,Adventure,Fantasy",ja,45.884,3/4/1996,7.3,263
44264,True Grit,"Drama,Adventure,Western",en,13.767,12/22/2010,7.3,4468
14447,A Matter of Loaf and Death,"Animation,Comedy,Family",en,10.703,12/3/2008,7.3,379
1491,The Illusionist,"Fantasy,Drama,Thriller,Romance",en,21.812,8/18/2006,7.3,4118
14621,Lean On Me,Drama,en,17.02,3/3/1989,7.3,229
618355,Superman: Red Son,"Science Fiction,Animation,Action",en,14.833,2/24/2020,7.3,670
10647,Pay It Forward,Drama,en,15.611,10/20/2000,7.3,1467
82825,Kahaani,"Mystery,Thriller",hi,5.105,3/8/2012,7.3,237
11713,Fist of Fury,"Drama,Action,Thriller",zh,21.947,3/22/1972,7.3,705
6619,Death in Venice,Drama,it,8.54,3/1/1971,7.3,355
199,Star Trek: First Contact,"Science Fiction,Action,Adventure,Thriller",en,14.899,11/22/1996,7.3,1412
440596,Kiss and Cry,"Romance,Drama,Music,TV Movie",en,14.644,2/10/2017,7.3,392
99861,Avengers: Age of Ultron,"Action,Adventure,Science Fiction",en,231.981,4/22/2015,7.3,20114
11450,Quiz Show,"History,Drama,Mystery",en,7.778,8/25/1994,7.3,710
1888,The Fortune Cookie,"Romance,Comedy",en,5.418,10/19/1966,7.3,240
1802,La Cérémonie,"Drama,Thriller",fr,7.045,8/30/1995,7.3,228
19625,Munna Bhai M.B.B.S.,"Comedy,Drama",hi,7.131,12/19/2003,7.3,213
9603,Clueless,"Comedy,Romance",en,72.089,7/19/1995,7.3,3546
502425,Escape from Pretoria,"Drama,History,Thriller",en,13.101,3/6/2020,7.3,957
177,The Fisher King,"Comedy,Drama",en,9.758,9/20/1991,7.3,1056
112198,What's in a Name,"Drama,Comedy",fr,6.024,4/25/2012,7.3,1392
21032,Balto,"Family,Animation,Adventure",en,17.824,12/22/1995,7.3,1728
537056,Batman: Hush,"Science Fiction,Crime,Animation,Mystery,Action",en,21.859,7/19/2019,7.3,658
45612,Source Code,"Thriller,Science Fiction,Mystery",en,40.887,3/30/2011,7.3,6992
859,Dangerous Liaisons,"Drama,Romance",en,10.759,12/21/1988,7.3,905
69735,Batman: Year One,"Action,Animation,Crime",en,10.399,9/27/2011,7.3,752
11197,Evil,Drama,sv,12.184,9/16/2003,7.3,256
612368,In the Name of the Land,Drama,fr,7.042,9/25/2019,7.3,244
390497,Tunnel,"Thriller,Drama,Action",ko,9.268,8/10/2016,7.3,451
10112,The Aristocats,"Animation,Comedy,Family,Adventure",en,65.101,12/24/1970,7.3,4249
87,Indiana Jones and the Temple of Doom,"Adventure,Action",en,33.162,5/23/1984,7.3,7504
259693,The Conjuring 2,"Horror,Thriller",en,152.866,6/8/2016,7.3,6920
16227,Dark Passage,"Crime,Drama,Romance,Thriller",en,6.59,9/5/1947,7.3,249
245168,Suffragette,"Drama,History",en,8.991,10/16/2015,7.3,1423
93289,Now Where Did the Seventh Company Get to?,"Comedy,War",fr,5.509,5/24/1973,7.3,280
41662,3 Women,"Drama,Mystery",en,6.32,4/10/1977,7.3,203
14646,Family Resemblances,Comedy,fr,4.469,9/7/1996,7.3,218
13597,Labyrinth,"Adventure,Family,Fantasy",en,22.986,6/27/1986,7.3,1903
9474,My Name Is Nobody,"Comedy,Western",it,12.262,12/13/1973,7.3,754
449674,Louis C.K. 2017,Comedy,en,5.259,4/4/2017,7.3,208
43361,The White Sheik,"Romance,Comedy,Drama",it,6.652,9/27/1952,7.3,217
11886,Robin Hood,"Animation,Family",en,44.608,11/8/1973,7.3,3691
340,Everything Is Illuminated,"Comedy,Drama",en,6.287,9/16/2005,7.3,620
392982,Marshall,Drama,en,13.879,10/13/2017,7.3,504
43920,Dog Pound,Drama,en,9.776,4/24/2010,7.3,301
583903,Our Friend,"Drama,Romance",en,20.174,2/25/2019,7.3,210
361380,Barbie & Her Sisters in the Great Puppy Adventure,"Family,Animation,Adventure",en,26.928,10/7/2015,7.3,219
64956,Inception: The Cobol Job,"Animation,Action,Thriller,Science Fiction",en,10.479,12/7/2010,7.3,285
61791,Rise of the Planet of the Apes,"Thriller,Action,Drama,Science Fiction",en,55.918,8/3/2011,7.3,10020
11868,Dracula,Horror,en,10.301,5/22/1958,7.3,439
8393,The Gods Must Be Crazy,"Action,Comedy",en,22.457,9/10/1980,7.3,879
785663,Old Henry,"Action,Western,Thriller",en,13.922,10/1/2021,7.3,225
391713,Lady Bird,"Drama,Comedy",en,34.119,9/1/2017,7.3,7127
80184,The Hidden Face,"Thriller,Mystery",es,47.286,9/16/2011,7.3,816
18311,Days of Being Wild,"Crime,Drama,Romance",cn,13.766,12/15/1990,7.3,333
9325,The Jungle Book,"Family,Animation,Adventure",en,94.95,10/18/1967,7.3,5348
594530,Lamp Life,"Animation,Comedy,Family",en,24.856,1/31/2020,7.3,240
324552,John Wick: Chapter 2,"Thriller,Action,Crime",en,140.774,2/8/2017,7.3,10354
152603,Only Lovers Left Alive,"Drama,Romance",en,14.847,12/12/2013,7.3,1792
10722,The Day of the Beast,"Action,Comedy,Horror,Crime,Fantasy",es,6.875,10/20/1995,7.3,395
549053,Last Christmas,"Comedy,Romance",en,18.051,11/7/2019,7.3,1894
454983,The Kissing Booth,"Romance,Comedy",en,65.696,5/11/2018,7.3,6556
15359,Wonder Woman,"Action,Adventure,Animation,Fantasy,Science Fiction",en,18.669,3/3/2009,7.3,455
813,Airplane!,Comedy,en,22.803,7/2/1980,7.3,3597
246,Zatoichi,"Adventure,Drama,Action",ja,9.075,9/6/2003,7.3,673
591275,Fear Street: 1666,"Mystery,Horror",en,94.754,7/14/2021,7.3,1203
591274,Fear Street: 1978,"Mystery,Horror",en,123.101,7/8/2021,7.3,1334
15152,"OSS 117: Cairo, Nest of Spies","Crime,Action,Adventure,Comedy",fr,8.631,4/19/2006,7.3,1404
12900,Conspiracy,"History,Drama,War",en,12.673,5/19/2001,7.3,300
6145,Fracture,Thriller,en,33.457,4/19/2007,7.3,3257
10139,Milk,"History,Drama",en,12.573,11/5/2008,7.3,1836
140212,Confession of Murder,"Action,Thriller",ko,10.189,11/8/2012,7.3,229
16085,Funny Girl,"Comedy,Drama,Romance",en,8.719,9/19/1968,7.3,314
10795,Tell No One,"Drama,Thriller,Crime,Mystery",fr,8.378,11/1/2006,7.3,1133
1830,Lord of War,"Crime,Drama,Thriller",en,41.399,9/16/2005,7.3,3769
1254,"Don't Worry, I'm Fine",Drama,fr,5.582,9/6/2006,7.3,494
922,Dead Man,"Drama,Fantasy,Western",en,11.316,12/23/1995,7.3,1225
420622,Professor Marston and the Wonder Women,"Drama,Romance",en,23.52,10/13/2017,7.3,713
9833,The Phantom of the Opera,"Thriller,Drama,Romance",en,20.695,12/8/2004,7.3,1334
408537,The Distinguished Citizen,"Comedy,Drama",es,8.804,9/8/2016,7.3,203
70670,Headhunters,"Thriller,Crime,Action",no,10.662,8/26/2011,7.3,979
16563,Seven Brides for Seven Brothers,"Comedy,Drama,Western",en,9.789,7/22/1954,7.3,439
10360,Hunger,"Drama,History",en,10.878,5/15/2008,7.3,936
8424,Love Me If You Dare,"Drama,Comedy,Romance",fr,8.195,9/17/2003,7.3,1581
941,Lethal Weapon,"Adventure,Action,Comedy,Thriller,Crime",en,26.653,3/6/1987,7.3,3711
766,Army of Darkness,"Fantasy,Horror,Comedy",en,26.785,10/31/1992,7.3,2441
499932,The Devil All the Time,"Crime,Drama,Thriller",en,21.733,9/11/2020,7.3,2625
209274,Ida,Drama,pl,7.871,10/25/2013,7.3,798
15487,The Greatest Game Ever Played,Drama,en,9.497,9/30/2005,7.3,363
518671,Shéhérazade,"Drama,Thriller,Romance",fr,4.919,9/5/2018,7.3,208
21641,The Damned United,Drama,en,7.4,3/27/2009,7.3,513
15255,Undisputed II: Last Man Standing,"Action,Crime,Thriller",en,56.891,4/11/2006,7.3,594
14003,Fullmetal Alchemist the Movie: Conqueror of Shamballa,"Action,Adventure,Animation,Drama",ja,23.572,7/21/2005,7.3,264
861,Total Recall,"Action,Adventure,Science Fiction",en,27.814,6/1/1990,7.3,4703
837,Videodrome,"Horror,Mystery,Science Fiction",en,12.142,2/4/1983,7.3,1668
424488,Megan Leavey,"Drama,War",en,16.312,6/9/2017,7.3,631
11305,Mystery Train,Comedy,en,8.404,9/6/1989,7.3,314
10086,Man Bites Dog,"Comedy,Crime,Drama,Thriller,Horror",fr,6.789,8/20/1992,7.3,686
581734,Nomadland,Drama,en,24.905,12/4/2020,7.3,2304
5548,RoboCop,"Action,Thriller,Science Fiction",en,29.421,7/17/1987,7.3,4026
227,The Outsiders,"Crime,Drama",en,19.426,3/25/1983,7.3,998
14202,The Painted Veil,"Romance,Drama",en,10.165,1/1/2006,7.3,952
10518,Marathon Man,Thriller,en,9.517,10/8/1976,7.3,799
121875,In the House,"Comedy,Drama,Mystery,Thriller",fr,9.501,9/26/2012,7.3,676
41201,The Illusionist,"Animation,Drama",fr,9.92,2/16/2010,7.3,465
36728,Naruto Shippuden the Movie: The Will of Fire,"Action,Adventure,Comedy,Drama,Fantasy,Animation",ja,104.246,8/1/2009,7.3,318
7340,Carrie,"Horror,Thriller",en,24.805,11/3/1976,7.3,2987
1265,Bridge to Terabithia,"Adventure,Drama,Family",en,52.369,2/15/2007,7.3,3907
818397,Memory,"Action,Thriller,Crime",en,1035.835,4/28/2022,7.3,564
487491,"Fala Sério, Mãe!","Comedy,Family",pt,4.09,12/28/2017,7.3,209
19908,Zombieland,"Comedy,Horror",en,87.126,10/7/2009,7.3,10538
9267,And Now for Something Completely Different,Comedy,en,8.008,9/28/1971,7.3,399
472674,The Goldfinch,Drama,en,34.548,9/12/2019,7.3,695
363579,The Age of Shadows,"Action,Drama,Thriller",ko,10.039,9/7/2016,7.3,261
336845,Cleveland Abduction,"Drama,Crime,TV Movie",en,30.575,5/2/2015,7.3,229
129112,Wadjda,Drama,ar,5.577,8/31/2012,7.3,395
68734,Argo,"Drama,Thriller",en,16.977,3/22/2012,7.3,7190
276624,I Am a Hero,"Action,Science Fiction,Fantasy,Horror",ja,22.119,4/23/2016,7.3,270
12162,The Hurt Locker,"Drama,Thriller,War",en,30.773,10/10/2008,7.3,4682
1716,The Last Metro,"Drama,Romance,War",fr,8.962,9/17/1980,7.3,372
1088,Whale Rider,"Drama,Family",en,9.607,1/30/2003,7.3,293
375315,The Salesman,"Drama,Thriller",fa,11.679,6/24/2016,7.3,700
300671,13 Hours: The Secret Soldiers of Benghazi,"War,Action,History,Thriller,Drama",en,69.096,1/14/2016,7.3,2866
220289,Coherence,"Thriller,Science Fiction",en,22.289,9/19/2013,7.3,2210
56831,The Sunset Limited,"Drama,TV Movie",en,7.823,2/12/2011,7.3,334
19913,(500) Days of Summer,"Comedy,Drama,Romance",en,62.545,7/17/2009,7.3,8498
2657,Pleasantville,"Fantasy,Comedy,Drama",en,14.937,9/17/1998,7.3,1385
453278,The Rider,Drama,en,8.304,3/21/2018,7.3,380
374205,One Piece Film: GOLD,"Action,Animation,Adventure,Comedy",ja,103.399,7/23/2016,7.3,357
671583,Upside-Down Magic,"Fantasy,Family,TV Movie",en,71.498,7/31/2020,7.3,200
109445,Frozen,"Animation,Family,Adventure,Fantasy",en,135.79,11/20/2013,7.3,14401
66125,Red Dog,"Drama,Comedy,Family",en,15.917,8/4/2011,7.3,298
385128,F9,"Action,Crime,Thriller",en,238.641,5/19/2021,7.3,5527
17159,Eddie Murphy Raw,Comedy,en,6.916,11/25/1987,7.3,267
11986,Betty Blue,"Drama,Romance",fr,14.866,4/9/1986,7.3,304
11035,Roma,"Comedy,Drama",it,9.176,3/16/1972,7.3,228
8374,The Boondock Saints,"Action,Thriller,Crime",en,15.451,1/22/1999,7.3,1946
1850,Man on the Moon,"Comedy,Drama,History",en,9.275,12/22/1999,7.3,1410
979,Irreversible,"Drama,Thriller,Crime,Mystery",fr,32.829,5/22/2002,7.3,2175
618353,Batman: Death in the Family,"Animation,Action",en,70.9,10/13/2020,7.3,339
1262,Stranger Than Fiction,"Comedy,Drama,Fantasy,Romance",en,8.971,9/9/2006,7.3,1866
436,Maria Full of Grace,"Drama,Thriller,Crime",es,8.864,1/18/2004,7.3,304
345920,Collateral Beauty,"Drama,Romance",en,29.826,12/6/2016,7.3,4904
329819,Standing Tall,Drama,fr,4.583,5/13/2015,7.3,398
198277,Begin Again,"Comedy,Music,Romance,Drama",en,13.722,9/7/2013,7.3,3296
12614,Victor/Victoria,"Comedy,Music,Romance",en,8.219,4/25/1982,7.3,331
10149,Smoke,"Comedy,Drama",en,8.812,6/9/1995,7.3,357
8923,Green Street Hooligans,"Crime,Drama",en,14.794,9/9/2005,7.3,1937
509,Notting Hill,"Romance,Comedy,Drama",en,22.352,5/21/1999,7.3,5008
449924,Ip Man 4: The Finale,"Action,Drama,History",cn,18.619,12/19/2019,7.3,1582
417678,"Everything, Everything","Drama,Romance",en,30.059,5/18/2017,7.3,3459
50646,"Crazy, Stupid, Love.","Comedy,Drama,Romance",en,32.858,7/29/2011,7.3,7030
18947,The Boat That Rocked,"Drama,Comedy",en,10.733,4/1/2009,7.3,1800
5590,Donkey Skin,"Music,Fantasy,Drama,Comedy,Romance",fr,9.374,12/20/1970,7.3,394
364689,Ferdinand,"Animation,Family,Adventure,Comedy",en,59.9,12/9/2017,7.3,2415
451,Leaving Las Vegas,"Drama,Romance",en,18.861,10/27/1995,7.3,1098
403,Driving Miss Daisy,Drama,en,13.964,12/13/1989,7.3,1242
613504,After We Collided,"Romance,Drama",en,239.275,9/2/2020,7.3,4631
1598,Cape Fear,"Thriller,Crime",en,13.44,11/15/1991,7.3,2663
323677,Race,"Drama,History",en,10.05,2/19/2016,7.3,1358
51497,Fast Five,"Action,Thriller,Crime",en,16.443,4/20/2011,7.3,6826
45958,Biutiful,Drama,es,6.074,10/20/2010,7.3,906
393624,Official Secrets,"Thriller,History,Drama",en,13.217,8/30/2019,7.2,702
112949,Safe Haven,"Romance,Thriller",en,11.647,2/7/2013,7.2,2070
57447,The House of the Laughing Windows,"Mystery,Thriller,Horror",it,5.934,8/20/1976,7.2,255
44018,Vagabond,Drama,fr,8.288,12/4/1985,7.2,209
35690,The Last Song,"Drama,Family,Romance",en,18.45,3/31/2010,7.2,3059
11929,Dolores Claiborne,"Crime,Drama,Mystery",en,11.783,3/24/1995,7.3,580
2270,Stardust,"Adventure,Fantasy,Romance,Family",en,18.727,8/9/2007,7.2,3389
504,Monster,"Crime,Drama",en,19.244,12/24/2003,7.2,1862
399055,The Shape of Water,"Drama,Fantasy,Romance",en,37.864,12/1/2017,7.2,10729
14320,Great Expectations,"Romance,Drama",en,9.135,12/26/1946,7.2,232
11109,Vera Drake,Drama,en,7.448,10/22/2004,7.2,274
493922,Hereditary,"Horror,Mystery,Thriller",en,50.529,6/7/2018,7.2,5899
317557,Queen of Katwe,Drama,en,9.535,9/23/2016,7.2,360
76543,Tyrannosaur,"Drama,Romance",en,5.63,10/7/2011,7.2,360
34433,Dragon Ball Z: Broly – The Legendary Super Saiyan,"Animation,Science Fiction,Action",ja,256.092,3/6/1993,7.2,663
2609,"Planes, Trains and Automobiles",Comedy,en,10.917,11/26/1987,7.2,1469
557,Spider-Man,"Fantasy,Action",en,122.994,5/1/2002,7.2,15971
475215,Mirai,"Animation,Family,Fantasy,Adventure,Drama",ja,52.562,6/16/2018,7.2,597
297762,Wonder Woman,"Action,Adventure,Fantasy",en,76.675,5/30/2017,7.2,17834
15196,Clue,"Comedy,Thriller,Crime,Mystery",en,22.152,12/13/1985,7.2,1338
250480,The Many Adventures of Winnie the Pooh,"Animation,Family",en,40.268,3/11/1977,7.2,794
16436,North Face,"Adventure,Drama,Action,History,Thriller",de,7.404,10/23/2008,7.2,217
168259,Furious 7,"Action,Thriller,Crime,Adventure",en,105.399,4/1/2015,7.2,9203
38684,Jane Eyre,"Drama,Romance",en,11.779,3/11/2011,7.2,1230
2277,Bicentennial Man,"Science Fiction,Comedy,Drama",en,19.273,12/17/1999,7.2,3046
1278,The Dreamers,"Drama,Romance",en,27.236,9/1/2003,7.2,2380
27275,G.O.R.A.,"Adventure,Comedy,Science Fiction",tr,7.601,11/12/2004,7.2,213
19597,The Hedgehog,"Comedy,Drama",fr,8.98,7/1/2009,7.2,329
16907,Naruto: Ninja Clash in the Land of Snow,"Comedy,Action,Animation,Adventure",ja,57.921,8/21/2004,7.2,383
11020,Picnic at Hanging Rock,"Drama,Mystery",en,8.32,9/2/1975,7.2,569
10617,Once Upon a Time in China,"Action,Drama",cn,9.472,8/15/1991,7.2,320
2654,In the Mouth of Madness,"Horror,Mystery,Thriller",en,16.326,2/3/1995,7.2,1239
67884,Chinese Take-Away,Comedy,es,8.032,3/24/2011,7.2,324
11577,Pat Garrett & Billy the Kid,Western,en,13.706,5/23/1973,7.2,316
459,Sissi: The Fateful Years of an Empress,"Romance,Drama,History",de,10.9,12/18/1957,7.2,272
475946,Blade Runner: Black Out 2022,"Action,Animation,Science Fiction",en,12.919,9/26/2017,7.2,288
17111,Shutter,"Fantasy,Horror,Mystery,Thriller",th,39.394,9/9/2004,7.2,852
10452,Queen Margot,"Drama,History,Romance",fr,11.395,5/13/1994,7.2,265
9078,The Sword in the Stone,"Animation,Family",en,64.383,12/25/1963,7.2,3236
5506,The Ladykillers,"Comedy,Crime",en,8.686,12/8/1955,7.2,353
2576,The Diary of Anne Frank,"Drama,History",en,18.242,3/18/1959,7.2,291
761,The Wing or the Thigh?,Comedy,fr,11.812,10/27/1976,7.2,685
618354,Superman: Man of Tomorrow,"Animation,Action,Science Fiction",en,30.865,8/23/2020,7.2,346
401104,To the Bone,Drama,en,16.123,1/22/2017,7.2,3191
259954,5 to 7,"Comedy,Romance",en,7.213,4/19/2014,7.2,322
42979,Robot Chicken: Star Wars,"Animation,Comedy,Science Fiction",en,10.66,7/17/2007,7.2,204
18320,The Young Victoria,"Drama,History,Romance",en,14.95,3/4/2009,7.2,880
18183,Like Water for Chocolate,"Drama,Romance",es,24.905,4/16/1992,7.2,374
16136,Juice,"Crime,Drama,Thriller",en,11.886,1/17/1992,7.2,309
10397,Angela's Ashes,Drama,en,12.453,12/25/1999,7.2,227
10009,Brother Bear,"Adventure,Animation,Family",en,97.86,10/23/2003,7.2,4584
12762,Broadway Danny Rose,Comedy,en,7.363,1/27/1984,7.2,355
5825,National Lampoon's Christmas Vacation,Comedy,en,15.369,11/30/1989,7.2,1816
3543,Bagdad Cafe,"Comedy,Drama",de,7.355,11/12/1987,7.2,281
1878,Fear and Loathing in Las Vegas,"Adventure,Drama,Comedy",en,16.68,5/22/1998,7.2,3813
1420,Breakfast on Pluto,"Drama,Comedy",en,9.77,9/3/2005,7.2,283
258230,A Monster Calls,"Drama,Fantasy",en,54.144,10/7/2016,7.2,2823
34070,Songs from the Second Floor,"Drama,Comedy",sv,6.003,10/6/2000,7.2,212
2014,The Edge of Heaven,Drama,de,6.408,9/27/2007,7.2,231
1640,Crash,Drama,en,16.253,5/6/2005,7.2,2874
297,Meet Joe Black,"Fantasy,Drama,Romance",en,36.098,11/12/1998,7.2,3956
346364,It,"Horror,Fantasy",en,95.827,9/6/2017,7.2,16666
11209,The Alamo,Western,en,11.583,10/23/1960,7.2,268
446696,Life Itself,"Drama,Romance",en,11.784,9/21/2018,7.2,408
338189,It's Only the End of the World,Drama,fr,17.222,8/26/2016,7.2,1395
244403,Rudderless,"Music,Drama,Comedy",en,7.282,10/17/2014,7.2,247
11044,Arizona Dream,"Fantasy,Comedy,Drama,Romance",en,7.276,1/6/1993,7.2,542
8844,Jumanji,"Adventure,Fantasy,Family",en,22.658,12/15/1995,7.2,9088
60308,Moneyball,Drama,en,19.91,9/22/2011,7.2,4078
11773,Village of the Damned,"Horror,Science Fiction",en,9.28,6/16/1960,7.2,311
10501,The Road to El Dorado,"Family,Adventure,Animation,Comedy,Fantasy",en,49.972,3/31/2000,7.2,3174
1572,Die Hard: With a Vengeance,"Action,Thriller",en,34.76,5/19/1995,7.2,5077
489925,Eighth Grade,"Comedy,Drama",en,11.671,1/19/2018,7.2,1219
465136,Every Day,"Fantasy,Romance",en,31.327,2/22/2018,7.2,1987
2771,American Splendor,"Comedy,Drama",en,5.611,8/15/2003,7.2,338
285,Pirates of the Caribbean: At World's End,"Adventure,Fantasy,Action",en,159.732,5/19/2007,7.2,12256
372519,The Ten Commandments: The Movie,Drama,pt,54.885,1/28/2016,7.2,269
298115,Dragons: Dawn Of The Dragon Racers,"Animation,Family,Adventure,Comedy,Fantasy",en,57.642,11/1/2014,7.2,274
20345,The Bird with the Crystal Plumage,"Horror,Mystery,Thriller",it,6.646,2/27/1970,7.2,567
10886,The Unknown Woman,Thriller,it,7.473,10/9/2006,7.2,272
6537,The Orphanage,"Horror,Drama,Thriller",es,36.139,5/20/2007,7.2,2396
7913,Rang De Basanti,"Comedy,Drama,History",hi,8.472,1/26/2006,7.2,334
506,Marnie,"Crime,Drama,Mystery,Romance,Thriller",en,13.952,7/17/1964,7.2,855
577922,Tenet,"Action,Thriller,Science Fiction",en,75.61,8/22/2020,7.2,7344
130925,Partysaurus Rex,"Family,Animation,Comedy,Fantasy",en,12.886,9/14/2012,7.2,383
20367,Detour,"Drama,Thriller",en,8.206,11/30/1945,7.2,252
14047,The Great Debaters,Drama,en,9.267,12/27/2007,7.2,460
13283,Barbie as the Island Princess,"Animation,Family",en,43.597,9/17/2007,7.2,578
10693,Peter Pan,"Animation,Family,Adventure,Fantasy",en,72.012,2/5/1953,7.2,4561
404368,Ralph Breaks the Internet,"Family,Animation,Comedy,Adventure",en,92.997,11/20/2018,7.2,6343
10860,Steel Magnolias,"Comedy,Drama",en,11.311,11/15/1989,7.2,515
1818,Shoot the Piano Player,"Drama,Thriller,Crime",fr,7.867,11/25/1960,7.2,304
519141,Matthias & Maxime,Drama,fr,12.735,10/9/2019,7.2,351
11951,Vanishing Point,"Action,Drama",en,10.332,1/15/1971,7.2,343
11330,Pusher 3,"Action,Thriller,Crime",da,7.892,8/22/2005,7.2,263
321528,Batman vs. Robin,"Science Fiction,Action,Adventure,Animation",en,16.831,4/14/2015,7.2,750
16520,The King and I,"Drama,Romance,Adventure,Music",en,13.447,6/29/1956,7.2,293
10421,War of the Buttons,"Comedy,Drama",fr,5.095,4/18/1962,7.2,222
366924,Batman: Bad Blood,"Science Fiction,Action,Animation",en,20.327,8/4/2016,7.2,606
20352,Despicable Me,"Family,Animation,Comedy,Crime",en,162.569,7/8/2010,7.2,13245
6978,Big Trouble in Little China,"Action,Adventure,Comedy,Fantasy",en,21.039,5/30/1986,7.2,2375
522478,Peter Rabbit 2: The Runaway,"Family,Comedy,Adventure,Animation,Fantasy",en,130.318,3/25/2021,7.2,585
296098,Bridge of Spies,"Thriller,Drama",en,15.705,10/15/2015,7.2,5977
156022,The Equalizer,"Thriller,Action,Crime",en,77.937,9/24/2014,7.2,7343
29005,McCabe & Mrs. Miller,"Western,Drama",en,6.949,6/24/1971,7.2,288
25205,The Concert,"Drama,Comedy",fr,8.07,11/4/2009,7.2,435
515916,Girl,Drama,nl,14.475,9/18/2018,7.2,593
370964,I Am Dragon,"Fantasy,Romance",ru,14.612,12/3/2015,7.2,298
12622,Violent Cop,"Action,Crime,Drama",ja,8.718,8/12/1989,7.2,267
10511,In America,Drama,en,6.588,10/31/2003,7.2,265
623,A Fish Called Wanda,"Comedy,Crime",en,14.45,7/15/1988,7.2,1705
520736,Loro 2,Drama,it,4.737,5/10/2018,7.2,347
72570,The Vow,"Drama,Romance",en,29.344,2/5/2012,7.2,3523
34134,Barbie in A Mermaid Tale,"Animation,Family,Fantasy",en,51.31,1/25/2010,7.2,592
778730,Crazy About Her,"Comedy,Romance",es,27.672,2/26/2021,7.2,388
213121,Toy Story of Terror!,"Adventure,Animation,Comedy,Family,Fantasy,TV Movie",en,1.974,10/16/2013,7.2,744
6037,Murder by Death,"Comedy,Crime,Mystery,Thriller",en,10.997,6/23/1976,7.2,617
13156,Secondhand Lions,"Family,Comedy",en,12.524,9/19/2003,7.2,630
12598,Jo,Comedy,fr,7.518,8/31/1971,7.2,240
2567,The Aviator,Drama,en,25.068,12/17/2004,7.2,4429
1857,The Transformers: The Movie,"Animation,Science Fiction,Action,Adventure,Family",en,11.883,8/8/1986,7.2,391
1367,Rocky II,Drama,en,36.887,6/15/1979,7.2,3445
639933,The Northman,"Action,Adventure,Fantasy",en,949.779,4/7/2022,7.2,1948
37136,The Naked Gun: From the Files of Police Squad!,"Comedy,Crime",en,22.904,12/2/1988,7.2,2904
479226,The Purity of Vengeance,"Crime,Thriller,Mystery,Drama",da,9.301,10/4/2018,7.2,370
348657,Woman at War,"Drama,Thriller,Comedy",is,5.945,5/22/2018,7.2,317
558,Spider-Man 2,"Action,Adventure,Fantasy",en,37.736,6/25/2004,7.2,12806
818750,The In Between,"Romance,Science Fiction,Drama",en,191.054,2/11/2022,7.2,372
241863,As the Gods Will,"Thriller,Horror,Comedy",ja,25.136,11/15/2014,7.2,351
547016,The Old Guard,"Action,Fantasy",en,21.039,7/10/2020,7.2,3398
519035,Nappily Ever After,"Comedy,Romance",en,7.621,9/21/2018,7.2,759
407655,A Cinderella Story: If the Shoe Fits,"Comedy,Family,Fantasy,Music",en,45.587,8/2/2016,7.2,751
33511,Nowhere Boy,Drama,en,7.569,12/25/2009,7.2,701
10772,Django,"Action,Western",it,11.561,4/5/1966,7.2,690
595671,Never Rarely Sometimes Always,Drama,en,10.201,3/13/2020,7.2,373
436343,On Body and Soul,"Drama,Romance,Fantasy",hu,7.285,3/2/2017,7.2,443
44874,Barbie: A Fashion Fairytale,"Family,Animation",en,61.415,9/14/2010,7.2,605
9576,Tootsie,"Comedy,Romance",en,14.926,6/10/1982,7.2,1410
5902,A Bridge Too Far,"Drama,History,War",en,13.679,6/15/1977,7.2,604
436391,The Battleship Island,"Action,History,Drama",ko,26.637,7/26/2017,7.2,200
179150,Reality,Comedy,fr,5.511,8/28/2014,7.2,367
45162,Superman/Batman: Apocalypse,"Science Fiction,Action,Adventure,Animation,Family",en,20.678,9/28/2010,7.2,545
43266,How Green Was My Valley,"Drama,History,Family",en,6.647,10/28/1941,7.2,283
19178,The Trip Across Paris,Comedy,fr,4.735,10/26/1956,7.2,212
13688,CJ7,"Comedy,Drama,Family,Fantasy,Science Fiction",cn,82.793,1/30/2008,7.2,498
11837,Watership Down,"Adventure,Animation,Drama",en,11.868,10/14/1978,7.2,488
2055,Open Range,Western,en,18.68,8/29/2003,7.2,838
37724,Skyfall,"Action,Adventure,Thriller",en,64.669,10/25/2012,7.2,13636
20283,Breaking Away,"Drama,Comedy",en,5.695,5/24/1979,7.2,201
14359,Doubt,Drama,en,10.88,2/27/2008,7.2,1403
14299,Cadillac Records,"Drama,History,Music",en,9.856,12/5/2008,7.2,345
646380,Don't Look Up,"Comedy,Drama,Science Fiction",en,129.063,12/7/2021,7.2,5735
342473,Ballerina,"Animation,Adventure,Comedy,Family",en,50.564,12/14/2016,7.2,1628
10403,The Player,"Comedy,Mystery,Drama,Crime",en,6.775,4/3/1992,7.2,590
9837,The Prince of Egypt,"Adventure,Animation,Drama,Family",en,38.895,12/16/1998,7.2,3228
606,Out of Africa,"History,Romance,Drama",en,14.159,12/20/1985,7.2,1105
324849,The Lego Batman Movie,"Animation,Action,Comedy,Family",en,36.201,2/8/2017,7.2,4188
168,Star Trek IV: The Voyage Home,"Science Fiction,Adventure",en,14.185,11/26/1986,7.2,1147
11850,Invasion of the Body Snatchers,"Horror,Mystery,Science Fiction",en,15.267,12/19/1978,7.2,775
9701,North Country,Drama,en,10.903,2/12/2005,7.2,483
268,Batman,"Fantasy,Action",en,50.563,6/23/1989,7.2,6403
62215,Melancholia,"Drama,Science Fiction",en,14.25,5/26/2011,7.2,2864
13012,Felon,"Action,Crime,Drama,Mystery",en,12.524,7/17/2008,7.2,676
11502,Knife in the Water,Drama,pl,5.306,3/9/1962,7.2,298
11051,The Last Temptation of Christ,Drama,en,21.955,5/28/1988,7.2,807
10243,The Flight of the Phoenix,Adventure,en,10.614,12/15/1965,7.2,237
2760,The Lodger: A Story of the London Fog,"Drama,Thriller",en,11.135,2/14/1927,7.2,210
844,2046,"Fantasy,Drama,Science Fiction,Romance",zh,19.426,9/29/2004,7.2,655
9473,"South Park: Bigger, Longer & Uncut","Animation,Comedy",en,26.832,6/30/1999,7.2,2162
34584,The NeverEnding Story,"Adventure,Fantasy,Family,Drama",en,53.465,4/5/1984,7.2,3334
28118,The Gruffalo,"Animation,Family",en,13.816,12/25/2009,7.2,234
14306,Marley & Me,"Comedy,Family",en,54.887,12/25/2008,7.2,4009
469,Stranger Than Paradise,"Comedy,Drama",en,7.49,10/1/1984,7.2,391
30074,Scooby-Doo! and the Legend of the Vampire,"Family,Animation,Comedy,Fantasy,Music,Mystery",en,13.059,3/4/2003,7.2,240
11647,Infernal Affairs II,"Drama,Action,Thriller,Crime",cn,10.218,10/1/2003,7.2,285
8088,Broken Embraces,"Drama,Romance,Thriller",es,13.218,3/1/2009,7.2,540
429200,Good Time,"Thriller,Crime,Drama",en,18.12,8/11/2017,7.2,2298
110398,No,"Drama,History",es,10.674,8/7/2012,7.2,354
16562,The Cutting Edge,"Romance,Comedy,Drama",en,9.126,3/27/1992,7.2,261
11832,Babette's Feast,"Comedy,Drama",da,7.118,8/11/1987,7.2,286
9502,Kung Fu Panda,"Action,Adventure,Animation,Family,Comedy",en,109.24,6/4/2008,7.2,9495
399366,Marrowbone,"Thriller,Horror,Drama,Mystery",en,15.046,10/27/2017,7.2,1130
340270,The Healer,"Family,Drama,Comedy",en,21.119,2/17/2017,7.2,425
287495,Labyrinth of Lies,"Drama,History",de,7.741,9/6/2014,7.2,501
167,K-PAX,"Science Fiction,Drama",en,12.869,10/22/2001,7.2,1913
256962,Little Boy,"Comedy,Drama,War",en,9.375,4/23/2015,7.2,457
25846,Baaria,"Drama,Comedy,Romance",it,7.276,9/2/2009,7.2,539
21519,Project A,"Action,Comedy,Adventure",cn,16.614,12/22/1983,7.2,324
399579,Alita: Battle Angel,"Action,Science Fiction,Adventure",en,63.954,1/31/2019,7.2,7586
86829,Inside Llewyn Davis,"Drama,Music",en,11.997,10/13/2013,7.2,2227
14807,The Long Good Friday,"Crime,Drama,Mystery",en,8.332,11/1/1980,7.2,237
14168,3:10 to Yuma,"Western,Drama,Thriller",en,6.606,8/7/1957,7.2,258
12232,The Thief of Bagdad,"Action,Adventure,Family,Fantasy",en,7.836,12/25/1940,7.2,200
170,28 Days Later,"Horror,Thriller,Science Fiction",en,51.382,10/31/2002,7.2,5427
187022,A Touch of Sin,"Drama,Crime,Action",zh,8.745,10/4/2013,7.2,228
79707,Children Who Chase Lost Voices,"Animation,Adventure,Drama,Fantasy",ja,20.706,5/7/2011,7.2,532
51241,Heartbeats,"Drama,Romance",fr,6.766,10/9/2010,7.2,899
10559,Frequency,"Science Fiction,Thriller",en,18.817,4/28/2000,7.2,1371
3059,Intolerance: Love's Struggle Throughout the Ages,"Drama,History",en,7.756,9/4/1916,7.2,249
374671,After the Storm,Drama,ja,11.265,5/21/2016,7.2,248
13885,Sweeney Todd: The Demon Barber of Fleet Street,"Drama,Horror",en,26.843,1/25/2007,7.2,5025
12481,The Big Boss,Action,zh,17.556,10/3/1971,7.2,554
9388,Thank You for Smoking,"Comedy,Drama",en,10.455,9/9/2005,7.2,1739
542178,The French Dispatch,"Comedy,Drama,Romance",en,42.61,10/21/2021,7.2,1599
251,Ghost,"Fantasy,Drama,Thriller,Mystery,Romance",en,41.205,7/12/1990,7.2,4631
42297,Burlesque,"Drama,Romance",en,14.303,11/23/2010,7.2,1959
26617,Five Easy Pieces,Drama,en,8.102,9/12/1970,7.2,386
12717,My Mother's Castle,"Adventure,Comedy,Drama,Romance",fr,10.675,10/26/1990,7.2,224
11772,The Haunting,Horror,en,9.077,8/21/1963,7.2,463
695,Short Cuts,"Comedy,Drama",en,12.041,9/5/1993,7.2,441
90,Beverly Hills Cop,"Action,Comedy,Crime",en,17.175,11/30/1984,7.2,3246
581997,Batman vs. Teenage Mutant Ninja Turtles,"Animation,Action,Family",en,20.568,3/31/2019,7.2,360
330483,The Choice,"Drama,Romance",en,15.842,2/4/2016,7.2,1653
97365,Rust and Bone,"Drama,Romance",fr,8.901,5/17/2012,7.2,1157
59421,Bedevilled,"Thriller,Crime,Drama,Horror",ko,12.225,8/19/2010,7.2,292
10528,Sherlock Holmes,"Action,Adventure,Crime,Mystery",en,36.369,1/1/2009,7.2,12350
9071,Living in Oblivion,"Drama,Comedy",en,6.14,7/21/1995,7.2,206
6479,I Am Legend,"Drama,Science Fiction,Thriller",en,84.36,12/12/2007,7.2,13453
257211,The Intern,Comedy,en,30.991,9/24/2015,7.2,5650
10178,The Caine Mutiny,Drama,en,7.769,6/23/1954,7.2,244
1538,Collateral,"Drama,Crime,Thriller",en,23.712,8/4/2004,7.2,4441
809,Shrek 2,"Animation,Family,Comedy,Fantasy,Adventure",en,159.915,5/19/2004,7.2,10115
411728,The Professor and the Madman,"History,Drama,Mystery,Thriller",en,10.576,3/7/2019,7.2,882
23168,The Town,"Crime,Drama,Thriller",en,121.07,9/15/2010,7.2,4117
22954,Invictus,"Drama,History",en,17.82,12/10/2009,7.2,3534
12092,Alice in Wonderland,"Animation,Family,Fantasy,Adventure",en,88.9,7/28/1951,7.2,5015
9560,A Walk in the Clouds,"Drama,Romance",en,17.996,8/11/1995,7.2,753
9013,Midnight Run,"Adventure,Comedy,Crime,Action",en,10.975,7/20/1988,7.2,816
8363,Superbad,Comedy,en,88.867,3/20/2007,7.2,5866
10673,Wall Street,"Crime,Drama",en,14.041,12/10/1987,7.2,1662
39057,Pokémon: Arceus and the Jewel of Life,"Family,Animation,Adventure,Fantasy",ja,29.432,7/18/2009,7.2,226
30197,The Producers,Comedy,en,8.742,11/22/1967,7.2,567
23566,Barbie and the Three Musketeers,"Animation,Family",en,47.613,9/15/2009,7.2,545
3549,After the Wedding,Drama,da,9.117,2/24/2006,7.2,313
266,Contempt,Drama,fr,5.623,10/29/1963,7.2,603
616251,The Broken Hearts Gallery,"Comedy,Romance",en,13.324,9/11/2020,7.2,225
602223,The Forever Purge,"Horror,Action,Thriller",en,195.692,6/30/2021,7.2,1825
385103,Scoob!,"Animation,Family,Comedy,Adventure",en,54.053,7/9/2020,7.2,1374
205601,Belle,Drama,en,13.048,5/1/2013,7.2,587
56825,Compagni di scuola,Comedy,it,4.279,12/21/1988,7.2,310
16620,La Bamba,"Drama,Music",en,16.359,7/24/1987,7.2,551
5176,3:10 to Yuma,Western,en,21.617,9/6/2007,7.2,2885
2355,Reign Over Me,Drama,en,8.837,3/22/2007,7.2,860
672647,The Map of Tiny Perfect Things,"Fantasy,Romance",en,17.884,2/12/2021,7.2,547
636698,The Man Without Gravity,"Fantasy,Drama,Comedy",it,8.007,10/21/2019,7.2,228
10925,The Return of the Living Dead,"Comedy,Horror",en,36.689,4/25/1985,7.2,1383
5236,Kiss Kiss Bang Bang,"Comedy,Crime,Mystery,Thriller",en,10.721,9/5/2005,7.2,2204
447061,Red Nose Day Actually,"TV Movie,Comedy,Romance",en,8.677,3/24/2017,7.2,224
14375,Romanzo Criminale,"Crime,Drama",en,8.58,9/30/2005,7.2,557
10601,Peter Pan,"Adventure,Fantasy,Family",en,31.563,12/18/2003,7.2,2263
6023,P.S. I Love You,"Drama,Romance",en,22.722,11/15/2007,7.2,2932
571785,Time to Hunt,"Drama,Action,Thriller",ko,19.073,2/22/2020,7.2,234
352490,This Beautiful Fantastic,"Comedy,Drama,Fantasy,Romance",en,17.802,10/20/2016,7.2,269
204436,Jack and the Cuckoo-Clock Heart,"Animation,Romance,Adventure,Drama,Fantasy",fr,18.252,2/5/2014,7.2,591
39108,Dragon Ball Z: Wrath of the Dragon,"Animation,Action,Science Fiction",ja,204.124,7/15/1995,7.2,513
28043,Black Sabbath,Horror,it,9.267,8/17/1963,7.2,293
20982,Naruto Shippuden the Movie,"Animation,Action,Fantasy",ja,327.165,8/4/2007,7.2,453
12877,Dead Man's Shoes,"Drama,Thriller,Crime",en,7.709,9/29/2004,7.2,421
353326,The Man Who Knew Infinity,Drama,en,15.246,4/8/2016,7.2,1180
103758,Reality,"Drama,Comedy",it,5.124,5/4/2012,7.2,262
88284,Barbara,Drama,de,7.977,3/8/2012,7.2,220
72113,Carnage,"Comedy,Drama",en,7.969,9/16/2011,7.2,2464
15370,The Cat Returns,"Adventure,Fantasy,Animation,Drama,Family",ja,34.124,7/19/2002,7.2,1467
13368,White Christmas,"Comedy,Music,Romance",en,9.209,10/14/1954,7.2,387
10150,The Last Unicorn,"Fantasy,Animation,Family,Adventure",en,14.125,11/19/1982,7.2,372
4952,Pillow Talk,"Comedy,Romance",en,6.256,10/7/1959,7.2,200
1714,Fahrenheit 451,"Drama,Science Fiction",en,7.762,9/7/1966,7.2,745
788,Mrs. Doubtfire,"Comedy,Drama,Family",en,21.637,11/24/1993,7.2,5150
138,Dracula,"Horror,Drama,Fantasy",en,11.361,2/12/1931,7.2,886
319888,Eddie the Eagle,"Comedy,Drama,History,Adventure",en,12.428,2/25/2016,7.2,1826
48254,Ovosodo,"Comedy,Drama",it,6.27,9/12/1997,7.2,340
517148,Beanpole,Drama,ru,6.403,6/20/2019,7.2,249
398173,The House That Jack Built,"Drama,Horror,Crime,Thriller",en,17.764,10/4/2018,7.2,2125
70160,The Hunger Games,"Science Fiction,Adventure,Fantasy",en,54.169,3/12/2012,7.2,19364
460465,Mortal Kombat,"Action,Fantasy,Adventure",en,365.254,4/7/2021,7.2,4768
329805,My King,"Drama,Romance",fr,7.795,10/21/2015,7.2,652
2832,Identity,"Mystery,Thriller",en,19.558,4/25/2003,7.2,3031
406990,What Happened to Monday,"Science Fiction,Thriller,Drama,Mystery,Action",en,67.506,8/18/2017,7.2,5289
6396,SLC Punk,"Comedy,Drama,Crime,Music",en,7.061,9/24/1998,7.2,278
777270,Belfast,Drama,en,19.343,11/12/2021,7.2,801
325113,A Girl Like Her,Drama,en,5.301,3/27/2015,7.2,200
9400,Set It Off,"Crime,Drama,Thriller",en,10.854,11/6/1996,7.2,270
1621,Trading Places,Comedy,en,20.223,6/7/1983,7.2,2607
50348,The Lincoln Lawyer,"Crime,Drama,Thriller",en,14.74,3/17/2011,7.2,2597
24804,Black Dynamite,"Comedy,Action",en,6.875,10/16/2009,7.2,479
13001,Stargate: The Ark of Truth,"Adventure,Science Fiction,TV Movie",en,15.327,3/11/2008,7.2,370
4518,Elizabeth,"Drama,History",en,9.25,9/13/1998,7.2,1149
14325,The Express,Drama,en,8.836,10/10/2008,7.2,216
11703,Kiss of the Spider Woman,Drama,en,8.355,7/26/1985,7.2,210
1213,The Talented Mr. Ripley,"Thriller,Crime,Drama",en,14.549,12/25/1999,7.2,2872
916,Bullitt,"Action,Crime,Drama,Thriller",en,15.369,10/17/1968,7.2,835
285733,Barbie and the Secret Door,"Animation,Family",en,17.012,8/30/2014,7.2,314
44826,Hugo,"Adventure,Drama,Family",en,21.904,11/22/2011,7.2,6233
38700,Bad Boys for Life,"Thriller,Action,Crime",en,82.693,1/15/2020,7.2,7072
18030,Kiss Me Deadly,"Mystery,Thriller",en,6.499,4/28/1955,7.2,277
4538,The Darjeeling Limited,"Adventure,Drama,Comedy",en,11.56,9/7/2007,7.2,2853
535544,Downton Abbey,"Drama,Romance,History",en,25.669,9/12/2019,7.2,885
117691,Gangs of Wasseypur - Part 1,"Action,Thriller,Crime",hi,7.416,6/22/2012,7.2,267
55931,The Animatrix,"Animation,Science Fiction",en,25.29,5/9/2003,7.2,1247
4176,Murder on the Orient Express,"Drama,Thriller,Mystery",en,14.798,11/22/1974,7.2,1061
400090,The Nightingale,"Drama,Thriller",en,26.228,9/23/2018,7.2,405
177677,Mission: Impossible - Rogue Nation,"Action,Adventure",en,49.447,7/23/2015,7.2,7397
24615,Aloha Scooby-Doo!,"Mystery,Family,Animation,Adventure,Comedy",en,28.977,1/1/2005,7.2,346
22302,Polytechnique,"Crime,Drama,History",fr,10.039,2/6/2009,7.2,480
11524,Thief,"Crime,Thriller,Action",en,10.88,3/27/1981,7.2,457
11489,Rosetta,Drama,fr,6.877,5/22/1999,7.2,211
476,Drugstore Cowboy,"Drama,Crime",en,7.386,10/20/1989,7.2,394
754067,Vicky and Her Mystery,"Adventure,Family,Drama",fr,96.467,12/15/2021,7.2,402
335360,My Little Pony: The Movie,"Family,Animation,Music,Adventure,Fantasy",en,21.056,10/5/2017,7.2,308
68722,The Master,Drama,en,10.315,9/7/2012,7.2,2428
51876,Limitless,"Thriller,Mystery,Science Fiction",en,60.56,3/8/2011,7.2,9124
11660,Following,"Drama,Thriller",en,6.717,4/2/1999,7.2,1216
8438,Murder in the First,"Crime,Drama",en,9.213,1/20/1995,7.2,452
988,The China Syndrome,"Drama,Thriller",en,9.537,3/16/1979,7.2,344
198663,The Maze Runner,"Action,Mystery,Science Fiction,Thriller",en,233.384,9/10/2014,7.2,14777
3111,A Star Is Born,"Drama,Music,Romance",en,10.005,10/1/1954,7.2,228
585077,Children of the Sea,"Animation,Fantasy,Adventure,Mystery",ja,18.257,6/7/2019,7.2,238
376660,The Edge of Seventeen,"Comedy,Drama",en,35.037,11/18/2016,7.2,3578
75624,Naruto Shippuden the Movie: Blood Prison,"Thriller,Animation,Action,Comedy,Horror,Mystery",ja,167.574,7/30/2011,7.2,379
458,Sissi: The Young Empress,"Drama,Comedy,Romance",de,13.61,12/1/1956,7.2,277
657644,Minnal Murali,"Action,Adventure,Comedy",ml,60.858,12/24/2021,7.2,245
63310,Bullhead,"Crime,Drama",nl,6.779,2/2/2011,7.2,281
25431,Adam's Rib,"Comedy,Drama,Romance",en,7.611,11/18/1949,7.2,222
10625,Mean Girls,Comedy,en,57.04,4/30/2004,7.2,7272
8963,Crimson Tide,"War,Thriller,Action,Drama",en,17.089,5/12/1995,7.2,1362
8879,Pale Rider,Western,en,15.186,6/28/1985,7.2,823
8583,Dangerous Beauty,"Drama,Romance",en,12.198,2/20/1998,7.2,207
7445,Brothers,"Drama,Thriller,War",en,479.777,1/22/2009,7.2,2353
59468,The Way,"Adventure,Comedy,Drama",en,7.757,9/10/2010,7.2,466
4688,Across the Universe,"Drama,Romance,Fantasy",en,11.536,9/14/2007,7.2,1136
1164,Babel,Drama,en,13.322,9/8/2006,7.2,3083
607,Men in Black,"Action,Adventure,Comedy,Science Fiction",en,46.249,7/2/1997,7.2,11773
409,The English Patient,"Drama,Romance,War",en,12.943,11/5/1996,7.2,1703
21183,Fluke,"Drama,Adventure,Family",en,9.064,6/2/1995,7.2,215
14859,Keith,"Drama,Family,Romance",en,6.64,9/13/2008,7.2,390
12159,What Dreams May Come,"Drama,Fantasy,Romance",en,17.413,10/2/1998,7.2,1896
10223,A Simple Plan,"Crime,Thriller",en,9.564,12/11/1998,7.2,673
59,A History of Violence,"Drama,Thriller,Crime",en,17.241,9/23/2005,7.2,2574
537915,After,"Romance,Drama",en,245.024,4/11/2019,7.2,7150
403431,Brigsby Bear,"Comedy,Drama",en,7.203,7/27/2017,7.2,305
11222,The American Friend,"Drama,Thriller",de,5.624,6/24/1977,7.2,250
11176,The Muppet Movie,"Comedy,Adventure,Music,Family",en,11.396,5/31/1979,7.2,449
11093,House of Sand and Fog,Drama,en,8.237,12/19/2003,7.2,580
8329,[REC],"Horror,Mystery",es,37.64,11/23/2007,7.2,3487
6106,Salvador,"Drama,History,Thriller",en,7.072,4/23/1986,7.2,256
4588,"Lust, Caution","Action,Drama,Romance,Thriller",zh,24.833,9/27/2007,7.2,485
226448,In Your Eyes,"Drama,Romance,Science Fiction",en,9.531,4/20/2014,7.2,610
44716,In a Better World,Drama,da,9.214,8/26/2010,7.2,328
14903,Pooh's Grand Adventure: The Search for Christopher Robin,"Animation,Family,Adventure",en,18.004,8/5/1997,7.2,279
1885,The Karate Kid,"Action,Family,Drama",en,24.187,6/22/1984,7.2,3341
606952,The Goddess of Fortune,Drama,it,6.814,12/19/2019,7.2,433
118628,English Vinglish,"Comedy,Drama,Family",hi,6.019,9/21/2012,7.2,207
79224,War of the Arrows,"Drama,Action,History,Thriller",ko,27.082,8/10/2011,7.2,201
17581,Naruto Shippuden the Movie: Bonds,"Fantasy,Animation,Action",ja,127.441,8/2/2008,7.2,308
504949,The King,"Drama,History,War",en,24.068,10/11/2019,7.2,2560
11328,Pusher II,"Crime,Drama,Thriller",da,6.872,12/25/2004,7.2,332
11287,A League of Their Own,"Comedy,Drama",en,13.551,7/1/1992,7.2,1098
9540,Dead Ringers,"Thriller,Horror",en,11.094,9/23/1988,7.2,642
49047,Gravity,"Science Fiction,Thriller,Drama",en,22.584,10/3/2013,7.2,13471
1271,300,"Action,Adventure,War",en,50.968,3/7/2007,7.2,11834
978,Seven Years in Tibet,"Adventure,Drama,History",en,15.501,9/12/1997,7.2,2283
512263,Honey Boy,Drama,en,10.272,11/8/2019,7.2,520
355338,Riley's First Date?,"Animation,Family",en,19.259,11/3/2015,7.2,689
294016,Trumbo,Drama,en,8.056,10/27/2015,7.2,1353
96714,Diaz - Don't Clean Up This Blood,"Drama,History",it,6.634,4/13/2012,7.2,380
71524,Ace of Aces,"Adventure,Comedy",fr,6.626,10/27/1982,7.2,248
22527,The Wrong Man,"Crime,Drama,Mystery",en,8.079,12/22/1956,7.2,382
12230,One Hundred and One Dalmatians,"Adventure,Animation,Comedy,Family",en,75.461,1/25/1961,7.2,5333
11575,The Great Race,"Comedy,Romance,Adventure,Family",en,8.551,7/1/1965,7.2,236
11446,Welcome to the Dollhouse,"Comedy,Drama",en,8.643,5/24/1996,7.2,323
4415,Les Misérables,"Crime,Drama,History,Romance",en,10.42,5/1/1998,7.2,484
664300,Shiva Baby,"Comedy,Drama",en,13.108,4/2/2021,7.2,293
633515,The Forgotten Battle,"War,History,Drama",nl,38.304,6/5/2021,7.2,427
475094,The Captain,"War,Drama,History",de,10.817,2/2/2018,7.2,324
396774,Bomb City,"Drama,Crime",en,8.19,3/31/2017,7.2,216
323027,Justice League: Gods and Monsters,"Action,Animation,Fantasy",en,38.318,6/18/2015,7.2,466
31602,The Chase,"Crime,Drama,Thriller",en,12.623,2/18/1966,7.2,215
12289,Red Cliff,"Action,Adventure,Drama,War",zh,14.205,7/10/2008,7.2,646
10876,Quills,Drama,en,15.087,11/22/2000,7.2,502
509364,By the Grace of God,Drama,fr,7.857,2/20/2019,7.2,439
11165,Tora! Tora! Tora!,"Drama,History,War",en,11.876,1/26/1970,7.2,402
243,High Fidelity,"Comedy,Drama,Romance,Music",en,14.125,3/17/2000,7.2,1585
797394,Secret Magic Control Agency,"Animation,Comedy,Fantasy",ru,51.999,3/18/2021,7.2,244
279229,Sapphire Blue,"Fantasy,Romance,Science Fiction,Drama,Adventure,Family",de,9.65,8/14/2014,7.2,906
98622,9,"Animation,Science Fiction",en,6.791,4/21/2005,7.2,212
15283,Pom Poko,"Adventure,Animation,Fantasy",ja,22.161,7/16/1994,7.2,779
536743,Queen & Slim,"Drama,Romance,Crime",en,10.918,11/27/2019,7.2,529
438740,Salyut-7,"Action,Drama,Adventure",ru,12.303,9/22/2017,7.2,367
7350,The Bucket List,"Drama,Comedy",en,18.102,12/15/2007,7.2,3117
597219,The Half of It,"Comedy,Romance,Drama",en,19.97,5/1/2020,7.2,1255
524047,Greenland,"Action,Thriller,Drama",en,71.499,7/29/2020,7.2,3464
15067,"The Good, the Bad, the Weird","Action,Adventure,Comedy,Western",ko,10.21,7/16/2008,7.2,582
2117,Sophie Scholl: The Final Days,"Drama,History",de,7.399,2/13/2005,7.2,346
964,The Phantom of the Opera,"Drama,Horror",en,9.875,9/22/1925,7.2,251
54551,Banana,"Animation,Family,Comedy",en,44.356,12/13/2010,7.2,234
23637,"Ciao, Professore!",Comedy,it,4.795,10/9/1992,7.2,341
10648,Magnum Force,"Drama,Crime,Action",en,16.195,12/23/1973,7.2,806
511809,West Side Story,"Drama,Romance,Crime",en,86.601,12/8/2021,7.2,978
363676,Sully,"Drama,History",en,28.72,9/7/2016,7.2,6112
334517,The Siege of Jadotville,"War,Drama,Thriller",en,14.391,9/19/2016,7.2,718
12105,Yellow Submarine,"Music,Animation,Adventure,Comedy,Fantasy",en,10.259,7/17/1968,7.2,392
11639,The Dark Crystal,"Adventure,Family,Fantasy",en,12.892,12/17/1982,7.2,886
501170,Doctor Sleep,"Horror,Thriller",en,29.84,10/30/2019,7.2,3394
11646,Gallipoli,"War,Drama,Adventure,History",en,7.668,8/13/1981,7.2,345
2024,The Patriot,"Drama,History,War,Action",en,32.592,6/28/2000,7.2,3186
994,Straw Dogs,"Crime,Drama,Thriller",en,18.07,12/23/1971,7.2,716
744275,After We Fell,"Romance,Drama",en,336.696,9/1/2021,7.2,1793
271714,Love & Mercy,"Drama,Music,History",en,9.606,5/29/2015,7.2,557
188538,Remember Sunday,"TV Movie,Romance,Drama",en,6.684,4/21/2013,7.2,458
116745,The Secret Life of Walter Mitty,"Adventure,Comedy,Drama,Fantasy",en,28.408,12/18/2013,7.2,6591
42661,The Vikings,"Action,Adventure,History",en,14.974,6/11/1958,7.2,235
14291,Searching for Bobby Fischer,Drama,en,7.797,8/13/1993,7.2,437
6615,Lars and the Real Girl,"Comedy,Drama,Romance",en,11.423,10/12/2007,7.2,1415
2153,The Driver,"Action,Crime,Drama,Thriller",en,10.606,6/8/1978,7.2,294
680531,The Mad Women's Ball,"Drama,Thriller,History",fr,39.598,9/12/2021,7.2,203
474354,22-Jul,"History,Drama,Thriller,Crime",en,26.329,10/4/2018,7.2,980
653349,Vacation Friends,Comedy,en,49.764,8/27/2021,7.1,469
522162,Midway,"War,History,Action,Drama",en,39.242,11/6/2019,7.1,1918
458423,Mamma Mia! Here We Go Again,"Comedy,Romance",en,21.169,7/9/2018,7.1,2891
10198,The Princess and the Frog,"Romance,Family,Animation",en,109.371,12/8/2009,7.1,4505
10102,La Grande Bouffe,"Drama,Comedy",fr,8.839,5/16/1973,7.1,362
551,The Poseidon Adventure,"Action,Adventure,Thriller",en,11.216,12/13/1972,7.1,663
421,The Life Aquatic with Steve Zissou,"Adventure,Comedy,Drama",en,10.441,12/10/2004,7.1,2289
581389,Space Sweepers,"Drama,Fantasy,Science Fiction",ko,67.829,2/5/2021,7.1,800
396371,Molly's Game,"Crime,Drama",en,22.848,9/20/2017,7.1,3133
130739,A Coffee in Berlin,"Drama,Comedy",de,5.448,7/3/2012,7.1,273
71325,Kiss Me,"Romance,Drama",sv,13.38,7/29/2011,7.1,258
10564,Where the Heart Is,"Comedy,Drama,Romance",en,44.369,4/27/2000,7.1,573
10476,Hustle & Flow,"Music,Drama",en,11.496,7/22/2005,7.1,289
570670,The Invisible Man,"Thriller,Science Fiction,Horror",en,32.194,2/26/2020,7.1,4642
530385,Midsommar,"Horror,Drama,Mystery",en,61.223,7/3/2019,7.1,4950
297270,Tinker Bell and the Legend of the NeverBeast,"Adventure,Animation,Family",en,57.544,12/12/2014,7.1,788
2668,Sleepy Hollow,"Drama,Fantasy,Thriller,Mystery,Horror",en,46.628,11/19/1999,7.1,5603
609,Poltergeist,Horror,en,32.322,6/4/1982,7.1,2366
537996,The Ballad of Buster Scruggs,"Western,Comedy,Drama",en,25.782,11/9/2018,7.1,3312
15588,OSS 117: Lost in Rio,"Crime,Action,Comedy",fr,8.242,4/15/2009,7.1,1170
11485,Take the Money and Run,"Comedy,Crime",en,6.549,8/18/1969,7.1,621
9660,Operation Petticoat,"Action,Comedy,Romance",en,9.577,12/5/1959,7.1,265
336050,Son of Saul,"War,Drama,Thriller",hu,8.057,6/11/2015,7.1,873
40807,50/50,"Comedy,Drama",en,23.038,9/30/2011,7.1,3194
11382,Bullets Over Broadway,"Comedy,Thriller",en,8.256,10/14/1994,7.1,458
4441,Candy,"Drama,Romance",en,9.24,5/25/2006,7.1,500
2280,Big,"Fantasy,Drama,Comedy,Romance,Family",en,16.577,6/3/1988,7.1,2924
454640,The Angry Birds Movie 2,"Animation,Comedy,Adventure,Family",en,60.078,8/2/2019,7.1,1322
37767,Fun Is Beautiful,Comedy,it,6.467,1/19/1980,7.1,349
8222,High Heels,"Comedy,Drama,Romance",es,8.673,10/23/1991,7.1,321
420821,Chip 'n Dale: Rescue Rangers,"Animation,Family,Comedy,Adventure,Mystery",en,419.018,5/18/2022,7.1,673
403300,A Hidden Life,"Drama,War,History",en,14.18,12/11/2019,7.1,499
254172,Fathers and Daughters,Drama,en,12.168,10/1/2015,7.1,857
19186,The Parent Trap,"Comedy,Family",en,18.364,5/13/1961,7.1,282
12584,The Shootist,"Western,Drama",en,6.946,8/11/1976,7.1,268
1548,Ghost World,"Comedy,Drama",en,7.13,7/20/2001,7.1,1111
420818,The Lion King,"Adventure,Family,Animation,Drama",en,132.729,7/12/2019,7.1,8545
335787,Uncharted,"Action,Adventure",en,957.479,2/10/2022,7.1,2846
13666,The Wolf Man,"Horror,Drama",en,9.638,12/12/1941,7.1,417
13041,El Topo,"Action,Adventure,Drama,Western",es,9.18,12/18/1970,7.1,449
9829,United 93,"Drama,History,Crime,Thriller,Action",en,12.206,4/28/2006,7.1,1153
487672,Reign of the Supermen,"Science Fiction,Animation,Action",en,17.411,1/10/2019,7.1,495
281338,War for the Planet of the Apes,"Drama,Science Fiction,War",en,56.227,7/11/2017,7.1,7438
82881,Tangled Ever After,"Animation,Comedy,Action,Family",en,48.952,1/13/2012,7.1,891
15712,Welcome,"Drama,Romance",fr,5.428,3/11/2009,7.1,202
14794,if....,Drama,en,7.383,12/19/1968,7.1,276
10948,The Fox and the Hound,"Adventure,Animation,Drama,Family",en,55.254,7/10/1981,7.1,2700
2998,Zabriskie Point,"Drama,Romance",en,7.93,2/9/1970,7.1,313
1627,The Wild Child,"Drama,History",fr,6.192,2/26/1970,7.1,238
557940,My Boyfriend's Meds,Comedy,es,11.439,2/14/2020,7.1,282
573,Frenzy,"Crime,Thriller,Horror",en,8.743,5/25/1972,7.1,673
336000,The Glass Castle,Drama,en,20.132,8/11/2017,7.1,627
14748,Boy A,"Crime,Drama",en,7.64,10/28/2007,7.1,362
12473,The Visitor,"Crime,Drama,Music",en,7.927,9/7/2007,7.1,347
11457,Life as a House,Drama,en,8.055,10/25/2001,7.1,326
10634,Friday,Comedy,en,32.367,4/26/1995,7.1,1378
9441,Stepmom,"Drama,Romance,Comedy",en,22.237,12/25/1998,7.1,1179
647,Final Fantasy VII: Advent Children,"Animation,Action,Adventure,Fantasy,Science Fiction",ja,19.696,7/14/2005,7.1,905
542921,While at War,"Drama,History,War",es,7.274,9/27/2019,7.1,224
522039,The Last Black Man in San Francisco,Drama,en,7.604,6/7/2019,7.1,221
428449,A Ghost Story,"Drama,Fantasy",en,16.71,4/24/2017,7.1,1911
1574,Chicago,"Comedy,Crime,Drama",en,13.025,12/10/2002,7.1,2162
752505,The Old Ways,"Horror,Fantasy",en,11.687,10/16/2020,7.1,256
618416,Penguin Bloom,Drama,en,19.156,1/21/2021,7.1,208
487242,Suicide Squad: Hell to Pay,"Science Fiction,Action,Animation",en,40.675,5/9/2018,7.1,474
10830,Matilda,"Comedy,Family,Fantasy",en,57.707,8/2/1996,7.1,3583
10531,Death and the Maiden,"Drama,Thriller,Mystery",en,9.171,5/4/1994,7.1,382
4552,A Tale of Two Sisters,"Drama,Horror,Mystery",ko,50.555,6/13/2003,7.1,881
635,Angel Heart,"Horror,Mystery",en,16.19,3/6/1987,7.1,1158
440472,The Upside,"Comedy,Drama",en,19.701,1/10/2019,7.1,986
11533,Jason and the Argonauts,"Adventure,Family,Fantasy",en,23.428,6/19/1963,7.1,456
9820,The Parent Trap,"Comedy,Family",en,144.091,7/28/1998,7.1,3350
1997,Two Brothers,"Adventure,Drama,Family",en,16.601,4/7/2004,7.1,724
612,Munich,"Drama,Action,History,Thriller",en,13.103,12/23/2005,7.1,2097
537055,Wonder Woman: Bloodlines,"Science Fiction,Animation,Action,Fantasy",en,26.145,10/4/2019,7.1,384
19562,The Magnificent One,"Action,Comedy,Romance",fr,6.985,11/23/1973,7.1,271
16161,Baby Boy,"Crime,Drama,Romance,Thriller",en,10.768,6/27/2001,7.1,236
10142,Casualties of War,"Drama,History,War",en,14.478,8/18/1989,7.1,682
9741,Unbreakable,"Thriller,Drama,Mystery",en,59.574,11/22/2000,7.1,7895
560044,The Willoughbys,"Animation,Comedy,Family",en,22.017,4/22/2020,7.1,770
68730,Silence,"Drama,History",en,25.022,12/22/2016,7.1,2572
19265,Whatever Works,"Comedy,Romance",en,9.703,6/19/2009,7.1,1485
17887,Barefoot in the Park,"Comedy,Romance",en,8.752,5/25/1967,7.1,484
10141,Dirty Rotten Scoundrels,"Crime,Comedy",en,12.898,12/14/1988,7.1,646
203,Mean Streets,"Drama,Crime",en,10.791,10/14/1973,7.1,1665
9303,Bound,"Drama,Thriller",en,14.582,9/13/1996,7.1,676
585083,Hotel Transylvania: Transformania,"Animation,Family,Fantasy,Comedy,Adventure",en,690.201,2/25/2022,7.1,1100
473033,Uncut Gems,"Drama,Thriller,Crime",en,28.281,8/30/2019,7.1,3688
449749,The Leisure Seeker,"Drama,Romance,Adventure",en,9.28,1/3/2018,7.1,409
420817,Aladdin,"Adventure,Fantasy,Romance,Family",en,106.284,5/22/2019,7.1,8697
147773,The Way Way Back,"Comedy,Drama",en,14.187,6/6/2013,7.1,1457
11153,National Lampoon's Vacation,"Comedy,Adventure",en,24.541,7/28/1983,7.1,1192
10994,White Oleander,Drama,en,11.63,10/11/2002,7.1,301
565179,The First King,History,la,14.269,1/31/2019,7.1,941
19236,Santa Sangre,"Horror,Mystery,Drama",en,7.046,11/24/1989,7.1,306
17358,My Name Ain't Johnny,"Crime,Drama",pt,6.248,1/4/2008,7.1,214
38810,Dogtooth,Drama,el,30.652,10/22/2009,7.1,1706
10162,Waking Ned,Comedy,en,7.546,9/15/1998,7.1,215
3073,Bud Abbott and Lou Costello Meet Frankenstein,"Comedy,Horror",en,8.464,6/15/1948,7.1,219
599281,Fear of Rain,"Thriller,Horror,Drama",en,42.276,2/12/2021,7.1,376
340613,The Wife,Drama,en,10.219,8/2/2018,7.1,928
652,Troy,"Adventure,History,War,Action",en,54.846,5/3/2004,7.1,8602
811634,The Monkey King: Reborn,"Animation,Action,Fantasy",zh,13.335,4/2/2021,7.1,232
632666,Unpregnant,"Drama,Comedy",en,11.273,9/10/2020,7.1,203
517331,The Realm,"Thriller,Mystery,Drama",es,7.771,9/28/2018,7.1,333
371638,The Disaster Artist,"Comedy,Drama",en,12.928,3/12/2017,7.1,3085
75258,Secret of the Wings,"Animation,Family,Fantasy,Adventure",en,69.346,8/17/2012,7.1,969
13459,Barbie in 'A Christmas Carol',"Animation,Family",en,24.482,11/3/2008,7.1,429
473,Pi,"Mystery,Drama,Thriller",en,13.935,7/10/1998,7.1,1777
639721,The Addams Family 2,"Animation,Adventure,Comedy,Family",en,232.415,10/1/2021,7.1,899
123377,Pietà,Drama,ko,9.324,9/5/2012,7.1,279
58574,Sherlock Holmes: A Game of Shadows,"Adventure,Action,Crime,Mystery",en,50.902,11/22/2011,7.1,9095
69315,Battlestar Galactica: Razor,"Science Fiction,Action,Drama,Thriller,TV Movie",en,10.93,11/12/2007,7.1,310
10986,The Taming of the Scoundrel,Comedy,it,17.783,12/20/1980,7.1,380
9846,To Live and Die in L.A.,"Crime,Thriller,Action",en,8.917,11/1/1985,7.1,461
4192,Death on the Nile,Mystery,en,16.835,9/29/1978,7.1,563
63831,The Kid with a Bike,Drama,fr,8.018,5/18/2011,7.1,332
291270,Anomalisa,"Animation,Drama,Romance,Comedy",en,11.695,12/30/2015,7.1,1438
82693,Silver Linings Playbook,"Drama,Comedy,Romance",en,37.824,11/16/2012,7.1,10609
8051,Punch-Drunk Love,"Comedy,Drama,Romance",en,14.552,10/25/2002,7.1,1803
2100,The Last Castle,"Action,Drama,Thriller",en,12.439,10/19/2001,7.1,974
327,Brother,"Crime,Drama,Thriller",en,11.976,12/13/2000,7.1,321
206563,Trash,"Adventure,Crime,Drama,Thriller",pt,10.075,10/9/2014,7.1,517
89636,Dragon Ball Z: Plan to Eradicate the Super Saiyans,"Action,Animation,Adventure",ja,79.609,11/11/2010,7.1,243
48034,Little White Lies,"Comedy,Drama",fr,12.351,10/20/2010,7.1,1311
38438,Buffet Froid,"Comedy,Crime",fr,6.413,12/19/1979,7.1,207
11897,How the West Was Won,Western,en,13.868,10/1/1962,7.1,326
11316,Macbeth,"War,Drama",en,8.392,12/20/1971,7.1,217
8470,John Q,"Drama,Thriller,Crime",en,18.969,2/15/2002,7.1,1908
1089,Point Break,"Action,Thriller,Crime",en,22.252,1/31/1991,7.1,2837
9322,La Femme Nikita,"Action,Thriller",fr,19.551,2/21/1990,7.1,1552
276,The Edukators,"Drama,Comedy",de,6.031,10/25/2004,7.1,273
606954,I Hate Summer,Comedy,it,7.947,1/30/2020,7.1,751
212778,Chef,Comedy,en,14.517,5/8/2014,7.1,2705
196024,The Keeper of Lost Causes,"Thriller,Mystery,Crime",da,13.291,10/3/2013,7.1,584
22383,The Professionals,"Western,Action,Adventure",en,11.181,11/1/1966,7.1,211
12914,Stargate: Continuum,"Adventure,Science Fiction,TV Movie",en,12.711,7/29/2008,7.1,382
249688,The End of the Tour,Drama,en,8.286,7/31/2015,7.1,462
11634,Show Me Love,"Comedy,Romance,Drama",sv,7.53,10/23/1998,7.1,384
109410,42,Drama,en,20.517,4/12/2013,7.1,1502
785538,7 Prisoners,"Drama,Crime",pt,86.827,10/22/2021,7.1,265
532814,The Bad Seed,"Drama,Horror,Thriller",en,12.126,9/9/2018,7.1,224
11042,The Barbarian Invasions,"Comedy,Drama",fr,6.922,9/24/2003,7.1,293
10590,We Were Soldiers,"Action,History,War",en,20.068,3/1/2002,7.1,1637
2028,Say Anything...,"Romance,Comedy,Drama",en,16.652,4/14/1989,7.1,783
567604,Once Upon a Deadpool,"Comedy,Action,Adventure",en,63.279,12/11/2018,7.1,580
23483,Kick-Ass,"Action,Crime",en,65.605,3/22/2010,7.1,10220
18912,Angst,"Crime,Drama,Horror,Thriller",de,6.161,1/1/1983,7.1,235
65,8 Mile,"Music,Drama",en,34.805,11/8/2002,7.1,5973
759175,The Princess,"Fantasy,Action",en,2456.15,6/16/2022,7.2,264
369523,The Tale,"Drama,TV Movie",en,14.161,1/20/2018,7.1,349
336843,Maze Runner: The Death Cure,"Science Fiction,Action,Adventure,Thriller",en,108.102,1/10/2018,7.1,6496
19833,In the Loop,Comedy,en,8.329,1/22/2009,7.1,508
13701,Immortal Beloved,"Drama,Music,Romance",en,10.203,12/16/1994,7.1,261
25300,I'm Not Scared,"Mystery,Drama,Thriller,Crime",it,6.683,2/8/2003,7.1,865
15400,Mickey's Once Upon a Christmas,"Animation,Family,Comedy",en,12.818,10/31/1999,7.1,520
11296,Birdy,Drama,en,9.868,12/14/1984,7.1,391
4643,The Guardian,"Drama,Action",en,15.935,9/28/2006,7.1,1223
335797,Sing,"Animation,Comedy,Family,Music",en,105.481,11/23/2016,7.1,6848
308639,Dope,"Crime,Drama,Comedy",en,16.117,6/19/2015,7.1,1253
16553,Little Manhattan,"Comedy,Romance",en,13.755,9/26/2005,7.1,596
7972,Before the Devil Knows You're Dead,"Crime,Drama,Thriller",en,14.485,9/26/2007,7.1,1173
2323,Field of Dreams,"Drama,Fantasy,Comedy",en,12.582,4/21/1989,7.1,1158
711,Finding Forrester,Drama,en,7.859,12/21/2000,7.1,889
267,Live Flesh,"Drama,Thriller,Romance",es,8.546,10/10/1997,7.1,524
506281,The World to Come,"Romance,Drama,Western",en,36.313,2/12/2021,7.1,212
36950,You Don't Know Jack,"Drama,TV Movie",en,9.412,4/14/2010,7.1,316
25736,The Postman Always Rings Twice,"Crime,Drama,Mystery,Romance,Thriller",en,9.038,5/2/1946,7.1,237
5488,"I'm a Cyborg, but That's OK","Drama,Comedy,Romance",ko,7.242,12/7/2006,7.1,376
1682,Mothra vs. Godzilla,"Action,Adventure,Science Fiction",ja,7.53,4/29/1964,7.1,203
696806,The Adam Project,"Action,Adventure,Comedy,Science Fiction",en,337.443,3/11/2022,7.1,2684
507076,Climax,"Drama,Horror,Music",fr,21.007,9/19/2018,7.1,1620
324560,Brimstone,"Western,Mystery,Thriller,Drama",en,23.798,3/12/2016,7.1,896
27725,High Sierra,"Action,Adventure,Crime,Drama,Thriller",en,6.715,1/23/1941,7.1,233
19703,A Wednesday!,"Drama,Thriller",hi,7.412,9/5/2008,7.1,233
19123,La Chèvre,"Comedy,Crime,Adventure",fr,7.243,12/9/1981,7.1,494
11177,Mask,Drama,en,11.089,3/8/1985,7.1,328
8697,Who Am I?,"Adventure,Action,Comedy,Thriller",cn,22.623,1/17/1998,7.1,669
408,Snow White and the Seven Dwarfs,"Fantasy,Animation,Family",en,86.268,12/21/1937,7.1,6272
394374,At the End of the Tunnel,"Crime,Thriller",es,24.179,4/21/2016,7.1,307
365942,The Space Between Us,"Romance,Adventure,Science Fiction,Drama",en,21.852,1/26/2017,7.1,2178
353728,Closet Monster,Drama,en,8.005,7/15/2016,7.1,227
272878,Max,"Adventure,Drama",en,30.147,6/26/2015,7.1,652
11462,Suspicion,"Mystery,Romance,Thriller",en,10.993,11/14/1941,7.1,590
1924,Superman,"Science Fiction,Action,Adventure",en,41.859,12/13/1978,7.1,3064
401,Garden State,"Comedy,Drama,Romance",en,8.789,7/28/2004,7.1,1497
302429,Strange Magic,"Music,Animation,Family,Fantasy",en,28,1/23/2015,7.1,363
157370,Kill Your Darlings,"Drama,Romance,Thriller",en,14.349,9/19/2013,7.1,1190
727745,The Kissing Booth 3,"Romance,Comedy",en,105.389,8/11/2021,7.1,1468
340027,Brain on Fire,Drama,en,13.832,2/22/2017,7.1,1216
30159,I Confess,"Crime,Drama,Thriller",en,7.817,2/28/1953,7.1,309
8428,Pump Up the Volume,"Music,Drama",en,8.116,8/22/1990,7.1,265
1259,Notes on a Scandal,"Drama,Romance",en,10.235,12/25/2006,7.1,690
441829,Team Thor: Part 2,"Science Fiction,Comedy,Fantasy",en,18.032,2/14/2017,7.1,234
31587,Scarecrow,Drama,en,6.23,4/11/1973,7.1,213
11050,Terms of Endearment,"Drama,Comedy",en,8.589,11/20/1983,7.1,593
5693,Hoosiers,"Drama,Family",en,9.706,11/14/1986,7.1,385
157832,Calvary,Drama,en,7.344,4/11/2014,7.1,767
11815,The Fly,"Drama,Horror,Science Fiction",en,11.118,7/16/1958,7.1,399
617762,The Electrical Life of Louis Wain,"Drama,History,Comedy",en,19.656,10/21/2021,7.1,278
12579,The Woman Next Door,"Drama,Romance",fr,5.422,9/30/1981,7.1,233
11687,The Visitors,"Fantasy,Comedy",fr,11.933,1/27/1993,7.1,1603
10537,The Doors,"Music,Drama",en,14.089,3/1/1991,7.1,1102
10340,Lady and the Tramp,"Family,Animation,Romance",en,60.973,6/22/1955,7.1,4481
1807,Elephant,"Crime,Drama",en,19.321,9/20/2003,7.1,1489
411,"The Chronicles of Narnia: The Lion, the Witch and the Wardrobe","Adventure,Family,Fantasy",en,130.933,12/7/2005,7.1,8712
799876,The Outfit,"Crime,Drama,Thriller",en,460.021,3/3/2022,7.1,331
46829,Barney's Version,"Comedy,Drama",en,8.63,10/26/2010,7.1,360
12545,Jesus Christ Superstar,"Music,History,Drama",en,14.315,8/15/1973,7.1,459
11934,The Hudsucker Proxy,"Comedy,Drama",en,9.672,3/11/1994,7.1,806
1443,The Virgin Suicides,"Drama,Romance",en,17.881,12/31/1999,7.1,2512
641662,Pieces of a Woman,Drama,en,10.502,12/30/2020,7.1,970
468225,The Starling,Drama,en,28.344,9/17/2021,7.1,208
302401,Snowden,"Drama,History,Crime,Thriller",en,18.821,9/15/2016,7.1,3780
203801,The Man from U.N.C.L.E.,"Comedy,Action,Adventure",en,28.562,8/13/2015,7.1,5353
77495,Sleep Tight,"Thriller,Horror",es,23.407,10/14/2011,7.1,840
23169,Remember Me,"Drama,Romance",en,20.703,4/7/2010,7.1,3164
13925,Luxo Jr.,"Animation,Comedy",en,9.162,8/17/1986,7.1,484
468198,The Place,"Drama,Thriller,Mystery",it,8.199,11/4/2017,7.1,1087
20410,Scooby-Doo and the Alien Invaders,"Animation,Family,Comedy,Mystery,Science Fiction,Adventure,Fantasy",en,18.648,10/3/2000,7.1,283
16608,The Proposition,"Action,Adventure,Crime,Drama,Thriller,Western",en,9.689,10/6/2005,7.1,502
9769,Lolita,Drama,en,58.231,9/27/1997,7.1,1344
8619,Master and Commander: The Far Side of the World,"Adventure,Drama,War",en,19.296,11/14/2003,7.1,2504
1555,The Spanish Apartment,"Drama,Comedy,Romance",fr,11.122,6/19/2002,7.1,918
430447,Mary and The Witch's Flower,"Fantasy,Adventure,Animation",ja,19.293,7/8/2017,7.1,623
351339,Anthropoid,"History,Thriller,War",en,22.896,8/12/2016,7.1,826
321741,Concussion,"Drama,History",en,12.537,11/12/2015,7.1,2216
103332,Ruby Sparks,"Comedy,Romance,Fantasy,Drama",en,11.18,7/25/2012,7.1,1344
15906,Barbie and the Magic of Pegasus 3-D,"Animation,Family,Romance",en,57.24,10/4/2005,7.1,568
14412,Body Heat,"Crime,Thriller,Romance",en,15.342,8/28/1981,7.1,418
277217,Descendants,"Family,Music,Adventure,Comedy,Fantasy,TV Movie",en,68.725,7/31/2015,7.1,1965
14533,Gia,"Romance,Drama",en,17.338,1/31/1998,7.1,587
11620,Quo Vadis,"Drama,History,Romance",en,17.139,11/8/1951,7.1,302
8095,Cleopatra,"Drama,History,Romance",en,24.867,6/12/1963,7.1,547
6173,Read My Lips,"Crime,Drama,Romance,Thriller",fr,6.618,10/17/2001,7.1,245
508,Love Actually,"Comedy,Romance,Drama",en,25.546,9/7/2003,7.1,5553
239563,St. Vincent,Comedy,en,19.488,10/9/2014,7.1,1583
1730,Inland Empire,"Drama,Horror,Mystery,Fantasy",en,11.642,9/6/2006,7.1,849
886,The Cincinnati Kid,Drama,en,8.965,10/15/1965,7.1,210
310307,The Founder,"Drama,History",en,32.841,9/13/2016,7.1,3990
9787,Lords of Dogtown,Drama,en,13.8,6/3/2005,7.1,608
18299,Love in the Afternoon,"Comedy,Crime,Drama,Romance",en,8.139,5/29/1957,7.1,231
18240,The Proposal,"Comedy,Romance,Drama",en,109.605,6/1/2009,7.1,5546
437033,Toc Toc,Comedy,es,20.489,9/1/2017,7.1,1043
290250,The Nice Guys,"Comedy,Crime,Action",en,33.613,5/15/2016,7.1,6529
129533,Barbie: The Princess & The Popstar,"Family,Animation",en,36.731,9/13/2012,7.1,484
13928,Knick Knack,"Animation,Family,Comedy",en,7.433,11/23/1989,7.1,435
418680,Goodbye Christopher Robin,"Family,History,Drama",en,15.914,9/29/2017,7.1,695
2769,An American in Paris,"Comedy,Music,Romance",en,9.329,9/26/1951,7.1,441
365045,Heidi,"Adventure,Family",de,13.989,12/10/2015,7.1,324
283552,The Light Between Oceans,"Drama,Romance",en,22.84,9/2/2016,7.1,1202
5916,The Getaway,"Action,Crime,Thriller",en,12.336,9/20/1972,7.1,412
102651,Maleficent,"Fantasy,Adventure,Action,Family,Romance",en,99.454,5/28/2014,7.1,11720
10545,The Hunchback of Notre Dame,"Drama,Animation,Family",en,47.872,6/21/1996,7.1,4226
9316,Ong Bak: Muay Thai Warrior,"Action,Thriller",th,70.701,1/21/2003,7.1,1359
8092,This Boy's Life,Drama,en,13.503,4/9/1993,7.1,781
1637,Speed,"Action,Adventure,Crime",en,35.863,6/9/1994,7.1,4984
241,Natural Born Killers,"Crime,Thriller,Drama",en,22.816,8/25/1994,7.1,2775
651070,A Fall from Grace,"Drama,Fantasy,Thriller",en,13.235,1/17/2020,7.1,781
370755,Paterson,"Comedy,Drama,Romance",en,10.306,11/17/2016,7.1,1520
315011,Shin Godzilla,"Action,Science Fiction,Horror",ja,28.631,7/29/2016,7.1,849
209276,Starred Up,Drama,en,10.195,3/21/2014,7.1,798
120605,The Punisher: Dirty Laundry,"Drama,Action,Thriller",en,8.665,7/16/2012,7.1,291
102899,Ant-Man,"Science Fiction,Action,Adventure",en,100.885,7/14/2015,7.1,17296
12144,The Land Before Time,"Family,Animation,Adventure",en,15.762,11/18/1988,7.1,2145
10895,Pinocchio,"Animation,Family",en,110.245,2/23/1940,7.1,4915
9464,Buffalo '66,"Drama,Romance,Comedy",en,16.291,1/20/1998,7.1,668
624,Easy Rider,"Adventure,Drama",en,13.494,6/26/1969,7.1,1599
718032,Licorice Pizza,"Drama,Comedy",en,30.111,11/26/2021,7.1,1174
524434,Eternals,"Science Fiction,Action,Adventure",en,449.695,11/3/2021,7.1,5957
11075,Audition,"Horror,Mystery,Drama,Thriller",ja,15.595,10/6/1999,7.1,1144
173,"20,000 Leagues Under the Sea","Adventure,Drama,Family,Fantasy,Science Fiction",en,12.013,12/23/1954,7.1,651
568467,Ammonite,"Romance,Drama",en,16.397,11/13/2020,7.1,384
455207,Crazy Rich Asians,"Comedy,Drama,Romance",en,23.257,8/15/2018,7.1,3057
282631,The Admiral: Roaring Currents,"War,Action,Drama,History",ko,14.594,7/30/2014,7.1,214
10644,The Unbearable Lightness of Being,"Comedy,Romance,Drama",en,11.262,2/5/1988,7.1,331
606679,The High Note,"Romance,Comedy,Music,Drama",en,11.67,6/10/2020,7.1,357
527435,The Christmas Chronicles,"Comedy,Adventure,Family,Fantasy",en,20.759,11/22/2018,7.1,1686
248933,The Dark Valley,"Drama,Thriller",de,7.172,2/13/2014,7.1,319
45094,Conviction,Drama,en,10.503,10/15/2010,7.1,497
17443,...And Justice for All,"Crime,Drama,Thriller",en,11.143,10/19/1979,7.1,371
3291,"Good Night, and Good Luck.","Drama,History",en,6.697,9/16/2005,7.1,774
570131,Love at Second Sight,"Comedy,Drama,Romance,Fantasy",fr,15.49,4/3/2019,7.1,564
461615,MFKZ,"Science Fiction,Animation,Action,Crime",en,9.339,5/23/2018,7.1,226
127373,What Maisie Knew,Drama,en,7.341,5/2/2013,7.1,361
17264,The Black Stallion,"Family,Adventure",en,10.948,10/13/1979,7.1,233
14072,Rab Ne Bana Di Jodi,"Comedy,Drama,Romance",hi,10.126,12/11/2008,7.1,209
927,Gremlins,"Fantasy,Horror,Comedy",en,21.843,6/7/1984,7.1,5306
860,WarGames,"Thriller,Science Fiction,Drama",en,11.554,6/3/1983,7.1,1423
440642,The Spacewalker,"Adventure,Drama,History,Thriller",ru,10.111,4/9/2017,7.1,259
16211,The Sons of Katie Elder,Western,en,8.876,6/23/1965,7.1,211
5698,The Great Train Robbery,"Crime,Action,Western",en,7.445,12/7/1903,7.1,469
593660,My Brother Chases Dinosaurs,"Comedy,Family",it,7.726,9/5/2019,7.1,235
152584,Blue Is the Warmest Color,"Romance,Drama",fr,18.959,10/9/2013,7.1,3895
78480,Monsieur Lazhar,"Drama,Comedy",fr,5.409,9/10/2011,7.1,242
14292,Miracle,"Drama,History",en,10.87,2/6/2004,7.1,476
1440,Little Children,"Drama,Romance,Comedy",en,14.672,10/6/2006,7.1,749
1103,Escape from New York,"Science Fiction,Action",en,15.929,5/23/1981,7.1,2455
522241,The Courier,"Thriller,History,Drama",en,65.383,3/18/2021,7.1,752
505954,T-34,"War,Action,Drama,History",ru,14.801,12/27/2018,7.1,693
393519,Raw,"Drama,Horror",fr,14.899,11/11/2016,7.1,2630
10653,The Seven Year Itch,"Comedy,Romance",en,12.861,6/3/1955,7.1,685
461955,Rakka,"Action,Science Fiction,Horror",en,4.856,6/14/2017,7.1,240
429191,A Fantastic Woman,Drama,es,9.618,4/6/2017,7.1,573
546,Transamerica,Drama,en,7.107,12/23/2005,7.1,378
269494,A Hard Day,"Action,Crime,Thriller",ko,15.929,5/29/2014,7.1,346
254201,The Absent One,Thriller,da,12.154,10/2/2014,7.1,493
3053,The Fearless Vampire Killers,"Comedy,Horror",en,12.867,2/1/1967,7.1,558
9802,The Rock,"Action,Adventure,Thriller",en,28.807,6/7/1996,7.1,3777
3293,Pirates of Silicon Valley,Drama,en,7.514,5/10/1999,7.1,420
615665,Holidate,"Comedy,Romance",en,20.261,10/27/2020,7.1,1679
197950,The Connection,"Action,Crime,Thriller",fr,10.115,12/3/2014,7.1,614
59474,Cazuza: Time Doesn't Stop,"Drama,Music,History",pt,4.795,6/11/2004,7.1,203
26748,Lone Star,"Drama,Mystery,Romance",en,7.498,6/21/1996,7.1,255
567189,Tom Clancy's Without Remorse,"Action,Thriller",en,98.968,4/29/2021,7.1,1974
328387,Nerve,"Mystery,Adventure,Crime",en,27.036,6/27/2016,7.1,6189
4727,Le Gendarme de Saint-Tropez,Comedy,fr,13.831,9/8/1964,7.1,695
661914,One Night in Miami...,Drama,en,10.246,12/25/2020,7.1,528
19971,The Little Girl Who Lives Down the Lane,"Drama,Mystery,Thriller",en,7.183,12/25/1976,7.1,237
657,From Russia with Love,"Action,Thriller,Adventure",en,30.964,10/10/1963,7.1,2352
445,Caché,"Mystery,Drama,Thriller",fr,6.802,10/5/2005,7.1,807
399121,An Officer and a Spy,"History,Drama,Thriller",fr,11.895,9/30/2019,7.1,1244
12143,Bad Lieutenant,"Crime,Drama",en,13.829,9/16/1992,7.1,650
7485,Shooter,"Action,Drama,Mystery,Thriller,Crime",en,57.401,3/22/2007,7.1,3903
4104,Benny & Joon,"Comedy,Drama",en,9.702,4/16/1993,7.1,619
1623,Brubaker,"Crime,Drama",en,9.873,6/20/1980,7.1,359
116149,Paddington,"Comedy,Adventure,Family",en,38.282,11/24/2014,7.1,2963
30890,Radio Days,"Comedy,Drama,Music",en,7.625,1/30/1987,7.1,429
8764,Top Secret!,Comedy,en,12.447,6/8/1984,7.1,885
2007,Lorenzo's Oil,Drama,en,8.503,12/30/1992,7.1,427
1900,Traffic,"Thriller,Drama,Crime",en,18.275,3/23/2000,7.1,1707
382399,High Strung,"Music,Romance,Drama",en,10.817,4/8/2016,7.1,846
211052,Miss Violence,Drama,el,10.097,9/9/2013,7.1,350
5335,Theorem,"Mystery,Drama",it,8.32,9/7/1968,7.1,279
2671,Ringu,"Horror,Thriller",ja,14.817,1/30/1998,7.1,1045
468,My Own Private Idaho,"Drama,Adventure",en,15.252,2/1/1991,7.1,903
636565,Rose Island,"Comedy,Adventure",it,10.509,12/9/2020,7.1,1017
64720,Take Shelter,"Thriller,Drama,Horror",en,11.5,9/30/2011,7.1,1383
8053,The Three Burials of Melquiades Estrada,"Adventure,Crime,Drama,Mystery,Western",en,8.939,11/17/2005,7.1,478
556678,Emma.,"Comedy,Romance",en,46.678,2/13/2020,7.1,1308
485166,Amanda,Drama,fr,8.204,8/31/2018,7.1,221
270400,Breathe,Drama,fr,7.847,11/12/2014,7.1,417
501633,Invisibles,"Comedy,Drama",fr,6.682,1/9/2019,7.1,327
472451,Boy Erased,Drama,en,10.875,9/24/2018,7.1,1191
91417,Dragons: Gift of the Night Fury,"Animation,Comedy,Adventure,Family",en,28.926,11/15/2011,7.1,282
38397,"The Legend of Al, John and Jack","Comedy,Crime",it,5.875,1/1/2002,7.1,1016
22536,Thirst,"Drama,Horror,Thriller",ko,9.902,4/30/2009,7.1,656
10497,Bitter Moon,"Thriller,Drama,Romance",en,19.92,9/2/1992,7.1,534
9281,Witness,"Crime,Drama,Romance,Thriller",en,16.603,2/8/1985,7.1,1261
926,Galaxy Quest,"Comedy,Science Fiction,Adventure",en,15.347,12/23/1999,7.1,1758
18971,Rosencrantz & Guildenstern Are Dead,"Comedy,Drama",en,6.841,2/8/1991,7.1,231
1581,The Holiday,"Comedy,Romance",en,16.927,12/8/2006,7.1,4150
734265,Love Hard,"Comedy,Romance",en,15.559,11/5/2021,7.1,1111
127517,Disconnect,"Drama,Thriller",en,8.572,9/11/2012,7.1,954
79113,A Princess for Christmas,"Comedy,Family,TV Movie,Romance",en,22.742,12/3/2011,7.1,343
43539,The Next Three Days,"Romance,Drama,Thriller,Crime",en,36.588,11/18/2010,7.1,2388
11636,New Police Story,"Action,Thriller,Crime,Drama",cn,17.932,9/23/2004,7.1,551
9631,The Negotiator,"Action,Crime,Drama,Thriller",en,18.252,7/29/1998,7.1,1634
1584,School of Rock,"Comedy,Music,Family",en,26.162,10/3/2003,7.1,4701
13920,Radio,Drama,en,62.642,10/24/2003,7.1,537
909,Meet Me in St. Louis,"Comedy,Drama,Romance,Family",en,8.195,11/28/1944,7.1,267
9393,Before the Fall,Drama,de,9.067,7/4/2004,7.1,231
811367,22 vs. Earth,"Family,Comedy,Fantasy,Animation",en,104.509,4/30/2021,7.1,299
588921,AINBO: Spirit of the Amazon,"Adventure,Animation,Family,Fantasy",en,130.092,2/9/2021,7.1,336
11000,The Birdcage,Comedy,en,11.131,3/8/1996,7.1,886
429197,Vice,"Drama,History,Comedy",en,16.962,12/25/2018,7.1,2801
172106,Jappeloup,Drama,fr,5.16,3/13/2013,7.1,341
103328,Holy Motors,"Drama,Fantasy",fr,11.284,7/2/2012,7.1,911
33613,The Girl Who Kicked the Hornet's Nest,"Action,Thriller,Crime,Mystery",sv,11.546,11/27/2009,7.1,1129
778,Monsieur Hulot's Holiday,Comedy,fr,7.48,2/25/1953,7.1,330
412202,Handsome Devil,Drama,en,12.311,2/15/2017,7.1,573
77877,The Lucky One,"Drama,Romance",en,31.731,4/19/2012,7.1,3050
43959,Soul Surfer,"Family,Drama",en,45.723,4/8/2011,7.1,1046
12259,Sholay,Action,hi,8.075,8/15/1975,7.1,206
44115,127 Hours,"Adventure,Drama,Thriller",en,21.795,11/12/2010,7.1,6456
14886,The Last Detail,"Comedy,Drama",en,7.085,12/11/1973,7.1,263
13633,Bad Boys,"Crime,Drama,Thriller",en,11.906,3/25/1983,7.1,201
9675,Sideways,"Comedy,Drama,Romance",en,10.713,10/22/2004,7.1,1295
348089,Grease Live,"TV Movie,Music",en,10.461,1/31/2016,7.1,269
11797,Fright Night,"Comedy,Horror",en,22.657,8/2/1985,7.1,1027
9994,The Great Mouse Detective,"Animation,Family,Adventure,Mystery",en,14.64,7/2/1986,7.1,1346
4512,The Assassination of Jesse James by the Coward Robert Ford,"Action,Drama,Western",en,15.708,9/7/2007,7.1,2006
722913,Malcolm & Marie,"Drama,Romance",en,23.717,1/29/2021,7.1,1127
28384,Husbands and Wives,"Romance,Comedy,Drama",en,6.354,9/18/1992,7.1,328
17187,The Emperor's Club,Drama,en,8.715,11/22/2002,7.1,307
1547,The Lost Boys,"Horror,Comedy",en,14.779,7/31/1987,7.1,1560
293,A River Runs Through It,"Drama,Family",en,15.695,10/9/1992,7.1,817
287947,Shazam!,"Action,Comedy,Fantasy",en,186.503,3/29/2019,7.1,7737
614488,Street Flow,"Drama,Crime",fr,8.146,10/12/2019,7.1,287
103731,Mud,Drama,en,10.497,4/26/2013,7.1,2348
3033,Gods and Monsters,Drama,en,5.049,1/21/1998,7.1,271
579583,The King of Staten Island,"Comedy,Drama",en,14.936,7/22/2020,7.1,721
15060,Futurama: Into the Wild Green Yonder,"Animation,Comedy,Science Fiction,TV Movie",en,14.502,2/23/2009,7.1,409
838,American Graffiti,"Comedy,Drama",en,12.825,8/1/1973,7.1,1104
300,The Science of Sleep,"Comedy,Drama,Fantasy",fr,7.408,2/11/2006,7.1,601
505600,Booksmart,Comedy,en,22.38,5/24/2019,7.1,2098
14135,Bad Boy Bubby,"Crime,Drama,Comedy",en,5.31,9/1/1993,7.1,200
8982,The Protector,"Action,Crime,Drama,Thriller",th,59.783,8/11/2005,7.1,657
232,Rumble Fish,"Action,Crime,Drama",en,9.798,10/20/1983,7.1,504
528888,Dolemite Is My Name,"Drama,Comedy,History",en,10.92,10/4/2019,7,946
507086,Jurassic World Dominion,"Adventure,Action,Science Fiction",en,10436.917,6/1/2022,7,2054
156700,The Kings of Summer,"Comedy,Drama",en,18.752,1/19/2013,7,952
414453,Columbus,Drama,en,12.183,8/4/2017,7,281
10868,The Accused,Drama,en,11.308,10/14/1988,7,433
7980,The Lovely Bones,"Fantasy,Drama",en,35.161,2/19/2009,7,3902
760883,Blood Red Sky,"Horror,Thriller,Action",de,64.313,7/23/2021,7,1172
567609,Ready or Not,"Comedy,Horror,Thriller",en,42.263,8/21/2019,7,3270
127380,Finding Dory,"Adventure,Animation,Comedy,Family",en,52.156,6/16/2016,7,10704
56292,Mission: Impossible - Ghost Protocol,"Action,Thriller,Adventure",en,70.684,12/7/2011,7,8396
483,Wild at Heart,"Comedy,Crime,Thriller",en,11.629,8/17/1990,7,1271
716612,Spencer,Drama,en,29.135,11/4/2021,7,1024
297556,Justice League: Throne of Atlantis,"Science Fiction,Action,Animation,Adventure",en,28.346,1/27/2015,7,742
251519,Son of Batman,"Animation,Action,Adventure",en,19.93,5/13/2014,7,847
15765,What's Love Got to Do with It,"Drama,Music",en,9.685,6/9/1993,7,216
82684,Chasing Mavericks,Drama,en,10.251,10/25/2012,7,470
13580,The Spy Who Came in from the Cold,"Drama,Thriller",en,6.434,12/16/1965,7,202
664413,365 Days,"Romance,Drama",pl,54.317,2/7/2020,7,7156
7326,Juno,"Comedy,Drama,Romance",en,15.327,1/22/2007,7,6187
508101,Plus One,"Romance,Comedy,Drama",en,10.74,6/14/2019,7,233
369972,First Man,"History,Drama",en,29.697,10/10/2018,7,4515
364051,The Innocents,"Drama,History",fr,8.196,2/10/2016,7,328
9696,Ichi the Killer,"Action,Crime,Horror",ja,17.522,12/22/2001,7,718
9606,Metropolis,"Animation,Science Fiction",ja,21.875,5/26/2001,7,348
236028,Castello Cavalcanti,Comedy,en,4.461,11/12/2013,7,227
15015,Barbie as Rapunzel,"Animation,Family",en,63.307,10/1/2002,7,1007
8469,Animal House,Comedy,en,21.82,7/27/1978,7,1224
333352,Eye in the Sky,"Drama,Thriller,War",en,13.348,3/10/2016,7,1300
5919,The Towering Inferno,"Action,Drama,Thriller",en,8.813,12/14/1974,7,697
1374,Rocky IV,Drama,en,49.37,11/21/1985,7,3501
597208,Nightmare Alley,"Crime,Drama,Thriller",en,184.853,12/2/2021,7,1834
558582,First Cow,"Drama,Western",en,15.047,3/6/2020,7,299
459950,Feed,Drama,en,9.244,4/5/2017,7,200
82633,Lawless,"Crime,Drama,Western",en,40.813,8/29/2012,7,2619
43347,Love & Other Drugs,"Drama,Comedy,Romance",en,110.362,11/22/2010,7,4263
36955,True Lies,"Action,Thriller",en,27.848,7/15/1994,7,3266
24589,Dug's Special Mission,"Animation,Comedy,Family",en,8.89,11/10/2009,7,329
18861,Naruto: Guardians of the Crescent Moon Kingdom,"Adventure,Animation,Action",ja,68.591,8/5/2006,7,248
836225,The Exorcism of God,Horror,en,1837.94,3/11/2022,7.1,366
458737,First Reformed,Drama,en,18.576,5/18/2018,7,1088
17379,Last Holiday,"Adventure,Comedy,Drama",en,27.026,1/13/2006,7,545
13378,Mickey's Twice Upon a Christmas,"Animation,Family",en,15.085,11/15/2004,7,324
11770,Shaolin Soccer,"Action,Comedy",cn,47.694,7/5/2001,7,1716
1643,Last Tango in Paris,"Drama,Romance",it,15.938,10/14/1972,7,986
526,Ladyhawke,"Adventure,Comedy,Drama,Fantasy",en,10.187,3/27/1985,7,923
470333,Hearts Beat Loud,"Music,Drama,Comedy,Family",en,10.132,6/8/2018,7,212
445651,The Darkest Minds,"Science Fiction,Action,Drama,Romance,Adventure,Thriller",en,37.525,7/25/2018,7,2300
388399,Patriots Day,"Action,Crime,Drama,History,Thriller",en,26.795,12/12/2016,7,2196
250734,Far from the Madding Crowd,"Drama,Romance",en,12.847,4/23/2015,7,881
302946,The Accountant,"Crime,Thriller,Drama",en,28.823,10/13/2016,7,5120
1694,Re-Animator,"Science Fiction,Comedy,Horror",en,14.274,10/18/1985,7,1022
525183,Paddleton,"Comedy,Drama",en,7.581,2/22/2019,7,207
26039,Point Blank,"Crime,Thriller,Drama",en,6.454,8/30/1967,7,279
1987,Benny's Video,"Crime,Drama,Thriller",de,7.126,3/4/1993,7,253
62204,Quest for Fire,"Adventure,Drama",fr,8.05,12/16/1981,7,383
11224,Cinderella,"Family,Fantasy,Animation,Romance",en,150.855,2/22/1950,7,5726
556803,The Princess Switch,Romance,en,19.384,11/16/2018,7,1984
366564,Comment c'est Loin,Comedy,fr,3.918,12/9/2015,7,611
10514,The Andromeda Strain,"Science Fiction,Thriller",en,10.717,3/12/1971,7,514
2742,Naked Lunch,"Crime,Drama",en,11.217,12/27/1991,7,791
236735,Marshland,Thriller,es,11.577,9/25/2014,7,814
457799,"Extremely Wicked, Shockingly Evil and Vile",Crime,en,23.521,5/2/2019,7,2883
2054,Mr. Holland's Opus,"Drama,Music,Family",en,9.341,12/29/1995,7,314
332283,Mary Shelley,"Drama,Romance",en,17.763,8/6/2017,7,864
13550,The Changeling,Horror,en,9.114,3/28/1980,7,434
11336,The Dead Zone,"Thriller,Horror,Science Fiction",en,15.014,10/21/1983,7,1231
118,Charlie and the Chocolate Factory,"Adventure,Comedy,Family,Fantasy",en,166.608,7/13/2005,7,12760
367544,The Spirit of Christmas,"Romance,Drama,Fantasy,TV Movie",en,8.892,11/28/2015,7,261
10974,Armour of God,"Adventure,Action,Comedy",cn,19.348,8/16/1986,7,427
9905,Shallow Grave,"Crime,Thriller",en,7.324,12/22/1994,7,788
1485,Get Carter,"Crime,Thriller",en,11.011,2/3/1971,7,341
651,M*A*S*H,"Comedy,Drama,War",en,11.035,2/18/1970,7,784
524348,The Report,"Thriller,Drama",en,11.16,9/12/2019,7,792
524251,I See You,"Thriller,Mystery,Horror,Crime",en,72.372,9/11/2019,7,992
84199,The First Time,"Drama,Comedy,Romance",en,23.972,10/19/2012,7,1933
11527,Excalibur,"Adventure,Fantasy",en,15.111,4/10/1981,7,763
8293,Howards End,"Drama,Romance",en,9.641,3/13/1992,7,395
378,Raising Arizona,"Comedy,Crime",en,13.274,3/1/1987,7,1636
732450,Batman: Soul of the Dragon,"Animation,Action,Adventure,Crime,Fantasy",en,36.384,1/12/2021,7,245
391757,Never Back Down: No Surrender,"Drama,Action",en,54.559,6/5/2016,7,377
233063,Suck Me Shakespeer,Comedy,de,12.798,11/7/2013,7,1457
49948,Fantasia 2000,"Animation,Family,Music",en,13.211,12/31/1999,7,1047
381356,Five,Comedy,fr,5.987,3/30/2016,7,976
228970,Wild,Drama,en,11.889,1/16/2014,7,2093
615774,Scooby-Doo! Return to Zombie Island,"Animation,Comedy,Family,Adventure",en,22.552,10/1/2019,7,620
452187,Le Brio,"Drama,Comedy",fr,8.43,11/22/2017,7,769
18254,Reds,"Drama,History,Romance",en,10.132,12/25/1981,7,242
13320,Funny Face,"Music,Comedy,Romance",en,16.036,2/13/1957,7,551
62211,Monsters University,"Animation,Family",en,90.309,6/19/2013,7,9171
12502,Silkwood,"Drama,Thriller",en,6.239,12/14/1983,7,249
644,A.I. Artificial Intelligence,"Drama,Science Fiction,Adventure",en,24.341,6/29/2001,7,5228
56020,Radiofreccia,"Drama,Music",it,4.002,10/16/1998,7,308
21542,Love Don't Co$t a Thing,"Comedy,Drama,Family,Romance",en,35.453,12/12/2003,7,304
11831,Amistad,"Drama,History,Mystery",en,4.15,12/10/1997,7,1030
11337,Stardust Memories,"Comedy,Drama,Romance",en,6.841,9/26/1980,7,321
9427,The Full Monty,Comedy,en,11.681,8/13/1997,7,1296
8653,The Isle,"Drama,Thriller",ko,8.586,4/22/2000,7,244
604,The Matrix Reloaded,"Adventure,Action,Thriller,Science Fiction",en,35.167,5/15/2003,7,9166
745881,The Medium,"Horror,Thriller",th,125.551,7/14/2021,7,371
29987,Facing Windows,"Drama,Romance",it,7.3,2/27/2003,7,230
11219,The Trouble with Harry,"Comedy,Mystery,Thriller",en,7.83,10/3/1955,7,633
10217,The Sweet Hereafter,Drama,en,7.255,9/25/1997,7,301
398,Capote,"Crime,Drama",en,8.008,9/30/2005,7,1148
53487,This Must Be the Place,Drama,en,6.79,8/24/2011,7,1051
16729,Don't Move,"Drama,Romance",it,7.782,3/12/2004,7,243
14943,Crows Zero,Action,ja,11.086,10/26/2007,7,267
11975,The Rainmaker,"Drama,Crime,Thriller",en,16.628,11/18/1997,7,963
10339,Moby Dick,"Adventure,Drama",en,8.403,6/27/1956,7,288
8079,Om Shanti Om,"Comedy,Thriller,Drama",hi,11.206,11/7/2007,7,257
883,Coffee and Cigarettes,"Comedy,Drama",en,7.386,9/5/2003,7,710
174,Star Trek VI: The Undiscovered Country,"Science Fiction,Action,Adventure,Thriller",en,10.527,12/6/1991,7,989
56648,The Toy,"Comedy,Drama",fr,5.704,12/8/1976,7,202
11509,Silverado,Western,en,34.116,7/10/1985,7,537
408508,Blue Jay,"Drama,Romance",en,8.756,10/7/2016,7,374
39105,Dragon Ball Z: Bojack Unbound,"Action,Animation,Science Fiction",ja,120.918,7/10/1993,7,418
254320,The Lobster,"Comedy,Drama,Romance",en,22.784,10/15/2015,7,4990
11973,Thirteen Days,"Drama,History,Thriller",en,8.127,12/24/2000,7,570
11893,Runaway Train,"Action,Thriller,Drama,Adventure",en,10.276,11/15/1985,7,407
11085,Mutiny on the Bounty,"Adventure,Drama,History",en,10.697,11/8/1962,7,229
10439,Hocus Pocus,"Comedy,Family,Fantasy",en,63.767,7/16/1993,7,2159
7299,Equilibrium,"Action,Science Fiction,Thriller",en,20.198,12/6/2002,7,3705
581032,News of the World,"Drama,Western,Adventure,Action",en,18.685,12/25/2020,7,1383
103747,The Angels' Share,"Drama,Comedy",en,5.88,6/1/2012,7,444
74306,God Bless America,"Comedy,Drama",en,9.235,9/9/2011,7,784
13989,24: Redemption,"Action,Adventure,Crime",en,7.254,11/23/2008,7,364
1662,State of Grace,"Drama,Crime,Thriller",en,5.697,9/14/1990,7,240
931,Don't Look Now,"Thriller,Drama,Horror",en,14.524,12/3/1973,7,768
412117,The Secret Life of Pets 2,"Adventure,Animation,Comedy,Family",en,80.667,5/24/2019,7,2506
36658,X2,"Adventure,Action,Science Fiction",en,1.818,4/27/2003,7,8709
14030,"Hello, Dolly!","Comedy,Romance,Music",en,7.977,12/12/1969,7,254
9450,Brassed Off,"Comedy,Romance,Drama",en,7.074,11/1/1996,7,221
7270,Matchstick Men,"Comedy,Drama,Crime,Thriller",en,7.782,9/12/2003,7,1388
1090,The Thirteenth Floor,"Thriller,Science Fiction,Mystery",en,11.359,4/16/1999,7,1020
256835,Toy Story That Time Forgot,"Animation,Family,Adventure,Comedy",en,44.069,12/2/2014,7,817
37347,Fort Apache,Western,en,9.596,6/14/1948,7,267
10536,The Italian Job,"Action,Crime,Comedy,Thriller",en,18.947,6/2/1969,7,540
847,Willow,"Action,Adventure,Fantasy",en,18.92,5/20/1988,7,1435
582873,Martin Eden,"Romance,Drama",it,7.415,9/4/2019,7,560
11257,A Room with a View,"Drama,Romance",en,11.043,12/13/1985,7,575
7304,Running Scared,"Action,Crime,Drama,Thriller",en,10.989,1/6/2006,7,838
924,Dawn of the Dead,"Action,Horror",en,43.782,3/19/2004,7,3183
926899,The House,"Animation,Drama,Comedy,Horror,Fantasy",en,248.175,1/14/2022,7,676
648579,The Unbearable Weight of Massive Talent,"Action,Comedy,Crime",en,471.442,4/20/2022,7,506
101731,The Magic of Belle Isle,"Comedy,Drama",en,8.622,7/6/2012,7,316
31906,The Beguiled,"Drama,Thriller,War,Western",en,9.686,3/31/1971,7,338
11576,"It's a Mad, Mad, Mad, Mad World","Action,Adventure,Comedy,Crime",en,16.213,11/7/1963,7,424
8408,Day of the Dead,"Horror,Thriller,Drama",en,12.188,7/3/1985,7,932
281,Strange Days,"Crime,Drama,Science Fiction,Thriller",en,10.282,10/13/1995,7,1018
458253,Missing Link,"Family,Animation,Comedy,Adventure,Fantasy",en,31.313,4/4/2019,7,688
22201,Gunfight at the O.K. Corral,Western,en,15.274,5/30/1957,7,245
11454,Manhunter,"Crime,Horror,Thriller",en,0.665,8/14/1986,7,1000
348893,Boyka: Undisputed IV,"Action,Drama",en,147.315,8/1/2016,7,1028
341744,Truman,"Drama,Comedy",es,7.387,9/24/2015,7,311
77887,Hawaiian Vacation,"Animation,Family,Comedy",en,15.421,6/16/2011,7,542
6418,Hotel Chevalier,"Drama,Romance",en,6.653,9/3/2007,7,685
500849,Boys Cry,"Crime,Drama",it,4.243,6/7/2018,7,239
17917,Oliver!,"Drama,Family,Music",en,8.577,9/26/1968,7,313
13785,Best in Show,Comedy,en,12.358,9/29/2000,7,462
4946,The Swimming Pool,"Crime,Drama",fr,12.045,1/31/1969,7,346
2907,The Addams Family,"Comedy,Fantasy",en,36.432,11/22/1991,7,3642
533,Wallace & Gromit: The Curse of the Were-Rabbit,"Adventure,Animation,Comedy,Family",en,19.386,9/4/2005,7,2153
12225,Cashback,"Drama,Comedy,Romance",en,16.976,5/9/2006,7,983
11447,The Son's Room,Drama,it,6.368,3/9/2001,7,349
754,Face/Off,"Action,Crime,Science Fiction,Thriller",en,27.295,6/27/1997,7,4303
402897,The Death of Stalin,"Comedy,Drama,History",en,12.298,10/20/2017,7,1462
300669,Don't Breathe,"Thriller,Horror",en,49.938,6/8/2016,7,6246
858815,Photocopier,"Drama,Mystery,Thriller",id,54.805,10/8/2021,7,219
718633,Bruised,Drama,en,37.169,11/17/2021,7,342
587301,School Life,"Drama,Comedy",fr,7.967,8/28/2019,7,591
399057,The Killing of a Sacred Deer,"Drama,Thriller,Mystery",en,19.869,10/20/2017,7,2975
24163,As Tears Go By,"Drama,Crime,Romance",cn,11.621,6/9/1988,7,212
9555,Rabbit-Proof Fence,"Adventure,Drama,History",en,9.854,2/4/2002,7,268
22855,Superman/Batman: Public Enemies,"Science Fiction,Animation,Action,Adventure,Family",en,27.15,9/29/2009,7,506
12335,Bedknobs and Broomsticks,"Adventure,Fantasy,Comedy,Family,Music",en,13.614,10/7/1971,7,778
1382,Me and You and Everyone We Know,"Comedy,Drama",en,6.826,6/17/2005,7,250
561,Constantine,"Fantasy,Action,Horror",en,112.452,2/8/2005,7,5691
525686,Mi Prima La Sexóloga,Comedy,es,24.094,7/21/2016,7,218
332872,Julieta,"Drama,Romance",es,12.132,4/8/2016,7,732
744,Top Gun,"Action,Drama",en,205.37,5/16/1986,7,6082
646207,The Ice Road,"Action,Thriller",en,33.405,6/24/2021,7,1260
487611,Conviction,Drama,fr,6.335,2/6/2019,7,225
13909,She Wore a Yellow Ribbon,Western,en,8.085,10/22/1949,7,254
9812,Thursday,Thriller,en,9.979,9/25/1998,7,238
2604,Born on the Fourth of July,"Drama,War",en,14.666,12/20/1989,7,1355
1890,Children of a Lesser God,"Drama,Romance",en,9.993,9/13/1986,7,234
619264,The Platform,"Drama,Science Fiction,Thriller",es,43.977,11/8/2019,7,5535
501907,A Beautiful Day in the Neighborhood,"Drama,History",en,14.28,9/7/2019,7,1242
495764,Birds of Prey (and the Fantabulous Emancipation of One Harley Quinn),"Action,Crime",en,107.968,2/5/2020,7,8867
733156,Sightless,"Thriller,Horror",en,12.326,9/29/2020,7,290
433945,Tokyo Ghoul,"Action,Drama,Thriller",ja,47.718,7/16/2017,7,296
374475,Toni Erdmann,"Comedy,Drama",de,9.979,7/14/2016,7,794
348668,A Conspiracy of Faith,"Crime,Drama,Mystery,Thriller",da,13.652,3/3/2016,7,438
85739,ACAB : All Cops Are Bastards,"Action,Drama,Crime",it,5.286,1/27/2012,7,717
14752,Dil Chahta Hai,"Drama,Romance",hi,7.781,7/24/2001,7,217
755,From Dusk Till Dawn,"Horror,Action,Thriller,Crime",en,25.07,1/19/1996,7,4890
325690,The Legendary Giulia and Other Miracles,Comedy,it,5.329,2/19/2015,7,453
10220,Rounders,"Drama,Crime",en,18.361,9/11/1998,7,1391
1073,Arlington Road,"Crime,Drama,Thriller,Mystery",en,11.687,3/19/1999,7,828
18533,Bronson,"Drama,Action,Crime",en,9.655,10/9/2008,7,2079
9533,Red Dragon,"Horror,Thriller",en,5.879,10/2/2002,7,3451
942,Lethal Weapon 2,"Action,Adventure,Comedy,Crime,Thriller",en,22.422,7/7/1989,7,2771
864,Cool Runnings,"Comedy,Adventure,Drama",en,14.528,10/1/1993,7,1629
1024,Heavenly Creatures,"Drama,Fantasy",en,14.026,9/12/1994,7,717
160588,Blue Jasmine,Drama,en,15.779,8/1/2013,7,2980
87093,Big Eyes,Drama,en,11.98,12/24/2014,7,3093
15767,Godzilla: Final Wars,"Action,Adventure,Science Fiction,Fantasy,Thriller",ja,12.041,12/4/2004,7,222
11121,Tess,"Drama,Romance",en,9.632,10/6/1979,7,247
4464,Seabiscuit,"Drama,History",en,13.504,7/22/2003,7,669
402900,Ocean's Eight,"Crime,Comedy,Action",en,56.155,6/7/2018,7,7164
91342,Barbie in A Mermaid Tale 2,"Animation,Family",en,44.519,2/22/2012,7,355
62177,Brave,"Animation,Adventure,Comedy,Family,Action,Fantasy",en,102.575,6/21/2012,7,11666
16938,Black Christmas,"Horror,Mystery,Thriller",en,15.379,10/11/1974,7,539
16153,Alice Doesn't Live Here Anymore,"Drama,Romance",en,11.229,12/9/1974,7,341
11971,Much Ado About Nothing,"Drama,Comedy,Romance",en,8.791,5/7/1993,7,581
11571,Journey to the Center of the Earth,"Adventure,Fantasy,Family",en,23.839,12/15/1959,7,348
10753,Police Story 2,"Action,Crime,Thriller",cn,14.599,8/13/1988,7,377
664031,Out of My League,"Romance,Comedy",it,12.35,10/22/2020,7,397
379686,Space Jam: A New Legacy,"Family,Animation,Comedy,Science Fiction",en,211.516,7/8/2021,7,3223
43923,It's Kind of a Funny Story,"Comedy,Drama",en,19.6,10/8/2010,7,2044
22826,The Monster,Comedy,it,7.422,10/22/1994,7,531
3170,Bambi,"Animation,Drama,Family",en,91.693,8/14/1942,7,4775
646,Dr. No,"Adventure,Action,Thriller",en,35.417,10/7/1962,7,2868
534338,An Interview with God,"Drama,Mystery",en,74.654,8/20/2018,7,210
1715,The Cider House Rules,Drama,en,11.456,12/17/1999,7,917
604578,Spontaneous,"Comedy,Horror",en,15.588,10/2/2020,7,390
394741,Stan & Ollie,"Comedy,Drama",en,8.587,12/28/2018,7,873
337556,Emerald Green,Fantasy,de,11.556,7/7/2016,7,783
33583,The Decameron,"History,Drama,Comedy",it,10.316,8/25/1971,7,233
11696,The Exchange Student,Comedy,fr,6.728,12/1/1967,7,231
9766,Gridiron Gang,"Drama,Action,Crime",en,15.848,9/15/2006,7,790
2623,An Officer and a Gentleman,"Drama,Romance",en,16.683,7/28/1982,7,872
1985,The Constant Gardener,"Drama,Mystery,Thriller",en,11.245,8/31/2005,7,1160
446354,The Post,"Drama,History",en,16.392,1/19/2017,7,4000
338967,Zombieland: Double Tap,"Horror,Comedy",en,77.723,10/9/2019,7,4577
26973,Pretty Baby,Drama,en,21.872,4/5/1978,7,228
12476,The Hidden,"Horror,Science Fiction,Thriller",en,11.245,10/30/1987,7,290
563,Starship Troopers,"Adventure,Action,Thriller,Science Fiction",en,27.076,11/7/1997,7,3866
465914,If Beale Street Could Talk,"Romance,Drama",en,9.735,12/14/2018,7,945
263109,Shaun the Sheep Movie,"Family,Animation,Comedy,Adventure",en,20.912,2/5/2015,7,1143
48714,The Big Shave,"Drama,Horror",en,5.98,12/29/1967,7,259
14506,The Adventures of Baron Munchausen,"Action,Adventure,Comedy,Fantasy,Family",en,10.494,12/7/1988,7,669
505706,The Golden Glove,"Drama,Thriller,Crime,Horror",de,9.849,2/21/2019,7,332
246355,Saw,"Crime,Horror,Thriller",en,32.394,1/1/2003,7,409
33680,Grand Hotel,"Drama,Romance",en,8.268,5/25/1932,7,231
9542,The Hitcher,"Horror,Action,Thriller",en,11.207,1/17/1986,7,664
276907,Legend,"Crime,Thriller",en,332.603,9/9/2015,7,3071
11690,Bloodsport,"Action,Drama",en,27.929,2/26/1988,7,1398
30675,Planet Hulk,"Science Fiction,Animation,Action",en,32.573,2/2/2010,7,380
11360,Dumbo,"Animation,Family",en,70.736,10/1/1941,7,4186
6968,The Baader Meinhof Complex,"Action,Crime,Drama,History,Thriller",de,14.139,9/25/2008,7,455
534259,Blinded by the Light,"Drama,Comedy",en,10.546,8/9/2019,7,480
298382,The Dressmaker,"Drama,Comedy,Western",en,12.184,10/29/2015,7,1398
16007,Death Note,"Fantasy,Mystery,Thriller",ja,28.273,6/17/2006,7,536
130150,Labor Day,Drama,en,51.234,12/27/2013,7,911
73532,Le Havre,"Drama,Comedy",fr,7.558,9/8/2011,7,311
14070,Ghajini,"Action,Romance,Thriller",hi,9.538,12/25/2008,7,312
1958,8 Women,"Comedy,Thriller,Mystery",fr,7.736,2/6/2002,7,786
35,The Simpsons Movie,"Animation,Comedy,Family",en,112.602,7/25/2007,7,6844
555561,The Invisible Witness,"Thriller,Mystery",it,5.182,12/13/2018,7,282
528949,The Photographer of Mauthausen,"Drama,History,Thriller",es,10.956,10/26/2018,7,589
340357,April and the Extraordinary World,"Thriller,Adventure,Animation,Comedy,Fantasy,Science Fiction",fr,7.912,11/4/2015,7,248
36657,X-Men,"Adventure,Action,Science Fiction",en,2.049,7/13/2000,7,9715
14139,Timecrimes,"Science Fiction,Thriller",es,7.066,10/5/2007,7,988
12919,Can't Buy Me Love,"Drama,Comedy,Romance",en,11.065,8/14/1987,7,535
1771,Captain America: The First Avenger,"Action,Adventure,Science Fiction",en,118.488,7/22/2011,7,18835
508791,The Sun Is Also a Star,"Romance,Drama",en,14.11,5/16/2019,7,535
12089,The Tall Blond Man with One Black Shoe,"Comedy,Mystery",fr,7.442,12/6/1972,7,327
9045,Amen.,"Drama,History",fr,8.186,2/13/2002,7,261
586,Wag the Dog,"Comedy,Drama",en,9.864,12/25/1997,7,728
587807,Tom & Jerry,"Comedy,Family,Animation",en,163.036,2/10/2021,7,2050
458723,Us,"Horror,Thriller,Mystery",en,37.765,3/14/2019,7,5941
436931,Pokémon the Movie: I Choose You!,"Family,Animation,Adventure,Fantasy",ja,127.884,7/15/2017,7,520
395993,Stronger,Drama,en,17.335,9/22/2017,7,1271
24253,The Girl Who Played with Fire,"Drama,Action,Thriller,Crime,Mystery",sv,10.365,9/18/2009,7,1386
1165,The Queen,"Drama,History",en,11.727,9/15/2006,7,1016
468224,Tolkien,"War,Drama,Romance",en,17.097,5/3/2019,7,1099
450489,Irreplaceable You,"Comedy,Romance,Drama",en,12.588,2/16/2018,7,634
354859,The Promise,"History,Romance,Drama",en,12.688,12/2/2016,7,361
323372,The Corpse of Anna Fritz,"Drama,Thriller",es,39.14,3/15/2015,7,451
16198,My Neighbors the Yamadas,"Animation,Family",ja,13.545,7/17/1999,7,378
9036,Eight Below,"Adventure,Drama,Family",en,14.995,2/17/2006,7,1459
365222,Ip Man 3,"Action,Drama,History",cn,35.815,12/24/2015,7,1350
343668,Kingsman: The Golden Circle,"Action,Adventure,Comedy,Science Fiction,Crime",en,62.473,9/9/2017,7,8735
16140,Death Note: The Last Name,"Fantasy,Thriller,Mystery",ja,16.917,10/28/2006,7,372
12783,The Duchess,"Drama,History,Romance",en,12.313,9/5/2008,7,1451
7343,City of Men,Drama,pt,6.172,8/31/2007,7,225
491926,Resistance,"War,History,Drama",en,15.682,3/27/2020,7,297
381283,mother!,"Drama,Horror,Mystery",en,18.811,9/13/2017,7,5768
64685,Extremely Loud & Incredibly Close,Drama,en,11.43,12/25/2011,7,1748
20766,The Road,"Adventure,Drama",en,15.719,11/25/2009,7,3076
11942,Bring Me the Head of Alfredo Garcia,"Action,Crime,Drama",en,7.936,8/1/1974,7,271
11205,Wheels on Meals,"Romance,Action,Comedy,Crime",cn,19.549,8/17/1984,7,282
1553,The Beat That My Heart Skipped,"Music,Drama,Crime",fr,6.392,3/16/2005,7,330
447404,Pokémon Detective Pikachu,"Action,Adventure,Fantasy",en,114.859,5/3/2019,7,5719
397837,Before I Fall,"Drama,Mystery,Thriller,Fantasy",en,27.01,3/2/2017,7,3108
336222,Rams,Drama,is,5.455,5/28/2015,7,224
50472,Anplagghed al cinema,,it,4.42,11/26/2006,7,313
44009,Another Year,Drama,en,7.374,11/5/2010,7,294
33914,Frankenweenie,"Comedy,Family,Science Fiction,Drama",en,9.405,12/14/1984,7,315
24469,Fish Tank,Drama,en,6.799,9/11/2009,7,667
659,The Tin Drum,"Drama,History,War",de,17.557,5/2/1979,7,337
426865,UFO,"Science Fiction,Action,Thriller",en,15.396,9/4/2018,7,346
175774,Ruby Red,"Fantasy,Adventure,Family,Drama,Science Fiction,Romance",de,9.195,3/14/2013,7,1010
12149,Frailty,"Drama,Thriller,Crime",en,19.605,11/17/2001,7,919
10436,The Age of Innocence,"Drama,Romance",en,9.565,9/10/1993,7,835
9798,Enemy of the State,"Action,Drama,Thriller",en,21.633,11/20/1998,7,3148
170657,Journey to the West: Conquering the Demons,"Action,Fantasy,Adventure,Comedy",zh,13.8,2/1/2013,7,273
109417,Battle of the Year,"Music,Drama",en,13.58,9/21/2013,7,283
11916,Two Mules for Sister Sara,"Adventure,War,Western",en,13.364,6/14/1970,7,435
2061,Pusher,"Action,Crime,Drama,Thriller",da,7.829,8/30/1996,7,563
2383,The Bear,"Adventure,Drama,Family",en,42.005,10/21/1988,7,370
495193,Benji,"Crime,Drama",en,13.011,3/2/2018,7,258
25504,Shock Corridor,"Drama,Thriller",en,6.625,9/25/1963,7,203
20077,The Batman vs. Dracula,"Fantasy,Animation,Horror,Action,Thriller,Science Fiction,Family,Mystery",en,13.133,10/18/2005,7,262
10707,The Squid and the Whale,"Comedy,Drama",en,6.202,10/5/2005,7,731
580489,Venom: Let There Be Carnage,"Science Fiction,Action,Adventure",en,558.976,9/30/2021,7,7699
363088,Ant-Man and the Wasp,"Action,Adventure,Science Fiction",en,82.078,7/4/2018,7,11316
308084,Tangerine,"Comedy,Drama",en,5.768,7/10/2015,7,507
76025,Shame,Drama,en,20.354,10/2/2011,7,2635
49009,The Way Back,"Drama,Adventure,History",en,13.128,11/22/2010,7,1226
9386,In the Line of Fire,"Action,Drama,Thriller,Crime,Mystery",en,16.364,7/8/1993,7,1223
2109,Rush Hour,"Action,Comedy,Crime",en,50.352,9/18/1998,7,3773
97630,Zero Dark Thirty,"Thriller,Drama,History",en,22.691,12/19/2012,7,3794
71864,The Odd Life of Timothy Green,"Fantasy,Drama,Comedy,Family",en,15.419,8/15/2012,7,1024
25670,Foreign Correspondent,"Action,Mystery,Thriller,War",en,6.15,8/16/1940,7,272
22660,Old Yeller,"Adventure,Drama,Western,Family",en,13.078,12/25/1957,7,208
13675,Frosty the Snowman,"Family,Animation,TV Movie",en,10.582,12/7/1969,7,256
11631,Mamma Mia!,"Comedy,Romance",en,39.87,7/3/2008,7,5525
1255,The Host,"Horror,Drama,Science Fiction",ko,37.37,7/27/2006,7,2175
523777,Next Gen,"Animation,Action,Adventure,Family",en,22.936,9/7/2018,7,620
373889,The Most Beautiful Day,"Comedy,Drama",de,7.027,2/25/2016,7,234
333371,10 Cloverfield Lane,"Thriller,Science Fiction,Drama,Horror",en,25.169,3/10/2016,7,6683
154030,The Tower,"Action,Drama",ko,9.795,12/25/2012,7,219
50723,Naruto Shippuden the Movie: The Lost Tower,"Adventure,Action,Animation",ja,109.484,7/31/2010,7,314
37056,Letters to Juliet,"Comedy,Drama,Romance",en,33.411,5/13/2010,7,2547
15775,If Only,"Fantasy,Drama,Romance",en,10.839,1/23/2004,7,468
12889,Futurama: The Beast with a Billion Backs,"Animation,Comedy,Science Fiction,TV Movie",en,13.865,6/30/2008,7,417
666750,Dragonheart: Vengeance,"Fantasy,Action,Adventure",en,42.744,2/4/2020,7,260
35558,Starstruck,"Romance,Comedy,TV Movie,Music",en,21.016,2/14/2010,7,1041
1630,The People vs. Larry Flynt,Drama,en,10.567,12/25/1996,7,869
407447,The Extraordinary Journey of the Fakir,"Comedy,Adventure,Drama",en,10.47,5/9/2018,7,247
11836,The SpongeBob SquarePants Movie,"Family,Animation,Comedy,Fantasy",en,103.954,11/14/2004,7,2328
10839,Cross of Iron,"Drama,Action,History,War",en,11.376,1/29/1977,7,280
10130,Gorillas in the Mist,"Drama,History",en,8.62,9/23/1988,7,462
4012,The Believer,Drama,en,8.699,8/23/2001,7,487
321612,Beauty and the Beast,"Family,Fantasy,Romance",en,86.159,3/16/2017,7,14194
13751,Akeelah and the Bee,Drama,en,9.036,4/28/2006,7,259
11826,Sexy Beast,"Crime,Drama,Thriller",en,9.561,9/13/2000,7,567
340684,Those People,"Drama,Romance",en,6.954,5/16/2015,7,306
285783,The Walk,"Adventure,Drama,Thriller",en,13.577,9/30/2015,7,2781
67913,The Guard,"Action,Comedy,Thriller,Crime",en,6.897,7/7/2011,7,925
16093,Carnival of Souls,"Horror,Mystery",en,8.323,11/2/1962,7,342
4886,And Then There Were None,"Crime,Drama,Mystery",en,8.773,10/31/1945,7,277
699102,A Week Away,"Drama,Family,Music,Romance",en,25.106,3/26/2021,7,298
525946,Troop Zero,"Comedy,Drama,Family",en,9.181,2/1/2019,7,231
398175,Brawl in Cell Block 99,"Action,Crime,Thriller",en,17.71,9/23/2017,7,1069
196254,Barbie Mariposa & the Fairy Princess,"Animation,Family,Fantasy",en,31.664,8/25/2013,7,240
41428,Tetsuo: The Iron Man,"Horror,Science Fiction",ja,8.12,7/1/1989,7,415
37653,The Three Brothers,Comedy,fr,5.446,12/13/1995,7,613
37495,Four Lions,"Comedy,Crime,Drama",en,9.203,5/7/2010,7,920
512200,Jumanji: The Next Level,"Adventure,Comedy,Fantasy",en,100.89,12/4/2019,7,7064
227735,Dolphin Tale 2,"Family,Drama",en,10.144,9/11/2014,7,309
21448,Mickey's Magical Christmas: Snowed in at the House of Mouse,"Animation,Family,Comedy",en,15.043,11/6/2001,7,220
13809,RocknRolla,"Action,Crime,Thriller",en,14.233,9/4/2008,7,2402
4148,Revolutionary Road,"Drama,Romance",en,27.704,12/19/2008,7,3211
2164,Stargate,"Action,Adventure,Science Fiction",en,19.66,10/27/1994,7,2713
397538,Borg vs McEnroe,"Drama,History",sv,6.942,9/8/2017,7,989
40751,Ashes of Time,"Drama,Action",cn,8.538,9/17/1994,7,230
480530,Creed II,Drama,en,92.159,11/21/2018,7,4258
11864,Enemy Mine,"Drama,Science Fiction",en,13.235,12/12/1985,7,744
454652,Colette,"Drama,History",en,16.649,9/21/2018,7,759
291984,The Death & Life of John F. Donovan,Drama,en,7.876,3/13/2019,7,615
76535,Marvel One-Shot: A Funny Thing Happened on the Way to Thor's Hammer,"Science Fiction,Fantasy",en,20.681,10/25/2011,7,319
670429,Witch Hunt,"Fantasy,Horror,Thriller,Drama",en,103.506,10/1/2021,7,202
21208,Orphan,"Horror,Thriller,Mystery",en,111.293,7/24/2009,7,4186
18573,House of Wax,"Horror,Mystery",en,8.914,4/16/1953,7,247
13198,Wristcutters: A Love Story,"Comedy,Drama,Fantasy,Romance",en,6.632,10/19/2007,7,426
9434,Grosse Pointe Blank,"Action,Comedy,Thriller,Romance",en,7.86,4/11/1997,7,691
3472,Dirty Pretty Things,"Crime,Drama,Thriller",en,7.296,9/5/2002,7,341
500860,The Mustang,Drama,en,11.268,3/15/2019,7,318
26428,Agora,"Adventure,Drama,History",en,12.546,5/17/2009,7,1164
9487,A Bug's Life,"Adventure,Animation,Comedy,Family",en,95.557,11/25/1998,7,7775
8072,Alphaville,"Drama,Science Fiction,Mystery",fr,7.421,5/5/1965,7,390
20770,But I'm a Cheerleader,"Comedy,Romance",en,11.022,7/7/2000,7,443
84329,Robot & Frank,"Science Fiction,Comedy,Drama,Crime",en,8.517,8/16/2012,7,903
25676,Robin-B-Hood,"Drama,Action,Comedy",cn,16.226,9/28/2006,7,441
15016,Barbie of Swan Lake,"Animation,Family",en,55.014,9/27/2003,7,927
12187,Heart and Souls,"Fantasy,Comedy,Romance",en,10.478,8/13/1993,7,313
10937,Barfly,"Comedy,Drama,Romance",en,8.228,9/2/1987,7,257
9929,Asterix and Cleopatra,"Family,Animation,Adventure,Comedy",fr,9.508,12/16/1968,7,757
630004,The Vault,"Crime,Action,Thriller",en,112.393,3/4/2021,7,654
423899,Victoria & Abdul,"Drama,History",en,10.25,9/13/2017,7,1030
37950,Charlie St. Cloud,"Drama,Romance",en,38.294,7/30/2010,7,1955
17965,The Abominable Dr. Phibes,"Comedy,Horror",en,8.969,5/18/1971,7,238
9392,The Descent,"Adventure,Horror",en,33.43,7/8/2005,7,3039
1272,Sunshine,"Science Fiction,Thriller,Horror",en,16.379,4/5/2007,7,3039
204082,Homefront,"Action,Thriller",en,33.689,11/12/2013,7,2887
56590,All Star Superman,"Science Fiction,Animation,Action,Adventure",en,9.297,2/22/2011,7,390
55787,Water for Elephants,"Drama,Romance",en,10.722,4/15/2011,7,2254
15805,Batman & Mr. Freeze: Under frysepunktet,"Animation,Action,Crime",en,12.678,2/11/1998,7,338
12186,Defending Your Life,"Comedy,Fantasy,Romance",en,7.709,3/22/1991,7,200
392,Chocolat,"Comedy,Drama,Romance",en,12.643,3/2/2000,7,2827
458342,Private Life,"Drama,Comedy",en,8.82,10/5/2018,7,284
76492,Hotel Transylvania,"Animation,Comedy,Family,Fantasy",en,72.378,9/20/2012,7,7462
23202,Trick 'r Treat,"Comedy,Horror",en,32.89,10/26/2007,7,1404
15163,Amazing Grace,Drama,en,7.134,9/16/2006,7,240
9732,The Lion King II: Simba's Pride,"Family,Adventure,Animation",en,109.928,10/24/1998,7,3823
628534,The White Tiger,Drama,en,15.331,1/13/2021,7,696
419743,Disobedience,"Drama,Romance",en,34.791,9/10/2017,7,939
322125,A Perfect Man,"Drama,Thriller",fr,5.861,3/18/2015,7,517
31900,Gainsbourg: A Heroic Life,Drama,fr,6.861,1/20/2010,7,277
22373,Saturn in Opposition,Drama,it,6.58,2/23/2007,7,300
11937,The Gods Must Be Crazy II,"Action,Comedy",en,20.015,7/1/1989,7,373
11561,Sleeper,"Comedy,Romance,Science Fiction",en,10.673,12/17/1973,7,615
8841,The Class,Drama,fr,6.101,9/24/2008,7,521
265228,Timbuktu,Drama,fr,7.814,12/10/2014,7,389
178682,The Wizards Return: Alex vs. Alex,"Family,Adventure,Comedy,Drama",en,11.4,3/15/2013,7,636
46705,Blue Valentine,"Drama,Romance",en,17.963,12/16/2010,7,2667
19494,Nine to Five,Comedy,en,8.658,12/18/1980,7,369
10443,Fearless,Drama,en,6.823,10/15/1993,7,241
426613,The Miseducation of Cameron Post,Drama,en,13.07,7/18/2018,7,813
49530,In Time,"Action,Thriller,Science Fiction",en,104.877,10/27/2011,7,9700
542928,The Endless Trench,"Drama,History,Thriller",es,6.762,10/31/2019,7,201
429199,The Other Side of Hope,"Comedy,Drama",fi,6.025,2/3/2017,7,228
337401,Mulan,"Adventure,Fantasy,Drama",en,139.788,9/4/2020,6.9,5735
13715,At Close Range,"Crime,Drama,Thriller",en,7.854,4/18/1986,7,202
13416,Friday Night Lights,Drama,en,9.209,10/8/2004,7,427
11536,The Misfits,"Western,Drama,Action,Romance",en,11.37,2/1/1961,7,269
10445,Shadowlands,"Drama,Romance",en,6.904,12/25/1993,7,208
2044,The Lake House,"Romance,Drama,Mystery",en,16.31,6/16/2006,7,2274
634528,The Marksman,"Action,Thriller",en,116.407,1/15/2021,6.9,1230
128136,My Awkward Sexual Adventure,"Comedy,Romance",en,13.576,9/11/2012,6.9,296
11848,Animal Farm,"Animation,Drama",en,13.116,12/28/1954,6.9,363
10865,Atlantis: The Lost Empire,"Animation,Family,Adventure,Science Fiction",en,38.209,6/2/2001,6.9,3948
615904,Marry Me,"Romance,Comedy,Music",en,142.553,2/9/2022,6.9,488
591538,The Tragedy of Macbeth,"Drama,War",en,16.626,12/5/2021,7,471
384677,Set It Up,"Romance,Comedy",en,15.861,6/15/2018,6.9,2259
320006,Taxi,"Comedy,Drama",fa,7.643,4/15/2015,6.9,317
11006,Smokey and the Bandit,"Action,Adventure,Comedy",en,14.479,5/26/1977,6.9,546
936,The Pink Panther,"Comedy,Crime",en,21.747,12/18/1963,6.9,784
317560,Carrie Pilby,"Comedy,Drama",en,7.912,3/31/2017,6.9,355
180863,T2 Trainspotting,"Crime,Drama",en,16.858,1/27/2017,6.9,2692
97367,The Place Beyond the Pines,"Drama,Crime",en,18.906,3/14/2013,6.9,4155
24684,An Education,"Drama,Romance",en,9.343,10/29/2009,6.9,1092
10122,Flight of the Navigator,"Family,Science Fiction,Adventure",en,12.295,7/30/1986,6.9,649
9746,Kundun,"Drama,History",en,8.113,12/25/1997,6.9,345
8195,Ronin,"Action,Thriller,Crime",en,12.563,9/25/1998,6.9,1860
6471,The Jerk,Comedy,en,8.818,12/14/1979,6.9,650
82424,Small Fry,"Animation,Family,Comedy",en,18.198,11/23/2011,6.9,456
74534,The Best Exotic Marigold Hotel,"Drama,Comedy",en,10.976,11/28/2011,6.9,1128
50393,Kung Fu Panda Holiday,"Animation,Family,TV Movie,Comedy,Fantasy",en,15.618,11/26/2010,6.9,255
17445,Green Lantern: First Flight,"Action,Adventure,Animation,Fantasy,Science Fiction",en,38.287,7/28/2009,6.9,335
13939,Death Wish,Action,en,12.668,7/24/1974,6.9,608
236,Muriel's Wedding,"Comedy,Drama,Romance",en,7.872,9/29/1994,6.9,337
361292,Suspiria,"Horror,Thriller",en,21.062,10/11/2018,6.9,2027
35138,Little Big Soldier,"Action,Comedy,Adventure",zh,9.328,2/14/2010,6.9,231
15789,A Goofy Movie,"Romance,Animation,Family,Comedy,Adventure",en,23.642,4/7/1995,6.9,1409
10560,Center Stage,"Drama,Music",en,9.409,5/12/2000,6.9,284
10530,Pocahontas,"Adventure,Animation,Family,Romance",en,52.068,6/14/1995,6.9,4888
954,Mission: Impossible,"Adventure,Action,Thriller",en,40.062,5/22/1996,6.9,7160
676,Pearl Harbor,"Action,War,History,Romance,Drama",en,56.74,5/21/2001,6.9,5385
22494,Frequently Asked Questions About Time Travel,"Comedy,Drama,Romance,Science Fiction",en,9.847,4/24/2009,6.9,446
4836,Layer Cake,"Drama,Thriller,Crime",en,14.166,9/30/2004,6.9,1620
658760,Isi & Ossi,"Romance,Comedy",de,22.898,2/14/2020,6.9,765
588009,Adú,Drama,es,9.624,1/31/2020,6.9,240
62837,Dolphin Tale,"Drama,Family",en,12.576,9/23/2011,6.9,553
25196,Crazy Heart,"Drama,Music,Romance",en,11.957,12/16/2009,6.9,829
24420,The Time Traveler's Wife,"Drama,Romance,Fantasy",en,15.281,8/14/2009,6.9,2081
18444,Swiss Family Robinson,"Adventure,Family",en,10.954,12/21/1960,6.9,251
11791,The Hound of the Baskervilles,"Mystery,Thriller,Horror",en,8.282,5/4/1959,6.9,226
2750,24 Hour Party People,"Comedy,Drama,Music",en,7.862,2/13/2002,6.9,334
58522,Boris - Il film,Comedy,it,5.123,4/1/2011,6.9,509
10423,Dragon: The Bruce Lee Story,"Drama,History,Action",en,23.032,5/7/1993,6.9,556
10236,The Way We Were,"Drama,Romance",en,8.556,10/17/1973,6.9,372
284305,Shrew's Nest,"Horror,Thriller,Drama",es,7.982,9/21/2014,6.9,248
103269,Superman vs. The Elite,"Science Fiction,Animation,Action",en,9.353,6/12/2012,6.9,308
2064,While You Were Sleeping,"Romance,Comedy",en,15.878,4/21/1995,6.9,1375
347031,Swiss Army Man,"Comedy,Drama,Romance,Fantasy,Adventure",en,17.382,6/24/2016,6.9,2910
13776,Diner,"Comedy,Drama",en,7.495,4/2/1982,6.9,214
25508,Cat People,"Horror,Drama",en,8.669,12/5/1942,6.9,421
9909,Dangerous Minds,Drama,en,17.238,8/11/1995,6.9,912
787752,Fresh,"Horror,Thriller",en,73.71,3/3/2022,6.9,696
763285,Ambulance,"Action,Thriller,Crime",en,377.595,3/16/2022,6.9,962
596161,Let Him Go,"Drama,Thriller,Crime,Western",en,12.438,11/5/2020,6.9,427
35854,Flash Point,Action,cn,16.492,7/26/2007,6.9,253
28053,City Island,"Drama,Comedy",en,6.191,3/6/2009,6.9,286
9390,Jerry Maguire,"Comedy,Drama,Romance",en,17.118,12/13/1996,6.9,2623
1381,The Fountain,"Drama,Adventure,Science Fiction,Romance",en,14.651,11/22/2006,6.9,2254
320,Insomnia,"Crime,Mystery,Thriller",en,18.185,5/24/2002,6.9,3799
45284,Outrage,"Action,Crime,Drama",ja,10.08,5/17/2010,6.9,328
785533,The Princess Switch 3: Romancing the Star,"Romance,Comedy",en,34.201,11/18/2021,6.9,309
642208,Supernova,"Romance,Drama",en,26.262,11/20/2020,6.9,220
432068,C'est la vie!,Comedy,fr,7.547,10/4/2017,6.9,1224
425134,How to Be a Latin Lover,Comedy,en,34.121,3/6/2017,6.9,539
29193,The Spanish Prisoner,"Drama,Mystery,Thriller",en,6.104,12/3/1997,6.9,211
532865,The Dig,"Drama,History",en,22.251,1/14/2021,6.9,912
113947,The Sessions,"Drama,Romance,Comedy",en,9.548,5/2/2012,6.9,449
77174,ParaNorman,"Family,Animation,Adventure,Comedy",en,40.981,8/3/2012,6.9,2113
68721,Iron Man 3,"Action,Adventure,Science Fiction",en,120.614,4/18/2013,6.9,19689
14295,You Can Count on Me,Drama,en,7.866,11/17/2000,6.9,230
11652,Invincible,"Drama,History",en,14.339,8/25/2006,6.9,748
1951,Manderlay,Drama,da,10.381,5/16/2005,6.9,254
241771,Beyond the Lights,"Romance,Drama",en,7.813,11/14/2014,6.9,330
11386,The Crying Game,"Crime,Drama,Thriller",en,11.602,9/2/1992,6.9,579
11156,Coco Before Chanel,"Drama,History",fr,12.219,4/22/2009,6.9,783
10858,Nixon,"Drama,History",en,6.464,12/22/1995,6.9,266
339987,The Exception,"War,Drama",en,25.026,6/2/2017,6.9,360
39254,Real Steel,"Action,Science Fiction,Drama",en,156.302,9/28/2011,6.9,6810
13537,Shattered Glass,"Drama,History",en,7.515,11/14/2003,6.9,332
10882,Sleeping Beauty,"Fantasy,Animation,Romance,Family",en,80.66,2/17/1959,6.9,4399
9952,Rescue Dawn,"Adventure,Drama,War",en,12.39,9/9/2006,6.9,974
8052,Hard Eight,"Drama,Crime",en,7.112,2/28/1997,6.9,656
760336,Munich: The Edge of War,"Drama,History",en,28.095,1/6/2022,6.9,365
15515,The 7th Voyage of Sinbad,"Action,Adventure,Family,Fantasy",en,10.421,12/5/1958,6.9,200
12528,Southern Comfort,"Action,Thriller",en,10.208,9/21/1981,6.9,222
11393,The Natural,Drama,en,10.044,5/11/1984,6.9,473
1535,Spy Game,"Action,Crime,Thriller",en,14.633,11/18/2001,6.9,1689
419639,The Thinning,"Thriller,Drama,Horror",en,12.538,10/12/2016,6.9,310
369883,Middle School: The Worst Years of My Life,"Family,Comedy",en,13.858,10/7/2016,6.9,354
204668,Belle and Sebastian,Adventure,fr,7.335,12/18/2013,6.9,564
70667,Kon-Tiki,"Adventure,History",no,9.186,8/24/2012,6.9,590
49018,Insidious,"Horror,Thriller",en,93.022,9/13/2010,6.9,5577
38055,Megamind,"Animation,Action,Comedy,Family,Science Fiction",en,61.281,10/28/2010,6.9,5725
2469,Tie Me Up! Tie Me Down!,"Comedy,Crime,Drama,Romance",es,8.872,1/22/1990,6.9,478
833425,No Exit,"Horror,Thriller",en,404.012,2/25/2022,6.9,620
741074,Once Upon a Snowman,"Animation,Family,Comedy,Fantasy",en,123.257,10/23/2020,6.9,436
432527,Padmaavat,"Drama,History,Romance",hi,7.49,1/25/2018,6.9,207
85446,Step Up Revolution,"Music,Drama,Romance",en,27.309,7/26/2012,6.9,1835
63700,My Babysitter's a Vampire,"Adventure,Comedy,Family,Fantasy,TV Movie,Horror",en,19.393,10/9/2010,6.9,325
10083,No Way Out,"Action,Drama,Thriller",en,8.872,8/14/1987,6.9,505
38366,Il ciclone,"Comedy,Romance",it,7.393,12/20/1996,6.9,648
703771,Deathstroke: Knights & Dragons - The Movie,"Animation,Action,Adventure,Science Fiction",en,232.847,8/4/2020,6.9,356
179826,Odd Thomas,"Mystery,Thriller",en,64.11,1/29/2013,6.9,1047
60670,The Crimson Rivers,"Crime,Mystery,Thriller",fr,14.533,9/27/2000,6.9,1221
12560,The Big Chill,"Comedy,Drama",en,9.75,9/30/1983,6.9,442
10995,The Lover,"Drama,Romance",fr,24.401,1/22/1992,6.9,501
2048,"I, Robot","Action,Science Fiction",en,37.198,7/15/2004,6.9,10077
542417,Skin,Drama,en,10.533,7/26/2019,6.9,288
473072,2036: Nexus Dawn,"Science Fiction,Thriller",en,11.363,8/30/2017,6.9,285
355111,Barbie in Rock 'N Royals,"Animation,Music,Family",en,23.63,8/12/2015,6.9,239
87825,Trouble with the Curve,"Drama,Romance",en,21.444,9/21/2012,6.9,1267
62214,Frankenweenie,"Animation,Comedy,Family",en,39.618,10/4/2012,6.9,2724
12920,Dreamer: Inspired By a True Story,"Drama,Family",en,10.12,9/10/2005,6.9,296
9880,The Princess Diaries,"Comedy,Family,Romance",en,56.681,8/3/2001,6.9,4197
9300,Orlando,"Drama,Fantasy",en,8.066,12/11/1992,6.9,228
508664,Danger Close: The Battle of Long Tan,"War,Action,Drama,History",en,21.464,8/8/2019,6.9,237
339692,Shot Caller,"Crime,Drama,Thriller",en,33.514,7/13/2017,6.9,1685
11689,Crime Busters,"Action,Comedy",it,11.844,4/1/1977,6.9,518
1412,"Sex, Lies, and Videotape",Drama,en,17.298,8/4/1989,6.9,692
422803,A Shaun the Sheep Movie: Farmageddon,"Comedy,Animation,Family",en,16.792,9/26/2019,6.9,378
114955,Let It Shine,"Family,Music,TV Movie",en,11.401,6/15/2012,6.9,257
34067,Pokémon: Lucario and the Mystery of Mew,"Family,Adventure,Animation,Fantasy,Action,Science Fiction",ja,32.213,7/16/2005,6.9,236
484482,Sink or Swim,"Drama,Comedy",fr,8.553,10/24/2018,6.9,1289
432087,Back to Burgundy,"Drama,Comedy",fr,9.149,6/14/2017,6.9,398
157350,Divergent,"Action,Adventure,Science Fiction",en,60.059,3/14/2014,6.9,11363
48303,Certified Copy,"Drama,Romance",fr,9.074,5/18/2010,6.9,299
17612,Lost and Delirious,"Drama,Romance",en,13.315,1/21/2001,6.9,411
9799,The Fast and the Furious,"Action,Crime,Thriller",en,7.364,6/22/2001,6.9,8305
6878,Homeward Bound: The Incredible Journey,"Adventure,Comedy,Drama,Family",en,17.077,2/3/1993,6.9,819
912,The Thomas Crown Affair,"Crime,Drama,Romance,Thriller",en,12.273,6/26/1968,6.9,354
590854,The Hater,"Drama,Thriller",pl,8.128,3/6/2020,6.9,440
377897,Barbie: Spy Squad,"Action,Animation,Family",en,31.623,1/15/2016,6.9,306
228108,The Road Within,"Comedy,Drama",en,6.445,10/24/2014,6.9,330
16638,El Cid,"Action,Drama,History,Romance,War",en,12.388,10/24/1961,6.9,205
11616,Go for It,"Adventure,Action,Comedy",it,11.166,2/1/1983,6.9,402
10166,The Witches,"Adventure,Fantasy,Horror,Family",en,17.246,5/25/1990,6.9,1011
892153,Tom and Jerry Cowboy Up!,"Animation,Comedy,Family,Western",en,249.664,1/24/2022,6.9,364
49444,Kung Fu Panda 2,"Animation,Family",en,69.193,5/25/2011,6.9,5696
10655,Gettysburg,"Drama,History,War",en,13.595,10/8/1993,6.9,228
50270,Paprika,Drama,it,41.825,2/13/1991,6.9,281
32646,Safe,Drama,en,7.052,6/23/1995,6.9,207
21506,Noroi: The Curse,"Horror,Mystery,Thriller",ja,12.124,8/20/2005,6.9,208
11590,Slap Shot,"Comedy,Drama",en,6.566,2/25/1977,6.9,274
8009,Highlander,"Adventure,Action,Fantasy",en,22.523,3/7/1986,6.9,2053
274870,Passengers,"Drama,Romance,Science Fiction",en,36.939,12/21/2016,6.9,11541
53596,Even the Rain,"Drama,History",es,9.469,9/16/2010,6.9,217
592834,My Spy,"Family,Action,Comedy",en,22.246,1/9/2020,6.9,930
502422,Thunder Road,"Comedy,Drama",en,5.477,9/12/2018,6.9,304
121835,Lore,"Drama,War,Thriller",de,5.031,8/2/2012,6.9,237
48769,Gramps Is in the Resistance,"Comedy,War",fr,5.804,10/26/1983,6.9,310
620725,Jexi,Comedy,en,16.896,10/10/2019,6.9,959
400155,Hotel Transylvania 3: Summer Vacation,"Family,Fantasy,Comedy,Animation",en,73.959,6/28/2018,6.9,3679
120475,Dragon Ball: Episode of Bardock,"Action,Animation,Science Fiction",ja,60.368,12/17/2011,6.9,331
116440,Maggie Simpson in The Longest Daycare,"Animation,Drama,Family",en,20.504,7/12/2012,6.9,299
9692,The Woodsman,Drama,en,6.825,12/24/2004,6.9,376
5185,The Private Life of Sherlock Holmes,"Adventure,Comedy,Crime,Mystery,Romance,Thriller",en,5.867,10/29/1970,6.9,212
3432,Mr. Brooks,"Crime,Thriller",en,11.99,6/1/2007,6.9,1400
2289,Cold Mountain,"Adventure,Drama,History,Romance",en,14.44,12/24/2003,6.9,1451
308,Broken Flowers,"Comedy,Drama,Mystery,Romance",en,7.462,8/5/2005,6.9,1034
643882,The Princess Switch: Switched Again,"Family,Romance,Comedy",en,16.837,11/19/2020,6.9,735
514207,Invasion,"Science Fiction,Drama,Romance,Action",ru,33.206,1/1/2020,6.9,646
334304,Belle and Sebastian: The Adventure Continues,"Family,Adventure",fr,7.523,12/8/2015,6.9,302
307103,Serial Killer 1,"Drama,Crime",fr,6.065,1/7/2015,6.9,266
203819,Tracks,"Adventure,Drama",en,0.6,12/19/2013,6.9,419
49519,The Croods,"Animation,Adventure,Family,Fantasy,Comedy,Action",en,74.521,3/15/2013,6.9,6078
14637,Nothing But the Truth,"Drama,Thriller",en,7.001,12/19/2008,6.9,371
13931,Mike's New Car,"Animation,Family",en,9.458,5/24/2002,6.9,550
854,The Mask,"Romance,Comedy,Crime,Fantasy",en,64.197,7/29/1994,6.9,8527
91739,Much Ado About Nothing,Comedy,en,5.954,9/8/2012,6.9,235
538207,We Die Young,"Drama,Action,Crime,Thriller",en,18.347,5/9/2019,6.9,227
127846,A Hijacking,"Thriller,Drama",da,8.175,2/29/2012,6.9,216
127560,The Railway Man,"Drama,History",en,8.568,12/2/2013,6.9,616
93456,Despicable Me 2,"Animation,Comedy,Family",en,174.955,6/26/2013,6.9,9860
13253,Futurama: Bender's Game,"Animation,Comedy,Science Fiction,TV Movie",en,15.254,11/3/2008,6.9,413
9430,Go,"Crime,Comedy,Thriller",en,7.706,4/9/1999,6.9,504
423646,In the Fade,"Drama,Crime",de,10.594,11/23/2017,6.9,683
384680,Hostiles,"Western,Drama,History",en,20.227,12/22/2017,6.9,1902
242090,The One I Love,"Romance,Comedy,Drama",en,8.842,8/8/2014,6.9,555
192141,No Escape,Thriller,en,34.459,8/26/2015,6.9,2133
559969,El Camino: A Breaking Bad Movie,"Crime,Drama,Thriller,Action",en,42.566,10/11/2019,6.9,3854
9263,Now and Then,"Comedy,Drama,Romance",en,9.268,10/20/1995,6.9,350
2295,Clerks II,Comedy,en,8.859,7/21/2006,6.9,1031
91010,Game Change,"Drama,TV Movie",en,8.148,3/9/2012,6.9,248
51162,Winnie the Pooh,"Animation,Family,Adventure",en,35.337,4/6/2011,6.9,695
38408,Life As We Know It,"Comedy,Romance,Drama",en,46.7,10/2/2010,6.9,2743
10218,Swingers,Comedy,en,10.743,10/18/1996,6.9,576
491472,At Eternity's Gate,Drama,en,11.559,11/15/2018,6.9,1215
14831,Help!,"Comedy,Music",en,7.671,7/29/1965,6.9,239
11820,Mona Lisa Smile,Drama,en,12,12/19/2003,6.9,1422
11329,Runaway Jury,"Drama,Thriller",en,12.396,1/16/2003,6.9,996
11054,Hairspray,"Comedy,Drama,Romance",en,12.423,2/26/1988,6.9,332
1573,Die Hard 2,"Action,Thriller",en,27.819,7/2/1990,6.9,4740
582206,The Best Is Yet to Come,"Comedy,Drama",fr,7.378,12/4/2019,6.9,253
297802,Aquaman,"Action,Adventure,Fantasy",en,107.706,7/6/2018,6.9,11900
11477,Common Wealth,"Comedy,Thriller,Crime",es,5.938,9/29/2000,6.9,247
9003,Hellraiser,Horror,en,27.417,9/11/1987,6.9,1871
1770,Michael Collins,"War,Drama,Thriller,History",en,11.096,10/25/1996,6.9,362
304410,The Bélier Family,"Comedy,Music",fr,10.415,12/17/2014,6.9,2094
619778,Malignant,"Horror,Mystery,Thriller",en,135.313,9/1/2021,6.9,1557
78215,Into the White,"War,Action,Drama",no,43.362,3/9/2012,6.9,248
8833,Double Trouble,"Action,Comedy",it,10.534,10/19/1984,6.9,425
299537,Captain Marvel,"Action,Adventure,Science Fiction",en,117.972,3/6/2019,6.9,13272
68924,The Ice Storm,Drama,en,8.972,2/5/1997,6.9,491
26466,Triangle,Horror,en,24.642,10/16/2009,6.9,1951
16281,Creepshow,"Horror,Comedy",en,24.65,11/12/1982,6.9,761
13339,Three O'Clock High,Comedy,en,6.397,10/9/1987,6.9,214
12101,Soylent Green,"Science Fiction,Thriller",en,15.678,4/18/1973,6.9,945
8068,Desperado,"Thriller,Action,Crime",en,18.156,8/25/1995,6.9,2315
2758,Addams Family Values,"Comedy,Family,Fantasy",en,30.57,11/19/1993,6.9,2333
337339,The Fate of the Furious,"Action,Crime,Thriller",en,114.666,4/12/2017,6.9,8999
19204,The Beyond,Horror,it,9.646,4/29/1981,6.9,410
12153,White Chicks,"Comedy,Crime",en,103.948,6/23/2004,6.9,2984
11033,Dressed to Kill,"Mystery,Thriller,Horror",en,14.327,7/25/1980,6.9,657
31967,Dante's Inferno: An Animated Epic,"Action,Adventure,Animation,Horror",en,29.225,2/9/2010,6.9,407
14556,Anything for Her,"Drama,Thriller",fr,5.766,12/3/2008,6.9,205
8390,"Definitely, Maybe","Comedy,Romance",en,14.637,2/8/2008,6.9,2054
338768,Please Stand By,"Comedy,Drama",en,12.102,1/26/2018,6.9,381
300687,Same Kind of Different as Me,Drama,en,8.768,10/20/2017,6.9,211
14410,Notorious,"Music,Drama,History",en,12.098,1/16/2009,6.9,558
9591,That Thing You Do!,"Comedy,Drama,Romance,Music",en,10.031,10/4/1996,6.9,664
565426,To All the Boys: P.S. I Still Love You,"Romance,Comedy",en,36.94,2/12/2020,6.9,2216
15927,A Passage to India,"Drama,Adventure,History",en,6.676,12/14/1984,6.9,217
9007,Just Like Heaven,"Fantasy,Romance,Drama,Comedy",en,17.16,9/16/2005,6.9,1942
1832,Dogma,"Fantasy,Comedy,Adventure",en,10.582,11/12/1999,6.9,2041
338952,Fantastic Beasts: The Crimes of Grindelwald,"Fantasy,Adventure,Action",en,96.135,11/14/2018,6.9,9425
310593,Youth,"Comedy,Drama",it,11.514,5/20/2015,6.9,1759
65215,Family Guy Presents: Stewie Griffin: The Untold Story,"Action,Adventure,Animation,Comedy",en,19.424,7/23/2005,6.9,310
19576,One Piece: The Movie,"Action,Animation,Adventure,Comedy,Fantasy",ja,73.745,3/4/2000,6.9,236
10973,Creature from the Black Lagoon,"Adventure,Horror,Science Fiction",en,12.693,3/5/1954,6.9,561
766798,Parallel Mothers,Drama,es,35.565,10/8/2021,6.9,612
407890,Lean on Pete,"Drama,Adventure",en,12.936,4/6/2018,6.9,258
400136,Resident Evil: Vendetta,"Animation,Horror,Adventure,Mystery,Action,Science Fiction",ja,49.326,5/27/2017,6.9,764
41110,I Am Love,"Drama,Romance",it,10.276,9/5/2009,6.9,273
24752,Dragon Ball Z: Cooler's Revenge,"Action,Animation,Science Fiction",ja,118.328,7/20/1991,6.9,490
86130,Pixie Hollow Games,"Animation,Family",en,30.796,12/24/2011,6.9,243
71689,Phineas and Ferb: The Movie: Across the 2nd Dimension,"Animation,Comedy,Family,TV Movie,Music,Adventure,Science Fiction",en,16.179,8/5/2011,6.9,434
20649,Clockers,"Mystery,Crime,Drama",en,8.333,9/15/1995,6.9,247
14411,Sinbad: Legend of the Seven Seas,"Family,Animation,Adventure,Comedy,Fantasy,Action",en,41.552,7/2/2003,6.9,1668
11367,Odds and Evens,"Comedy,Crime,Action",it,0.6,10/28/1978,6.9,320
221902,"Two Days, One Night",Drama,fr,10.025,5/21/2014,6.9,767
12281,Mean Creek,"Crime,Drama",en,5.818,1/15/2004,6.9,293
2253,Valkyrie,"Drama,Thriller,History,War",en,24.019,12/25/2008,6.9,3057
531876,The Outpost,"War,Drama,History,Action",en,22.221,6/24/2020,6.9,776
34205,Halloweentown II: Kalabar's Revenge,"Adventure,Family,Fantasy,TV Movie,Horror",en,8.46,10/12/2001,6.9,262
1931,Stomp the Yard,"Drama,Music",en,27.649,5/16/2007,6.9,335
255718,Barbie: The Pearl Princess,"Family,Animation",en,34.791,2/15/2014,6.9,251
79108,Starbuck,Comedy,fr,10.527,1/1/2011,6.9,371
13127,SPL: Kill Zone,"Action,Crime,Drama,Thriller",zh,13.685,11/18/2005,6.9,227
10228,Pokémon: The First Movie,"Animation,Family,Adventure,Fantasy,Action",ja,44.031,7/18/1998,6.9,1179
10027,Unleashed,"Action,Crime",en,21.983,2/2/2005,6.9,1622
1808,Velvet Goldmine,"Drama,Music",en,9.154,10/23/1998,6.9,377
868,Tsotsi,"Crime,Drama",af,7.592,12/23/2005,6.9,252
293982,Warsaw 44,"Drama,History,War",pl,6.511,7/30/2014,6.9,223
68341,Cold Fish,"Drama,Thriller,Crime,Horror",ja,8.705,6/4/2010,6.9,246
19933,The Brave Little Toaster,"Fantasy,Adventure,Animation,Comedy,Family,Music",en,16.741,7/9/1987,6.9,335
14011,Justice League: The New Frontier,"Action,Adventure,Animation,Science Fiction,Family",en,29.843,2/26/2008,6.9,414
5279,Gosford Park,"Drama,Mystery,Thriller",en,7.985,11/7/2001,6.9,866
547,The Horse Whisperer,"Drama,Romance",en,16.407,2/1/1998,6.9,939
249,The War of the Roses,"Comedy,Drama",en,10.987,12/8/1989,6.9,910
424277,Annette,"Drama,Romance",en,46.079,7/6/2021,6.9,479
226857,Endless Love,"Drama,Romance",en,14.165,2/12/2014,6.9,1493
210479,Locke,"Drama,Thriller",en,13.097,4/10/2014,6.9,2269
21946,Counter Investigation,Thriller,fr,6.96,3/7/2007,6.9,248
4484,La Cage aux Folles,Comedy,fr,8.125,10/25/1978,6.9,312
522098,Babyteeth,"Drama,Comedy,Romance",en,7.07,6/15/2020,6.9,241
465003,The Red Sea Diving Resort,"Drama,Thriller,History",en,14.205,7/28/2019,6.9,671
377154,Being 17,Drama,fr,9.075,2/27/2016,6.9,313
11593,Nobody's Fool,"Drama,Comedy",en,7.869,12/23/1994,6.9,219
11227,Angel-A,"Romance,Comedy,Drama,Fantasy",fr,10.279,12/21/2005,6.9,533
6936,Ben X,Drama,nl,5.639,8/26/2007,6.9,252
364,Batman Returns,"Action,Fantasy",en,32.438,6/19/1992,6.9,5339
527729,Asterix: The Secret of the Magic Potion,"Family,Animation,Comedy,Adventure",fr,19.246,5/12/2018,6.9,993
476669,The King's Man,"Action,Adventure,Thriller,War,Mystery",en,323.409,12/22/2021,6.9,2968
380111,Flight Crew,Action,ru,20.242,4/21/2016,6.9,204
256591,Focus,"Romance,Comedy,Crime,Drama",en,51.523,2/25/2015,6.9,6792
110415,Snowpiercer,"Action,Science Fiction,Drama",ko,53.554,8/1/2013,6.9,8188
10607,Don't Be a Menace to South Central While Drinking Your Juice in the Hood,Comedy,en,73.741,1/12/1996,6.9,956
9942,Major League,Comedy,en,10.652,2/16/1989,6.9,610
9667,The Jacket,"Thriller,Mystery,Drama",en,11.198,3/4/2005,6.9,1203
140870,Minuscule: Valley of the Lost Ants,"Animation,Adventure,Family",fr,19.835,11/17/2013,6.9,355
23479,The Bad News Bears,"Family,Comedy",en,5.921,1/1/1976,6.9,233
369778,Chocolat,"Comedy,Drama",fr,7.095,2/3/2016,6.9,634
26719,House of Games,"Crime,Drama,Mystery,Thriller",en,6.095,10/11/1987,6.9,221
21588,Cemetery Man,"Horror,Fantasy,Comedy,Drama",it,16.084,3/25/1994,6.9,364
11879,Near Dark,Horror,en,19.458,10/2/1987,6.9,538
9503,Pope Joan,Drama,en,10.797,10/22/2009,6.9,288
8882,Gomorrah,"Drama,Crime",it,9.815,1/1/2008,6.9,1004
28501,The Pit and the Pendulum,"Horror,Mystery,Thriller",en,8.251,8/12/1961,6.9,245
10627,Taps,"War,Drama",en,11.771,12/20/1981,6.9,215
4772,Cul-de-sac,"Thriller,Comedy,Drama",en,7.31,6/17/1966,6.9,202
920,Cars,"Animation,Adventure,Comedy,Family",en,95.266,6/8/2006,6.9,11788
390043,The Hitman's Bodyguard,"Thriller,Comedy,Crime,Action",en,53.419,8/16/2017,6.9,5214
171372,Frank,"Comedy,Drama,Mystery",en,8.409,5/2/2014,6.9,1387
131634,The Hunger Games: Mockingjay - Part 2,"Action,Adventure,Science Fiction",en,67.178,11/18/2015,6.9,10683
55347,Beginners,"Drama,Romance,Comedy",en,9.896,6/9/2011,6.9,848
12763,Take the Lead,"Comedy,Music,Drama",en,10.801,3/17/2006,6.9,588
2322,Sneakers,"Comedy,Crime,Drama",en,9.854,9/9/1992,6.9,702
1267,Meet the Robinsons,"Animation,Comedy,Family",en,47.842,3/23/2007,6.9,2303
319995,The Club,Drama,es,4.921,5/28/2015,6.9,208
513310,Boss Level,"Action,Science Fiction,Thriller",en,28.292,2/19/2021,6.9,1065
10711,French Connection II,"Action,Crime,Drama,Thriller",en,6.728,5/18/1975,6.9,318
1934,Shakespeare in Love,"Romance,History,Comedy",en,9.979,1/29/1998,6.9,2608
425703,How to Grow Up Despite Your Parents,Comedy,it,5.49,11/23/2016,6.9,229
308266,War Dogs,"Comedy,Crime,Drama",en,41.398,8/17/2016,6.9,3968
254470,Pitch Perfect 2,"Comedy,Music",en,44.29,5/7/2015,6.9,4831
474350,It Chapter Two,"Horror,Fantasy",en,215.649,9/4/2019,6.9,7072
796499,Army of Thieves,"Crime,Comedy",en,181.274,10/27/2021,6.9,1380
384018,Fast & Furious Presents: Hobbs & Shaw,"Action,Adventure,Comedy",en,134.823,8/1/2019,6.9,5837
310131,The Witch,"Horror,Mystery,Drama,Fantasy",en,56.532,1/27/2015,6.9,5640
14012,Flicka,"Family,Drama",en,8.597,10/20/2006,6.9,246
9443,Chariots of Fire,"Drama,History",en,10.113,5/15/1981,6.9,678
662546,Godmothered,"Family,Fantasy,Comedy",en,51.731,12/4/2020,6.9,495
258216,Nymphomaniac: Vol. I,Drama,en,8.501,12/25/2013,6.9,2828
14613,Next Avengers: Heroes of Tomorrow,"Animation,Family,Action,Adventure,Science Fiction",en,33.11,9/2/2008,6.9,203
12268,The Pink Panther Strikes Again,"Comedy,Crime",en,9.912,12/15/1976,6.9,403
10776,Little Shop of Horrors,"Horror,Comedy",en,9.434,12/19/1986,6.9,1141
9762,Step Up,"Music,Drama,Romance,Crime",en,26.063,8/11/2006,6.9,3279
9026,The Importance of Being Earnest,"Comedy,Drama,History,Romance",en,8.56,5/17/2002,6.9,405
402,Basic Instinct,"Thriller,Mystery",en,29.44,3/20/1992,6.9,3031
13497,Drumline,"Drama,Romance,Comedy,Music",en,37.042,12/13/2002,6.9,396
3079,The Curse of Frankenstein,"Horror,Science Fiction",en,8.277,5/20/1957,6.9,202
2196,Death at a Funeral,"Comedy,Drama",en,10.513,8/17/2007,6.9,1389
710,GoldenEye,"Adventure,Action,Thriller",en,24.727,11/16/1995,6.9,3164
38939,Tales from the Crypt,Horror,en,17.216,3/9/1972,6.9,212
27850,Halloweentown,"Adventure,Comedy,Family,Fantasy,TV Movie",en,10.109,11/10/1998,6.9,415
10297,How to Marry a Millionaire,"Comedy,Romance",en,13.335,10/29/1953,6.9,406
9684,Sweet and Lowdown,"Comedy,Drama,Music",en,9.474,12/3/1999,6.9,385
55292,Shaolin,"Action,Drama",zh,14.143,1/20/2011,6.9,297
10779,The Frighteners,"Horror,Comedy",en,18.165,7/18/1996,6.9,1197
537059,Justice League vs. the Fatal Five,"Animation,Action,Science Fiction",en,18.997,3/29/2019,6.9,264
405774,Bird Box,"Thriller,Drama,Science Fiction",en,39.42,12/13/2018,6.9,8446
14310,Infernal Affairs III,"Crime,Drama,Action",zh,13.633,12/12/2003,6.9,214
12665,Powder,"Drama,Fantasy,Science Fiction,Thriller",en,15.609,10/27/1995,6.9,470
14830,Doctor Strange,"Action,Animation,Fantasy,Science Fiction",en,24.621,8/14/2007,6.9,269
177888,Teen Beach Movie,"Family,Music,TV Movie,Comedy",en,22.571,8/7/2013,6.9,785
4193,Evil Under the Sun,"Thriller,Crime,Mystery,Drama",en,7.083,3/5/1982,6.9,315
192136,Mandela: Long Walk to Freedom,"Drama,History",en,5.851,11/28/2013,6.9,447
64688,21 Jump Street,"Action,Comedy,Crime",en,37.394,3/14/2012,6.9,8944
24679,Bird,"Drama,Music",en,7.981,7/1/1988,6.9,235
10323,Clash of the Titans,"Action,Adventure,Family,Fantasy",en,18.701,6/12/1981,6.9,576
1648,Bill & Ted's Excellent Adventure,"Adventure,Comedy,Science Fiction",en,17.618,2/17/1989,6.9,1442
308032,The Stanford Prison Experiment,Thriller,en,13.853,7/17/2015,6.9,807
7874,Black Snake Moan,Drama,en,13.443,12/31/2006,6.9,700
7305,Alive,"Adventure,Drama,Thriller",en,18.263,1/15/1993,6.9,1153
953,Madagascar,"Family,Animation,Adventure,Comedy",en,91.18,5/25/2005,6.9,9237
67660,Think Like a Man,"Comedy,Romance",en,11.046,4/16/2012,6.9,722
15849,The Mummy,Horror,en,12.347,1/1/1932,6.9,443
15143,Some Kind of Wonderful,"Drama,Romance",en,9.182,2/27/1987,6.9,374
400535,Sicario: Day of the Soldado,"Action,Crime,Drama,Thriller",en,65.72,6/27/2018,6.9,2799
152737,August: Osage County,"Comedy,Drama",en,9.189,12/26/2013,6.9,1236
31175,Soul Kitchen,"Drama,Comedy",de,7.791,9/9/2009,6.9,409
12244,9,"Action,Adventure,Animation,Science Fiction,Thriller",en,53.232,8/19/2009,6.9,2952
11148,XXY,Drama,es,10.492,6/14/2007,6.9,240
9344,Kids,"Drama,Crime",en,18.307,7/28/1995,6.9,866
2039,Moonstruck,"Comedy,Drama,Romance",en,13.377,12/16/1987,6.9,693
574436,Piranhas,"Drama,Crime",it,8.278,2/14/2019,6.9,435
26648,The Night Porter,"War,Drama,Romance",it,14.551,4/3/1974,6.9,242
11170,We Are Marshall,"Drama,History",en,11.936,12/12/2006,6.9,550
9778,Serendipity,"Comedy,Romance,Drama",en,20.453,10/5/2001,6.9,1592
5876,The Mist,"Horror,Science Fiction,Thriller",en,31.929,11/21/2007,6.9,4039
564,The Mummy,"Adventure,Action,Fantasy",en,60.745,4/16/1999,6.9,7498
785457,Afterlife of the Party,"Fantasy,Comedy,Drama",en,28.953,9/2/2021,6.9,365
437109,The Villainess,"Action,Crime,Drama,Thriller",ko,33.484,6/8/2017,6.9,522
271397,The Tribe,"Drama,Crime",uk,6.006,9/11/2014,6.9,217
181808,Star Wars: The Last Jedi,"Adventure,Action,Science Fiction",en,68.066,12/13/2017,6.9,13197
17845,Loft,"Drama,Mystery,Romance",nl,7.383,10/21/2008,6.9,309
11071,Them!,"Science Fiction,Horror",en,14.023,6/16/1954,6.9,308
539651,Don't Let Go,"Science Fiction,Thriller,Mystery,Crime",en,10.587,8/30/2019,6.9,245
171337,Siberian Education,"Drama,Crime",en,8.256,2/27/2013,6.9,478
25961,Pokémon: The Rise of Darkrai,"Family,Adventure,Animation,Fantasy,Action,Science Fiction",ja,31.284,7/14/2007,6.9,208
25195,Leap Year,"Romance,Comedy",en,31.693,1/8/2010,6.9,1730
1999,In the Bedroom,"Drama,Thriller",en,15.272,11/23/2001,6.9,247
429300,Adrift,"Thriller,Romance,Adventure",en,20.428,6/8/2018,6.9,2289
85889,Filth,"Crime,Drama,Comedy",en,12.499,9/23/2013,6.9,1424
59967,Looper,"Action,Thriller,Science Fiction",en,32.74,9/26/2012,6.9,8961
42188,Never Let Me Go,"Drama,Romance,Science Fiction",en,12.07,3/18/2010,6.9,1918
17578,The Adventures of Tintin,"Adventure,Animation,Mystery",en,29.862,10/24/2011,6.9,4628
2259,The House of the Spirits,"Romance,Drama",en,13.104,10/19/1993,6.9,551
181886,Enemy,"Thriller,Mystery",en,16.229,12/31/2013,6.9,4851
11617,Rio Grande,Western,en,7.137,11/15/1950,6.9,236
11004,Wonder Boys,"Comedy,Drama",en,9.587,2/22/2000,6.9,471
5729,L'Âge d'Or,"Romance,Comedy,Drama",fr,6.488,10/28/1930,6.9,221
521777,Good Boys,Comedy,en,32.311,8/14/2019,6.9,1490
470229,Summer of 84,"Thriller,Mystery,Drama,Horror",en,25.881,8/10/2018,6.9,1017
252822,In Order of Disappearance,"Thriller,Action,Comedy,Crime",no,7.95,2/21/2014,6.9,469
83542,Cloud Atlas,"Drama,Science Fiction",en,18.317,10/26/2012,6.9,6186
11208,Wicker Park,"Drama,Mystery,Romance,Thriller",en,12.865,9/3/2004,6.9,555
498402,Aline,"Music,Comedy,Drama",fr,8.666,11/19/2020,6.9,220
467956,The Professor,"Comedy,Drama",en,10.975,5/17/2018,6.9,881
424998,The Case for Christ,Drama,en,42.994,4/7/2017,6.9,212
319337,13 Minutes,"History,Drama",de,7.397,4/9/2015,6.9,222
9663,Starman,"Science Fiction,Romance",en,10.158,12/13/1984,6.9,637
51999,Perfect Sense,"Drama,Science Fiction,Romance",en,10.615,9/29/2011,6.9,940
278927,The Jungle Book,"Family,Adventure,Drama,Fantasy",en,49.514,4/7/2016,6.9,7176
175112,Tinker Bell and the Pirate Fairy,"Animation,Family",en,51.187,2/13/2014,6.9,808
168903,Barbie in the Pink Shoes,"Animation,Family",en,30.603,2/14/2013,6.9,295
25565,Transformers: Beginnings,"Animation,Action,Thriller,Science Fiction",en,45.225,10/16/2006,6.9,216
11087,The Hand that Rocks the Cradle,"Drama,Thriller",en,17.592,1/10/1992,6.9,702
1495,Kingdom of Heaven,"Drama,Action,Adventure,History,War",en,30.847,5/3/2005,6.9,3374
475759,2048: Nowhere to Run,"Science Fiction,Thriller,Action",en,11.95,9/14/2017,6.9,242
14900,The Great Muppet Caper,"Family,Crime,Comedy,Mystery,Music",en,9.903,6/26/1981,6.9,221
14746,Streets of Fire,Action,en,12.194,6/1/1984,6.9,363
14367,Adventures in Babysitting,Comedy,en,10.557,7/1/1987,6.9,514
31997,Saboteur,Thriller,en,6.898,4/24/1942,6.9,357
18937,Quest for Camelot,"Fantasy,Animation,Drama,Romance,Family",en,34.646,5/15/1998,6.9,667
17979,A Christmas Carol,"Animation,Family,Drama,Fantasy",en,38.952,11/4/2009,6.9,3817
14097,9th Company,"War,Action,Drama,History",ru,5.59,9/19/2005,6.9,205
598331,Rumble,"Family,Comedy,Animation",en,38.152,12/15/2021,6.9,334
72976,Lincoln,"History,Drama",en,15.124,11/9/2012,6.9,3240
15708,Latter Days,"Drama,Comedy,Romance",en,7.082,1/30/2004,6.9,204
638597,Yes Day,"Comedy,Family",en,28.979,3/12/2021,6.9,859
9602,Coming to America,"Comedy,Romance",en,26.776,6/29/1988,6.9,3570
9476,A Knight's Tale,"Adventure,Drama,Romance,Action",en,20.716,5/11/2001,6.9,2511
526050,Little,"Comedy,Fantasy,Romance",en,31.588,4/4/2019,6.9,572
15058,Speak,Drama,en,10.958,1/20/2004,6.9,362
140300,Kung Fu Panda 3,"Action,Adventure,Animation,Comedy,Family",en,82.001,1/23/2016,6.9,4772
4170,Trade,Thriller,en,12.668,1/23/2007,6.9,204
267463,The 10 Year Plan,"Romance,Comedy",en,7.801,9/6/2014,6.8,252
260514,Cars 3,"Animation,Adventure,Comedy,Family",en,126.221,6/15/2017,6.8,4616
109584,Broken,Drama,en,8.372,8/22/2012,6.8,215
68726,Pacific Rim,"Action,Science Fiction,Adventure",en,130.297,7/11/2013,6.8,10688
11018,Year of the Dragon,"Action,Crime,Drama,Thriller",en,6.102,8/16/1985,6.8,311
9314,Nineteen Eighty-Four,"Drama,Science Fiction,Thriller",en,11.217,10/10/1984,6.8,1110
602,Independence Day,"Action,Adventure,Science Fiction",en,39.059,6/25/1996,6.8,8133
15867,Interiors,Drama,en,7.573,8/2/1978,6.8,267
10276,What About Bob?,Comedy,en,7.42,5/17/1991,6.8,660
379149,The Foreigner,"Action,Thriller",en,31.094,9/28/2017,6.8,2005
22971,Dear John,"Drama,Romance,War",en,17.62,2/4/2010,6.8,3736
2300,Space Jam,"Family,Animation,Comedy,Science Fiction",en,33.136,11/15/1996,6.8,5149
401898,Thelma,"Drama,Mystery,Thriller",no,12.371,9/15/2017,6.8,768
326359,Frozen Fever,"Animation,Family,Adventure,Comedy",en,48.182,3/9/2015,6.8,1627
168672,American Hustle,"Drama,Crime",en,21.091,12/3/2013,6.8,6345
82507,Sinister,"Horror,Thriller,Mystery",en,62.609,3/29/2012,6.8,4469
18093,Northanger Abbey,"Romance,Drama,TV Movie",en,14.6,10/24/2007,6.8,260
17365,The Parallax View,"Crime,Drama,Thriller",en,9.752,6/14/1974,6.8,217
10934,Under the Tuscan Sun,"Romance,Comedy",en,16.349,9/20/2003,6.8,691
846,The X Files,"Mystery,Science Fiction,Thriller",en,19.231,6/19/1998,6.8,1276
8974,The War of the Worlds,"Science Fiction,Action",en,12.202,8/13/1953,6.8,474
4031,Going Places,"Comedy,Drama",fr,17.932,3/20/1974,6.8,332
466,Klute,"Mystery,Thriller,Crime",en,7.073,6/23/1971,6.8,294
400020,The Young Karl Marx,"History,Drama",fr,7.541,3/2/2017,6.8,251
187017,22 Jump Street,"Crime,Comedy,Action",en,43.704,6/5/2014,6.8,6952
184352,Tom at the Farm,"Drama,Thriller,Mystery",fr,7.68,4/16/2014,6.8,709
450322,The Man Who Invented Christmas,"Drama,History,Comedy,Family",en,11.818,10/12/2017,6.8,659
445629,Fighting with My Family,Comedy,en,21.587,2/14/2019,6.8,1375
193613,Metallica: Through the Never,Music,en,13.762,9/25/2013,6.8,235
19185,Night of the Living Dead,Horror,en,38.939,10/19/1990,6.8,675
254,King Kong,"Adventure,Drama,Action",en,51.627,12/12/2005,6.8,6668
110390,A Pigeon Sat on a Branch Reflecting on Existence,"Drama,Comedy",sv,9.014,10/24/2014,6.8,354
24750,Time After Time,"Adventure,Drama,Comedy,Science Fiction,Thriller",en,10.673,8/31/1979,6.8,253
2926,The Three Musketeers,"Adventure,Comedy,History",en,12.915,12/11/1973,6.8,209
1946,eXistenZ,"Action,Thriller,Science Fiction,Horror",en,10.581,4/14/1999,6.8,1505
597156,The Boys in the Band,Drama,en,8.501,9/30/2020,6.8,347
581392,Peninsula,"Action,Horror,Thriller",ko,67.407,7/15/2020,6.8,1922
445571,Game Night,"Mystery,Comedy,Crime",en,31.304,2/22/2018,6.8,4934
335983,Venom,"Science Fiction,Action",en,128.874,9/28/2018,6.8,13514
245473,Cloud 9,"Family,Action,Drama,Romance,TV Movie",en,11.136,1/17/2014,6.8,457
232672,Blended,Comedy,en,101.697,5/21/2014,6.8,2847
8953,Steamboy,"Animation,Fantasy,Science Fiction",ja,20.064,7/17/2004,6.8,298
424781,Sorry to Bother You,"Fantasy,Science Fiction,Comedy",en,8.944,7/6/2018,6.8,1196
9270,Brick,"Drama,Mystery",en,8.818,3/31/2006,6.8,971
8881,Che: Part One,"Drama,History,War",en,12.314,9/5/2008,6.8,597
3683,Flags of Our Fathers,"War,Drama,History",en,13.355,10/18/2006,6.8,1494
836009,Against the Ice,"Drama,Adventure,History",en,73.96,2/10/2022,6.8,322
725201,The Gray Man,"Action,Thriller",en,510.268,7/13/2022,6.8,496
524216,The Mortuary Collection,"Fantasy,Horror",en,55.469,10/8/2020,6.8,302
402298,Denial,"Drama,History",en,13.861,9/30/2016,6.8,546
337170,American Made,"Action,Crime,Comedy",en,30.679,8/18/2017,6.8,3691
207933,Stonehearst Asylum,Thriller,en,33.935,10/23/2014,6.8,1159
11076,Fly Away Home,"Action,Adventure,Drama,Family",en,10.555,9/13/1996,6.8,372
1921,Sweet November,"Drama,Romance",en,11.872,2/16/2001,6.8,1080
417870,Girls Trip,Comedy,en,30.616,7/21/2017,6.8,1343
252171,A Girl Walks Home Alone at Night,"Horror,Romance",en,8.484,1/19/2014,6.8,676
10697,The Taste of Others,"Drama,Comedy,Romance",fr,5.182,3/1/2000,6.8,219
6399,Who Finds a Friend Finds a Treasure,"Action,Adventure,Comedy",it,10.671,12/9/1981,6.8,502
957,Spaceballs,"Comedy,Science Fiction",en,18.473,6/24/1987,6.8,2392
525661,Bombshell,"Drama,History",en,23.048,12/13/2019,6.8,2457
2652,Hard Candy,"Drama,Thriller",en,15.242,1/14/2005,6.8,2122
1817,Phone Booth,"Crime,Mystery,Thriller",en,20.733,4/4/2003,6.8,3022
15856,House on Haunted Hill,"Horror,Crime,Mystery",en,9.262,2/17/1959,6.8,362
11463,Battle of Britain,"Action,Drama,History,War",en,11.041,9/15/1969,6.8,220
5889,Azumi,"Adventure,Drama,Action,Thriller,Romance",ja,9.958,5/10/2003,6.8,259
253980,Marvel One-Shot: All Hail the King,"Action,Comedy,Fantasy,Thriller",en,16.216,2/4/2014,6.8,378
9058,Only You,"Romance,Comedy",en,11.825,9/17/1994,6.8,410
8326,Holes,"Adventure,Family,Drama,Comedy",en,16.39,4/18/2003,6.8,1088
2787,Pitch Black,"Thriller,Science Fiction,Action",en,10.131,2/18/2000,6.8,3714
879,Hook,"Adventure,Fantasy,Comedy,Family",en,32.296,4/10/1991,6.8,4489
133121,Resident Evil: Damnation,"Animation,Horror,Action",en,55.293,9/25/2012,6.8,655
17360,Escape to Victory,"Drama,War",en,9.093,6/17/1981,6.8,710
9359,Maverick,"Action,Adventure,Comedy,Drama,Western",en,15.676,5/20/1994,6.8,1241
7291,36th Precinct,"Crime,Drama,Thriller",fr,7.378,11/24/2004,6.8,437
342672,4th Man Out,"Comedy,Drama",en,8.005,5/26/2015,6.8,281
314402,Dheepan,"Crime,Drama",fr,6.382,8/26/2015,6.8,374
265189,Force Majeure,Drama,sv,10.915,8/15/2014,6.8,753
253331,Black or White,Drama,en,7.654,9/6/2014,6.8,308
235260,Son of God,Drama,en,27.177,2/28/2014,6.8,242
34463,Three Little Pigs,"Music,Animation,Comedy,Family",en,9.888,5/27/1933,6.8,293
13435,Antwone Fisher,"Drama,Romance",en,6.305,12/19/2002,6.8,368
10138,Iron Man 2,"Adventure,Action,Science Fiction",en,167.745,4/28/2010,6.8,18181
8272,The Savages,Drama,en,9.444,1/19/2007,6.8,297
291805,Now You See Me 2,"Thriller,Action,Comedy",en,75.757,6/2/2016,6.8,9496
243683,Step Up All In,"Romance,Drama,Music",en,28.045,7/16/2014,6.8,1745
14337,Primer,"Science Fiction,Drama,Thriller",en,12.091,10/8/2004,6.8,1738
8367,Robin Hood: Prince of Thieves,"Action,Adventure,Drama,Romance",en,20.072,6/14/1991,6.8,2640
8366,Manitou's Shoe,"Comedy,Western",de,8.13,7/11/2001,6.8,376
2614,Innerspace,"Action,Comedy,Science Fiction",en,13.434,6/30/1987,6.8,979
446021,Bad Times at the El Royale,"Thriller,Drama,Mystery,Crime",en,18.266,10/4/2018,6.8,2957
393457,Fences,Drama,en,29.698,12/16/2016,6.8,2231
374416,Where Am I Going?,Comedy,it,7.185,1/1/2016,6.8,1909
2112,Payback,"Crime,Action,Drama",en,12.631,2/5/1999,6.8,1445
2005,Sister Act,"Music,Comedy",en,17.938,5/28/1992,6.8,2632
534490,Avengement,"Crime,Action",en,20.175,5/24/2019,6.8,349
472734,Dumplin',"Comedy,Drama",en,9.751,12/20/2018,6.8,1246
454227,Outlaw King,"Action,History,Drama,War",en,19.747,9/6/2018,6.8,1267
30508,Berlin Calling,"Comedy,Drama,Music",de,6.902,10/1/2008,6.8,279
29702,Tenebre,"Horror,Mystery,Thriller",it,12.603,10/28/1982,6.8,436
238713,Spy,"Action,Comedy,Crime",en,32.739,5/6/2015,6.8,5301
77878,The Lady,Drama,en,8.509,11/30/2011,6.8,210
37768,Borotalco,Comedy,it,5.435,1/22/1982,6.8,397
10015,Heartbreak Ridge,"War,Action,Comedy,Drama",en,19.077,12/5/1986,6.8,786
9362,Tremors,"Horror,Comedy,Action,Science Fiction",en,26.938,1/19/1990,6.8,2589
2288,Closer,"Drama,Romance",en,17.258,12/3/2004,6.8,2724
1371,Rocky III,Drama,en,40.136,5/28/1982,6.8,3258
414770,Antiporno,"Drama,Mystery",ja,18.211,1/28/2017,6.8,309
10780,Overboard,"Comedy,Romance",en,19.653,12/16/1987,6.8,664
592984,Hillbilly Elegy,Drama,en,11.501,11/9/2020,6.8,723
579047,Reminiscence,"Mystery,Science Fiction",en,31.845,8/19/2021,6.8,1238
527246,How to Get Over a Breakup,Comedy,es,7.254,5/31/2018,6.8,219
393764,The African Doctor,Comedy,fr,8.66,6/8/2016,6.8,560
353486,Jumanji: Welcome to the Jungle,"Adventure,Action,Comedy,Fantasy",en,66.672,12/9/2017,6.8,11859
338953,Fantastic Beasts: The Secrets of Dumbledore,"Fantasy,Adventure,Action",en,1412.517,4/6/2022,6.8,2348
44835,Hesher,Drama,en,6.468,1/22/2010,6.8,528
39144,Dragon Ball: Curse of the Blood Rubies,"Action,Animation,Adventure,Comedy,Fantasy,Science Fiction",ja,37.478,12/20/1986,6.8,241
10362,Two Lovers,"Drama,Romance",en,8.229,11/19/2008,6.8,680
514921,The Aeronauts,"Adventure,Drama,Romance",en,22.118,11/4/2019,6.8,867
227973,The Peanuts Movie,"Adventure,Comedy,Animation,Family",en,29.803,11/1/2015,6.8,1347
11873,The Color of Money,Drama,en,11.591,10/17/1986,6.8,1037
8852,Prince of Darkness,Horror,en,10.261,10/23/1987,6.8,738
7551,Déjà Vu,"Action,Thriller,Science Fiction",en,23.291,11/22/2006,6.8,3932
817648,Home Team,"Family,Comedy",en,72.939,1/28/2022,6.8,550
440161,The Sisters Brothers,"Western,Drama,Adventure",en,13.776,9/19/2018,6.8,1609
427348,Carbone,"Thriller,Crime",fr,7.953,11/1/2017,6.8,337
417670,Loro 1,Drama,it,5.12,4/24/2018,6.8,490
370663,Below Her Mouth,"Drama,Romance",en,49.165,2/10/2017,6.8,974
13813,Defiance,"Action,Drama,History,War",en,17.242,12/31/2008,6.8,1458
539892,Freaks,"Science Fiction,Thriller,Drama,Mystery",en,52.303,9/13/2019,6.8,880
84332,Safety Not Guaranteed,"Comedy,Romance,Science Fiction,Drama",en,12.612,6/8/2012,6.8,1172
84175,Beasts of the Southern Wild,"Drama,Fantasy",en,7.52,6/29/2012,6.8,882
56804,Viaggi di nozze,Comedy,it,7.14,12/15/1995,6.8,443
95,Armageddon,"Action,Thriller,Science Fiction,Adventure",en,53.722,7/1/1998,6.8,6689
13192,Moonwalker,"Fantasy,Music",en,10.717,10/29/1988,6.8,432
11439,The Ghost Writer,"Thriller,Mystery",en,13.115,2/12/2010,6.8,1803
9871,Ginger Snaps,Horror,en,29.294,8/1/2000,6.8,651
9451,Election,Comedy,en,9.993,4/23/1999,6.8,802
513347,Flavors of Youth,"Animation,Romance,Drama",zh,41.788,8/4/2018,6.8,462
41233,Step Up 3D,"Drama,Romance",en,34.676,8/4/2010,6.8,1690
29161,Phenomena,"Horror,Thriller",en,8.254,1/25/1985,6.8,613
22947,Up in the Air,"Drama,Romance",en,13.023,9/5/2009,6.8,3043
22051,Adam,"Drama,Romance",en,7.291,7/7/2009,6.8,349
15723,The Big Kahuna,"Comedy,Drama",en,5.629,11/17/1999,6.8,297
919,Blood: The Last Vampire,"Animation,Fantasy,Horror",ja,19.289,11/18/2000,6.8,238
504603,The World Is Yours,"Comedy,Crime",fr,6.094,8/15/2018,6.8,356
399402,Hunter Killer,"Action,Thriller",en,35.717,10/19/2018,6.8,1744
300666,Bravetown,"Drama,Music",en,8.031,5/8/2015,6.8,269
15247,The Ipcress File,"Mystery,Thriller",en,12.879,3/18/1965,6.8,220
11774,Lemony Snicket's A Series of Unfortunate Events,"Adventure,Comedy,Family",en,27.877,12/16/2004,6.8,4371
8848,The Bank Job,"Thriller,Crime,Drama",en,16.121,2/28/2008,6.8,1790
554241,Playing with Fire,"Family,Comedy",en,20.409,11/8/2019,6.8,550
377799,One Man and his Cow,"Drama,Comedy",fr,5.692,2/17/2016,6.8,282
56415,A Gang Story,"Crime,Drama",fr,7.571,11/10/2011,6.8,273
33908,Three… Extremes,Horror,ko,6.61,8/20/2004,6.8,274
19200,Shadows and Fog,"Thriller,Comedy",en,8.715,12/5/1991,6.8,281
13285,Barbie Fairytopia: Mermaidia,"Animation,Family,Adventure,Fantasy",en,58.265,3/14/2006,6.8,562
10998,Fatal Attraction,"Drama,Thriller",en,16.898,9/11/1987,6.8,1106
2462,Hibernatus,"Comedy,Science Fiction",fr,8.66,9/10/1969,6.8,371
1991,Death Proof,"Action,Thriller",en,16.717,5/22/2007,6.8,4173
1833,Rent,"Drama,Romance",en,9.477,11/17/2005,6.8,480
1824,50 First Dates,"Comedy,Romance",en,28.197,2/13/2004,6.8,6137
296524,Deepwater Horizon,"Drama,Action",en,30.321,9/28/2016,6.8,3824
11843,The Return of the Pink Panther,"Mystery,Comedy,Crime",en,13.386,5/21/1975,6.8,440
11091,Riding in Cars with Boys,"Comedy,Drama,Romance",en,10.204,10/19/2001,6.8,385
16270,Career Opportunities,"Romance,Comedy",en,41.995,3/29/1991,6.8,440
2755,About Schmidt,"Drama,Comedy",en,8.278,12/12/2002,6.8,981
2140,Kiss of the Dragon,"Action,Crime,Thriller",en,23.654,7/6/2001,6.8,942
614292,Bad Tales,Drama,it,6.395,6/15/2020,6.8,467
338762,Bloodshot,"Action,Science Fiction",en,37.844,3/5/2020,6.8,4338
297725,The Man Who Killed Don Quixote,"Adventure,Comedy,Drama,Fantasy",en,7.43,5/19/2018,6.8,873
262551,Babysitting,Comedy,fr,11.256,4/16/2014,6.8,1689
19403,The Mechanic,"Action,Crime,Thriller",en,10.434,10/6/1972,6.8,204
11935,Capricorn One,"Drama,Action,Thriller,Science Fiction",en,11.935,12/10/1977,6.8,345
11381,Tommy Boy,Comedy,en,8.915,3/31/1995,6.8,763
811592,One Shot,Action,en,168.298,11/5/2021,6.8,677
10935,Heaven's Gate,"Drama,Western",en,11.21,11/19/1980,6.8,258
9563,Any Given Sunday,Drama,en,15.739,12/22/1999,6.8,1364
934761,A Perfect Pairing,"Comedy,Romance",en,180.507,5/19/2022,6.8,248
475132,A Private War,"War,Drama",en,14.223,11/16/2018,6.8,409
170522,Asterix: The Mansions of the Gods,"Animation,Comedy,Adventure,Family",fr,20.685,11/26/2014,6.8,1108
11013,Secretary,"Comedy,Drama,Romance",en,21.351,9/20/2002,6.8,1235
520765,Go!,Family,en,7.567,1/16/2020,6.8,200
500475,SuperFly,"Action,Crime",en,18.179,6/13/2018,6.8,312
15167,Barbie in the Nutcracker,"Animation,Family",en,52.659,9/30/2001,6.8,878
9647,Scrooged,"Fantasy,Comedy,Drama",en,10.688,11/22/1988,6.8,1163
504172,The Mule,"Crime,Drama,Thriller",en,34.749,12/14/2018,6.8,4166
426338,Holy Camp!,"Comedy,Romance",es,8.029,9/29/2017,6.8,317
65057,The Descendants,"Comedy,Drama",en,22.343,9/9/2011,6.8,2318
1871,Fantomas,"Comedy,Crime,Adventure,Fantasy",fr,10.831,11/4/1964,6.8,581
401847,Can You Ever Forgive Me?,"Drama,Crime,Comedy",en,10.175,10/19/2018,6.8,1065
253412,Everest,"Drama,Adventure,History",en,46.079,9/10/2015,6.8,4215
82992,Fast & Furious 6,"Action,Thriller,Crime",en,14.311,5/21/2013,6.8,9359
39013,Winter's Bone,Drama,en,8.97,6/11/2010,6.8,1429
13342,Fast Times at Ridgemont High,Comedy,en,18.652,8/13/1982,6.8,961
5854,Family Plot,"Comedy,Crime,Thriller",en,8.76,4/9/1976,6.8,339
4929,Hang 'em High,Western,en,14.4,7/31/1968,6.8,578
449992,The Night Comes for Us,"Action,Thriller,Crime",id,17.08,10/5/2018,6.8,522
446894,Smallfoot,"Family,Animation,Adventure,Fantasy",en,27.677,9/20/2018,6.8,1281
303857,Dragon Ball Z: Resurrection 'F',"Action,Animation,Science Fiction",ja,430.861,4/18/2015,6.8,1420
256917,The Water Diviner,"War,Drama",en,10.775,12/25/2014,6.8,1055
209451,Jersey Boys,"Music,Drama",en,10.42,6/5/2014,6.8,588
9059,Tales from the Crypt: Demon Knight,"Horror,Comedy,Thriller",en,15.041,1/13/1995,6.8,369
258152,Party Central,"Family,Comedy,Animation",en,7.321,2/20/2014,6.8,223
225574,Non-Stop,"Action,Thriller,Mystery",en,17.69,2/26/2014,6.8,4635
15157,Another Cinderella Story,"Comedy,Music",en,30.084,9/16/2008,6.8,1553
11092,Presumed Innocent,"Thriller,Crime,Mystery",en,11.775,7/26/1990,6.8,512
10019,Mannequin,"Fantasy,Comedy,Romance",en,16.27,2/13/1987,6.8,546
37735,Easy A,Comedy,en,44.063,9/16/2010,6.8,6017
11144,They Called Him Bulldozer,"Action,Comedy",it,12.936,9/15/1978,6.8,272
8769,Christine,Horror,en,29.42,5/11/1983,6.8,1529
188166,Blue Ruin,"Crime,Thriller",en,9.012,4/25/2014,6.8,1212
10649,The Enforcer,"Action,Crime,Thriller",en,12.136,12/20/1976,6.8,679
3509,A Scanner Darkly,"Animation,Science Fiction,Thriller",en,11.687,7/7/2006,6.8,1403
1246,Rocky Balboa,"Drama,Action",en,31.797,12/20/2006,6.8,2793
11708,Chitty Chitty Bang Bang,"Family,Music,Adventure,Fantasy,Comedy",en,15.036,12/17/1968,6.8,499
11592,Serial Mom,"Comedy,Crime,Thriller",en,8.737,4/13/1994,6.8,530
390734,Kingsglaive: Final Fantasy XV,"Animation,Science Fiction,Action",ja,41.552,7/9/2016,6.8,565
77459,A Monster in Paris,"Adventure,Animation,Comedy,Family,Fantasy",fr,30.408,10/12/2011,6.8,1054
569547,Black Mirror: Bandersnatch,"Science Fiction,Mystery,Drama,Thriller,TV Movie",en,15.681,12/28/2018,6.8,3364
283704,Leopardi,"Drama,History",it,5.304,10/16/2014,6.8,611
592863,Respect,"Music,Drama,History",en,30,8/12/2021,6.8,245
11162,The Merchant of Venice,"Drama,Romance",en,10.04,12/3/2004,6.8,470
577242,Kaamelott: The First Chapter,"Adventure,Fantasy,Comedy",fr,10.267,7/21/2021,6.8,490
348765,Alaska,Drama,it,5.798,11/5/2015,6.8,287
278427,Family Guy Presents: It's a Trap!,"Animation,Comedy,Science Fiction",en,12.314,5/22/2011,6.8,354
272693,The DUFF,"Romance,Comedy",en,34.274,2/20/2015,6.8,4031
98548,People Like Us,Drama,en,8.455,6/29/2012,6.8,524
12178,Miss Pettigrew Lives for a Day,"Drama,Comedy,Romance",en,6.735,3/7/2008,6.8,322
8193,Napoleon Dynamite,Comedy,en,12.25,6/11/2004,6.8,1466
431,Cube,"Thriller,Science Fiction,Mystery",en,18.346,9/9/1997,6.8,3851
441393,Ash Is Purest White,"Crime,Romance,Drama",zh,7.586,9/21/2018,6.8,220
332979,Bleed for This,Drama,en,13.646,11/4/2016,6.8,641
72190,World War Z,"Action,Drama,Horror,Science Fiction,Thriller",en,131.349,6/20/2013,6.8,13229
54441,Angel of Evil,"Crime,Drama",it,6.294,9/6/2010,6.8,238
9282,11:14,"Crime,Drama,Thriller,Mystery",en,8.886,9/5/2003,6.8,646
1125,Dreamgirls,"Drama,Music",en,13.448,12/25/2006,6.8,830
158011,The Call,"Crime,Thriller",en,30.945,3/14/2013,6.8,2537
86838,Seven Psychopaths,"Comedy,Crime",en,12.939,10/12/2012,6.8,3212
38537,Nati stanchi,Comedy,it,5.671,3/1/2002,6.8,211
25284,The Last Seduction,"Thriller,Crime,Romance,Drama",en,8.086,5/26/1994,6.8,261
15144,Sixteen Candles,"Comedy,Romance",en,15.338,5/4/1984,6.8,1784
1903,Vanilla Sky,"Romance,Science Fiction,Thriller",en,18.449,1/22/2001,6.8,3335
614560,Mank,"Drama,History",en,10.925,11/13/2020,6.8,1251
294963,Bone Tomahawk,"Western,Horror",en,19.126,10/23/2015,6.8,1686
50839,Margin Call,"Thriller,Drama",en,18.442,2/11/2011,6.8,1381
11163,Fellini Satyricon,"Drama,Fantasy",it,8.164,9/18/1969,6.8,259
9567,Tears of the Sun,"War,Action,Drama",en,43.254,3/7/2003,6.8,1798
9433,The Edge,"Action,Adventure,Drama",en,18.365,9/6/1997,6.8,932
482981,Wild Rose,"Music,Comedy,Drama",en,8.303,4/12/2019,6.8,250
369192,Battle of the Sexes,"Comedy,Drama,History",en,14.973,9/22/2017,6.8,1596
283366,Miss Peregrine's Home for Peculiar Children,"Fantasy,Adventure,Family,Drama",en,67.492,9/27/2016,6.8,8785
76726,Chronicle,"Science Fiction,Drama,Thriller",en,95.373,2/1/2012,6.8,4436
20762,The Substitute,"Action,Thriller",en,12.087,4/19/1996,6.8,318
332794,The Odyssey,"Adventure,Drama",fr,6.859,10/12/2016,6.8,351
150689,Cinderella,"Romance,Fantasy,Family,Drama",en,99.202,3/12/2015,6.8,6292
105077,Battlestar Galactica: The Plan,"Science Fiction,Action,Drama",en,10.969,10/27/2009,6.8,327
49049,Dredd,"Action,Science Fiction",en,22.86,9/7/2012,6.8,4208
44629,Animal Kingdom,"Drama,Thriller,Crime,Mystery",en,20.469,6/3/2010,6.8,638
138832,We're the Millers,"Comedy,Crime",en,39.128,8/7/2013,6.8,7578
131631,The Hunger Games: Mockingjay - Part 1,"Science Fiction,Adventure,Thriller",en,108.064,11/19/2014,6.8,13690
44249,The Legend Is Born: Ip Man,"Drama,Action,History",cn,3.107,6/24/2010,6.8,548
27554,The Panic in Needle Park,"Drama,Romance",en,9.58,6/1/1971,6.8,238
4985,The Longest Yard,"Crime,Comedy,Drama",en,10.075,8/21/1974,6.8,209
454,Romeo + Juliet,"Drama,Romance",en,24.918,11/1/1996,6.8,4289
548066,Level 16,"Science Fiction,Thriller",en,32.887,2/20/2018,6.8,459
55725,Win Win,"Drama,Comedy",en,6.085,3/18/2011,6.8,389
13682,Pooh's Heffalump Movie,"Family,Animation,Comedy,Fantasy",en,19.677,2/11/2005,6.8,358
6961,The Wedding Date,"Comedy,Romance",en,11.644,2/4/2005,6.8,999
567797,The Dry,"Crime,Thriller,Mystery",en,14.691,12/11/2020,6.8,379
286519,Boychoir,"Music,Drama",en,10.418,9/4/2014,6.8,229
186161,The Gilded Cage,Comedy,fr,5.22,4/19/2013,6.8,284
339405,Christine,Drama,en,8.056,10/14/2016,6.8,297
61667,We Have a Pope,"Drama,Comedy",it,6.965,4/15/2011,6.8,435
5038,Vicky Cristina Barcelona,"Drama,Romance",en,19.865,8/15/2008,6.8,3167
2163,Breakdown,"Crime,Drama,Mystery,Thriller",en,17.189,5/2/1997,6.8,674
1978,Stage Fright,Thriller,en,5.698,2/23/1950,6.8,222
400579,Tully,"Comedy,Drama",en,11.119,5/4/2018,6.8,1208
87502,Flight,Drama,en,18.755,11/2/2012,6.8,5124
477510,Dog Days,"Romance,Comedy",en,10.799,8/10/2018,6.8,235
277,Underworld,"Fantasy,Action,Thriller",en,33.199,9/19/2003,6.8,5293
57214,Project X,Comedy,en,129.159,3/1/2012,6.8,5264
16995,State of Play,"Thriller,Drama,Mystery",en,37.223,4/17/2009,6.8,1570
763152,More the Merrier,"Comedy,Romance",es,89.084,7/30/2021,6.8,356
739993,Metal Lords,"Comedy,Drama,Music",en,86.058,4/8/2022,6.8,341
523773,Little Italy,"Comedy,Romance",en,16.4,8/24/2018,6.8,524
256924,Danny Collins,"Music,Comedy,Drama",en,14.365,3/19/2015,6.8,432
198185,Million Dollar Arm,Drama,en,8.486,5/9/2014,6.8,523
159824,Hotel Transylvania 2,"Family,Animation,Comedy,Fantasy",en,66.65,9/21/2015,6.8,4906
2142,Cop Land,"Action,Crime,Drama",en,15.04,8/15/1997,6.8,1185
616651,Stillwater,"Drama,Crime,Thriller",en,36.223,7/29/2021,6.8,680
360920,The Grinch,"Animation,Family,Comedy,Fantasy",en,73.856,11/8/2018,6.8,3012
44351,Rabbits,"Mystery,Fantasy,Horror",en,7.534,1/1/2002,6.8,213
14924,Sid and Nancy,"Drama,Romance",en,8.525,10/24/1986,6.8,383
10222,Kickboxer,"Action,Thriller,Drama",en,21.84,4/20/1989,6.8,1094
796,Cruel Intentions,"Drama,Romance",en,39.806,3/5/1999,6.8,2652
24100,The Little Vampire,"Family,Adventure,Comedy,Fantasy",en,24.764,10/27/2000,6.8,335
2023,Hidalgo,"Western,Adventure,Action",en,19.224,2/4/2004,6.8,972
478159,Patrick,"Family,Comedy",en,8.19,6/29/2018,6.8,201
369770,The Sense of Wonder,"Comedy,Romance,Drama",fr,6.506,12/16/2015,6.8,238
340485,American Honey,Drama,en,8.846,9/30/2016,6.8,685
11522,Pretty in Pink,"Comedy,Romance",en,10.741,2/28/1986,6.8,904
8489,Ali,Drama,en,13.15,12/10/2001,6.8,1394
530723,Bad Education,"Drama,Crime,History,TV Movie",en,10.393,9/8/2019,6.8,521
491283,Judy,"Drama,History,Music",en,11.772,9/27/2019,6.8,972
21474,Bring It On: Fight to the Finish,Comedy,en,1.311,7/31/2009,6.8,445
11129,Human Traffic,"Comedy,Drama",en,8.3,6/4/1999,6.8,267
11086,The Majestic,"Drama,Romance",en,9.67,12/21/2001,6.8,584
11003,The Wedding Singer,"Romance,Comedy",en,14.307,2/13/1998,6.8,1403
1721,All the Way Boys,"Adventure,Action,Comedy",it,7.611,12/22/1972,6.8,306
606566,The Best Years,"Romance,Drama,History",it,6.392,2/13/2020,6.8,310
600583,The Power of the Dog,"Drama,Western",en,47.143,11/17/2021,6.8,1910
448776,A Prayer Before Dawn,"Drama,Action,Crime",en,23.008,5/24/2018,6.8,450
258322,Fasten Your Seatbelts,"Drama,Comedy",it,7.365,3/6/2014,6.8,232
33542,Rumble in the Bronx,"Crime,Action,Comedy,Thriller",cn,28.622,1/21/1995,6.8,744
28089,The Messenger,Drama,en,6.405,11/13/2009,6.8,330
25941,Harry Brown,"Thriller,Crime,Drama,Action",en,7.828,11/11/2009,6.8,787
2616,Uncle Buck,"Comedy,Drama,Family",en,11.816,8/16/1989,6.8,924
2255,Chasing Amy,"Comedy,Drama,Romance",en,12.032,4/4/1997,6.8,1098
774825,The Ice Age Adventures of Buck Wild,"Animation,Comedy,Adventure,Family",en,509.386,1/28/2022,6.8,1303
621870,Secret Society of Second Born Royals,"Action,Adventure,Comedy,Fantasy",en,66.709,9/25/2020,6.8,445
107985,The World's End,"Comedy,Action,Science Fiction",en,26.121,7/18/2013,6.8,4537
36568,Paulie,"Comedy,Family",en,11.459,4/17/1998,6.8,369
2266,"Paris, Je T'Aime","Drama,Romance",fr,11.527,6/21/2006,6.8,585
649394,Worth,"History,Drama",en,13.72,7/21/2021,6.8,213
318917,Look Who's Back,Comedy,de,13.152,10/8/2015,6.8,1522
11223,Coma,"Thriller,Horror,Mystery,Drama",en,8.323,1/6/1978,6.8,297
8976,A Lot Like Love,"Comedy,Drama,Romance",en,10.975,4/21/2005,6.8,1111
603519,Beats,"Drama,Music",en,10.782,6/19/2019,6.8,214
538225,Deadwood: The Movie,"TV Movie,Western",en,9.793,5/31/2019,6.8,275
44896,Rango,"Animation,Comedy,Family,Western,Adventure",en,65.65,3/2/2011,6.8,5400
26171,Everybody's Fine,Drama,en,8.129,12/4/2009,6.8,805
10785,The Thing From Another World,"Drama,Horror,Science Fiction",en,9.636,4/5/1951,6.8,434
9655,She's the Man,"Comedy,Drama,Romance",en,26.564,3/17/2006,6.8,2514
351145,Retribution,"Thriller,Drama",es,14.959,9/21/2015,6.8,363
512195,Red Notice,"Action,Comedy,Crime,Thriller",en,326.28,11/4/2021,6.8,3887
188927,Star Trek Beyond,"Action,Adventure,Science Fiction",en,31.65,7/7/2016,6.8,5784
126963,Dragon Ball Z: Battle of Gods,"Animation,Action,Science Fiction",ja,272.927,3/30/2013,6.8,1239
91745,Romeo & Juliet,"Drama,Romance",en,9.462,9/12/2013,6.8,509
41402,Let Me In,"Drama,Horror,Mystery",en,21.122,10/1/2010,6.8,1695
13510,Eden Lake,"Horror,Thriller",en,34.374,9/12/2008,6.8,1341
13179,Tinker Bell,"Animation,Family,Adventure,Fantasy",en,40.212,9/11/2008,6.8,1134
578701,Those Who Wish Me Dead,Thriller,en,74.789,5/5/2021,6.8,1184
460059,Burn Out,"Action,Thriller",fr,22.116,1/3/2018,6.8,314
353571,Tallulah,Drama,en,7.82,6/2/2016,6.8,628
157841,The Young and Prodigious T.S. Spivet,"Adventure,Drama,Family",en,25.844,10/16/2013,6.8,599
12626,Broadcast News,"Comedy,Romance",en,8.813,12/16/1987,6.8,311
11904,Young Sherlock Holmes,Adventure,en,8.887,12/4/1985,6.8,488
10115,Stick It,"Comedy,Drama",en,9.537,4/21/2006,6.8,473
9737,Bad Boys,"Action,Comedy,Crime,Thriller",en,35.101,4/7/1995,6.8,5250
228161,Home,"Fantasy,Comedy,Animation,Science Fiction,Family",en,46.233,3/18/2015,6.8,3404
28176,Tucker: The Man and His Dream,Drama,en,8.51,8/12/1988,6.8,292
20504,The Book of Eli,"Action,Thriller,Science Fiction",en,33.508,1/11/2010,6.8,5161
10692,Henry: Portrait of a Serial Killer,"Crime,Horror,Thriller",en,11.893,4/10/1986,6.8,513
522931,Hitman's Wife's Bodyguard,"Action,Comedy,Thriller",en,52.354,6/14/2021,6.8,1535
438747,Tangled: Before Ever After,"Adventure,Animation,Comedy,Family,Fantasy,TV Movie",en,19.216,3/10/2017,6.8,324
369885,Allied,"Action,Drama,War,Romance,Thriller",en,25.082,11/17/2016,6.8,3971
14609,Ultimate Avengers: The Movie,"Action,Animation,Family,Adventure,Science Fiction",en,29.448,2/21/2006,6.8,280
11022,Narc,"Crime,Drama,Thriller,Mystery",en,11.257,1/14/2002,6.8,396
9481,The Bone Collector,"Drama,Mystery,Thriller,Crime",en,30.771,11/4/1999,6.8,2837
9469,He Got Game,Drama,en,12.148,5/1/1998,6.8,554
4587,Mermaids,"Comedy,Drama,Romance",en,11.285,12/14/1990,6.8,406
1365,Monster's Ball,"Drama,Romance",en,10.038,6/7/2001,6.8,773
198184,Chappie,"Crime,Action,Science Fiction",en,108.515,3/4/2015,6.8,6918
51209,Kill the Irishman,"Action,Crime,Thriller,Drama",en,9.25,3/10/2011,6.8,496
37137,The Naked Gun 2½: The Smell of Fear,"Comedy,Crime",en,22.914,6/28/1991,6.8,1729
19548,The Restaurant,Comedy,fr,8.667,9/9/1966,6.8,376
17908,My Dog Skip,"Comedy,Drama,Family",en,9.201,1/12/2000,6.8,240
12706,Croupier,"Drama,Thriller",en,6.593,6/25/1998,6.8,216
12573,A Serious Man,"Comedy,Drama",en,8.776,9/30/2009,6.8,1675
752623,The Lost City,"Action,Adventure,Comedy",en,1242.491,3/24/2022,6.8,1589
19997,Niagara,Thriller,en,8.407,1/26/1953,6.8,287
13509,The Monster Squad,"Comedy,Action,Fantasy",en,8.619,8/14/1987,6.8,443
9387,Conan the Barbarian,"Adventure,Fantasy,Action",en,27.654,4/2/1982,6.8,1951
1947,An Unfinished Life,Drama,en,10.893,9/9/2005,6.8,494
463319,Shadow,"Action,Drama",zh,9.757,9/30/2018,6.8,258
10195,Thor,"Adventure,Fantasy,Action",en,612.27,4/21/2011,6.8,18497
37777,Acqua e sapone,"Comedy,Romance",it,6.848,10/27/1983,6.8,312
11448,Mighty Aphrodite,"Comedy,Romance",en,8.72,9/13/1995,6.8,527
2293,Mallrats,"Romance,Comedy",en,9.486,10/20/1995,6.8,977
1696,The Devil's Rejects,"Drama,Horror,Crime",en,14.539,7/22/2005,6.8,1121
1680,King Kong vs. Godzilla,"Action,Adventure,Science Fiction",ja,12.969,8/11/1962,6.8,224
591273,Fear Street: 1994,"Mystery,Horror",en,131.811,6/28/2021,6.8,1634
419635,Kodachrome,"Drama,Comedy",en,7.209,9/8/2017,6.8,335
261102,The Club of the Misunderstood,"Comedy,Drama,Fantasy,Romance",es,6.582,12/25/2014,6.8,376
249397,Nymphomaniac: Vol. II,"Drama,Mystery",en,46.401,12/25/2013,6.8,2463
10212,Ravenous,"Horror,Western,Adventure",en,11.351,3/16/1999,6.8,442
10156,History of the World: Part I,Comedy,en,13.891,6/12/1981,6.8,612
9953,A Love Song for Bobby Long,Drama,en,7.275,9/2/2004,6.8,284
1494,Curse of the Golden Flower,"Action,Drama,Fantasy",zh,18.128,12/14/2006,6.8,589
321697,Steve Jobs,"Drama,History",en,14.802,10/9/2015,6.8,3628
6973,In the Valley of Elah,"History,Drama,Thriller,Crime,Mystery",en,12.322,8/31/2007,6.8,792
416194,The Quake,"Action,Thriller",no,38.881,8/31/2018,6.8,545
252178,'71,"Thriller,Action,Drama,War",en,9.27,10/10/2014,6.8,908
174733,Metro,"Action,Thriller",ru,6.369,2/21/2013,6.8,275
4523,Enchanted,"Comedy,Family,Fantasy,Romance",en,64.756,11/20/2007,6.8,4644
65760,The Whistleblower,"Drama,Thriller,Crime",en,11.582,9/13/2010,6.8,431
14522,Black Beauty,"Adventure,Family",en,9.781,7/29/1994,6.8,295
9319,The Last Boy Scout,"Action,Thriller",en,21.476,3/19/1991,6.8,1476
337676,"Mektoub, My Love: Canto Uno","Romance,Drama",fr,10.699,9/7/2017,6.8,258
10258,The Madagascar Penguins in a Christmas Caper,"Animation,Comedy,Family",en,16.804,9/23/2005,6.8,239
2161,Fantastic Voyage,"Adventure,Science Fiction",en,6.875,8/24/1966,6.8,323
454527,Benedetta,"Drama,History,Romance",fr,29.146,7/9/2021,6.8,607
20115,Opera,"Thriller,Horror,Mystery",it,7.128,12/19/1987,6.8,335
634,Bridget Jones's Diary,"Comedy,Romance,Drama",en,19.579,4/13/2001,6.8,4255
646385,Scream,"Horror,Mystery,Thriller",en,364.119,1/12/2022,6.8,1506
154400,The Drop,"Drama,Crime",en,23.384,9/12/2014,6.8,1817
57243,The Women on the 6th Floor,Comedy,fr,5.712,12/20/2010,6.8,306
48175,7 and 8,Comedy,it,5.079,3/16/2007,6.8,586
41216,Legend of the Guardians: The Owls of Ga'Hoole,"Animation,Adventure,Family,Fantasy",en,22.952,7/10/2010,6.8,1911
12205,Dark Water,"Horror,Mystery",ja,9.561,1/19/2002,6.8,431
10552,Cat's Eye,"Horror,Thriller",en,23.816,4/12/1985,6.8,492
8942,Wendy and Lucy,Drama,en,6.159,12/10/2008,6.8,220
691,The Spy Who Loved Me,"Adventure,Action,Thriller",en,20.177,7/7/1977,6.8,1525
231176,Sun in Buckets,Comedy,it,5.692,10/31/2013,6.8,1520
207686,The House at the End of Time,"Horror,Drama,Fantasy",es,13.759,6/21/2013,6.8,248
63578,The Trip,"Comedy,Drama",en,5.355,4/24/2011,6.8,240
468202,The Girl in the Fog,"Crime,Thriller,Mystery",it,12.821,10/26/2017,6.8,874
458576,Monster Hunter,"Action,Fantasy,Adventure",en,190.509,12/3/2020,6.8,2636
303991,Demolition,"Comedy,Drama",en,14.745,4/6/2016,6.8,1738
10837,DuckTales: The Movie - Treasure of the Lost Lamp,"Adventure,Animation,Family,Comedy,Fantasy",en,16.262,8/3/1990,6.8,713
597094,First Love,"Crime,Action,Comedy,Thriller",ja,7.183,5/31/2019,6.8,211
421447,The Climb,"Comedy,Romance,Adventure",fr,9.928,1/25/2017,6.8,738
795,City of Angels,"Romance,Drama,Fantasy",en,19.364,4/10/1998,6.8,1772
464502,Acrimony,Thriller,en,21.403,3/30/2018,6.8,333
325189,Teen Beach 2,"TV Movie,Family,Comedy,Fantasy",en,17.316,6/26/2015,6.8,504
25475,Tinker Bell and the Lost Treasure,"Animation,Family,Adventure,Fantasy",en,52.192,9/3/2009,6.8,797
16962,Barbie Fairytopia: Magic of the Rainbow,"Animation,Family,Fantasy,Romance",en,35.87,3/13/2007,6.8,353
11959,UHF,Comedy,en,6.707,7/21/1989,6.8,248
10226,High Tension,"Horror,Thriller,Mystery",fr,15.482,6/18/2003,6.8,1016
543343,Guava Island,"Comedy,Thriller",en,7.45,4/13/2019,6.8,270
360784,Hidden,"Thriller,Horror",en,81.183,9/15/2015,6.8,627
13685,Bottle Rocket,"Comedy,Crime,Drama",en,10.023,2/21/1996,6.8,832
10846,The Tiger and the Snow,"Comedy,Drama,Romance",it,8.437,10/14/2005,6.8,419
760104,X,"Horror,Mystery,Thriller",en,85.217,3/17/2022,6.8,590
616803,Breaking Surface,"Thriller,Drama,Action",sv,27.67,2/14/2020,6.8,293
145247,The 100 Year-Old Man Who Climbed Out the Window and Disappeared,"Adventure,Comedy,Drama",sv,11.841,12/25/2013,6.8,785
82520,Return,Drama,en,6.618,2/10/2011,6.8,457
22798,Whip It,Drama,en,9.371,4/9/2009,6.8,885
9031,I'm for the Hippopotamus,"Action,Adventure,Comedy",it,12.571,11/30/1979,6.8,388
712,Four Weddings and a Funeral,"Comedy,Drama,Romance",en,15.706,3/9/1994,6.8,2163
655187,Coven,"Drama,History",eu,7.153,10/2/2020,6.8,226
49367,Two Sons of Francisco,"Drama,History,Music",pt,10.643,8/19/2005,6.8,322
38285,Il Ragazzo di Campagna,Comedy,it,6.615,12/20/1984,6.8,340
13691,Piglet's Big Movie,"Animation,Family",en,15.826,3/16/2003,6.8,284
9538,Scanners,"Science Fiction,Horror",en,12.728,1/14/1981,6.8,892
9374,Death Becomes Her,"Comedy,Fantasy,Horror",en,28.331,7/30/1992,6.8,2097
443463,Leave No Trace,Drama,en,14.795,6/29/2018,6.8,949
419709,Last Flag Flying,"Drama,Comedy",en,6.237,11/3/2017,6.8,361
352161,The Clan,"Drama,History,Crime",es,7.814,8/13/2015,6.8,341
347626,He's All That,"Romance,Comedy",en,87.777,8/27/2021,6.7,989
276843,What We Did on Our Holiday,Comedy,en,10.259,9/26/2014,6.8,428
13667,Better Off Dead...,Comedy,en,10.576,10/11/1985,6.8,375
12160,Wyatt Earp,"Western,Drama,Action,Adventure",en,17.202,6/24/1994,6.8,663
11780,Rob Roy,"Adventure,History,War,Drama,Action",en,9.886,4/13/1995,6.8,506
11319,The Rescuers,"Fantasy,Family,Animation,Adventure",en,15.183,6/22/1977,6.8,2087
10758,Waitress,"Drama,Comedy,Romance",en,8.861,5/25/2007,6.8,426
9749,Fletch,"Comedy,Crime,Mystery",en,7.918,5/31/1985,6.8,518
9654,The Italian Job,"Action,Crime",en,27.385,5/30/2003,6.8,4633
9272,The Good Son,Thriller,en,18.449,9/24/1993,6.8,770
9062,Love Story,"Romance,Drama",en,12.211,12/16/1970,6.8,548
535292,21 Bridges,"Crime,Action,Drama",en,25.651,10/24/2019,6.8,1571
15762,Night of the Creeps,"Horror,Comedy,Science Fiction",en,8.166,8/21/1986,6.8,378
2362,Westworld,"Adventure,Science Fiction,Western",en,21.113,8/15/1973,6.8,1011
1858,Transformers,"Adventure,Science Fiction,Action",en,18.956,6/27/2007,6.8,9467
244506,Camp X-Ray,Drama,en,34.649,10/17/2014,6.7,878
74465,We Bought a Zoo,"Drama,Comedy,Family",en,31.055,12/8/2011,6.7,2280
11307,The World According to Garp,Drama,en,7.149,8/13/1982,6.7,247
10897,The Little Rascals,"Romance,Comedy,Family",en,30.931,8/5/1994,6.7,973
9519,Chopper,"Crime,Drama,Thriller",en,9.791,6/21/2000,6.7,261
449443,Den of Thieves,"Action,Thriller,Crime",en,54.509,1/18/2018,6.7,2350
283235,99 Homes,Drama,en,9.851,9/25/2015,6.7,618
37686,Super 8,"Thriller,Science Fiction,Mystery",en,63.152,6/8/2011,6.7,5754
11455,Up in Smoke,Comedy,en,12.375,5/16/1978,6.7,451
401246,The Square,Drama,en,11.171,8/25/2017,6.7,1164
376570,Hush,"Horror,Thriller",en,18.94,3/12/2016,6.7,3885
347866,Hot Summer Nights,"Drama,Comedy,Crime",en,15.943,7/26/2018,6.7,561
618162,The Harder They Fall,Western,en,118.079,10/22/2021,6.7,736
46169,Twitches Too,"Drama,Family,Fantasy,TV Movie",en,21.893,10/12/2007,6.7,285
18377,200 Pounds Beauty,"Drama,Comedy,Romance",ko,19.928,12/14/2006,6.7,258
11185,"See No Evil, Hear No Evil","Comedy,Crime",en,12.437,5/12/1989,6.7,773
9789,My Brother Is an Only Child,"Comedy,Drama,History",it,10.276,3/28/2007,6.7,352
4547,Panic Room,"Crime,Drama,Thriller",en,17.552,3/29/2002,6.7,4115
467632,Bad Samaritan,"Thriller,Crime,Horror",en,18.161,4/19/2018,6.7,540
96724,Anna Karenina,"Drama,Romance",en,18.271,9/6/2012,6.7,1994
17894,The Beautician and the Beast,"Comedy,Romance",en,16.788,2/7/1997,6.7,294
9326,Romancing the Stone,"Adventure,Action,Comedy,Romance",en,21.445,3/30/1984,6.7,1449
4912,Confessions of a Dangerous Mind,"Comedy,Crime,Drama,Romance,Thriller",en,9.063,12/31/2002,6.7,929
632357,The Unholy,"Horror,Mystery",en,268.732,3/31/2021,6.7,1681
29917,Exam,"Thriller,Mystery",en,16.01,6/19/2009,6.7,1651
11253,Hellboy II: The Golden Army,"Action,Adventure,Mystery,Fantasy",en,76.12,7/11/2008,6.7,4383
776797,The Sadness,"Horror,Action,Thriller",zh,227.808,1/22/2021,6.7,241
205775,In the Heart of the Sea,"Thriller,Drama,Adventure,Action,History",en,23.297,11/20/2015,6.7,3516
10744,The Cooler,"Romance,Drama",en,6.941,11/26/2003,6.7,269
36647,Blade,"Horror,Action",en,50.193,8/21/1998,6.7,4862
9972,Lock Up,"Action,Crime",en,16.374,8/4/1989,6.7,922
9411,Fallen,"Crime,Drama,Action,Thriller,Horror",en,13.033,1/16/1998,6.7,1081
8348,Thunderbolt and Lightfoot,"Crime,Comedy,Action",en,11.156,5/23/1974,6.8,396
1870,Fantomas Unleashed,"Comedy,Crime,Adventure,Fantasy",fr,9.673,12/8/1965,6.7,395
13971,Wild Child,"Comedy,Drama,Romance",en,50.883,8/15/2008,6.7,1628
9740,Hannibal,"Crime,Drama,Thriller",en,9.185,2/8/2001,6.7,3844
8536,Superman II,"Science Fiction,Action,Adventure",en,20.414,12/4/1980,6.7,1833
3784,Frankie and Johnny,"Drama,Romance,Comedy",en,10.399,10/11/1991,6.7,440
43645,The Little Devil,"Comedy,Fantasy,Romance",it,5.639,7/1/1988,6.7,352
21481,Twitches,"Comedy,Drama,Family,Fantasy,TV Movie",en,22.933,10/14/2005,6.7,423
18095,Dragon Ball GT: A Hero's Legacy,"Animation,Family,Fantasy",ja,184.956,3/26/1997,6.7,247
14635,The Rookie,"Drama,Family",en,13.887,3/25/2002,6.7,347
11541,The Year of Living Dangerously,"Drama,Romance,War",en,8.427,12/17/1982,6.7,238
4566,Michael Clayton,"Drama,Thriller",en,11.665,7/12/2007,6.7,1341
496,Borat: Cultural Learnings of America for Make Benefit Glorious Nation of Kazakhstan,Comedy,en,15.773,11/1/2006,6.7,4420
629017,Run Hide Fight,"Action,Crime,Thriller",en,19.112,9/10/2020,6.7,264
619297,Sweet Girl,Action,en,103.327,8/18/2021,6.7,934
529106,Major Grom: Plague Doctor,"Action,Adventure",ru,126.802,4/1/2021,6.7,447
452970,Mazinger Z: Infinity,"Action,Science Fiction,Animation",ja,25.146,10/27/2017,6.7,248
79443,The Smurfs: A Christmas Carol,"Comedy,Family,Animation",en,14.602,12/2/2011,6.7,206
13258,Son of Rambow,Comedy,en,8.194,1/22/2007,6.7,362
11974,The 'Burbs,"Comedy,Horror,Thriller",en,10.116,2/17/1989,6.7,953
11313,Hearts in Atlantis,"Drama,Mystery",en,8.22,9/7/2001,6.7,407
1875,Fantomas vs. Scotland Yard,"Comedy,Crime,Adventure,Fantasy",fr,11.849,3/16/1967,6.7,401
105864,The Good Dinosaur,"Adventure,Animation,Family",en,84.223,11/14/2015,6.7,4696
51052,Arthur Christmas,"Drama,Animation,Family,Comedy",en,18.075,11/10/2011,6.7,1156
5994,The Family Man,"Comedy,Drama,Romance,Fantasy",en,13.89,12/12/2000,6.7,1550
653598,Spree,"Thriller,Horror,Comedy",en,86.156,8/14/2020,6.7,248
17467,Riki-Oh: The Story of Ricky,"Comedy,Action,Thriller",cn,12.96,10/5/1991,6.7,212
57112,Tu la conosci Claudia?,Comedy,it,6.704,12/15/2004,6.7,906
39104,Dragon Ball Z: Super Android 13!,"Action,Animation,Science Fiction",ja,136.279,7/11/1992,6.7,394
37233,The Firm,"Drama,Mystery,Thriller",en,17.67,6/30/1993,6.7,1592
31135,Mickey and the Beanstalk,"Family,Animation,Adventure,Fantasy",en,9.461,9/27/1947,6.7,226
14181,Boiler Room,"Crime,Drama,Thriller",en,12.089,2/18/2000,6.7,519
11838,Ju-on: The Grudge,Horror,ja,22.666,10/18/2002,6.7,588
11259,Far and Away,"Adventure,Drama,Romance,Western",en,12.608,5/22/1992,6.7,991
500682,The Highwaymen,"Crime,Drama,Thriller",en,14.256,3/15/2019,6.7,1645
499701,Dora and the Lost City of Gold,"Adventure,Comedy,Family,Fantasy",en,47.142,8/8/2019,6.7,1422
269650,Appleseed Alpha,"Animation,Science Fiction,Action",ja,11.103,5/28/2014,6.7,297
16367,Kinky Boots,"Comedy,Drama,Music",en,8.485,8/30/2005,6.7,280
8292,Four Brothers,"Action,Crime",en,20.097,8/11/2005,6.7,1698
517839,Border,"Fantasy,Drama,Crime",sv,15.536,9/27/2018,6.7,636
74513,Special Forces,"Action,Drama,War",fr,77.721,11/2/2011,6.7,445
14553,Stealing Beauty,"Drama,Romance",en,11.594,3/29/1996,6.7,438
14022,Slacker,"Comedy,Drama",en,4.913,7/5/1991,6.7,219
13312,Inside,Horror,fr,11.513,6/13/2007,6.7,595
1439,Anna and the King,"Drama,Romance,History",en,9.623,12/16/1999,6.7,637
790142,The Royal Treatment,"Romance,Comedy",en,82.448,1/20/2022,6.7,596
360605,Invisible Sister,"Fantasy,Adventure,Comedy,TV Movie",en,21.825,12/10/2015,6.7,256
245698,Pawn Sacrifice,"Thriller,Drama",en,9.933,9/16/2015,6.7,764
13648,Resident Evil: Degeneration,"Animation,Horror,Action,Science Fiction",en,32.238,2/13/2008,6.7,828
11507,Body Double,"Crime,Mystery,Thriller",en,14.966,10/25/1984,6.7,551
10045,District B13,"Action,Thriller,Science Fiction",fr,26.229,11/9/2004,6.7,1515
515195,Yesterday,"Comedy,Fantasy,Music,Romance",en,21.415,6/27/2019,6.7,3189
504631,Mermaid Down,"Horror,Fantasy,Mystery,Thriller",en,44.004,10/15/2019,6.7,232
474335,Uncle Drew,Comedy,en,23.442,6/27/2018,6.7,450
16992,The Boxer,"Drama,Romance",en,6.16,12/31/1997,6.7,210
11134,Police Story 3: Super Cop,"Action,Crime,Thriller",cn,19.032,7/4/1992,6.7,346
3573,Emma,"Romance,Comedy,Drama",en,12.607,8/2/1996,6.7,498
459992,Long Shot,"Comedy,Romance",en,17.262,5/2/2019,6.7,2204
381719,Peter Rabbit,"Animation,Adventure,Family",en,26.126,2/7/2018,6.7,1460
72432,Puncture,"Drama,Mystery",en,7.645,9/23/2011,6.7,311
412656,Chaos Walking,Science Fiction,en,74.2,2/24/2021,6.7,1818
116979,Chained,"Horror,Thriller,Crime",en,7.436,10/2/2012,6.7,352
14611,Ultimate Avengers 2: Rise of the Panther,"Adventure,Animation,Action,Science Fiction",en,26.129,8/8/2006,6.7,231
11497,All Dogs Go to Heaven,"Drama,Animation,Family,Comedy,Fantasy",en,14.061,11/17/1989,6.7,831
8456,Never Back Down,"Drama,Action",en,40.999,3/4/2008,6.7,1967
660833,Multiverse,"Drama,Science Fiction",en,8.678,11/12/2021,6.7,241
209263,Enough Said,"Comedy,Drama,Romance",en,9.962,9/18/2013,6.7,669
21683,Batman: Mysteriet om Batkvinden,"Adventure,Fantasy,Animation,Action,Science Fiction",en,14.286,10/21/2003,6.7,306
10399,Mansfield Park,"Romance,Drama",en,10.204,11/12/1999,6.7,261
257,Oliver Twist,"Crime,Drama,Family",en,12.609,9/23/2005,6.7,1000
294254,Maze Runner: The Scorch Trials,"Science Fiction,Action,Thriller,Adventure",en,110.579,9/9/2015,6.7,8971
53957,La matassa,Comedy,it,4.785,3/13/2009,6.7,417
27585,Rabbit Hole,Drama,en,10.519,12/16/2010,6.7,481
7985,Penelope,"Fantasy,Comedy,Romance",en,12.247,3/1/2006,6.7,1227
16121,The Big Red One,"Drama,War",en,7.934,1/22/1980,6.7,219
9100,The Craft,"Horror,Drama,Fantasy",en,33.786,5/3/1996,6.7,1462
578189,Black and Blue,"Drama,Action,Thriller",en,20.844,10/25/2019,6.7,650
254375,Hector and the Search for Happiness,"Adventure,Drama,Comedy",en,9.885,8/14/2014,6.7,710
13763,Purple Rain,"Drama,Music,Romance",en,8.22,7/27/1984,6.7,284
11880,Dog Soldiers,"Horror,Action,Thriller",en,9.599,5/10/2002,6.7,650
11633,Appleseed,"Animation,Action,Science Fiction",ja,9.124,4/17/2004,6.7,284
617502,Jolt,"Action,Thriller",en,87.489,7/15/2021,6.7,945
107846,Escape Plan,"Action,Thriller",en,40.799,10/9/2013,6.7,4370
62630,The Devil's Double,"Drama,Action,Thriller,Crime,War",en,12.571,2/11/2011,6.7,459
46655,The Little Bather,Comedy,fr,7.495,3/22/1968,6.7,279
1552,Parenthood,Comedy,en,9.109,7/31/1989,6.7,506
276844,The Little Death,"Drama,Comedy,Romance",en,9.426,6/13/2014,6.7,391
15171,Charlotte's Web,"Family,Music,Animation,Drama,Comedy",en,10.023,3/1/1973,6.7,305
10060,Get Rich or Die Tryin',"Drama,Crime,Music",en,34.574,11/9/2005,6.7,709
14392,The Warlords,"Action,Drama,History",zh,13.242,12/12/2007,6.7,236
13676,The Little Mermaid: Ariel's Beginning,"Family,Animation",en,4.687,8/25/2008,6.7,829
8880,Che: Part Two,"Drama,History,War",en,10.425,12/12/2008,6.7,498
8871,How the Grinch Stole Christmas,"Family,Comedy,Fantasy",en,85.117,11/17/2000,6.7,6010
7443,Chicken Run,"Animation,Comedy,Family",en,46.643,6/21/2000,6.7,4075
347026,A United Kingdom,"Drama,History",en,12.422,11/25/2016,6.7,444
254578,Phoenix,Drama,de,6.935,9/25/2014,6.7,337
10729,Quick Change,"Comedy,Crime",en,19.853,7/13/1990,6.7,272
10586,The Ghost and the Darkness,"Adventure,Horror",en,23.762,10/11/1996,6.7,772
9960,Lord of the Flies,"Thriller,Adventure,Drama",en,10.199,8/13/1963,6.7,425
858,Sleepless in Seattle,"Comedy,Drama,Romance",en,15.091,6/24/1993,6.7,1872
471474,Batman: Gotham by Gaslight,"Thriller,Action,Animation,Science Fiction",en,17.674,1/12/2018,6.7,561
239566,Get on Up,"Drama,Music",en,9.685,8/1/2014,6.7,429
44718,Get Low,"Comedy,Drama,Mystery",en,8.99,9/21/2009,6.7,227
38050,The Adjustment Bureau,"Science Fiction,Thriller,Romance",en,19.135,3/3/2011,6.7,3844
37606,Valmont,"Drama,Romance",en,8.923,11/17/1989,6.7,206
8967,The Tree of Life,"Drama,Fantasy",en,16.596,5/17/2011,6.7,2609
8355,Ice Age: Dawn of the Dinosaurs,"Animation,Comedy,Family,Adventure",en,105.289,6/26/2009,6.7,7029
6435,Practical Magic,"Romance,Comedy,Fantasy",en,16.125,10/16/1998,6.7,1193
299582,A Royal Christmas,"TV Movie,Romance,Family,Comedy",en,8.619,11/21/2014,6.7,212
11235,Local Hero,"Comedy,Drama",en,7.335,2/17/1983,6.7,251
399170,Logan Lucky,"Action,Comedy,Crime,Drama",en,30.906,8/17/2017,6.7,2913
27995,She's Gotta Have It,"Comedy,Romance",en,7.416,8/8/1986,6.7,242
10364,Catch-22,"War,Comedy,Drama",en,7.778,6/24/1970,6.7,227
8835,Legally Blonde,Comedy,en,36.648,7/13/2001,6.7,3157
616037,Thor: Love and Thunder,"Action,Adventure,Fantasy",en,8772.151,7/6/2022,6.7,1317
504562,Motherless Brooklyn,"Drama,Thriller",en,13.434,10/31/2019,6.7,1166
390669,One Kiss,"Romance,Comedy",it,6.146,3/31/2016,6.7,260
9318,Asterix in Britain,"Family,Animation,Adventure,Comedy",fr,6.987,12/3/1986,6.7,526
455980,Tag,"Comedy,Action",en,25.904,5/30/2018,6.7,2590
381262,In Her Name,"Drama,Crime",fr,6.052,3/16/2016,6.7,268
22307,Sisters,"Horror,Mystery,Thriller",en,6.654,3/26/1973,6.7,268
13640,Superman: Doomsday,"Action,Animation,Science Fiction,Family",en,49.488,9/18/2007,6.7,484
11009,Saturday Night Fever,"Drama,Music",en,15.33,12/16/1977,6.7,1568
9367,El Mariachi,"Action,Crime,Thriller",es,15.633,9/4/1992,6.7,888
2179,Tenacious D in The Pick of Destiny,"Comedy,Music",en,15.208,11/22/2006,6.7,1281
581387,Ashfall,"Action,Adventure,Thriller",ko,108.892,12/19/2019,6.7,417
443009,"Don't Worry, He Won't Get Far on Foot","Comedy,Drama",en,11.327,4/4/2018,6.7,543
283350,Before We Go,"Comedy,Drama,Romance",en,19.638,9/4/2014,6.7,1546
10591,The Girl Next Door,"Comedy,Romance",en,38.95,4/9/2004,6.7,2817
9819,Marvin's Room,Drama,en,10.864,12/18/1996,6.7,504
658751,Rising High,"Comedy,Drama",de,10.069,4/17/2020,6.7,234
484510,Trolls Holiday,"Adventure,Animation,Family,Fantasy",en,24.214,11/1/2017,6.7,404
212716,What If,"Drama,Comedy,Romance",en,12.864,9/7/2013,6.7,1725
82703,Mr. Peabody & Sherman,"Animation,Adventure,Family",en,37.533,2/7/2014,6.7,2031
33196,Tidal Wave,"Action,Drama,Thriller",ko,16.722,6/6/2009,6.7,285
12509,Pollock,"Drama,Romance",en,5.194,9/6/2000,6.7,243
11542,Altered States,"Horror,Science Fiction,Thriller",en,15.439,12/25/1980,6.7,493
8699,Anchorman: The Legend of Ron Burgundy,Comedy,en,16.786,7/9/2004,6.7,3479
4271,Life Is a Long Quiet River,Comedy,fr,5.836,2/3/1988,6.7,341
2016,Days of Glory,"Drama,History,War",fr,5.954,9/27/2006,6.7,308
599845,The Immortal,"Crime,Drama,Thriller",it,17.749,12/5/2019,6.7,400
185567,Zulu,"Crime,Drama,Thriller",en,7.492,12/4/2013,6.7,403
28942,The Brood,"Horror,Science Fiction",en,9.522,5/25/1979,6.7,525
13820,Repo Man,"Comedy,Science Fiction",en,11.788,2/20/1984,6.7,448
591,The Da Vinci Code,"Thriller,Mystery",en,27.467,5/17/2006,6.7,7948
463858,The Freshmen,"Comedy,Drama",fr,17.454,9/12/2018,6.7,613
48415,Benvenuti al Sud,Comedy,it,10.755,10/1/2010,6.7,1640
12246,Mongol: The Rise of Genghis Khan,"History,Adventure,War,Action",ru,14.779,9/20/2007,6.7,483
12233,Oliver & Company,"Animation,Comedy,Family",en,18.61,11/18/1988,6.7,1304
12223,The Stepford Wives,"Horror,Mystery,Science Fiction,Thriller",en,7.317,2/12/1975,6.7,231
11558,Silver Streak,"Comedy,Crime,Romance,Thriller",en,9.273,12/3/1976,6.7,243
57737,Barbie: A Fairy Secret,"Animation,Family,Fantasy",en,48.786,3/1/2011,6.7,389
46138,Made in Dagenham,"Comedy,Drama,History",en,8.631,9/11/2010,6.7,237
9919,How to Lose a Guy in 10 Days,"Comedy,Romance",en,23.987,2/7/2003,6.7,3098
4978,An American Tail,"Drama,Family,Animation,Adventure",en,11.895,11/21/1986,6.7,1096
402529,All Eyez on Me,"Music,Drama",en,25.89,6/12/2017,6.7,1037
10855,Naked Weapon,"Action,Drama,Thriller",cn,4.508,11/15/2002,6.7,271
4517,Elizabeth: The Golden Age,"Drama,History,Romance",en,17.502,9/9/2007,6.7,1036
1701,Con Air,"Action,Thriller,Crime",en,28.628,6/5/1997,6.7,3350
913,The Thomas Crown Affair,"Drama,Crime,Romance",en,13.949,8/6/1999,6.7,936
667869,The Life Ahead,Drama,it,8.698,11/3/2020,6.7,470
644495,House of Gucci,"Drama,Crime,History",en,102.898,11/24/2021,6.7,1878
597891,Kate,Action,en,69.889,9/10/2021,6.7,1085
542830,Little White Lies 2,"Comedy,Drama",fr,12.326,5/1/2019,6.7,608
532953,Purl,"Animation,Comedy",en,7.128,1/18/2019,6.7,221
438799,Overlord,"Horror,War,Science Fiction",en,30.619,11/1/2018,6.7,2357
392044,Murder on the Orient Express,"Mystery,Crime,Drama",en,27.145,11/3/2017,6.7,8491
384664,Goodbye Berlin,"Drama,Comedy",de,8.967,9/15/2016,6.7,219
30596,Bodyguards and Assassins,"Drama,Action,History",cn,9.001,12/18/2009,6.7,312
13851,Batman: Gotham Knight,"Science Fiction,Animation,Action,Adventure",en,13.003,7/8/2008,6.7,517
7012,The Day After,"Science Fiction,Drama,TV Movie",en,9.274,11/28/1983,6.7,277
2897,Around the World in Eighty Days,"Adventure,Comedy,Family,Fantasy,Romance",en,14.578,10/17/1956,6.7,379
956,Mission: Impossible III,"Adventure,Action,Thriller",en,31.062,5/3/2006,6.7,5477
585216,Escape Room: Tournament of Champions,"Horror,Thriller,Mystery",en,174.4,7/1/2021,6.7,1263
374458,Graduation,Drama,ro,8.443,5/20/2016,6.7,225
316152,Free State of Jones,"Action,Drama,History,War",en,16.924,6/24/2016,6.7,1250
15674,Sabrina the Teenage Witch,"TV Movie,Fantasy,Family,Comedy",en,10.842,4/7/1996,6.7,273
12508,Rock Star,"Music,Drama,Comedy",en,17.492,9/4/2001,6.7,605
10096,13 Going on 30,"Comedy,Fantasy,Romance",en,26.798,4/13/2004,6.7,4307
546630,100 Things,Comedy,de,12.977,12/6/2018,6.7,217
511322,The Good Liar,Crime,en,16.081,11/8/2019,6.7,877
454467,Noelle,"Family,Comedy,Fantasy",en,11.669,11/20/2020,6.7,243
119675,Behind the Candelabra,"Drama,Romance",en,9.953,5/26/2013,6.7,642
31608,Three Fugitives,"Comedy,Crime",en,9.073,1/27/1989,6.7,224
11967,Young Guns,"Western,Crime,Action,Adventure",en,11.883,2/17/1988,6.7,723
11302,Bananas,Comedy,en,7.925,4/28/1971,6.7,559
943,Lethal Weapon 3,"Adventure,Action,Comedy,Thriller,Crime",en,21.618,5/15/1992,6.7,2335
568091,Fractured,Thriller,en,48.406,9/22/2019,6.7,1872
339419,Loving,"Drama,Romance",en,14.409,11/4/2016,6.7,805
200505,Draft Day,Drama,en,14.954,4/11/2014,6.7,766
8872,Wayne's World,"Comedy,Music",en,11.832,2/14/1992,6.7,1812
5486,A Bay of Blood,"Horror,Thriller",it,9.955,9/8/1971,6.7,286
287,Bull Durham,"Comedy,Romance",en,9.028,6/15/1988,6.7,444
448119,Dolittle,"Family,Fantasy,Adventure",en,48.821,1/1/2020,6.7,3020
424783,Bumblebee,"Action,Adventure,Science Fiction",en,51.225,12/15/2018,6.7,5061
334522,Alone in Berlin,"War,Thriller,Drama",en,9.643,2/15/2016,6.7,324
190880,"Me, Myself and Mum",Comedy,fr,5.322,11/20/2013,6.7,592
493551,Operation Finale,"Drama,History,Thriller",en,13.644,8/29/2018,6.7,777
397243,The Autopsy of Jane Doe,"Horror,Mystery",en,52.504,12/21/2016,6.7,3340
35554,Cado dalle nubi,Comedy,it,5.218,11/27/2009,6.7,1483
9558,King of New York,"Thriller,Crime",en,8.279,7/18/1990,6.7,470
2669,The Bounty,"Action,Drama,History",en,11.044,5/4/1984,6.7,400
732670,LEGO Star Wars Holiday Special,"Animation,Family,Adventure,Comedy,Science Fiction",en,26.435,11/17/2020,6.7,243
301351,We Are Your Friends,"Drama,Music,Romance,Comedy",en,32.984,8/26/2015,6.7,2045
166076,Superman: Unbound,"Animation,Action,Adventure",en,14.839,4/23/2013,6.7,309
45610,Machine Gun Preacher,"Action,Thriller,Crime",en,65.088,9/23/2011,6.7,837
605,The Matrix Revolutions,"Adventure,Action,Thriller,Science Fiction",en,35.205,11/5/2003,6.7,8239
97,Tron,"Science Fiction,Action,Adventure",en,24.912,7/9/1982,6.7,1777
55420,Another Earth,"Drama,Science Fiction",en,9.457,7/22/2011,6.7,1337
38199,Unthinkable,"Drama,Thriller",en,25.26,6/14/2010,6.7,954
17332,The Soloist,"Drama,Music",en,12.538,4/24/2009,6.7,638
15854,Kung Fu Panda: Secrets of the Furious Five,"Animation,Family,Action",en,23.748,11/8/2008,6.7,324
12684,Sabotage,"Drama,Thriller",en,11.312,1/8/1937,6.7,232
2621,Return to Me,"Romance,Comedy",en,8.628,4/7/2000,6.7,320
298,Ocean's Thirteen,"Crime,Thriller",en,22.608,6/6/2007,6.7,5340
462883,Woody Woodpecker,"Comedy,Family,Animation",en,55.606,10/5/2017,6.7,592
336882,The Wave,Thriller,no,28.675,8/28/2015,6.7,1067
284303,Goodnight Mommy,"Drama,Horror,Thriller,Mystery",de,31.334,10/7/2014,6.7,1255
10510,Miracle on 34th Street,"Fantasy,Drama,Family",en,11.645,11/18/1994,6.7,819
9599,The Blob,"Horror,Science Fiction",en,13.298,8/5/1988,6.7,650
5255,The Polar Express,"Animation,Family,Adventure,Fantasy,Comedy",en,50.722,11/10/2004,6.7,5150
1936,River of No Return,"Action,Adventure,Drama,Music,Romance,Western",en,9.788,4/30/1954,6.7,311
350499,Pokémon the Movie: Hoopa and the Clash of Ages,"Family,Adventure,Animation,Action,Fantasy",ja,71.865,7/18/2015,6.7,207
24016,The Sheltering Sky,"Adventure,Drama,Romance",en,6.853,10/24/1990,6.7,200
337167,Fifty Shades Freed,"Drama,Romance",en,150.36,1/17/2018,6.7,6949
278236,X+Y,Drama,en,11.619,3/13/2014,6.7,470
46195,Rio,"Animation,Adventure,Comedy,Family",en,87.775,4/3/2011,6.7,5625
11184,Kinsey,Drama,en,8.41,9/4/2004,6.7,355
10133,Cypher,"Thriller,Science Fiction",en,7.298,10/1/2002,6.7,444
2925,The First Wives Club,Comedy,en,12.442,9/20/1996,6.7,630
653744,Sergio,Drama,en,9.098,1/28/2020,6.7,273
505948,I Am Mother,"Science Fiction,Thriller",en,20.904,6/7/2019,6.7,2089
353066,The Vanishing of Sidney Hall,"Mystery,Drama",en,8.94,3/2/2018,6.7,204
581726,Infinite,"Science Fiction,Action,Thriller",en,181.52,9/9/2021,6.7,1128
11371,The Score,"Action,Crime,Thriller,Mystery",en,15.158,7/13/2001,6.7,1320
10731,The Client,"Drama,Thriller,Crime,Mystery",en,14.871,7/20/1994,6.7,881
1909,Don Juan DeMarco,"Romance,Drama,Comedy",en,15.275,10/12/1994,6.7,616
768,From Hell,"Horror,Mystery,Thriller",en,27.136,2/8/2001,6.7,2328
136799,Trolls,"Family,Animation,Fantasy,Adventure,Comedy,Music",en,60.5,10/13/2016,6.7,3056
39514,RED,"Action,Adventure,Comedy,Crime,Thriller",en,29.183,10/13/2010,6.7,5762
30163,Fugitives,"Comedy,Crime",fr,5.036,12/17/1986,6.7,296
18198,Barbie Mariposa,"Animation,Fantasy,Family",en,48.546,2/26/2008,6.7,415
10873,Shadow of the Vampire,"Drama,Horror",en,7.003,5/15/2000,6.7,448
10675,Frantic,"Thriller,Crime,Mystery",en,12.272,2/16/1988,6.7,779
549,Basquiat,"Drama,History",en,5.132,8/9/1996,6.7,234
615667,Ma Rainey's Black Bottom,"Drama,Music",en,9.068,11/25/2020,6.7,919
250235,Tutta colpa di Freud,Comedy,it,5.131,1/23/2014,6.7,943
21159,The Last Man on Earth,"Horror,Science Fiction",en,13.408,3/8/1964,6.7,309
9659,Mad Max,"Adventure,Action,Thriller,Science Fiction",en,26.225,4/12/1979,6.7,3473
8736,Dikkenek,Comedy,fr,6.234,6/21/2006,6.7,569
310,Bruce Almighty,"Fantasy,Comedy",en,45.43,5/23/2003,6.7,9242
547565,The Night House,"Horror,Thriller,Mystery",en,21.278,7/15/2021,6.7,676
484641,Anna,"Thriller,Action",fr,27.95,6/19/2019,6.7,2125
65291,Green Lantern: Emerald Knights,"Action,Adventure,Animation,Science Fiction,Drama",en,49.369,4/9/2011,6.7,409
39513,Paul,"Adventure,Comedy,Science Fiction",en,70.765,2/14/2011,6.7,4830
513045,Stuber,"Action,Comedy",en,19.941,7/11/2019,6.7,1055
416186,Godard Mon Amour,"Drama,Romance,Comedy",fr,6.751,6/24/2017,6.7,285
262391,Serial (Bad) Weddings,Comedy,fr,14.169,4/16/2014,6.7,3059
11340,Banana Joe,"Action,Comedy",it,9.537,3/24/1982,6.7,383
10464,"Corrina, Corrina","Comedy,Drama,Family,Romance",en,7.319,8/12/1994,6.7,374
8328,Step Up 2: The Streets,"Music,Drama,Romance",en,24.899,2/14/2008,6.7,1991
44251,Dragon Ball Z: Broly – Second Coming,"Animation,Action,Science Fiction",ja,164.989,3/12/1994,6.7,517
7229,Ruby & Quentin,"Comedy,Crime",fr,8.713,10/22/2003,6.7,651
645710,The Voyeurs,Thriller,en,55.399,8/25/2021,6.7,506
575776,Saint Maud,"Drama,Horror,Mystery",en,17.015,10/9/2020,6.7,440
75900,My Week with Marilyn,"Drama,Romance",en,11.697,11/23/2011,6.7,1097
52744,Falling in Love,"Drama,Romance",en,10.772,11/21/1984,6.7,275
13448,Angels & Demons,"Thriller,Mystery",en,78.551,5/13/2009,6.7,5876
244772,The Skeleton Twins,Drama,en,6.634,6/5/2014,6.7,544
12651,Memphis Belle,"Drama,War,Action",en,9.726,9/7/1990,6.7,292
3989,Team America: World Police,"Adventure,Action,Comedy",en,11.337,1/14/2004,6.7,1505
328425,The Gift,"Thriller,Mystery,Drama",en,11.676,7/31/2015,6.7,2724
16395,Inferno,"Horror,Thriller",it,7.874,2/7/1980,6.7,449
8065,21,"Drama,Crime",en,28.538,3/27/2008,6.7,3929
177699,Alan Partridge: Alpha Papa,Comedy,en,6.506,7/24/2013,6.7,362
406994,Better Watch Out,"Comedy,Horror,Thriller",en,18.313,10/6/2017,6.7,1155
727293,The Tender Bar,Drama,en,38.86,12/17/2021,6.7,340
450465,Glass,"Thriller,Drama,Science Fiction",en,116.228,1/16/2019,6.7,7061
445793,Husband & Wife,Comedy,it,6.068,4/13/2017,6.7,299
429662,Viceroy's House,"Drama,History",en,7.502,3/3/2017,6.7,235
16241,The Boys from Brazil,"Drama,Mystery,Science Fiction",en,7.85,10/5/1978,6.7,299
9726,A Good Year,"Comedy,Drama,Romance",en,10.19,9/9/2006,6.7,1234
4437,2010,"Thriller,Science Fiction",en,19.061,12/6/1984,6.7,746
790,The Fog,Horror,en,15.168,2/8/1980,6.7,1127
517116,Haunt,"Horror,Thriller",en,23.082,9/13/2019,6.7,821
435126,Perfect Strangers,"Drama,Comedy",es,18.052,12/1/2017,6.7,562
290864,Kung Fu Jungle,"Action,Thriller,Crime",cn,22.51,10/31/2014,6.7,337
280217,The Lego Movie 2: The Second Part,"Action,Adventure,Animation,Comedy,Family",en,38.562,1/26/2019,6.7,1739
10629,Veronica Guerin,"Drama,Crime,Thriller",en,8.44,7/11/2003,6.7,229
494974,Red Joan,"Thriller,History",en,13.47,9/13/2018,6.7,292
426249,Lords of Chaos,"Drama,Music,Horror,Thriller",en,13.142,9/20/2018,6.7,309
313922,Green Room,"Horror,Crime,Thriller",en,16.435,9/25/2015,6.7,2216
13061,Your Friend the Rat,"Animation,Family",en,11.685,11/6/2007,6.7,272
571891,Pokemon the Movie: Mewtwo Strikes Back - Evolution,"Animation,Adventure,Fantasy,Action,Family",ja,171.857,7/12/2019,6.7,390
340176,Tag,"Thriller,Comedy,Action,Horror",ja,12.643,5/11/2015,6.7,254
262789,Ti ricordi di me?,"Romance,Comedy",it,5.101,4/3/2014,6.7,229
46146,Troll Hunter,"Fantasy,Horror",nb,24.372,10/29/2010,6.7,1291
9781,Detroit Rock City,"Comedy,Music",en,12.561,8/13/1999,6.7,315
823855,I Am All Girls,"Crime,Drama,Mystery,Thriller",en,44.808,5/14/2021,6.7,214
339095,The Last Days of American Crime,"Action,Crime,Thriller",en,10.095,6/5/2020,6.7,735
10316,The Ides of March,Drama,en,12.077,9/24/2011,6.7,2052
373571,Godzilla: King of the Monsters,"Science Fiction,Action",en,83.702,5/29/2019,6.7,4912
28696,The Wild One,Drama,en,8.105,12/30/1953,6.7,226
11601,Stir of Echoes,Horror,en,8.335,9/10/1999,6.7,964
9869,Patriot Games,"Drama,Action,Thriller,Crime",en,14.272,6/4/1992,6.7,1279
610253,Halloween Kills,"Horror,Thriller",en,260.686,10/14/2021,6.7,1834
458594,Peppermint,"Action,Thriller",en,29.657,9/6/2018,6.7,1691
201749,Mr. Morgan's Last Love,"Drama,Comedy",en,6.261,8/22/2013,6.7,219
15592,Beaches,"Comedy,Drama",en,7.241,12/21/1988,6.7,204
4349,The Kingdom,"Thriller,Action,Drama",en,14.225,8/22/2007,6.7,1314
4108,The Transporter,"Action,Crime,Thriller",en,39.001,10/2/2002,6.7,4397
375183,A Family Man,Drama,en,19.024,5/18/2017,6.7,438
360638,The Student and Mister Henri,"Drama,Comedy",fr,6.416,10/7/2015,6.7,317
329996,Dumbo,"Family,Fantasy,Adventure",en,31.664,3/27/2019,6.7,3796
135397,Jurassic World,"Action,Adventure,Science Fiction,Thriller",en,212.653,6/6/2015,6.7,18268
20156,Exotica,"Drama,Mystery",en,10.855,11/30/1994,6.7,214
2001,We Own the Night,"Drama,Crime,Thriller",en,11.159,10/9/2007,6.7,1078
244539,Infinitely Polar Bear,"Drama,Comedy",en,6.781,1/18/2014,6.7,322
10183,Frozen River,Drama,en,8.091,3/26/2008,6.7,242
150,48 Hrs.,"Thriller,Action,Comedy,Crime,Drama",en,13.811,12/7/1982,6.7,1149
468362,The Angel,"Action,Drama,History,Thriller,War",en,8.333,5/15/2018,6.7,245
454458,UglyDolls,"Family,Animation,Music",en,20.586,5/1/2019,6.7,364
353070,Going in Style,"Crime,Comedy",en,25.09,4/6/2017,6.7,2359
34942,Balto III: Wings of Change,"Family,Adventure,Animation",en,11.069,4/14/2004,6.7,283
574376,Eye for an Eye,"Drama,Thriller,Crime",es,8.135,8/30/2019,6.7,251
401200,Kursk,"Drama,History,Thriller,Action",en,13.728,11/7/2018,6.7,457
394684,May God Save Us,"Thriller,Crime,Action",es,11.147,10/28/2016,6.7,352
340101,Their Finest,"Romance,War,Drama",en,9.109,2/19/2017,6.7,343
75802,Hysteria,"Comedy,Romance",en,10.769,6/6/2011,6.7,703
6312,Brotherhood of the Wolf,"Adventure,Horror,Action,History",fr,18.844,1/31/2001,6.7,1196
5175,Rush Hour 2,"Action,Comedy,Crime",en,49.466,8/3/2001,6.7,3236
2924,Backdraft,"Crime,Drama,Thriller",en,16.89,5/24/1991,6.7,1105
950,Ice Age: The Meltdown,"Animation,Family,Comedy,Adventure",en,83.46,3/29/2006,6.7,8415
760747,The Trip,"Action,Comedy,Thriller,Horror",no,58.155,7/30/2021,6.7,359
635731,Pig,"Drama,Thriller",en,13.756,7/16/2021,6.7,787
273153,Summertime,"Comedy,Drama,Romance",fr,12.889,8/19/2015,6.7,284
172803,Hours,"Drama,Thriller",en,11.942,11/29/2013,6.7,653
91586,Insidious: Chapter 2,"Horror,Thriller",en,79.348,9/12/2013,6.7,3461
77499,Barbie: A Perfect Christmas,"Animation,Family",en,23.199,11/3/2011,6.7,243
9044,Tristan & Isolde,"Drama,Romance,Adventure,Action",en,9.999,4/7/2006,6.7,692
8271,Disturbia,"Thriller,Drama,Mystery",en,19.246,4/12/2007,6.7,2964
3595,Ransom,"Action,Thriller",en,16.012,11/8/1996,6.7,1475
1930,The Amazing Spider-Man,"Action,Adventure,Fantasy",en,166.854,6/23/2012,6.7,15104
772,Home Alone 2: Lost in New York,"Comedy,Family,Adventure",en,53.061,11/19/1992,6.7,7830
315664,Florence Foster Jenkins,"Comedy,Drama",en,7.466,5/6/2016,6.7,1273
267999,White God,Drama,hu,6.701,6/12/2014,6.7,261
36897,Pokémon: Mewtwo Returns,"Animation,Family,Action,Adventure,Drama,Fantasy",ja,21.59,8/17/2001,6.7,271
25189,The Mirror Has Two Faces,"Comedy,Drama,Romance",en,9.776,11/15/1996,6.7,256
11622,Blast from the Past,"Science Fiction,Drama,Romance,Comedy",en,21.239,2/12/1999,6.7,819
438145,Black '47,"Drama,Western",en,8.267,9/5/2018,6.7,236
170687,The Boxtrolls,"Animation,Comedy,Family,Fantasy",en,23.474,9/10/2014,6.7,1434
13105,Mr. Mom,"Comedy,Drama",en,7.971,7/22/1983,6.7,234
3064,Chances Are,"Fantasy,Comedy,Romance",en,10.679,3/10/1989,6.7,216
417466,Monos,"Drama,War",es,13.909,8/15/2019,6.7,297
245916,Kill the Messenger,"Crime,Drama,Mystery,Thriller",en,8.84,10/9/2014,6.7,725
46420,The Loved Ones,Horror,en,10.062,9/13/2009,6.7,587
24803,Julie & Julia,"Romance,Drama",en,10.722,8/6/2009,6.7,1773
13804,Fast & Furious,"Action,Crime,Drama,Thriller",en,27.545,4/2/2009,6.7,6036
9283,Beautiful Girls,"Comedy,Drama,Romance",en,6.219,2/9/1996,6.7,286
586461,Swallow,"Drama,Horror,Thriller",en,13.761,1/15/2020,6.7,491
27431,The Cat o' Nine Tails,"Horror,Mystery,Thriller",it,8.006,2/12/1971,6.7,315
12227,White Fang,"Action,Adventure,Drama,Family",en,14.454,1/18/1991,6.7,492
787,Mr. & Mrs. Smith,"Action,Comedy,Drama,Thriller",en,31.913,6/7/2005,6.7,8716
256274,"As Above, So Below","Horror,Thriller",en,86.809,8/14/2014,6.7,2705
209361,One Chance,"Drama,Comedy,Music",en,7.687,9/9/2013,6.7,235
11583,The First Great Train Robbery,"Thriller,Adventure,Drama,Crime",en,9.421,12/14/1978,6.7,271
594188,NiNoKuni,"Animation,Action,Adventure,Family,Fantasy,Romance",ja,13.955,8/23/2019,6.7,200
51980,Germinal,"Drama,Romance",fr,9.033,9/29/1993,6.7,246
11322,Public Enemies,"Action,Crime",en,87.792,7/1/2009,6.7,3755
9588,Quigley Down Under,Western,en,11.993,10/17/1990,6.7,288
8669,Charlie Bartlett,"Comedy,Drama",en,8.622,5/1/2007,6.7,530
171540,Big Bad Wolves,"Comedy,Crime,Thriller,Horror",he,6.787,4/21/2013,6.7,293
17609,Antichrist,"Drama,Horror,Thriller",en,22.848,5/20/2009,6.7,2093
7453,The Hitchhiker's Guide to the Galaxy,"Adventure,Comedy,Science Fiction",en,18.892,4/28/2005,6.7,3304
2976,Hairspray,"Comedy,Romance,Drama",en,16.683,7/19/2007,6.7,2202
624860,The Matrix Resurrections,"Science Fiction,Action,Adventure",en,292.502,12/16/2021,6.7,3944
454619,Overboard,"Romance,Comedy",en,52.272,4/13/2018,6.7,1191
433252,Our Souls at Night,"Romance,Drama",en,10.234,9/29/2017,6.7,371
223485,Slow West,"Western,Action,Thriller,Drama",en,11.4,5/15/2015,6.7,829
28260,Return of the Living Dead III,"Science Fiction,Horror",en,28.838,10/1/1993,6.7,655
8265,Welcome to the Sticks,"Comedy,Drama,Romance",fr,17.52,2/20/2008,6.7,2106
1597,Meet the Parents,"Comedy,Romance",en,24.353,10/6/2000,6.7,5044
405177,"Where'd You Go, Bernadette","Drama,Comedy",en,13.577,8/16/2019,6.7,512
25389,Matinee,"Comedy,Drama",en,7.571,1/29/1993,6.7,201
25095,Wuthering Heights,"Drama,Romance",en,11.632,10/16/1992,6.7,222
568620,Snake Eyes: G.I. Joe Origins,"Action,Adventure",en,186.134,6/26/2021,6.7,1177
16366,Joseph: King of Dreams,"Family,Animation",en,45.875,11/7/2000,6.7,808
11548,*batteries not included,"Science Fiction,Comedy,Family,Fantasy",en,12.281,12/18/1987,6.7,553
87492,Foxcatcher,"Drama,Thriller",en,8.163,11/14/2014,6.7,1976
448095,I Still See You,"Thriller,Fantasy",en,14.041,9/27/2018,6.7,513
209185,The Grand Seduction,Comedy,en,12.213,5/30/2014,6.7,248
41663,Fantozzi Against the Wind,Comedy,it,6.345,11/20/1980,6.7,452
11977,Caddyshack,Comedy,en,14.835,7/25/1980,6.7,903
10264,Hamlet,"Drama,History",en,9.913,12/19/1990,6.7,336
1911,The 13th Warrior,"Adventure,History,Action",en,21.789,8/13/1999,6.7,1469
1635,The Island,"Action,Thriller,Science Fiction,Adventure",en,21.65,7/21/2005,6.7,4585
706503,Lost Bullet,"Action,Thriller,Crime",fr,11.556,6/19/2020,6.7,550
555850,The Holiday Calendar,"Romance,Comedy,Family",en,8.887,11/2/2018,6.7,934
337674,Elle,"Drama,Thriller",fr,15.253,5/25/2016,6.7,1552
238636,The Purge: Anarchy,"Horror,Thriller",en,61.446,7/17/2014,6.7,5623
50544,Friends with Benefits,"Romance,Comedy",en,56.284,7/21/2011,6.7,6891
13531,Empire Records,"Music,Comedy,Drama",en,11.107,9/22/1995,6.7,553
7859,Half Nelson,Drama,en,10.65,8/11/2006,6.7,685
6522,Life,"Comedy,Crime",en,18.78,4/16/1999,6.7,614
661231,Operation Mincemeat,"War,History,Drama",en,44.29,4/1/2022,6.7,288
321751,A Perfect Day,"Comedy,Drama,War",en,7.686,8/28/2015,6.7,531
8349,The Red Baron,"Action,Adventure,Drama,History,War",de,7.693,3/29/2008,6.7,202
619,The Bodyguard,"Thriller,Action,Drama,Music,Romance",en,26.515,11/25/1992,6.7,2369
276908,Comet,"Science Fiction,Comedy,Romance",en,6.518,12/5/2014,6.7,371
9739,Demolition Man,"Crime,Action,Science Fiction",en,24.389,10/8/1993,6.7,2957
9685,Igby Goes Down,"Comedy,Drama",en,6.774,9/13/2002,6.7,227
541660,Loro,Drama,it,7.523,9/13/2018,6.7,226
514847,The Hunt,"Action,Thriller,Horror",en,32.808,3/11/2020,6.7,2389
413658,The Warriors Gate,"Action,Adventure",en,14.709,11/18/2016,6.7,288
24767,Iron Will,"Adventure,Family",en,9.506,1/14/1994,6.7,219
10072,A Nightmare on Elm Street 3: Dream Warriors,"Horror,Thriller",en,18.551,2/27/1987,6.7,1341
1389,Out of Sight,"Romance,Comedy,Crime",en,14.795,6/26/1998,6.7,990
12609,Help! I'm a Fish,"Adventure,Animation,Comedy",da,13.716,10/6/2000,6.7,319
11468,The Salton Sea,"Crime,Drama,Mystery,Thriller",en,11.022,2/2/2002,6.7,257
3021,1408,"Horror,Mystery",en,24.316,6/22/2007,6.7,3504
1887,Marie Antoinette,"Drama,History",en,19.223,5/24/2006,6.7,2250
227719,Project Almanac,"Science Fiction,Thriller,Drama",en,58.224,1/28/2015,6.7,2154
50546,Just Go with It,"Comedy,Romance",en,96.688,2/10/2011,6.7,4764
48138,Unknown,"Action,Mystery,Thriller",en,84.486,2/16/2011,6.7,3247
10158,White Men Can't Jump,"Comedy,Drama",en,11.936,3/26/1992,6.7,1021
1788,Footloose,"Drama,Romance",en,20.088,2/17/1984,6.7,1645
232679,When the Game Stands Tall,Drama,en,6.835,8/22/2014,6.7,292
232175,Gimme Shelter,Drama,en,7.76,10/17/2013,6.7,214
10427,Red Rock West,"Crime,Drama,Thriller",en,8.83,5/14/1993,6.7,234
236737,Spanish Affair,"Comedy,Romance",es,11.652,3/14/2014,6.7,542
46332,Of Gods and Men,"Drama,History",fr,15.419,9/8/2010,6.7,289
44683,Tinker Bell and the Great Fairy Rescue,"Animation,Adventure,Family,Fantasy",en,43.308,7/29/2010,6.7,733
15356,The Girl Next Door,"Thriller,Crime,Drama,Horror",en,18.51,7/19/2007,6.7,552
13672,JCVD,"Drama,Action,Comedy,Crime",fr,11.123,6/4/2008,6.7,392
2675,Signs,"Drama,Thriller,Science Fiction,Mystery",en,34.601,8/2/2002,6.7,4614
622855,Jingle Jangle: A Christmas Journey,"Family,Fantasy,Music",en,28.626,11/6/2020,6.7,407
444090,The Ash Lad: In the Hall of the Mountain King,"Adventure,Fantasy",no,28.659,9/29/2017,6.7,227
11130,The Princess Diaries 2: Royal Engagement,"Comedy,Drama,Family,Romance",en,47.713,8/6/2004,6.6,2789
10388,The Limey,"Crime,Drama,Mystery",en,5.566,5/15/1999,6.7,306
10010,Brother Bear 2,"Adventure,Animation,Family",en,54.485,8/17/2006,6.7,1231
8270,The Lookout,"Crime,Drama,Thriller",en,9.501,3/9/2007,6.7,498
1487,Hellboy,"Fantasy,Action",en,77.202,4/2/2004,6.7,5880
1364,Sex and Lucía,"Drama,Romance",es,36.708,8/24/2001,6.7,409
532938,The Shiny Shrimps,Comedy,fr,7.574,5/8/2019,6.6,369
492452,Ben Is Back,Drama,en,8.976,12/5/2018,6.6,794
236751,Heaven Is for Real,Drama,en,46.632,4/16/2014,6.6,632
50837,Martha Marcy May Marlene,"Drama,Thriller",en,11.866,6/10/2011,6.6,607
9763,Goal!,Drama,en,15.141,9/29/2005,6.6,880
7191,Cloverfield,"Action,Thriller,Science Fiction",en,46.755,1/15/2008,6.6,5966
1826,Russian Dolls,"Comedy,Drama,Romance",fr,10.849,6/15/2005,6.6,546
245,About a Boy,"Drama,Comedy,Romance",en,11.183,4/26/2002,6.6,1866
66,Absolute Power,"Crime,Drama,Action",en,15.452,2/14/1997,6.6,834
706972,Narco Sub,"Action,Drama,Crime",en,117.299,1/22/2021,6.6,237
347123,All the Way,"Drama,History,TV Movie",en,6.746,5/23/2016,6.6,220
21755,The Brothers Bloom,"Adventure,Comedy,Drama,Romance",en,15.149,9/9/2008,6.6,488
9297,Monster House,"Animation,Comedy,Family,Fantasy",en,55.585,6/30/2006,6.6,3247
601666,I Care a Lot,"Comedy,Crime,Thriller,Drama",en,41.113,2/19/2021,6.6,2079
484247,A Simple Favor,"Crime,Thriller,Mystery,Comedy",en,19.193,8/29/2018,6.6,3588
481084,The Addams Family,"Family,Animation,Comedy",en,46.71,10/10/2019,6.6,1810
367999,The Last Will Be the Last,"Drama,Comedy",it,4.92,11/12/2015,6.6,228
124157,The Thieves,"Action,Crime",ko,13.624,7/25/2012,6.6,231
47854,Legend of the Fist: The Return of Chen Zhen,"Drama,Action,History,Thriller",cn,9.484,9/1/2010,6.6,215
41610,Fracchia The Human Beast,Comedy,it,5.302,12/22/1981,6.6,272
5001,Before Night Falls,Drama,en,7.291,9/3/2000,6.6,214
575428,The Wild Goose Lake,"Crime,Drama,Thriller",zh,9.424,12/6/2019,6.6,263
513576,Always Be My Maybe,"Romance,Comedy",en,9.823,5/31/2019,6.6,1135
21385,"Mickey, Donald, Goofy: The Three Musketeers","Adventure,Animation,Comedy,Family",en,22.889,8/4/2004,6.6,738
12520,The Last Supper,"Comedy,Thriller,Crime,Drama",en,6.295,9/8/1995,6.6,209
11566,Dave,Comedy,en,12.908,5/7/1993,6.6,597
5126,Martian Child,"Comedy,Drama",en,6.493,11/2/2007,6.6,243
474331,Keep an Eye Out,Comedy,fr,6.434,7/4/2018,6.6,484
418879,The Current War,"Drama,History",en,11.811,2/1/2018,6.6,851
9357,One Hour Photo,"Drama,Thriller",en,10.994,8/21/2002,6.6,1357
440021,Happy Death Day,"Horror,Mystery,Comedy",en,36.538,10/12/2017,6.6,5281
157386,The Spectacular Now,"Comedy,Drama,Romance",en,22.939,8/2/2013,6.6,2519
56551,Maledetto il giorno che t'ho incontrato,"Comedy,Romance",it,5.661,1/31/1992,6.6,200
15300,Newsies,"Family,Drama,History,Music",en,8.823,4/10/1992,6.6,207
11835,Death Sentence,"Action,Crime,Drama,Thriller",en,14.978,8/31/2007,6.6,869
9489,You've Got Mail,"Comedy,Romance",en,15.293,2/26/1998,6.6,2686
157,Star Trek III: The Search for Spock,"Science Fiction,Action,Adventure,Thriller",en,11.289,6/1/1984,6.6,1055
589524,The Champion,"Comedy,Drama",it,7.196,4/18/2019,6.6,331
41211,Heartbreaker,"Romance,Comedy",fr,7.971,3/17/2010,6.6,1137
10176,The Quiet Earth,"Drama,Science Fiction,Thriller",en,7.997,9/8/1985,6.6,431
6072,One Eight Seven,"Drama,Thriller",en,11.214,7/29/1997,6.6,465
470918,Beast,"Drama,Thriller,Mystery,Crime",en,10.198,4/18/2018,6.6,213
166426,Pirates of the Caribbean: Dead Men Tell No Tales,"Adventure,Action,Fantasy",en,138.757,5/23/2017,6.6,10336
86825,Stoker,"Drama,Horror,Thriller",en,17.145,2/28/2013,6.6,1880
35052,Cracks,"Drama,Mystery,Thriller",en,8.182,12/4/2009,6.6,315
13922,The Great Raid,"Action,History,War",en,7.496,8/12/2005,6.6,273
12150,Sea of Love,"Drama,Crime",en,12.534,9/15/1989,6.6,485
5780,Torn Curtain,"Drama,Thriller,Romance",en,7.231,7/13/1966,6.6,438
694256,Caught by a Wave,"Drama,Romance",it,23.568,3/25/2021,6.6,200
483104,A Christmas Prince,"Romance,TV Movie",en,11.279,11/17/2017,6.6,1290
201085,Crimson Peak,"Horror,Thriller,Romance,Mystery",en,25.687,10/13/2015,6.6,4334
19255,Away We Go,"Comedy,Drama,Romance",en,6.493,6/5/2009,6.6,464
12151,Ruthless People,Comedy,en,8.241,6/26/1986,6.6,301
9638,Phantasm,"Horror,Science Fiction",en,8.153,3/28/1979,6.6,498
83686,The Words,"Drama,Thriller",en,8.766,9/7/2012,6.6,971
52274,Julia's Eyes,"Horror,Thriller",es,14.708,10/29/2010,6.6,646
39538,Contagion,"Drama,Thriller,Science Fiction",en,39.073,9/8/2011,6.6,5188
28609,Dragon Ball Z: Dead Zone,"Animation,Action,Fantasy",ja,58.276,7/15/1989,6.6,423
10201,Yes Man,"Comedy,Romance",en,57.038,12/9/2008,6.6,5749
509598,Mr. Jones,"Thriller,Drama,History",en,8.386,10/25/2019,6.6,243
417812,Wildlife,Drama,en,9.185,9/23/2018,6.6,566
241855,Spring,"Horror,Romance,Science Fiction",en,9.353,10/8/2014,6.6,550
236399,Flowers in the Attic,"Drama,Mystery,Thriller,TV Movie",en,24.541,1/18/2014,6.6,311
136403,Populaire,"Comedy,Romance",fr,6.833,11/27/2012,6.6,467
19458,Princess Protection Program,"Family,TV Movie,Comedy,Drama",en,44.048,5/20/2009,6.6,1509
14197,My Sassy Girl,"Comedy,Romance",en,8.451,5/26/2008,6.6,300
10719,Elf,"Comedy,Family,Fantasy",en,19.053,10/9/2003,6.6,3252
1624,Liar Liar,Comedy,en,27.782,3/21/1997,6.6,4644
420426,Bleach,"Action,Fantasy,Adventure",ja,21.926,7/20/2018,6.6,464
401513,Attraction,"Drama,Romance,Science Fiction,Adventure",ru,24.626,1/26/2017,6.6,645
56812,The Last Circus,"Comedy,Drama,Horror",es,8.181,12/17/2010,6.6,329
10393,The Replacements,Comedy,en,23.986,8/11/2000,6.6,767
660,Thunderball,"Adventure,Action,Thriller",en,25.345,12/11/1965,6.6,1787
325789,The Infiltrator,"Crime,Drama,Thriller",en,16.752,7/13/2016,6.6,1430
38718,Reversal of Fortune,Drama,en,6.478,10/5/1990,6.6,221
23439,House of Usher,"Horror,Drama",en,8.65,6/22/1960,6.6,209
12184,The Other Boleyn Girl,"Drama,Romance",en,19.249,2/28/2008,6.6,1719
11135,The Rescuers Down Under,"Animation,Adventure,Family,Fantasy",en,8.248,11/16/1990,6.6,1034
5206,The Boss of It All,Comedy,da,9.169,9/21/2006,6.6,217
1957,Enough,"Drama,Thriller",en,19.932,5/21/2002,6.6,913
551804,Freaky,"Comedy,Fantasy,Horror,Thriller",en,32.81,11/12/2020,6.6,1082
500840,I'm Thinking of Ending Things,"Drama,Mystery,Thriller,Horror,Fantasy",en,13.667,8/28/2020,6.6,1449
64328,The Muppets,"Family,Comedy,Music",en,23.668,11/22/2011,6.6,1304
22244,Society,"Comedy,Horror,Mystery",en,8.141,5/13/1989,6.6,379
12599,Pokémon: The Movie 2000,"Adventure,Fantasy,Animation,Science Fiction,Family",ja,34.885,7/17/1999,6.6,684
7457,Alpha Dog,"Crime,Drama,Thriller",en,11.718,1/27/2006,6.6,1135
471498,Oxygen,"Science Fiction,Thriller,Horror",fr,44.5,5/12/2021,6.6,1051
345887,The Equalizer 2,"Action,Thriller,Crime",en,55.994,7/19/2018,6.6,4055
246860,Clouds of Sils Maria,Drama,en,7.47,8/20/2014,6.6,629
162215,How I Live Now,"Drama,Action,Thriller,War",en,9.285,9/10/2013,6.6,747
13291,Traitor,"Drama,Action,Thriller,Crime",en,6.341,8/23/2008,6.6,513
9079,Dying Young,"Drama,Romance",en,7.188,6/20/1991,6.6,372
8223,Kika,"Comedy,Drama",es,7.46,10/29/1993,6.6,215
565,The Ring,"Horror,Mystery",en,51.036,10/18/2002,6.6,5117
11283,Nanny McPhee,"Fantasy,Comedy,Family",en,37.302,10/21/2005,6.6,2577
10585,Child's Play,Horror,en,77.046,11/8/1988,6.6,2264
113160,My First Time,"Drama,Romance",fr,5.705,1/18/2012,6.6,509
1266,Street Kings,"Action,Crime,Drama,Thriller",en,26.797,4/10/2008,6.6,1142
645788,The Protégé,"Action,Thriller",en,78.419,8/19/2021,6.6,657
9410,Great Expectations,"Comedy,Drama,Romance",en,11.666,1/30/1998,6.6,472
451925,Time Freak,"Science Fiction,Comedy,Romance",en,14.942,11/9/2018,6.6,377
330764,The Brand New Testament,"Comedy,Fantasy",fr,10.493,9/2/2015,6.6,1387
37645,22 Bullets,"Drama,Crime,Thriller",fr,55.485,3/23/2010,6.6,1005
9336,Police Academy,"Comedy,Crime",en,27.245,3/22/1984,6.6,2121
7219,Zombie Flesh Eaters,Horror,it,12.214,8/25/1979,6.6,453
3635,Girl with a Pearl Earring,"Drama,Romance",en,14.298,12/12/2003,6.6,1158
1992,Planet Terror,"Horror,Action,Thriller",en,29.767,4/6/2007,6.6,2822
245775,Yves Saint Laurent,Drama,fr,7.563,1/8/2014,6.6,759
70954,The Hunter,"Drama,Thriller,Adventure",en,12.719,10/6/2011,6.6,524
36819,Time Bandits,"Family,Fantasy,Science Fiction,Adventure,Comedy",en,13.665,7/13/1981,6.6,777
25319,The Masque of the Red Death,"Drama,Horror",en,8.083,6/24/1964,6.6,217
18415,Gummo,"Drama,Comedy",en,7.674,10/17/1997,6.6,495
16340,Rugrats in Paris: The Movie,"Family,Animation,Adventure,Comedy",en,14.194,9/14/2000,6.6,391
9687,Keeping Mum,Comedy,en,9.225,12/2/2005,6.6,460
9463,Vampire Hunter D,"Animation,Fantasy,Horror",ja,14.246,12/21/1985,6.6,363
382595,Dalida,"Music,Drama",fr,5.129,1/11/2017,6.6,218
363992,The Wizard of Lies,"Crime,Drama,History,Thriller,TV Movie",en,11.752,5/11/2017,6.6,450
49517,Tinker Tailor Soldier Spy,"Drama,Thriller,Mystery",en,12.001,9/16/2011,6.6,2138
29963,Bright Star,"Drama,Romance",en,9.519,11/5/2009,6.6,366
20306,Swimming with Sharks,"Crime,Comedy",en,5.268,9/10/1994,6.6,250
11655,Cronos,"Drama,Horror,Thriller",es,7.061,11/5/1993,6.6,486
10999,Commando,"Action,Adventure,Thriller",en,30.226,10/3/1985,6.6,2192
192577,Space Pirate Captain Harlock,"Animation,Science Fiction",ja,44.653,9/7/2013,6.6,889
20760,Lilo & Stitch 2: Stitch Has a Glitch,"Animation,Family,Comedy,Science Fiction",en,45.393,1/22/2005,6.6,1164
10803,Logan's Run,"Action,Science Fiction",en,13.156,6/23/1976,6.6,709
6964,Something's Gotta Give,"Drama,Comedy,Romance",en,12.294,12/12/2003,6.6,1319
729720,The Last Mercenary,"Action,Comedy",fr,119.265,7/30/2021,6.6,499
56589,The Seventh Company Outdoors,Comedy,fr,6.16,12/7/1977,6.6,214
11520,Grumpy Old Men,Comedy,en,9.827,12/25/1993,6.6,508
6415,Three Kings,"Action,Comedy,War",en,12.768,4/21/1999,6.6,1668
68727,Trance,"Thriller,Crime,Drama,Mystery",en,9.408,3/27/2013,6.6,1877
8649,Bringing Out the Dead,Drama,en,11.663,10/22/1999,6.6,792
177494,Veronica Mars,"Comedy,Drama,Crime",en,9.148,3/13/2014,6.6,938
619278,Inside Man: Most Wanted,"Action,Thriller",en,18.232,9/24/2019,6.6,227
613099,The Legacy of the Bones,"Thriller,Crime",es,10.573,12/5/2019,6.6,330
339964,Valerian and the City of a Thousand Planets,"Adventure,Science Fiction,Action",en,42.838,7/20/2017,6.6,6437
20539,The Crucible,"Drama,History",en,11.605,11/27/1996,6.6,416
11012,Damage,"Drama,Romance",en,23.287,12/2/1992,6.6,310
10687,Tigerland,"Drama,War",en,8.658,10/6/2000,6.6,447
10328,Cocoon,"Comedy,Drama,Science Fiction",en,14.338,6/21/1985,6.6,1001
1948,Crank,"Action,Thriller,Crime",en,26.967,8/31/2006,6.6,3013
341012,Popstar: Never Stop Never Stopping,"Comedy,Music",en,10.648,6/3/2016,6.6,1026
529485,The Way Back,Drama,en,19.184,3/5/2020,6.6,829
332210,Storks,"Adventure,Animation,Comedy,Family",en,37.985,9/22/2016,6.6,1988
32042,Night Moves,"Thriller,Crime,Mystery",en,7.205,2/27/1975,6.6,202
11422,Midway,"Action,Drama,History,War",en,19.573,6/18/1976,6.6,215
11412,The Long Kiss Goodnight,"Crime,Action,Mystery,Thriller",en,15.78,10/11/1996,6.6,932
9614,Happy Gilmore,Comedy,en,18.066,2/16/1996,6.6,2115
9517,Bully,"Crime,Drama",en,9.733,6/15/2001,6.6,348
81440,"Good Luck Charlie, It's Christmas!","TV Movie,Comedy,Family",en,11.546,12/8/2011,6.6,357
31007,Welcome to the Rileys,Drama,en,6.99,10/29/2010,6.6,336
22171,Ms .45,"Crime,Thriller",en,9.667,4/24/1981,6.6,237
14029,Demons,Horror,it,13.406,10/4/1985,6.6,415
12113,Body of Lies,"Action,Drama,Thriller",en,15.507,10/9/2008,6.6,2482
4169,Breach,"Drama,Thriller,Crime,History",en,9.609,2/12/2007,6.6,460
309245,Mistress America,Comedy,en,9.319,8/14/2015,6.6,438
10189,Pineapple Express,"Action,Comedy,Crime",en,20.731,8/6/2008,6.6,3120
4944,Burn After Reading,"Comedy,Drama",en,13.341,9/5/2008,6.6,3828
715123,Books of Blood,"Horror,Science Fiction",en,30.953,10/7/2020,6.6,265
382322,Batman: The Killing Joke,"Action,Animation,Crime,Drama",en,25.873,7/24/2016,6.6,1500
241848,The Guest,"Mystery,Thriller,Action",en,16.904,9/5/2014,6.6,1594
61404,Point Blank,"Action,Thriller,Crime",fr,7.426,11/8/2010,6.6,360
14370,Real Genius,"Comedy,Romance,Science Fiction",en,13.873,8/7/1985,6.6,313
6639,Love in the Time of Cholera,"Drama,Romance",en,12.953,10/4/2007,6.6,299
529862,Brittany Runs a Marathon,"Comedy,Drama",en,11.485,8/23/2019,6.6,396
22414,Postcards from the Edge,"Comedy,Drama",en,6.219,9/14/1990,6.6,206
17689,The Gauntlet,"Drama,Action,Crime,Thriller",en,9.686,12/21/1977,6.6,405
2454,The Chronicles of Narnia: Prince Caspian,"Adventure,Family,Fantasy",en,82.102,5/15/2008,6.6,5387
26388,Buried,"Drama,Thriller,Mystery",en,18.997,9/24/2010,6.6,2353
15393,Play Misty for Me,"Drama,Thriller",en,9.112,10/1/1971,6.6,351
5595,Fermat's Room,"Mystery,Thriller",es,7.437,10/7/2007,6.6,291
359246,Hell House LLC,"Horror,Mystery,Thriller",en,11.101,10/16/2015,6.6,249
21309,River's Edge,"Crime,Drama",en,10.013,8/27/1986,6.6,208
13122,The People Under the Stairs,"Horror,Mystery",en,10.024,11/1/1991,6.6,501
10333,The Prince of Tides,"Drama,Romance",en,8.039,12/25/1991,6.6,218
39103,Dragon Ball Z: The Return of Cooler,"Action,Animation,Science Fiction",ja,127.644,3/7/1992,6.6,425
15742,Taxidermia,"Drama,Horror,Comedy",hu,9.746,8/23/2006,6.6,230
331588,The Great Gilly Hopkins,"Comedy,Drama,Family",en,11.85,10/5/2015,6.6,210
317198,Bad Hair Day,"TV Movie,Adventure,Comedy",en,9.611,2/13/2015,6.6,232
12155,Alice in Wonderland,"Family,Fantasy,Adventure",en,74.191,3/3/2010,6.6,12293
2330,Taxi,"Action,Comedy",fr,29.767,4/8/1998,6.6,1954
457136,Mary Queen of Scots,"Drama,History",en,20.543,12/7/2018,6.6,1535
152747,All Is Lost,"Action,Adventure,Drama",en,11.706,8/23/2013,6.6,1354
489927,The Kindergarten Teacher,Drama,en,13.746,9/23/2018,6.6,274
436274,Radius,"Thriller,Drama,Horror",en,15.327,7/17/2017,6.6,484
250124,The Diary of a Teenage Girl,"Drama,Romance",en,11.424,8/7/2015,6.6,623
11654,The Hunger,"Horror,Drama",en,7.787,4/29/1983,6.6,403
9313,The Man in the Iron Mask,"Adventure,Action,Drama",en,25.713,3/12/1998,6.6,3266
7555,Rambo,"Action,Thriller",en,66.202,1/24/2008,6.6,3105
310135,Turbo Kid,"Action,Adventure,Comedy,Science Fiction,Horror",en,13.124,8/14/2015,6.6,576
136795,The Heat,"Action,Comedy,Crime",en,45.753,6/27/2013,6.6,3440
12720,Suicide Club,"Drama,Horror,Thriller",ja,8.121,10/29/2001,6.6,361
8874,My Best Friend's Wedding,"Comedy,Romance",en,11.748,6/19/1997,6.6,2161
8738,The Final Countdown,"War,Action,Science Fiction",en,11.516,1/31/1980,6.6,449
433310,When We First Met,"Comedy,Romance,Fantasy",en,15.37,2/9/2018,6.6,2076
18331,The Nutty Professor,"Comedy,Romance,Science Fiction",en,10.424,6/4/1963,6.6,307
11211,Bring It On: All or Nothing,Comedy,en,1.724,8/8/2006,6.6,658
8827,99 francs,"Drama,Comedy",fr,8.222,9/26/2007,6.6,615
1576,Resident Evil,"Horror,Action,Science Fiction",en,44.858,3/15/2002,6.6,5289
720755,The Kid Detective,"Comedy,Drama,Mystery",en,10.905,10/16/2020,6.6,238
38410,The Poughkeepsie Tapes,"Horror,Mystery,Crime,Thriller",en,19.135,1/30/2009,6.6,418
13768,Tuck Everlasting,"Drama,Family,Fantasy,Romance",en,11.261,10/11/2002,6.6,391
9707,Bubba Ho-tep,"Comedy,Horror,Thriller,Mystery,Fantasy",en,6.992,6/9/2002,6.6,462
11183,French Fried Vacation,Comedy,fr,7.63,11/11/1978,6.6,742
7446,Tropic Thunder,"Action,Comedy,Adventure,War",en,43.216,8/9/2008,6.6,5013
3179,Beavis and Butt-Head Do America,"Animation,Comedy",en,17.808,12/15/1996,6.6,524
78698,Big Miracle,"Adventure,Drama,Romance",en,13.999,2/2/2012,6.6,404
8266,Female Agents,"War,History",fr,6.983,2/8/2008,6.6,208
334524,Gold,"Adventure,Drama,Thriller",en,15.445,2/3/2016,6.6,1358
413644,The Son of Bigfoot,"Family,Animation,Comedy",en,19.138,7/26/2017,6.6,390
332340,Man Up,"Romance,Comedy",en,10.596,5/29/2015,6.6,809
241239,A Most Violent Year,"Crime,Drama,Thriller",en,14.905,12/31/2014,6.6,1193
75612,Oblivion,"Action,Science Fiction,Adventure,Mystery",en,29.451,4/10/2013,6.6,9342
10875,The Fabulous Baker Boys,"Comedy,Drama,Music,Romance",en,8.719,10/13/1989,6.6,252
9331,Clear and Present Danger,"Action,Drama,Thriller",en,14.871,8/3/1994,6.6,1161
3525,Working Girl,"Comedy,Romance,Drama",en,10.596,12/20/1988,6.6,738
68817,Footloose,"Drama,Music,Romance",en,24.781,10/6/2011,6.6,1436
62592,Revenge of the Bridesmaids,"Comedy,Romance,TV Movie",en,6.431,7/18/2010,6.6,254
46528,The Warrior's Way,"Adventure,Fantasy,Action,Western,Thriller",en,59.323,12/1/2010,6.6,459
21316,Leroy & Stitch,"Animation,Comedy,Family",en,26.783,6/23/2006,6.6,407
9087,The American President,"Comedy,Drama,Romance",en,12.153,11/17/1995,6.6,568
2251,Unfaithful,"Thriller,Drama",en,33.397,5/10/2002,6.6,1221
1729,The Forbidden Kingdom,"Action,Adventure,Fantasy",en,32.591,4/18/2008,6.6,1374
13155,Return to Oz,"Adventure,Family,Fantasy",en,11.459,6/21/1985,6.6,680
10155,U Turn,Thriller,en,10.357,10/3/1997,6.6,555
1610,Fever Pitch,"Comedy,Romance",en,6.833,4/4/1997,6.6,202
511785,Alex Strangelove,"Comedy,Drama",en,20.244,4/16/2018,6.6,1427
62835,Colombiana,"Action,Thriller,Crime,Drama",en,63.402,7/27/2011,6.6,2132
13062,Boundin',"Animation,Family,Music,Comedy",en,6.787,11/4/2003,6.6,443
11884,The Last Starfighter,"Adventure,Science Fiction,Action",en,11.123,7/13/1984,6.6,537
11338,Into the Night,"Thriller,Action,Comedy,Crime,Drama,Romance",en,8.332,2/22/1985,6.6,210
1498,Teenage Mutant Ninja Turtles,"Science Fiction,Action,Adventure,Comedy,Family",en,29.6,3/30/1990,6.6,1365
554230,The Lost Daughter,Drama,en,36.107,12/16/2021,6.6,608
315872,Mia madre,Drama,it,4.942,4/16/2015,6.6,299
205022,Chennai Express,"Romance,Comedy,Action",hi,10.185,8/8/2013,6.6,253
10664,[REC]²,"Thriller,Horror",es,28.433,9/15/2009,6.6,1620
503125,Little Monsters,"Horror,Comedy",en,12.713,8/29/2019,6.6,534
413518,Pinocchio,"Fantasy,Adventure,Drama",it,45.215,12/19/2019,6.6,1281
351044,Welcome to Marwen,"Drama,Comedy,Fantasy",en,10.964,12/21/2018,6.6,983
10503,Happy-Go-Lucky,"Comedy,Drama",en,7.814,4/18/2008,6.6,339
9534,The Ferpect Crime,"Comedy,Thriller",es,5.532,9/10/2004,6.6,245
7450,Titan A.E.,"Animation,Action,Science Fiction,Family,Adventure",en,17.291,6/16/2000,6.6,867
512,Scoop,"Comedy,Mystery",en,9.234,7/27/2006,6.6,1370
601470,The Eyes of Tammy Faye,"Drama,History",en,14.787,9/17/2021,6.6,364
10691,Crazy/Beautiful,"Drama,Romance",en,11.399,6/29/2001,6.6,284
10215,Sliding Doors,"Comedy,Drama,Fantasy,Romance",en,10.359,4/23/1998,6.6,1054
8913,Pet Sematary,Horror,en,28.696,4/21/1989,6.6,1703
3902,I'm Not There,"Drama,Music",en,9.156,10/1/2007,6.6,553
1369,Rambo: First Blood Part II,"Action,Adventure,Thriller,War",en,58.232,5/21/1985,6.6,3063
26736,Wizards of Waverly Place: The Movie,"Family,TV Movie,Adventure,Comedy,Drama,Fantasy",en,24.26,8/28/2009,6.6,1245
10952,New Jack City,"Thriller,Crime,Drama",en,7.851,3/8/1991,6.6,409
2059,National Treasure,"Adventure,Action,Thriller,Mystery",en,33.79,11/19/2004,6.6,5319
471506,Greta,"Mystery,Thriller,Horror",en,52.524,9/6/2018,6.6,1054
440626,Sobibor,"War,Drama",ru,8.129,5/3/2018,6.6,231
81250,Geek Charming,"Comedy,Drama,Family,TV Movie",en,20.398,11/11/2011,6.6,670
22794,Cloudy with a Chance of Meatballs,"Animation,Comedy,Family",en,55.377,9/17/2009,6.6,4956
16910,Naruto: Legend of the Stone of Gelel,"Animation,Adventure,Fantasy",ja,45.089,8/6/2005,6.6,273
9093,The Four Feathers,"War,Drama,Romance,Action,Adventure",en,11.974,9/8/2002,6.6,447
613349,A Good Doctor,Comedy,fr,11.542,12/11/2019,6.6,251
13967,Miss Potter,"Drama,Family,Romance",en,8.712,12/3/2006,6.6,408
10668,Suicide Kings,"Action,Comedy,Crime,Drama,Thriller",en,6.062,4/17/1998,6.6,223
8467,Dumb and Dumber,Comedy,en,35.486,12/16/1994,6.6,5099
469055,In the Game,Comedy,fr,4.534,3/21/2018,6.6,214
9900,Grandma's Boy,Comedy,en,11.723,1/6/2006,6.6,512
9442,Dead Men Don't Wear Plaid,"Comedy,Mystery",en,7.188,5/21/1982,6.6,286
8204,The Spiderwick Chronicles,"Family,Adventure,Fantasy,Drama",en,33.367,2/14/2008,6.6,2193
1571,Live Free or Die Hard,"Action,Thriller",en,27.778,6/20/2007,6.6,4905
396422,Annabelle: Creation,"Horror,Mystery,Thriller",en,95.11,8/3/2017,6.6,4788
38368,Uncle Boonmee Who Can Recall His Past Lives,"Drama,Fantasy",th,6.359,6/25/2010,6.6,273
22586,The Swan Princess,"Family,Animation,Fantasy,Adventure,Comedy",en,20.293,11/18/1994,6.6,810
15613,Fire in the Sky,"Science Fiction,Drama,Mystery",en,12.478,3/12/1993,6.6,420
2148,The Cotton Club,"Crime,Drama",en,7.567,12/14/1984,6.6,306
577,To Die For,"Drama,Comedy,Crime",en,8.081,9/22/1995,6.6,618
49521,Man of Steel,"Action,Adventure,Science Fiction",en,100.29,6/12/2013,6.6,13270
39781,The Kids Are All Right,"Comedy,Drama",en,9.861,7/9/2010,6.6,1233
11515,Goya's Ghosts,Drama,en,10.889,11/8/2006,6.6,384
6575,Walk Hard: The Dewey Cox Story,"Comedy,Music,Drama",en,10.44,12/21/2007,6.6,540
92591,Bernie,"Comedy,Crime,Drama",en,6.829,4/27/2012,6.6,731
48492,Detective Dee and the Mystery of the Phantom Flame,"Action,Adventure,Drama,Mystery",zh,14.614,9/18/2010,6.6,297
45132,Super,"Comedy,Action,Drama",en,13.908,11/26/2010,6.6,1198
18764,Twin Dragons,"Comedy,Action",cn,15.359,1/15/1992,6.6,273
18126,Hannah Montana: The Movie,"Comedy,Drama,Family,Music,Romance",en,42.517,3/26/2009,6.6,1764
8992,The Sure Thing,"Comedy,Romance",en,8.33,3/1/1985,6.6,217
944,Lethal Weapon 4,"Action,Adventure,Comedy,Crime,Thriller",en,20.374,7/10/1998,6.6,2132
80321,Madagascar 3: Europe's Most Wanted,"Animation,Family,Comedy,Adventure",en,75.372,6/6/2012,6.6,5185
14854,Lone Wolf McQuade,"Action,Crime",en,12.914,4/15/1983,6.6,260
5951,The Jane Austen Book Club,"Comedy,Romance",en,11.369,9/9/2007,6.6,315
2110,Wasabi,"Drama,Action,Comedy",fr,17.412,10/31/2001,6.6,1014
565743,The Vast of Night,"Mystery,Science Fiction,Thriller,Horror",en,15.259,6/1/2019,6.6,775
80274,Ender's Game,"Science Fiction,Action,Adventure",en,21.464,10/24/2013,6.6,5015
18129,The Grifters,"Crime,Drama",en,6.855,8/8/1990,6.6,296
10412,Romper Stomper,"Action,Drama,Thriller",en,8.846,3/5/1992,6.6,397
489430,Terrified,Horror,es,25.873,5/3/2018,6.6,383
300693,Truth,Drama,en,7.996,10/16/2015,6.6,408
13090,Sunshine Cleaning,"Comedy,Drama",en,7.121,1/18/2008,6.6,614
10414,The Mighty Ducks,"Comedy,Family,Drama",en,7.74,10/2/1992,6.6,682
484718,Coming 2 America,Comedy,en,46.394,3/4/2021,6.6,1834
396810,The Last Word,"Comedy,Drama",en,10.355,3/3/2017,6.6,310
24740,The Entity,"Horror,Mystery,Thriller",en,14.502,9/30/1982,6.6,350
14249,Revenge,"Romance,Thriller,Drama",en,12.643,2/16/1990,6.6,352
11624,Everything You Always Wanted to Know About Sex *But Were Afraid to Ask,Comedy,en,11.359,8/6/1972,6.6,734
9913,The Skeleton Key,"Drama,Horror,Mystery,Thriller",en,20.757,7/29/2005,6.6,1698
480857,Radioactive,"Drama,Romance,History",en,15.311,3/11/2020,6.6,625
64678,The Art of Getting By,"Drama,Romance",en,15.085,6/17/2011,6.6,1150
9403,Private Parts,"Comedy,Drama",en,6.622,3/7/1997,6.6,271
345009,Mine,"War,Thriller",en,25.996,10/6/2016,6.6,1107
253306,Housebound,"Horror,Comedy,Thriller",en,6.337,9/4/2014,6.6,699
241842,Dead Snow 2: Red vs. Dead,"Horror,Action,Comedy",no,18.04,2/12/2014,6.6,496
10135,Road House,"Action,Thriller",en,9.373,5/19/1989,6.6,827
306650,Kajaki,"Thriller,War,Adventure,Drama",en,6.266,11/12/2014,6.6,227
43629,Doodlebug,"Thriller,Fantasy,Mystery",en,4.888,1/1/1997,6.6,363
22970,The Cabin in the Woods,"Horror,Comedy,Fantasy,Thriller",en,44.131,4/12/2012,6.6,6626
14926,Uptown Girls,"Family,Comedy,Drama",en,16.503,8/15/2003,6.6,662
9917,Waist Deep,"Action,Adventure,Drama,Thriller",en,9.912,6/23/2006,6.6,211
8834,Conspiracy Theory,"Action,Drama,Mystery,Thriller",en,12.981,8/8/1997,6.6,1162
2788,Reality Bites,"Drama,Comedy,Romance",en,8.736,2/18/1994,6.6,571
6,Judgment Night,"Action,Crime,Thriller",en,8.574,10/15/1993,6.6,247
109421,Side Effects,"Thriller,Crime,Drama",en,9.911,2/7/2013,6.6,2657
56832,Gantz,"Horror,Action,Science Fiction",ja,27.844,11/29/2010,6.6,232
27936,Micmacs,"Action,Comedy,Crime",fr,9.161,10/28/2009,6.6,454
8066,Stay,"Mystery,Thriller,Drama",en,9.25,9/24/2005,6.6,1023
25,Jarhead,"Drama,War",en,27.1,11/4/2005,6.6,2322
239678,This Is Where I Leave You,"Drama,Comedy",en,8.332,9/10/2014,6.6,1100
11430,The Lion King 1½,"Family,Animation,Comedy",en,80.203,2/6/2004,6.6,2565
9816,Save the Last Dance,"Drama,Family,Romance,Music",en,12.31,1/12/2001,6.6,1095
9689,Hollywood Ending,"Comedy,Drama",en,8.172,5/3/2002,6.6,405
2882,Hunting and Gathering,"Romance,Drama",fr,7.239,2/10/2007,6.6,334
1562,28 Weeks Later,"Horror,Thriller,Science Fiction",en,35.501,4/26/2007,6.6,3451
309299,Experimenter,"Drama,History",en,9.613,10/16/2015,6.6,383
143567,Just Like Brothers,Comedy,fr,5.565,11/21/2012,6.6,225
10947,High School Musical,"Comedy,Drama,Family,Music,Romance,TV Movie",en,40.86,1/20/2006,6.6,4045
9291,The Longest Yard,Comedy,en,46.271,5/27/2005,6.6,2709
8961,Bad Boys II,"Adventure,Action,Comedy,Thriller,Crime",en,48.21,7/18/2003,6.6,4509
2779,The Curse of the Jade Scorpion,"Comedy,Crime,Romance",en,6.722,8/5/2001,6.6,634
311291,45 Years,"Drama,Romance",en,7.117,8/4/2015,6.6,626
12924,The Place Promised in Our Early Days,"Animation,Adventure,Drama,Romance,Science Fiction",ja,9.258,11/20/2004,6.6,398
12690,Appaloosa,"Drama,Western,Crime",en,11.182,9/19/2008,6.6,802
11635,Old School,Comedy,en,14.471,2/21/2003,6.6,1431
11443,Dead Presidents,"Action,Drama,Crime,War",en,9.02,10/6/1995,6.6,214
9613,Spider,"Drama,Mystery,Thriller",en,10.6,11/6/2002,6.6,588
877183,The Simpsons in Plusaversary,"Animation,Comedy,Fantasy",en,325.46,11/12/2021,6.6,309
11887,High School Musical 3: Senior Year,"Comedy,Romance,Drama,Family,Music",en,39.934,10/11/2008,6.6,3117
11027,The Postman Always Rings Twice,"Romance,Crime,Drama",en,15.403,3/20/1981,6.6,381
10970,Silent Movie,Comedy,en,7.313,6/17/1976,6.6,229
8461,Funny Games,"Drama,Horror,Thriller",en,14.326,3/14/2008,6.6,1678
6972,Australia,"Adventure,Drama,Romance",en,14.611,11/18/2008,6.6,1968
481157,In Her Hands,Comedy,fr,5.196,12/26/2018,6.6,246
435707,Skins,"Drama,Comedy",es,12.624,6/9/2017,6.6,412
39939,Super Troopers,"Comedy,Crime,Mystery",en,6.01,1/18/2001,6.6,861
8005,Robin Hood: Men in Tights,Comedy,en,18.167,7/28/1993,6.6,1671
544,There's Something About Mary,"Romance,Comedy",en,23.046,7/15/1998,6.6,4198
390062,Jungle,"Adventure,Drama,Thriller",en,27.869,6/27/2017,6.6,1584
76338,Thor: The Dark World,"Action,Adventure,Fantasy",en,396.665,10/30/2013,6.6,15097
75780,Jack Reacher,"Crime,Drama,Thriller,Action",en,78.454,12/20/2012,6.6,5907
50456,Hanna,"Action,Thriller,Adventure",en,14.931,4/7/2011,6.6,2854
16418,Barbie Presents: Thumbelina,"Animation,Family",en,33.646,2/24/2009,6.6,383
8696,Calendar Girls,"Drama,Comedy",en,8.064,9/2/2003,6.6,309
4564,Sex and the City,"Comedy,Drama,Romance",en,126.027,5/12/2008,6.6,1831
668,On Her Majesty's Secret Service,"Adventure,Action,Thriller",en,22.547,12/12/1969,6.6,1441
339259,The Man with the Iron Heart,"War,Action,History,Thriller",en,26.93,5/25/2017,6.6,626
171274,Inherent Vice,"Drama,Mystery,Comedy",en,19.833,12/12/2014,6.6,2110
60307,Diary of a Wimpy Kid: Rodrick Rules,"Family,Comedy",en,20.654,3/25/2011,6.6,895
348350,Solo: A Star Wars Story,"Science Fiction,Adventure,Action",en,43.915,5/15/2018,6.6,7185
300673,The Finest Hours,"Action,Drama,History,Thriller",en,25.967,1/27/2016,6.6,1368
264656,The Homesman,"Western,Drama",en,9.677,5/18/2014,6.6,664
20178,World's Greatest Dad,"Comedy,Romance,Drama",en,46.326,8/20/2009,6.6,474
9768,Cry-Baby,"Comedy,Music,Romance",en,13.536,4/5/1990,6.6,1290
1945,Nell,"Drama,Thriller",en,8.042,12/23/1994,6.6,399
480001,The Art of Self-Defense,"Comedy,Thriller",en,11.528,7/12/2019,6.6,513
20455,Digimon: The Movie,"Fantasy,Animation,Science Fiction,Family",ja,19.435,3/4/2000,6.6,232
11372,The Eagle Has Landed,"Adventure,Drama,Action,Thriller,War",en,13.344,12/24/1976,6.6,232
2123,"Me, Myself & Irene",Comedy,en,32.423,6/22/2000,6.6,3160
353616,Pitch Perfect 3,"Comedy,Music",en,23.895,12/20/2017,6.6,2938
2605,Short Circuit,"Comedy,Family,Science Fiction",en,13.605,5/9/1986,6.6,1175
153158,Underdogs,"Animation,Adventure,Romance",es,33.334,7/18/2013,6.6,350
9445,Apt Pupil,"Drama,Thriller",en,11.27,10/23/1998,6.6,512
428495,The Nile Hilton Incident,"Thriller,Drama,Crime",en,9.422,6/19/2017,6.6,282
411638,The Fury of a Patient Man,Thriller,es,13.48,9/9/2016,6.6,377
410117,Lady Macbeth,Drama,en,17.467,12/12/2016,6.6,607
59860,Monte Carlo,"Adventure,Comedy,Romance",en,34.149,7/1/2011,6.6,1864
14397,Whisper,"Crime,Drama,Horror,Thriller",en,10.706,11/27/2007,6.6,220
11364,Regarding Henry,"Romance,Drama",en,7.975,7/10/1991,6.6,466
10493,Dead Calm,"Thriller,Horror",en,16.923,4/7/1989,6.6,574
8198,The Quiet American,"Romance,Thriller,Drama",en,8.436,11/22/2002,6.6,229
2290,Jakob the Liar,"Comedy,Drama,History",en,8.808,9/16/1999,6.6,281
1586,Secret Window,"Mystery,Thriller",en,28.93,3/12/2004,6.6,3047
398588,Dismissed,"Horror,Thriller",en,4.884,10/8/2017,6.6,240
186929,Borgman,"Thriller,Drama",nl,8.807,5/13/2013,6.6,254
60309,The Conspirator,"Crime,Drama,History",en,9.447,9/10/2010,6.6,368
51917,A Whole Life Ahead,"Comedy,Drama",it,5.091,3/28/2008,6.6,262
51540,Horrible Bosses,"Comedy,Crime",en,31.401,7/8/2011,6.6,5508
123,The Lord of the Rings,"Adventure,Animation,Fantasy",en,41.503,11/15/1978,6.6,658
370665,Dilwale,"Crime,Action,Comedy",hi,9.242,12/18/2015,6.6,243
83899,You're Next,"Horror,Thriller,Mystery",en,29.293,9/10/2011,6.6,1983
75174,The Grey,"Drama,Thriller,Action,Adventure",en,59.574,1/26/2012,6.6,3282
11064,Brewster's Millions,Comedy,en,9.085,5/22/1985,6.6,441
166,The Party,"Drama,Romance,Comedy",fr,13.175,12/17/1980,6.6,951
581859,Da 5 Bloods,"War,Drama",en,12.557,6/12/2020,6.6,878
9944,The Pelican Brief,"Mystery,Drama,Thriller,Crime",en,14.644,9/17/1993,6.6,1214
351286,Jurassic World: Fallen Kingdom,"Action,Adventure,Science Fiction,Thriller",en,201.193,6/6/2018,6.6,10075
44945,Trust,"Crime,Drama,Thriller",en,11.547,9/10/2010,6.6,799
14510,From Beyond,"Horror,Science Fiction",en,10.114,10/24/1986,6.6,393
11365,Wilde,"Drama,History",en,8.441,9/1/1997,6.6,220
10909,Kalifornia,"Thriller,Crime",en,7.024,6/24/1993,6.6,598
9532,Final Destination,Horror,en,70.882,3/17/2000,6.6,4480
449756,The Postcard Killings,"Drama,Thriller",en,13.293,3/13/2020,6.6,406
206408,Chinese Puzzle,"Comedy,Drama,Romance",fr,8.779,12/4/2013,6.6,569
36801,Cemetery Junction,"Drama,Comedy",en,7.415,4/14/2010,6.6,214
21407,The Collector,"Horror,Thriller",en,24.966,7/9/2009,6.6,1163
18503,Caterina in the Big City,"Comedy,Drama",it,4.483,10/24/2003,6.6,213
12185,Heaven Can Wait,"Fantasy,Comedy",en,6.996,6/28/1978,6.6,304
10409,Strictly Ballroom,"Comedy,Drama,Romance",en,8.872,8/20/1992,6.6,261
290512,The Mountain Between Us,"Romance,Adventure,Drama",en,24.663,10/5/2017,6.6,1934
10354,True Crime,"Crime,Drama,Thriller,Mystery",en,9.602,3/19/1999,6.6,580
19124,Blind Fury,"Action,Thriller",en,13.508,8/17/1989,6.6,360
12637,"New York, New York","Drama,Music,Romance",en,6.855,6/21/1977,6.6,351
8765,Nirvana,"Science Fiction,Thriller,Action,Drama",it,5.7,1/24/1997,6.6,231
654028,The Christmas Chronicles: Part Two,"Family,Fantasy,Adventure,Comedy",en,45.464,11/18/2020,6.6,780
468302,Love and Bullets,"Music,Comedy,Romance,Crime",it,6.679,8/1/2017,6.6,233
5353,The Hunting Party,"Action,Adventure,Thriller,Drama",en,8.108,9/3/2007,6.6,249
1593,Night at the Museum,"Action,Adventure,Comedy,Family,Fantasy",en,28.487,10/20/2006,6.6,8753
517088,Being the Ricardos,"Drama,History",en,24.338,12/10/2021,6.6,447
270303,It Follows,"Horror,Mystery",en,120.124,9/24/2014,6.6,5347
10874,Muppet Treasure Island,"Action,Comedy,Music,Family,Adventure,Romance",en,9.498,2/16/1996,6.6,298
10650,Sudden Impact,"Crime,Action,Thriller",en,13.611,12/7/1983,6.6,686
5955,The Pledge,"Crime,Drama,Mystery,Thriller",en,11.883,1/19/2001,6.6,736
4105,Black Rain,"Action,Thriller,Crime",en,15.256,9/22/1989,6.6,835
458897,Charlie's Angels,"Action,Adventure,Comedy,Science Fiction",en,39.017,11/14/2019,6.6,2485
37933,Tales from Earthsea,"Animation,Fantasy,Adventure",ja,16.962,7/29/2006,6.6,1060
12165,The Burning Plain,"Drama,Romance,Crime",en,11.263,11/7/2008,6.6,347
12133,Step Brothers,Comedy,en,17.532,7/25/2008,6.6,2570
5121,The Sugarland Express,"Crime,Drama",en,6.72,4/5/1974,6.6,285
773655,Death to 2020,Comedy,en,12.39,12/27/2020,6.6,562
559907,The Green Knight,"Adventure,Drama,Fantasy",en,25.37,7/29/2021,6.6,1204
458534,Rolling to You,"Comedy,Romance",fr,46.512,3/14/2018,6.6,672
375366,The Girl with All the Gifts,"Drama,Horror,Thriller,Science Fiction",en,23.402,9/23/2016,6.6,1627
244563,"Kumiko, the Treasure Hunter",Drama,en,4.789,11/13/2014,6.6,218
244509,Cold in July,"Drama,Thriller",en,9.333,5/23/2014,6.6,604
241259,Alice Through the Looking Glass,"Adventure,Family,Fantasy",en,58.227,5/25/2016,6.6,5595
164457,Out of the Furnace,"Thriller,Drama,Crime",en,11.753,12/6/2013,6.6,1637
48289,The Debt,"Drama,Thriller",en,7.187,9/30/2010,6.6,696
10656,Subway,"Action,Thriller",fr,6.06,4/10/1985,6.6,326
10652,Hamburger Hill,"War,Action,Drama",en,12.426,8/7/1987,6.6,318
215,Saw II,Horror,en,54.724,10/28/2005,6.6,4265
672741,Till Death,"Horror,Thriller",en,18.808,7/2/2021,6.6,423
325173,Close Range,"Action,Crime",en,8.922,12/11/2015,6.6,241
88005,Seeking a Friend for the End of the World,"Comedy,Drama,Romance,Science Fiction",en,13.648,6/22/2012,6.6,1728
9429,A Night at the Roxbury,"Comedy,Music,Romance",en,17.721,10/1/1998,6.6,712
834,Underworld: Evolution,"Fantasy,Action,Thriller",en,31.924,1/12/2006,6.6,3424
160139,Night Train to Lisbon,"Mystery,Romance,Thriller",en,8.952,3/7/2013,6.6,321
27324,Pulse,"Horror,Thriller,Mystery",ja,9.489,2/3/2001,6.6,326
10961,Behind the Mask: The Rise of Leslie Vernon,"Comedy,Horror,Thriller",en,8.493,8/29/2006,6.6,336
9950,Find Me Guilty,"Comedy,Crime,Drama",en,9.068,3/16/2006,6.6,384
163,Ocean's Twelve,"Thriller,Crime",en,23.648,12/9/2004,6.6,6120
486131,Shaft,"Action,Crime",en,29.864,6/14/2019,6.6,1409
397517,Be Somebody,"Drama,Comedy,Romance",en,10.731,6/10/2016,6.6,242
44865,The Grandmaster,"Action,Drama,History",zh,13.298,1/10/2013,6.6,689
537739,Can You Keep a Secret?,"Romance,Comedy",en,15.904,9/13/2019,6.6,736
464052,Wonder Woman 1984,"Action,Adventure,Fantasy",en,181.404,12/16/2020,6.6,6957
11300,Something Wild,"Crime,Comedy,Romance",en,7.918,11/7/1986,6.6,236
9529,Candyman,"Drama,Horror,Thriller",en,15.191,10/16/1992,6.6,1229
34204,Return to Halloweentown,"Family,Fantasy,Comedy,TV Movie",en,9.647,10/20/2006,6.6,384
10389,The Eye,Horror,cn,11.674,5/9/2002,6.6,317
193,Star Trek: Generations,"Science Fiction,Action,Adventure,Thriller",en,10.965,11/18/1994,6.6,1040
487476,Nothing to Hide,"Drama,Comedy",fr,11.398,10/17/2018,6.6,1168
398181,You Were Never Really Here,"Thriller,Drama,Crime",en,16.812,11/8/2017,6.6,2296
345637,Sanjay's Super Team,"Animation,Family,Fantasy,Action",en,4.665,11/18/2015,6.6,207
242042,Barefoot,"Comedy,Drama,Romance",en,7.96,2/2/2014,6.6,515
15261,Bring It On: In It to Win It,Comedy,en,1.209,12/12/2007,6.6,444
467482,A Man in a Hurry,"Comedy,Drama",fr,5.591,11/7/2018,6.6,269
231576,Wish I Was Here,"Drama,Comedy",en,10.114,7/18/2014,6.6,625
59387,The Powerpuff Girls Movie,"Animation,Action,Family",en,15.265,7/3/2002,6.6,230
9389,Renaissance,"Action,Animation,Science Fiction",fr,7.553,3/16/2006,6.6,201
8446,Bugsy Malone,"Drama,Action,Comedy,Music,Family",en,7.895,7/22/1976,6.6,212
6538,Charlie Wilson's War,"Comedy,Drama,History",en,12.861,12/19/2007,6.6,1178
667,You Only Live Twice,"Action,Thriller,Adventure",en,24.17,6/13/1967,6.6,1680
477018,The Translators,"Mystery,Thriller",fr,8.614,12/20/2019,6.6,369
438674,Dragged Across Concrete,"Crime,Action,Thriller",en,15.917,9/3/2018,6.5,728
400,Things to Do in Denver When You're Dead,"Drama,Crime",en,7.6,12/1/1995,6.5,294
526051,Look Away,"Horror,Thriller,Fantasy",en,23.17,10/12/2018,6.5,664
524369,The Many Saints of Newark,"Crime,Drama",en,58.719,9/22/2021,6.5,424
146304,The Best Man Holiday,Comedy,en,6.064,11/15/2013,6.5,218
73358,Page Eight,"Mystery,Thriller,Drama",en,8.398,8/28/2011,6.5,207
25155,The Stepfather,"Horror,Thriller",en,9.387,1/22/1987,6.5,230
227156,The Giver,"Drama,Science Fiction",en,17.727,8/13/2014,6.5,4045
9595,Hot Shots!,"Action,Comedy,War",en,23.684,7/31/1991,6.5,1699
669671,Night Teeth,"Horror,Thriller,Action",en,67.396,10/20/2021,6.5,560
301365,The Neon Demon,"Thriller,Drama,Horror",en,17.534,6/8/2016,6.5,3282
257785,Tulip Fever,"Drama,Romance",en,22.105,7/13/2017,6.5,583
11681,The Two Missionaries,"Action,Adventure,Comedy",it,6.856,12/21/1974,6.5,205
8840,DragonHeart,"Fantasy,Action,Adventure",en,19.854,5/31/1996,6.5,1684
581600,Spenser Confidential,"Comedy,Action,Thriller",en,21.502,3/6/2020,6.5,1879
426284,Blade of the Immortal,"Action,Drama,Fantasy",ja,13.796,4/29/2017,6.5,414
12079,Spun,"Comedy,Crime,Drama",en,10.065,6/1/2002,6.5,352
9346,Risky Business,"Comedy,Romance,Drama",en,13.308,8/5/1983,6.5,1005
723072,Host,"Horror,Thriller,Mystery",en,131.577,12/4/2020,6.5,560
12524,Titus,"Drama,History",en,8.166,12/25/1999,6.5,215
635744,Jarhead: Law of Return,War,en,20.492,10/1/2019,6.5,2530
522681,Escape Room,"Horror,Thriller,Mystery",en,65.593,1/3/2019,6.5,3839
33875,Pokémon Heroes,"Animation,Adventure,Action,Fantasy",ja,33.724,7/13/2002,6.5,270
13195,Flawless,"Crime,Drama,Thriller",en,13.706,9/1/2007,6.5,371
9585,Not Without My Daughter,"Drama,Thriller",en,12.623,1/11/1991,6.5,233
726208,Don't Listen,"Drama,Horror,Thriller",es,118.026,7/24/2020,6.5,594
11814,Weird Science,"Comedy,Romance,Science Fiction",en,21.582,8/1/1985,6.5,1106
11281,Halloween II,"Horror,Thriller",en,30.15,10/30/1981,6.5,1537
10539,James and the Giant Peach,"Adventure,Animation,Family,Fantasy",en,16.594,4/12/1996,6.5,1070
1894,Star Wars: Episode II - Attack of the Clones,"Adventure,Action,Science Fiction",en,35.423,5/15/2002,6.5,11196
435921,It’s the Law,Comedy,it,7.442,1/19/2017,6.5,686
339927,Kevin Hart: What Now?,Comedy,en,6.75,10/14/2016,6.5,218
19898,Pandorum,"Action,Horror,Mystery,Science Fiction,Thriller",en,16.719,9/8/2009,6.5,1911
157847,Joe,Drama,en,9.202,5/16/2013,6.5,778
2105,American Pie,"Comedy,Romance",en,64.005,7/9/1999,6.5,6539
542,The Crime of Padre Amaro,"Drama,Romance",es,21.301,10/1/2002,6.5,213
529962,The Perfection,"Horror,Thriller,Drama",en,12.504,9/20/2018,6.5,1089
8488,Hitch,"Comedy,Drama,Romance",en,24.113,2/11/2005,6.5,4922
7211,Dan in Real Life,"Comedy,Romance,Drama",en,10.866,10/26/2007,6.5,973
4413,The Brave One,"Crime,Drama,Thriller",en,15.61,9/12/2007,6.5,782
3877,Things We Lost in the Fire,Drama,en,9.415,9/26/2007,6.5,270
631843,Old,"Thriller,Mystery,Horror",en,234.722,7/21/2021,6.5,2867
626393,The Sleepover,"Family,Action",en,10.903,8/21/2020,6.5,330
489326,Mortal,"Action,Fantasy,Thriller",en,11.556,2/28/2020,6.5,378
467936,The Children Act,Drama,en,10.835,3/29/2018,6.5,536
47218,Happythankyoumoreplease,"Comedy,Drama,Romance",en,5.283,3/4/2011,6.5,226
10881,Avalon,"Action,Science Fiction",pl,7.913,1/20/2001,6.5,241
16538,"I Love You, Man","Comedy,Romance",en,22.397,3/20/2009,6.5,1358
11441,Madly in Love,Comedy,it,7.721,12/18/1981,6.5,205
9342,The Mask of Zorro,"Action,Adventure",en,26.778,7/16/1998,6.5,3374
8194,A Guide to Recognizing Your Saints,"Crime,Drama",en,6.517,9/29/2006,6.5,246
1990,Paranoid Park,"Mystery,Crime,Drama",en,7.618,7/12/2007,6.5,414
605116,Project Power,"Action,Crime,Science Fiction",en,22.597,8/14/2020,6.5,2351
424139,Halloween,"Horror,Thriller",en,77.085,10/18/2018,6.5,3895
376166,From the Land of the Moon,"Drama,Romance",fr,10.709,10/19/2016,6.5,266
374465,Things to Come,Drama,fr,6.167,4/6/2016,6.5,261
83201,Puss in Boots: The Three Diablos,"Adventure,Animation,Comedy,Family",en,41.928,2/7/2012,6.5,346
6081,Revenge of the Pink Panther,"Action,Comedy,Crime,Thriller",en,9.265,1/8/1978,6.5,319
39371,L'allenatore nel pallone,Comedy,it,6.948,10/26/1984,6.5,315
13704,License to Drive,"Comedy,Family",en,7.96,7/6/1988,6.5,286
11980,The Prophecy,"Horror,Fantasy,Thriller",en,13.436,9/1/1995,6.5,388
10147,Bad Santa,"Drama,Comedy,Crime",en,8.246,11/26/2003,6.5,1726
399725,Ideal Home,"Comedy,Drama",en,8.826,6/21/2018,6.5,208
180894,Ninja: Shadow of a Tear,"Action,Crime,Thriller",en,22.397,12/27/2013,6.5,282
12797,Ghost Town,"Comedy,Fantasy,Romance",en,7.723,9/19/2008,6.5,785
12775,Flesh + Blood,"Adventure,Drama",en,10.794,8/30/1985,6.5,268
282984,Irrational Man,"Drama,Comedy,Crime",en,9.391,7/17/2015,6.5,2107
247182,El Niño,"Action,Drama,Thriller",es,8.801,8/29/2014,6.5,213
87499,The East,"Drama,Thriller",en,8.045,5/31/2013,6.5,636
44048,Unstoppable,"Action,Thriller",en,23.949,11/4/2010,6.5,2917
17898,Silver Bullet,Horror,en,20.378,10/10/1985,6.5,423
10872,The Ref,"Comedy,Crime,Drama",en,9.829,3/9/1994,6.5,258
8338,Blindness,"Drama,Mystery,Science Fiction,Thriller",en,15.539,5/14/2008,6.5,1055
203793,Stalingrad,"War,Action,Drama",ru,0.6,10/9/2013,6.5,281
38843,Ramona and Beezus,"Comedy,Family",en,11.344,7/23/2010,6.5,685
6950,Outbreak,"Action,Drama,Science Fiction,Thriller",en,20.975,3/10/1995,6.5,1823
55721,Bridesmaids,"Comedy,Romance",en,19.392,5/13/2011,6.5,3823
44129,The Company Men,Drama,en,8.313,10/21/2010,6.5,575
10502,The Man Without a Face,Drama,en,7.264,8/25/1993,6.5,419
10490,Drop Dead Gorgeous,Comedy,en,9.45,7/23/1999,6.5,276
248774,Obvious Child,"Comedy,Romance",en,7.318,6/6/2014,6.5,371
112336,Hitchcock,Drama,en,8.806,11/22/2012,6.5,1282
8643,The Exorcism of Emily Rose,"Crime,Drama,Horror,Thriller",en,54.115,9/9/2005,6.5,2293
3638,No Reservations,"Comedy,Romance,Drama",en,14.508,6/15/2007,6.5,1033
816,Austin Powers: International Man of Mystery,"Science Fiction,Comedy,Crime",en,22.386,5/2/1997,6.5,2738
623195,Falling Inn Love,"Romance,Comedy",en,15.373,8/29/2019,6.5,1012
339408,The Birth of a Nation,Drama,en,8.228,9/9/2016,6.5,466
13649,High School Musical 2,"Comedy,Drama,Family,Music,Romance,TV Movie",en,33.407,8/17/2007,6.5,3318
10890,Stripes,"Action,Comedy",en,12.311,6/25/1981,6.5,706
628900,The Contractor,"Action,Thriller",en,518.397,3/10/2022,6.5,413
469056,A New Girl In Paris!,Comedy,fr,5.309,7/4/2018,6.5,254
227700,Anna,"Thriller,Drama",en,12.757,10/13/2013,6.5,507
101669,Mother's Day,"Thriller,Crime,Horror",en,9.82,9/23/2010,6.5,327
11298,The Howling,Horror,en,33.659,1/21/1981,6.5,569
401981,Red Sparrow,"Mystery,Thriller",en,33.465,2/28/2018,6.5,5208
11551,Small Soldiers,"Comedy,Adventure,Fantasy,Science Fiction,Action",en,21.332,7/10/1998,6.5,1730
9352,EuroTrip,Comedy,en,23.418,2/20/2004,6.5,2022
575446,New Order,"Thriller,Drama",es,17.545,10/22/2020,6.5,229
274857,King Arthur: Legend of the Sword,"Action,Drama,Fantasy",en,62.526,5/10/2017,6.5,4945
22897,It's Complicated,"Comedy,Romance",en,11.115,12/23/2009,6.5,1170
15070,Undisputed,"Action,Adventure,Drama,Thriller",en,48.423,7/17/2002,6.5,552
13465,The Adventures of Ichabod and Mr. Toad,"Horror,Fantasy,Animation,Family",en,13.271,10/5/1949,6.5,426
11023,Thirteen,Drama,en,19.817,8/20/2003,6.5,1275
4958,The Legend of Bagger Vance,"Drama,Fantasy",en,12.664,11/2/2000,6.5,739
1865,Pirates of the Caribbean: On Stranger Tides,"Adventure,Action,Fantasy",en,218.81,5/14/2011,6.5,12138
673174,Offering to the Storm,"Crime,Thriller",es,24.769,7/24/2020,6.5,243
425591,I Don't Feel at Home in This World Anymore,"Crime,Comedy,Drama,Thriller",en,9.617,1/19/2017,6.5,1071
423204,Angel Has Fallen,"Action,Thriller",en,56.855,8/21/2019,6.5,2776
300155,A Royal Night Out,"Comedy,Drama,Romance",en,6.607,5/14/2015,6.5,258
238751,Best of the Best,Action,en,11.12,11/10/1989,6.5,217
80389,Get the Gringo,"Action,Thriller,Crime,Drama",en,37.716,3/15/2012,6.5,1344
489245,The Kill Team,"War,Action,Drama",en,37.37,10/17/2019,6.5,315
411736,Batman: Return of the Caped Crusaders,"Action,Animation,Adventure,Crime,Science Fiction",en,6.751,10/8/2016,6.5,205
34560,Halloweentown High,"Adventure,Comedy,Family,Fantasy,TV Movie",en,9.985,10/8/2004,6.5,250
21861,LOL (Laughing Out Loud),Comedy,fr,6.842,2/4/2009,6.5,1133
13850,Song of the South,"Family,Music",en,8.999,11/12/1946,6.5,212
218425,Frequencies,"Romance,Science Fiction,Mystery",en,7.394,7/24/2013,6.5,350
9255,Hot Shots! Part Deux,"Action,Comedy,War",en,25.48,5/21/1993,6.5,1490
588,Silent Hill,"Horror,Mystery",en,43.226,4/21/2006,6.5,3440
505026,Death on the Nile,"Crime,Drama,Mystery,Thriller",en,94.418,2/9/2022,6.5,1964
258099,Just Before I Go,"Comedy,Drama,Romance",en,20.354,4/24/2015,6.5,272
246655,X-Men: Apocalypse,"Action,Adventure,Science Fiction,Fantasy",en,95.198,5/18/2016,6.5,11412
11543,Kingpin,Comedy,en,15.7,7/4/1996,6.5,681
3049,Ace Ventura: Pet Detective,"Comedy,Adventure",en,25.32,2/4/1994,6.5,4788
536176,Brexit: The Uncivil War,"History,TV Movie,Drama",en,8.725,1/19/2019,6.5,233
433422,Fairy Tail: Dragon Cry,"Action,Adventure,Comedy,Fantasy,Animation",ja,85.692,5/6/2017,6.5,356
53319,What a Beautiful Day,Comedy,it,6.059,1/5/2011,6.5,1370
43947,I Spit on Your Grave,"Thriller,Crime,Horror",en,69.906,6/17/2010,6.5,1796
2978,Ghostbusters II,"Comedy,Fantasy",en,28.311,6/16/1989,6.5,3521
401545,Everybody Knows,Drama,es,12.167,5/9/2018,6.5,791
14881,Joe Kidd,Western,en,13.318,7/19/1972,6.5,251
10800,Dragon Hunters,"Animation,Family",fr,9.155,3/19/2008,6.5,376
9399,Lionheart,Action,en,30.601,6/7/1990,6.5,797
5139,The Fox and the Child,"Adventure,Family",fr,5.671,12/27/2007,6.5,307
788929,Lamb,"Drama,Fantasy,Horror",is,19.042,8/12/2021,6.5,418
146216,RED 2,"Action,Comedy,Crime,Thriller",en,41.948,7/18/2013,6.5,3444
60175,The Under-Gifted,Comedy,fr,5.803,4/30/1980,6.5,370
5879,In the Realm of the Senses,"Drama,Romance",ja,29.007,9/15/1976,6.5,431
400650,Mary Poppins Returns,"Fantasy,Family,Comedy",en,25.132,12/13/2018,6.5,2874
392207,The Invisible Guardian,Thriller,es,12.987,3/3/2017,6.5,556
271724,Hippocrates,Drama,fr,4.91,9/3/2014,6.5,384
14136,The Love Bug,"Comedy,Family,Fantasy",en,12.071,12/23/1968,6.5,458
14024,Raise Your Voice,"Music,Drama,Romance",en,10.855,8/10/2004,6.5,735
136400,2 Guns,"Action,Comedy,Crime",en,35.653,8/2/2013,6.5,3501
73567,Killer Joe,"Crime,Thriller,Drama,Horror",en,9.877,9/10/2011,6.5,1140
36218,Pokémon: Jirachi - Wish Maker,"Family,Action,Animation,Adventure,Fantasy,Science Fiction",ja,27.677,7/19/2003,6.5,210
13665,Arthur,"Comedy,Drama,Romance",en,10.505,7/17/1981,6.5,332
10484,The ComDads,Comedy,fr,6.977,11/23/1983,6.5,315
1893,Star Wars: Episode I - The Phantom Menace,"Adventure,Action,Science Fiction",en,37.481,5/19/1999,6.5,12377
469274,Nicky Larson and the Cupid's Perfume,"Adventure,Comedy",fr,10.403,2/6/2019,6.5,651
11247,A Cinderella Story,"Comedy,Family,Romance",en,39.455,7/10/2004,6.5,2766
553604,Honest Thief,"Thriller,Action,Crime,Drama",en,94.574,9/3/2020,6.5,1315
528985,Assimilate,"Horror,Thriller,Science Fiction",en,19.598,5/24/2019,6.5,205
34065,Pokémon: Destiny Deoxys,"Family,Adventure,Animation,Fantasy",ja,22.72,7/22/2004,6.5,205
10052,Dragonfly,"Thriller,Fantasy",en,14.62,2/22/2002,6.5,707
330,The Lost World: Jurassic Park,"Adventure,Action,Science Fiction",en,3.347,5/23/1997,6.5,6999
733317,Monsters of Man,Science Fiction,en,11.07,11/19/2020,6.5,245
206647,Spectre,"Action,Adventure,Thriller",en,49.307,10/26/2015,6.5,9193
10760,Sydney White,Comedy,en,14.103,9/21/2007,6.5,905
9839,Beyond Borders,"Drama,Romance,Adventure,War",en,9.111,10/23/2003,6.5,331
77221,Black Gold,"Adventure,Drama",en,7.123,12/21/2011,6.5,224
14517,MirrorMask,Fantasy,en,6.739,1/25/2005,6.5,266
11400,The New World,"Drama,History,Romance",en,10.053,12/25/2005,6.5,937
544404,Who You Think I Am,"Drama,Romance",fr,8.303,2/27/2019,6.5,252
324744,You Can't Save Yourself Alone,Drama,it,4.781,3/5/2015,6.5,201
309302,Wolf Totem,"Adventure,Drama",zh,7.186,2/19/2015,6.5,327
177271,Lego Batman: The Movie - DC Super Heroes Unite,"Family,Animation,Adventure,Comedy",en,2.477,5/21/2013,6.5,211
24122,The Rebound,"Romance,Comedy",en,38.942,9/16/2009,6.5,749
16119,Cinderella III: A Twist in Time,"Animation,Romance,Family,Fantasy",en,55.47,2/6/2007,6.5,1051
1710,Copycat,"Thriller,Crime",en,14.184,5/3/1995,6.5,737
535,Flashdance,"Drama,Romance",en,15.513,4/14/1983,6.5,1166
463843,Sweetheart,"Horror,Thriller",en,10.141,1/28/2019,6.5,267
245700,Mr. Turner,"History,Drama",en,7.64,10/31/2014,6.5,429
22832,Ninja Assassin,Action,en,107.829,9/29/2009,6.5,1177
10279,Summer of Sam,"Thriller,Drama,Crime,Romance",en,9.933,7/2/1999,6.5,350
8748,Eagle vs Shark,"Comedy,Romance",en,7.371,7/15/2007,6.5,221
492719,Godzilla: City on the Edge of Battle,"Animation,Science Fiction",ja,18.42,5/18/2018,6.5,247
431819,Fireworks,"Animation,Drama,Fantasy",ja,60.878,8/18/2017,6.5,259
407436,Mowgli: Legend of the Jungle,"Adventure,Drama",en,27.539,11/25/2018,6.5,2220
15655,The Tigger Movie,"Family,Animation,Comedy",en,12.392,2/11/2000,6.5,464
13573,The United States of Leland,"Crime,Drama",en,9.321,1/18/2003,6.5,252
10126,Colors,"Action,Crime,Drama",en,11.207,4/15/1988,6.5,339
8954,Reservation Road,"Drama,Crime,Thriller",en,8.589,9/13/2007,6.5,290
8288,A Midsummer Night's Sex Comedy,"Comedy,Romance",en,10.512,7/16/1982,6.5,315
274479,Joy,"Drama,Comedy",en,14.105,12/24/2015,6.5,3639
12610,Osmosis Jones,"Adventure,Animation,Action,Comedy,Family",en,41.667,8/10/2001,6.5,855
11899,The Muppets Take Manhattan,"Romance,Comedy,Family",en,12.128,6/27/1984,6.5,286
9716,Everyone Says I Love You,"Comedy,Romance",en,5.97,12/6/1996,6.5,511
1493,Miss Congeniality,"Comedy,Crime,Action",en,26.469,12/22/2000,6.5,3222
726429,Xtreme,"Action,Adventure,Crime",es,28.905,6/4/2021,6.5,200
520900,The Personal History of David Copperfield,Comedy,en,10.014,11/7/2019,6.5,356
242224,The Babadook,"Drama,Horror",en,51.446,5/22/2014,6.5,5164
10782,Basic,"Action,Drama,Mystery,Thriller,Crime",en,10.035,4/18/2003,6.5,836
884,Crash,"Drama,Thriller",en,19.388,7/17/1996,6.5,805
575100,When Mom Is Away,Comedy,it,11.811,2/7/2019,6.5,415
464889,Sniper: Ultimate Kill,"Action,Drama,Thriller",en,25.192,10/3/2017,6.5,228
421471,Flower,"Comedy,Drama",en,16.132,3/16/2017,6.5,208
347629,Thank You for Your Service,"Drama,War",en,10.399,10/26/2017,6.5,279
10569,Small Time Crooks,"Comedy,Crime",en,8.393,5/19/2000,6.5,524
7518,Over the Hedge,"Family,Comedy,Animation",en,35.771,5/17/2006,6.5,3744
2360,Saving Grace,"Crime,Comedy",en,9.671,1/24/2000,6.5,347
293167,Kong: Skull Island,"Action,Adventure,Fantasy",en,66.653,3/8/2017,6.5,9034
10622,Mr. Nice Guy,"Crime,Action,Comedy",cn,16.501,1/31/1997,6.5,512
273271,Time Lapse,"Thriller,Science Fiction,Mystery",en,8.268,5/24/2014,6.5,1012
270946,Penguins of Madagascar,"Family,Animation,Adventure,Comedy",en,100.173,11/22/2014,6.5,3482
146015,The Double,"Thriller,Drama",en,7.53,4/3/2014,6.5,806
121826,Quartet,"Drama,Comedy,Romance",en,6.587,9/8/2012,6.5,315
37725,It's a Boy Girl Thing,"Comedy,Fantasy,Romance",en,12.622,7/15/2006,6.5,908
30689,Four Flies on Grey Velvet,"Thriller,Mystery,Horror",it,7.265,12/17/1971,6.5,274
8413,Event Horizon,"Horror,Science Fiction,Mystery",en,24.04,8/15/1997,6.5,2135
865,The Running Man,"Action,Science Fiction,Thriller",en,17.688,2/17/1987,6.5,1816
603119,The Silencing,"Action,Thriller",en,16.203,7/18/2020,6.5,397
553608,Cinderela Pop,"Romance,Comedy",pt,15.803,2/28/2019,6.5,275
21629,Stir Crazy,Comedy,en,8.596,12/12/1980,6.5,336
15739,Annie,"Comedy,Drama,Family",en,14.311,6/18/1982,6.5,559
10347,Dobermann,"Action,Crime",fr,9.294,6/18/1997,6.5,392
6069,The Witches of Eastwick,"Comedy,Fantasy,Horror",en,16.898,6/12/1987,6.5,1117
359983,The Lion Guard: Return of the Roar,"Family,TV Movie,Animation",en,60.583,11/22/2015,6.5,919
70981,Prometheus,"Science Fiction,Adventure,Mystery",en,119.827,5/30/2012,6.5,10362
665251,Altered Carbon: Resleeved,"Animation,Science Fiction",ja,64.547,3/19/2020,6.5,212
475303,A Rainy Day in New York,"Comedy,Romance",en,1.264,7/26/2019,6.5,1874
452773,"Tad, the Lost Explorer, and the Secret of King Midas","Animation,Adventure,Comedy,Family",es,39.026,3/25/2017,6.5,308
417384,Scary Stories to Tell in the Dark,"Horror,Thriller",en,36.616,8/8/2019,6.5,2159
842,The Assassination of Richard Nixon,"Drama,History,Thriller",en,6.732,5/17/2004,6.5,236
390054,Sand Castle,"War,Action,Drama",en,28.206,4/21/2017,6.5,644
728526,Encounter,"Adventure,Drama",en,85.3,12/3/2021,6.5,326
522938,Rambo: Last Blood,"Action,Thriller,Drama",en,83.125,9/19/2019,6.5,3101
376659,Bad Moms,Comedy,en,20.676,7/28/2016,6.5,3642
354279,Charming,"Animation,Adventure,Comedy,Family,Fantasy,Music",en,16.208,3/26/2018,6.5,214
97899,A Magnificent Haunting,"Drama,Fantasy,Comedy",it,5.237,3/16/2012,6.5,207
10398,Double Jeopardy,Thriller,en,19.46,9/24/1999,6.5,1006
482,Shaft,"Action,Crime,Thriller",en,11.089,6/25/1971,6.5,260
204922,Before I Go to Sleep,"Mystery,Thriller",en,20.321,9/3/2014,6.5,1721
11282,Harold & Kumar Go to White Castle,"Comedy,Adventure",en,16.761,5/30/2004,6.5,1674
10288,Fido,"Romance,Comedy,Drama,Horror",en,8.204,9/7/2006,6.5,348
329712,The Measure of a Man,Drama,fr,6.014,3/16/2015,6.5,287
267192,Genius,"History,Drama",en,10.033,6/10/2016,6.5,573
57825,Bride & Prejudice,"Drama,Comedy,Romance",en,10.919,2/11/2004,6.5,314
38842,Middle Men,"Drama,Comedy,Crime",en,15.43,5/17/2009,6.5,241
19405,Recess: School's Out,"Science Fiction,Family,Comedy,Animation",en,14.987,1/27/2001,6.5,270
10806,In & Out,Comedy,en,7.987,9/10/1997,6.5,564
9664,Flyboys,"Action,Adventure,Drama,History,Romance,War",en,14.897,9/22/2006,6.5,659
2789,The Chronicles of Riddick,"Action,Science Fiction",en,16.689,6/11/2004,6.5,3361
1965,A Perfect Murder,"Crime,Thriller,Drama",en,14.752,6/5/1998,6.5,1100
287689,7 Days in Hell,"TV Movie,Comedy",en,8.884,7/11/2015,6.5,297
39874,My Bloody Valentine,"Horror,Thriller,Mystery",en,10.084,2/11/1981,6.5,320
582883,Deerskin,"Comedy,Horror",fr,9.675,6/19/2019,6.5,485
532620,Let's Dance,"Comedy,Drama",fr,8.193,3/27/2019,6.5,281
72431,Red Tails,"Drama,Action,Adventure,History,War",en,50.06,1/19/2012,6.5,504
63492,What's Your Number?,"Comedy,Romance",en,19.651,9/30/2011,6.5,2022
12106,The Quick and the Dead,"Western,Action,Thriller",en,15.779,2/9/1995,6.5,1359
11198,City Hunter,"Action,Adventure,Comedy,Romance",cn,16.66,1/16/1993,6.5,279
5680,"Elvira, Mistress of the Dark","Fantasy,Horror,Comedy",en,15.097,9/30/1988,6.5,379
398929,Alibi.com,Comedy,fr,10.646,2/15/2017,6.5,1433
36586,Blade II,"Fantasy,Horror,Action,Thriller",en,38.65,3/22/2002,6.5,3885
25059,Homeward Bound II: Lost in San Francisco,"Adventure,Comedy,Drama,Family",en,15.826,3/8/1996,6.5,377
740985,Borat Subsequent Moviefilm,Comedy,en,15.097,10/23/2020,6.5,1962
369230,Them Who?,Comedy,it,3.999,11/19/2015,6.5,360
38542,The Disappearance of Alice Creed,"Crime,Drama,Thriller",en,9.955,9/12/2009,6.5,439
38363,Fair Game,"Drama,Thriller",en,12.371,5/20/2010,6.5,622
444539,The Bookshop,Drama,en,12.89,11/10/2017,6.5,342
27958,Cruising,"Crime,Mystery,Thriller,Horror",en,12.041,2/15/1980,6.5,355
10081,The Principal,"Action,Adventure,Crime,Drama",en,6.712,9/18/1987,6.5,218
4729,The Gendarme Gets Married,Comedy,fr,9.601,10/30/1968,6.5,453
341174,Fifty Shades Darker,"Drama,Romance",en,105.687,2/8/2017,6.5,6777
274862,The Lego Ninjago Movie,"Family,Animation,Action,Adventure,Comedy",en,26.626,9/21/2017,6.5,821
270343,Love at First Fight,"Comedy,Romance",fr,5.471,8/20/2014,6.5,378
38575,The Karate Kid,"Action,Adventure,Drama,Family",en,109.669,6/10/2010,6.5,5023
492282,Like a Cat on a Highway,"Family,Comedy",it,14.563,12/28/2017,6.5,819
445040,My Friend Dahmer,"Drama,History",en,10.861,11/3/2017,6.5,400
84341,Smashed,"Comedy,Drama",en,6.456,1/22/2012,6.5,215
68724,Elysium,"Science Fiction,Action,Drama,Thriller",en,40.63,8/7/2013,6.5,7580
41154,Men in Black 3,"Action,Comedy,Science Fiction",en,61.62,5/23/2012,6.5,8970
14317,The Wild Thornberrys Movie,"Animation,Adventure,Family",en,30.498,12/20/2002,6.5,212
8909,Wanted,"Action,Thriller,Crime",en,24.059,6/19/2008,6.5,6055
636,THX 1138,"Science Fiction,Action,Drama",en,9.084,3/11/1971,6.5,739
716258,Black Box,"Horror,Science Fiction,Thriller",en,41.144,10/6/2020,6.5,400
68812,The Iceman,"Thriller,Crime,Drama",en,31.694,9/1/2012,6.5,831
10866,Joy Ride,"Mystery,Thriller,Drama",en,27.041,10/5/2001,6.5,938
10390,For Love of the Game,"Drama,Romance",en,9.866,9/17/1999,6.5,335
7516,Smokin' Aces,"Action,Comedy,Crime,Thriller",en,16.499,12/9/2006,6.5,1337
802217,8-Bit Christmas,"Family,Comedy",en,33.703,11/24/2021,6.5,227
540901,Hustlers,"Drama,Comedy,Crime",en,36.089,9/12/2019,6.5,2553
229297,Magic in the Moonlight,"Comedy,Drama,Romance",en,14.718,7/25/2014,6.5,1830
308504,Last Knights,"Action,Adventure",en,36.28,4/3/2015,6.5,911
295964,Burnt,Drama,en,11.511,10/2/2015,6.5,2831
10567,Dinosaur,"Family,Animation",en,105.56,5/19/2000,6.5,2055
9035,Slither,"Horror,Science Fiction,Comedy",en,15.018,3/31/2006,6.5,1152
523172,Late Night,"Comedy,Drama",en,9.775,1/25/2019,6.5,648
10184,He's Just Not That Into You,"Comedy,Romance,Drama",en,47.224,2/6/2009,6.5,3111
9086,Young Guns II,"Western,Adventure",en,13.925,8/1/1990,6.5,430
543540,The Perfect Date,"Romance,Comedy",en,26.396,4/12/2019,6.5,2956
436459,Almost Friends,"Drama,Comedy",en,14.819,11/17/2017,6.5,218
389868,Seoul Station,"Drama,Animation,Horror",ko,8.16,8/17/2016,6.5,348
287590,Saint Seiya: Legend of Sanctuary,"Action,Animation,Fantasy",ja,79.981,6/21/2014,6.5,544
39101,Dragon Ball Z: The Tree of Might,"Action,Animation,Science Fiction",ja,146.521,6/7/1990,6.5,427
9276,The Faculty,"Horror,Science Fiction",en,13.413,12/25/1998,6.5,1537
299,Ocean's Eleven,"Crime,Comedy,Music,Thriller",en,8.421,8/10/1960,6.5,250
306947,The Invitation,"Thriller,Horror",en,18.831,8/5/2015,6.5,2148
290859,Terminator: Dark Fate,"Science Fiction,Action,Adventure",en,62.155,10/23/2019,6.5,4106
84355,Your Sister's Sister,Comedy,en,6.041,9/11/2011,6.5,274
22620,Scooby-Doo! The Mystery Begins,"Mystery,Animation,Comedy,Fantasy",en,28.389,9/12/2009,6.5,560
20943,The Ugly Truth,"Comedy,Romance",en,37.202,7/24/2009,6.5,3024
18898,Looking for Eric,"Comedy,Drama",en,6.404,5/27/2009,6.5,265
302,Swimming Pool,"Crime,Thriller",en,12.403,5/21/2003,6.5,528
644092,Finding ʻOhana,"Action,Adventure,Comedy,Family",en,48.04,1/29/2021,6.5,315
594718,Sputnik,"Science Fiction,Drama,Horror",ru,56.732,9/8/2020,6.5,512
446791,All the Money in the World,"Thriller,Drama,Crime,Mystery,History",en,11.987,12/21/2017,6.5,1940
172385,Rio 2,"Adventure,Animation,Comedy,Family",en,56.155,3/19/2014,6.5,2870
14052,Revenge of the Nerds,Comedy,en,13.069,7/20/1984,6.5,568
12242,Mulan II,"Animation,Comedy,Family,Action",en,65.112,11/3/2004,6.5,1987
435,The Day After Tomorrow,"Action,Adventure,Science Fiction,Thriller",en,28.512,5/26/2004,6.5,6713
152,Star Trek: The Motion Picture,"Science Fiction,Adventure,Mystery",en,19.692,12/7/1979,6.5,1345
593910,Cinderella,"Fantasy,Romance,Comedy",en,57.139,9/3/2021,6.5,1124
331583,The Whole Truth,"Drama,Thriller",en,14.967,3/25/2016,6.5,934
102382,The Amazing Spider-Man 2,"Action,Adventure,Fantasy",en,151.753,4/16/2014,6.5,11199
12437,Underworld: Rise of the Lycans,"Fantasy,Action,Thriller",en,34.961,1/22/2009,6.5,3062
531438,Holiday in the Wild,"Romance,Comedy",en,8.842,11/6/2019,6.5,446
225728,Macbeth,"Drama,History,War",en,8.794,8/16/2015,6.5,1279
15301,Twilight Zone: The Movie,"Fantasy,Horror,Science Fiction,Thriller",en,12.126,6/24/1983,6.5,551
11808,U.S. Marshals,"Thriller,Crime,Action",en,19.398,3/6/1998,6.5,1255
669664,"My Donkey, My Lover & I","Comedy,Adventure,Romance",fr,11.504,9/16/2020,6.5,240
466081,The Informer,"Drama,Crime,Thriller",en,21.441,8/30/2019,6.5,591
401469,Widows,"Crime,Thriller",en,18.421,11/6/2018,6.5,1947
116711,Epic,"Animation,Adventure,Family,Fantasy",en,41.13,5/15/2013,6.5,2342
37910,Voices of a Distant Star,"Animation,Science Fiction,Romance",ja,6.791,2/2/2002,6.5,210
10361,Ginger Snaps 2: Unleashed,"Drama,Horror",en,23.039,1/30/2004,6.5,240
9843,Big Nothing,"Action,Comedy,Crime,Thriller",en,5.781,12/1/2006,6.5,316
639798,32 Malasana Street,Horror,es,15.583,1/17/2020,6.5,557
5718,King of California,"Comedy,Drama",en,6.04,1/24/2007,6.5,277
991,The Man Who Fell to Earth,"Drama,Science Fiction",en,7.647,3/18/1976,6.5,394
429733,Mayhem,"Action,Comedy,Horror",en,12.96,11/10/2017,6.5,506
210947,Afflicted,"Horror,Thriller",en,15.266,4/4/2014,6.5,447
474051,Calibre,"Horror,Thriller",en,9.81,6/22/2018,6.5,510
184098,Think Like a Man Too,"Comedy,Romance",en,19.667,6/20/2014,6.5,473
17710,Hey Arnold! The Movie,"Animation,Comedy,Family",en,15.187,6/28/2002,6.5,299
13205,Bambi II,"Animation,Drama,Family",en,31.389,1/26/2006,6.5,812
11614,Bomber,"Action,Comedy,Drama",it,7.473,8/5/1982,6.5,224
11521,Little Man Tate,"Drama,Family",en,10.873,9/6/1991,6.5,201
6283,MouseHunt,"Comedy,Family",en,14.295,12/19/1997,6.5,1017
515818,Yao,"Comedy,Drama",fr,7.738,1/23/2019,6.5,218
375012,Under the Shadow,"Drama,Horror,Thriller,War",fa,6.728,9/30/2016,6.5,529
699,For Your Eyes Only,"Adventure,Action,Thriller",en,21.846,6/23/1981,6.5,1434
515333,Amateur,Drama,en,11.812,4/6/2018,6.5,253
391710,A Futile and Stupid Gesture,Comedy,en,9.605,1/24/2018,6.5,269
23963,Pontypool,"Horror,Mystery,Science Fiction",en,8.156,3/6/2009,6.5,479
848,Dragonslayer,"Fantasy,Adventure",en,9.008,6/26/1981,6.5,206
575774,His House,"Drama,Horror,Thriller",en,38.819,1/27/2020,6.5,805
396398,The Meyerowitz Stories (New and Selected),"Comedy,Drama",en,9.066,10/13/2017,6.5,969
334878,Blind Date,"Comedy,Romance,Drama",fr,5.531,5/6/2015,6.5,497
50620,The Twilight Saga: Breaking Dawn - Part 2,"Adventure,Fantasy,Drama,Romance",en,135.374,11/13/2012,6.5,7755
11348,Fragile,"Horror,Thriller,Mystery",en,14.175,10/14/2005,6.5,446
630240,Titane,"Drama,Thriller,Horror",fr,43.779,7/14/2021,6.5,838
335051,God Willing,Comedy,it,7.908,4/9/2015,6.5,532
119569,Marvel One-Shot: Item 47,"Science Fiction,Action,Fantasy",en,33.064,9/13/2012,6.5,387
15567,Stitch! The Movie,"Comedy,Adventure,Family,Animation",en,24.847,8/26/2003,6.5,578
10449,When a Man Loves a Woman,"Drama,Romance",en,10.922,4/29/1994,6.5,270
9681,Casanova,"Adventure,Comedy,Drama,Romance",en,11.223,12/25/2005,6.5,762
9437,Kiss the Girls,"Drama,Mystery,Thriller,Crime",en,13.436,9/29/1997,6.5,1207
74,War of the Worlds,"Adventure,Thriller,Science Fiction",en,41.53,6/28/2005,6.5,6993
738646,Operation Christmas Drop,"Comedy,Family,Romance",en,8.34,11/5/2020,6.5,451
37269,My Fake Fiance,"TV Movie,Comedy",en,7.42,4/19/2009,6.5,222
17496,Urban Cowboy,"Drama,Romance",en,10.085,6/6/1980,6.5,204
10957,The Black Cauldron,"Animation,Adventure,Family",en,21.008,7/24/1985,6.5,1004
10575,Heaven,"Drama,Thriller,Romance,Crime",en,6.626,2/6/2002,6.5,202
16617,Mindhunters,"Mystery,Thriller,Crime",en,22.529,5/7/2004,6.5,941
2107,L.A. Story,"Comedy,Fantasy,Romance",en,7.022,2/8/1991,6.5,251
566454,The Mystery of Henri Pick,"Drama,Comedy",fr,6.757,3/6/2019,6.5,383
441282,Night Hunter,"Drama,Thriller",en,23.775,8/29/2019,6.5,646
400157,Wonder Park,"Comedy,Animation,Adventure,Family,Fantasy",en,20.023,3/13/2019,6.5,562
361777,Smoke & Mirrors,"History,Thriller",es,6.418,9/23/2016,6.5,203
10660,It Could Happen to You,"Comedy,Drama,Romance",en,10.912,7/29/1994,6.5,564
253,Live and Let Die,"Adventure,Action,Thriller",en,17.347,7/5/1973,6.5,1586
199575,These Final Hours,"Science Fiction,Drama,Thriller",en,7.825,7/31/2014,6.5,459
51991,Romantics Anonymous,"Drama,Comedy,Romance",fr,5.773,12/22/2010,6.5,447
16523,Where the Wild Things Are,"Family,Fantasy,Drama",en,60.13,10/16/2009,6.5,1542
13053,Bolt,"Animation,Family,Adventure,Comedy",en,86.804,11/21/2008,6.5,5087
8346,My Big Fat Greek Wedding,"Comedy,Drama,Romance",en,14.814,2/22/2002,6.5,1787
5125,Rendition,"Drama,Thriller",en,10.156,9/7/2007,6.5,552
42892,Happy Family,Comedy,it,4.682,3/26/2010,6.5,264
8012,Get Shorty,"Comedy,Thriller,Crime",en,14.529,10/20/1995,6.5,805
457335,Guns Akimbo,"Comedy,Action",en,20.826,2/27/2020,6.5,1759
431072,Step Sisters,Comedy,en,12.572,1/19/2018,6.5,413
18032,The Secret of Moonacre,"Adventure,Fantasy,Drama,Science Fiction,Romance,Family",en,12.776,9/6/2008,6.5,384
12085,Mad Money,"Action,Comedy,Crime",en,45.87,1/17/2008,6.5,553
10859,Stakeout,"Action,Comedy,Romance",en,8.007,8/5/1987,6.5,306
9870,Forgetting Sarah Marshall,"Comedy,Romance,Drama",en,19.751,4/17/2008,6.5,2854
617708,La Llorona,"Thriller,Horror,Drama",es,116.912,7/25/2019,6.5,261
611207,The Knight Before Christmas,"Comedy,Romance",en,15.617,11/21/2019,6.5,934
280996,Mr. Holmes,"Drama,Crime",en,14.086,6/19/2015,6.5,1627
252838,The Wedding Ringer,Comedy,en,30.641,1/16/2015,6.5,1383
243684,"Men, Women & Children","Drama,Comedy",en,31.752,10/17/2014,6.5,770
73723,The Lorax,"Animation,Family",en,44.738,3/1/2012,6.5,2842
33408,The Crush,"Drama,Thriller",en,32.936,4/2/1993,6.5,379
24548,Just One of the Guys,"Comedy,Romance",en,14.556,4/26/1985,6.5,235
4241,Visitor Q,"Comedy,Drama,Horror,Thriller",ja,10.131,3/17/2001,6.5,367
920081,Megaboa,"Horror,Action",en,6.349,11/26/2021,6.5,318
19268,So Happy Together,Comedy,fr,5.244,6/17/2009,6.5,217
15373,Role Models,Comedy,en,34.278,11/7/2008,6.5,1516
14254,The Uninvited,Horror,en,22.627,1/30/2009,6.5,1230
1551,Flatliners,"Drama,Science Fiction,Horror",en,13.6,8/10/1990,6.5,1223
295693,The Boss Baby,"Animation,Comedy,Family",en,30.865,3/23/2017,6.5,6265
115290,Blue Lagoon: The Awakening,"Drama,Adventure,Romance,TV Movie",en,39.418,6/16/2012,6.5,1211
47760,Restless,"Drama,Romance",en,5.999,9/16/2011,6.5,352
41602,Charlie Countryman,"Action,Comedy,Drama,Romance,Thriller",en,6.342,2/9/2013,6.5,507
3537,Fame,"Drama,Music",en,8.349,5/16/1980,6.5,352
273477,Scouts Guide to the Zombie Apocalypse,"Comedy,Horror",en,74.477,10/23/2015,6.5,1548
11827,Heavy Metal,"Animation,Science Fiction,Adventure,Fantasy,Music",en,20.059,8/7/1981,6.5,532
425001,The War with Grandpa,"Comedy,Family",en,19.597,8/27/2020,6.5,728
12222,Horton Hears a Who!,"Animation,Comedy,Family,Adventure,Fantasy",en,49.021,3/3/2008,6.5,2755
10466,The Money Pit,"Comedy,Romance",en,10.002,3/26/1986,6.5,893
9522,Wedding Crashers,"Comedy,Romance",en,19.923,7/13/2005,6.5,3722
708,The Living Daylights,"Action,Adventure,Thriller",en,22.997,6/29/1987,6.5,1359
606625,Follow Me,"Horror,Thriller",en,10.965,7/16/2020,6.5,331
157849,A Most Wanted Man,Thriller,en,8.626,7/25/2014,6.5,1119
75674,Act of Valor,"Action,Thriller,War",en,18.895,2/24/2012,6.5,937
13022,Rogue,"Action,Horror,Thriller",en,20.64,11/8/2007,6.5,515
613096,"I Love You, Stupid",Comedy,es,8.682,1/24/2020,6.5,247
33365,The Night Before the Exams,Comedy,it,6.108,2/17/2006,6.5,969
10210,A Midsummer Night's Dream,"Fantasy,Comedy,Romance",en,10.37,5/14/1999,6.5,289
9535,Analyze This,"Comedy,Crime",en,9.729,3/5/1999,6.5,1494
5336,"Salò, or the 120 Days of Sodom","War,Horror,History,Drama",it,61.255,11/22/1975,6.5,1495
810873,Single All the Way,"Romance,Comedy,Drama",en,30.741,12/2/2021,6.5,259
396940,Super Dark Times,"Drama,Thriller",en,10.959,9/29/2017,6.5,505
172386,Return to Nim's Island,"Family,Adventure",en,11.151,3/15/2013,6.5,533
72387,Safe,"Action,Crime,Thriller",en,28.943,4/16/2012,6.5,2009
14684,School Ties,Drama,en,9.192,9/18/1992,6.5,299
10684,Courage Under Fire,"Drama,Thriller,Mystery,War",en,9.022,7/4/1996,6.5,710
521127,Kingdoms,"Drama,Romance",es,6.515,8/2/2018,6.5,243
433502,The Aftermath,"War,Drama,Romance",en,13.014,3/1/2019,6.5,530
109428,Evil Dead,Horror,en,37.897,4/5/2013,6.5,3695
22972,Green Zone,"War,Action,Adventure,Drama,Thriller",en,15.045,3/11/2010,6.5,1847
9779,The Sisterhood of the Traveling Pants,"Drama,Comedy",en,10.411,6/1/2005,6.5,1139
452,The Idiots,"Drama,Comedy",da,12.839,4/28/1998,6.5,410
694254,Baggio: The Divine Ponytail,Drama,it,15.218,5/26/2021,6.5,351
420634,Terrifier,"Horror,Thriller",en,58.751,10/15/2016,6.5,572
266082,Girlhood,Drama,fr,6.722,10/22/2014,6.5,317
29437,Rabid,"Horror,Science Fiction",en,11.166,4/8/1977,6.5,355
9350,Cliffhanger,"Action,Adventure,Thriller",en,21.641,5/28/1993,6.5,1879
403605,Headshot,"Action,Thriller,Crime",id,23.799,9/24/2016,6.5,357
145197,Upstream Color,"Drama,Science Fiction",en,6.153,4/5/2013,6.5,608
10326,Forever Young,"Adventure,Fantasy,Drama,Science Fiction,Romance",en,12.06,12/16/1992,6.5,719
708336,Return of the Tooth Fairy,Horror,en,32.358,6/15/2020,6.5,770
429417,Ghost Stories,"Horror,Drama",en,12.712,1/20/2018,6.5,997
10249,The Rocketeer,"Action,Adventure,Science Fiction,Family",en,9.637,6/21/1991,6.5,715
4244,The Kid,"Fantasy,Comedy,Family",en,10.945,7/7/2000,6.5,775
11498,Dead Again,"Thriller,Romance,Mystery",en,6.67,8/23/1991,6.5,288
8868,Asterix vs. Caesar,"Comedy,Animation,Family,Adventure",fr,9.593,3/6/1985,6.5,448
2069,The Whole Nine Yards,"Comedy,Crime",en,17.802,2/18/2000,6.5,1499
96,Beverly Hills Cop II,"Action,Comedy,Crime",en,16.323,5/18/1987,6.5,1906
609972,Paranormal Activity: Next of Kin,"Horror,Mystery,Thriller",en,238.365,10/29/2021,6.5,392
406759,Moonfall,"Science Fiction,Adventure,Action",en,547.1,2/3/2022,6.5,1541
159121,Paulette,"Crime,Comedy",fr,9.215,10/4/2012,6.5,343
27586,The Runaways,"Music,Drama",en,12.41,3/19/2010,6.5,674
541524,Passing,Drama,en,25.272,10/27/2021,6.5,205
536115,Godzilla: The Planet Eater,"Animation,Science Fiction,Action,Adventure,Fantasy",ja,29.619,11/3/2018,6.5,224
27582,The Mechanic,"Action,Thriller,Crime",en,27.178,1/13/2011,6.5,2636
14462,The Manchurian Candidate,"Drama,Thriller,Mystery",en,9.643,7/30/2004,6.5,1251
10741,Bobby,Drama,en,6.707,9/5/2006,6.5,305
10631,All of Me,"Comedy,Fantasy,Romance",en,9.903,9/21/1984,6.5,267
10527,Madagascar: Escape 2 Africa,"Family,Adventure,Animation,Comedy",en,68.285,10/30/2008,6.5,5818
8279,Paris,Drama,fr,6.638,2/20/2008,6.5,254
1907,The Beach,"Drama,Adventure,Romance,Thriller",en,16.77,2/3/2000,6.5,3685
531219,Roald Dahl's The Witches,"Family,Fantasy,Adventure,Comedy,Horror",en,176.523,10/25/2020,6.5,2255
526896,Morbius,"Action,Science Fiction,Fantasy",en,1145.026,3/30/2022,6.4,2166
441183,Light of My Life,"Science Fiction,Drama",en,9.115,8/9/2019,6.5,430
339397,Café Society,"Comedy,Drama,Romance",en,12.791,5/11/2016,6.5,2402
62156,De Pernas pro Ar,Comedy,pt,4.468,12/31/2010,6.5,210
10898,The Little Mermaid II: Return to the Sea,"Animation,Adventure,Family,Comedy",en,14.324,1/23/2000,6.5,1453
10894,May,"Horror,Drama,Comedy",en,7.034,6/3/2003,6.5,460
9691,Assassins,"Action,Adventure,Crime,Thriller",en,16.691,10/6/1995,6.5,1249
9032,Big Daddy,"Comedy,Drama",en,19.688,6/25/1999,6.5,2722
11846,Father of the Bride,"Comedy,Romance",en,12.044,12/20/1991,6.4,1086
10021,The Secret of My Success,Comedy,en,8.747,4/10/1987,6.4,496
2617,The Great Outdoors,Comedy,en,7.805,6/17/1988,6.4,421
664,Twister,"Action,Adventure,Drama",en,20.152,5/10/1996,6.4,2578
547539,Sweetheart,"Comedy,Drama",fr,4.839,3/13/2019,6.4,212
427641,Rampage,"Action,Adventure,Science Fiction",en,97.768,4/11/2018,6.4,5951
261023,Black Mass,"Drama,Crime,History",en,13.487,9/4/2015,6.4,2882
184314,Young & Beautiful,Drama,fr,27.091,8/21/2013,6.4,1005
15602,Grumpier Old Men,"Romance,Comedy",en,7.896,12/22/1995,6.4,299
12182,Nick and Norah's Infinite Playlist,"Comedy,Music,Drama",en,23.831,10/3/2008,6.4,1027
11333,Super Fuzz,"Fantasy,Action,Comedy,Science Fiction",it,8.348,9/18/1980,6.4,252
7873,Harsh Times,"Crime,Drama,Thriller,Action",en,9.794,9/11/2005,6.4,525
315,"Faster, Pussycat! Kill! Kill!","Action,Crime,Comedy",en,7.396,8/6/1965,6.4,233
303858,Money Monster,"Thriller,Drama",en,13.646,5/12/2016,6.4,2611
157547,Oculus,Horror,en,33.914,9/8/2013,6.4,2491
45243,The Hangover Part II,Comedy,en,103.539,5/25/2011,6.4,9021
9772,Air Force One,"Action,Thriller",en,25.293,7/25/1997,6.4,2384
644090,"Love, Guaranteed","Romance,Comedy",en,8.112,9/2/2020,6.4,542
19344,Loving Annabelle,"Drama,Romance",en,9.622,5/24/2007,6.4,215
12689,"Angus, Thongs and Perfect Snogging","Comedy,Drama,Family,Romance",en,14.85,7/25/2008,6.4,704
9873,F/X,Action,en,11.136,2/7/1986,6.4,306
4141,Shoot 'Em Up,"Action,Thriller,Comedy,Crime",en,19.117,7/26/2007,6.4,1516
584,2 Fast 2 Furious,"Action,Crime,Thriller",en,7.835,6/5/2003,6.4,6041
667739,The Man from Toronto,"Action,Comedy,Thriller",en,1299.583,6/24/2022,6.5,474
535167,The Wandering Earth,"Science Fiction,Action,Drama",zh,23.671,2/5/2019,6.4,579
453755,Arctic,Drama,en,13.199,11/21/2018,6.4,947
300667,3 Generations,"Comedy,Drama",en,8.496,10/27/2016,6.4,402
1281,Bean,"Comedy,Family,Adventure",en,17.394,7/3/1997,6.4,2010
193893,Let's Be Cops,Comedy,en,56.836,8/13/2014,6.4,2378
33689,It Takes Two,"Comedy,Family,Romance",en,14.903,11/17/1995,6.4,742
20857,Hardball,Drama,en,9.392,9/14/2001,6.4,404
11676,Nothing to Lose,"Action,Adventure,Comedy",en,12.592,7/18/1997,6.4,471
10991,Pokémon 3: The Movie,"Adventure,Fantasy,Animation,Action,Family",ja,35.477,7/8/2000,6.4,507
9404,First Strike,"Action,Adventure,Comedy,Crime,Drama,Thriller",cn,16.809,2/10/1996,6.4,346
7442,Sleeping with the Enemy,"Drama,Crime,Thriller",en,16.7,1/13/1991,6.4,830
374617,Imperium,"Crime,Drama,Thriller,Mystery",en,17.075,8/19/2016,6.4,1097
333385,Mr. Right,"Comedy,Action,Romance,Crime",en,16.63,2/29/2016,6.4,1132
324852,Despicable Me 3,"Action,Animation,Comedy,Family,Adventure",en,114.544,6/15/2017,6.4,6063
109451,Cloudy with a Chance of Meatballs 2,"Animation,Family,Comedy",en,55.93,9/26/2013,6.4,2620
28032,Thumbelina,"Animation,Drama,Family,Fantasy",en,10.706,3/29/1994,6.4,403
8217,Alice,"Comedy,Drama,Romance",en,7.098,12/25/1990,6.4,229
4233,Scream 2,"Horror,Mystery",en,37.216,12/12/1997,6.4,3033
329263,Suck Me Shakespeer 2,Comedy,de,4.97,9/10/2015,6.4,812
36593,Naked Gun 33⅓: The Final Insult,"Comedy,Crime",en,22.332,3/18/1994,6.4,1594
411741,Ingrid Goes West,"Comedy,Drama",en,13.543,8/11/2017,6.4,776
399360,Alpha,"Adventure,Drama",en,31.461,8/17/2018,6.4,2167
253450,The Assassin,"Action,Drama,History",zh,9.572,8/27/2015,6.4,395
70006,Never Back Down 2: The Beatdown,"Drama,Action",en,32.482,9/13/2011,6.4,529
628914,Queenpins,"Comedy,Crime",en,17.391,8/26/2021,6.4,224
74387,Goon,Comedy,en,8.721,1/6/2012,6.4,747
11584,Roxanne,"Comedy,Romance",en,9.187,6/19/1987,6.4,505
623491,The Babysitter: Killer Queen,"Comedy,Horror",en,57.786,9/10/2020,6.4,1135
154441,Till Luck Do Us Part,Comedy,pt,6.806,10/5/2012,6.4,264
48466,Scared Shrekless,"Animation,Comedy",en,17.424,10/28/2010,6.4,315
10348,Thunderbolt,"Action,Thriller",cn,16.738,9/8/1995,6.4,237
3536,U-571,"War,Drama,Action,Thriller",en,12.636,4/20/2000,6.4,955
622,The Ninth Gate,"Mystery,Thriller",en,19.515,8/25/1999,6.4,2372
460793,Olaf's Frozen Adventure,"Animation,Family,Adventure,Comedy,Fantasy",en,31.051,10/27/2017,6.4,1285
286554,Two Night Stand,"Romance,Comedy",en,20.799,9/26/2014,6.4,1650
95610,Bridget Jones's Baby,"Comedy,Romance",en,14.782,9/14/2016,6.4,2598
11564,Class of 1984,"Action,Crime,Drama,Thriller",en,8.842,8/20/1982,6.4,249
10818,Water Lilies,"Drama,Romance",fr,12.907,5/17/2007,6.4,292
5683,Pee-wee's Big Adventure,"Comedy,Adventure",en,10.242,7/26/1985,6.4,621
625568,Unhinged,"Action,Thriller",en,22.358,7/16/2020,6.4,1610
278247,Walt Before Mickey,Drama,en,4.792,4/3/2015,6.4,202
36834,Total Eclipse,"Drama,Romance",en,8.878,11/3/1995,6.4,420
26285,Fantozzi Still Suffers,Comedy,it,6.811,1/1/1983,6.4,397
12535,High Anxiety,Comedy,en,8.656,12/25/1977,6.4,258
582913,The Room,"Horror,Drama,Mystery,Science Fiction",en,15.666,9/12/2019,6.4,722
409421,Blame!,"Action,Drama,Science Fiction,Animation",ja,31.222,5/20/2017,6.4,230
376866,Jackie,Drama,en,14.708,12/2/2016,6.4,2053
10337,Bugsy,"Crime,Drama,Mystery",en,8.113,12/10/1991,6.4,298
8665,K-19: The Widowmaker,"Drama,History,War,Thriller,Mystery",en,8.223,7/19/2002,6.4,774
531454,Eurovision Song Contest: The Story of Fire Saga,"Comedy,Music",en,10.518,6/26/2020,6.4,1103
521029,Annabelle Comes Home,"Horror,Mystery,Thriller",en,121.836,6/26/2019,6.4,2804
292431,Love,"Drama,Romance",fr,16.039,7/6/2015,6.4,1975
157827,Louder Than Bombs,Drama,en,6.189,10/1/2015,6.4,257
48186,The Boy Who Cried Werewolf,"Family,Fantasy,Horror,TV Movie",en,15.437,10/22/2010,6.4,257
12308,The Last Kiss,"Comedy,Drama,Romance",it,8.333,2/1/2001,6.4,444
1406,City Slickers,"Comedy,Western",en,11.652,6/7/1991,6.4,607
606117,A Cinderella Story: Christmas Wish,"Comedy,Music,Romance,Fantasy",en,19.378,10/15/2019,6.4,591
117251,White House Down,"Action,Drama,Thriller",en,68.166,6/27/2013,6.4,4078
13161,Big Stan,Comedy,en,21.406,6/6/2007,6.4,652
8952,I Love You Phillip Morris,"Comedy,Drama,Romance",en,12.801,1/18/2009,6.4,1348
20048,Confessions of a Shopaholic,"Comedy,Romance",en,57.107,2/5/2009,6.4,2314
200,Star Trek: Insurrection,"Science Fiction,Action,Adventure,Thriller",en,16.319,12/11/1998,6.4,937
181812,Star Wars: The Rise of Skywalker,"Adventure,Action,Science Fiction",en,59.375,12/18/2019,6.4,7945
16899,Easy Virtue,"Comedy,Romance",en,9.554,1/1/2008,6.4,333
9315,Flightplan,"Thriller,Drama,Mystery",en,20.052,9/22/2005,6.4,2134
8208,The Man Who Knew Too Much,"Crime,Drama,Thriller,Mystery",en,14.812,12/1/1934,6.4,276
627463,The Assistant,Drama,en,10.701,1/31/2020,6.4,322
324670,Spectral,"Science Fiction,Thriller,Action",en,30.663,12/9/2016,6.4,1393
59678,Attack the Block,"Action,Comedy,Science Fiction",en,10.381,5/12/2011,6.4,1693
18405,The Last House on the Left,"Crime,Thriller,Horror,Drama",en,26.085,3/13/2009,6.4,1374
13193,Saved!,Comedy,en,9.564,1/21/2004,6.4,377
11559,Tideland,"Fantasy,Drama,Thriller,Science Fiction",en,8.777,9/9/2005,6.4,437
10576,Psycho II,"Horror,Mystery,Thriller",en,13.034,6/3/1983,6.4,483
625450,Tall Girl,"Comedy,Drama,Romance",en,25.725,9/13/2019,6.4,1638
125521,Slayers Return,"Animation,Adventure,Comedy,Fantasy",ja,11.231,8/3/1996,6.4,1155
59961,Safe House,"Action,Thriller",en,17.339,2/9/2012,6.4,3019
11596,New Nightmare,"Horror,Mystery,Fantasy",en,26.645,10/13/1994,6.4,1070
9422,A Civil Action,Drama,en,9.027,12/25/1998,6.4,332
6947,The Village,"Drama,Mystery,Thriller",en,32.971,7/30/2004,6.4,3377
2046,The Gift,"Horror,Drama,Thriller,Mystery",en,12.87,3/16/2000,6.4,929
156711,Austenland,"Comedy,Romance",en,8.154,8/15/2013,6.4,373
84306,Liberal Arts,"Romance,Comedy,Drama",en,10.063,9/14/2012,6.4,450
82654,Warm Bodies,"Horror,Comedy,Romance",en,35.676,1/31/2013,6.4,5444
54318,The Water Horse,"Family,Adventure,Fantasy",en,23.365,12/25/2007,6.4,865
13483,Awake,"Thriller,Crime,Mystery",en,18.859,11/28/2007,6.4,1106
10140,The Chronicles of Narnia: The Voyage of the Dawn Treader,"Adventure,Family,Fantasy",en,55.814,12/2/2010,6.4,4770
4421,G.I. Jane,"Action,Drama",en,15.965,8/19/1997,6.4,1359
231,Syriana,"Drama,Thriller",en,9.809,11/23/2005,6.4,1100
21610,Nighthawks,"Action,Crime,Thriller",en,7.923,3/17/1981,6.4,314
13655,Camp Rock,"Family,Music,Comedy,Drama,TV Movie,Romance",en,19.397,6/20/2008,6.4,1879
682,The Man with the Golden Gun,"Adventure,Action,Thriller",en,20.81,12/1/1974,6.4,1576
454992,The Spy Who Dumped Me,"Action,Comedy",en,18.523,8/2/2018,6.4,1934
346685,The Girl on the Train,"Crime,Drama,Mystery,Thriller",en,27.58,10/5/2016,6.4,5054
317144,Cyberbully,"Drama,Thriller",en,7.578,1/15/2015,6.4,204
13680,The Game Plan,"Comedy,Family",en,33.452,9/28/2007,6.4,1660
13027,Eagle Eye,"Mystery,Thriller,Action",en,16.199,9/25/2008,6.4,2398
10159,The Rundown,"Adventure,Action,Comedy,Thriller",en,27.605,9/26/2003,6.4,1629
418333,Crush in Jaipur,"Romance,Comedy",fr,5.077,10/19/2016,6.4,212
228202,Meu Passado Me Condena: O Filme,Comedy,pt,4.746,10/25/2013,6.4,226
45156,A Little Bit of Heaven,"Comedy,Drama,Romance",en,8.919,2/3/2011,6.4,497
20526,TRON: Legacy,"Adventure,Action,Science Fiction",en,70.034,12/14/2010,6.4,6107
16690,Return to Never Land,"Adventure,Fantasy,Animation,Family",en,18.89,2/14/2002,6.4,1828
467824,Illang: The Wolf Brigade,"Science Fiction,Action,Thriller,Drama",ko,19.142,7/25/2018,6.4,216
72784,The Loft,Thriller,en,32.282,10/14/2014,6.4,1246
72197,The Pirates! In an Adventure with Scientists!,"Animation,Adventure,Family,Comedy",en,13.233,3/12/2012,6.4,883
11001,Blue Streak,"Action,Comedy,Crime",en,25,9/17/1999,6.4,1191
10247,He Was a Quiet Man,"Comedy,Drama,Romance",en,8.479,11/23/2007,6.4,242
8491,Weekend at Bernie's,"Comedy,Crime",en,11.577,7/5/1989,6.4,796
2207,16 Blocks,"Action,Adventure,Crime,Thriller",en,15.794,3/1/2006,6.4,1617
580532,Crisis,"Thriller,Crime,Drama",en,48.782,2/26/2021,6.4,213
49527,Man on a Ledge,"Action,Thriller,Crime",en,46.998,1/13/2012,6.4,2193
10761,Made of Honor,"Comedy,Romance",en,11.966,4/30/2008,6.4,1415
10540,Outland,"Science Fiction,Action,Crime",en,8.996,5/22/1981,6.4,445
408033,Tamara,Comedy,fr,5.415,10/26/2016,6.4,579
79218,Ice Age: A Mammoth Christmas,"Animation,Family,TV Movie",en,20.056,11/24/2011,6.4,531
16187,Buzz Lightyear of Star Command: The Adventure Begins,"Animation,Family,Comedy,Science Fiction,Adventure",en,39.751,8/8/2000,6.4,277
10471,Next Friday,Comedy,en,14.817,1/12/2000,6.4,440
7300,One Fine Day,"Romance,Comedy",en,11.379,12/20/1996,6.4,525
152795,The Congress,"Drama,Science Fiction,Animation",en,9.299,7/3/2013,6.4,411
85870,My Way,Drama,fr,5.653,3/14/2012,6.4,248
301804,Before I Wake,"Drama,Fantasy,Horror,Thriller",en,135.902,4/7/2016,6.4,1520
240832,Lucy,"Action,Science Fiction",en,67.32,7/25/2014,6.4,14210
15139,The Pagemaster,"Family,Fantasy,Science Fiction,Animation",en,15.047,11/23/1994,6.4,632
3594,The Number 23,"Thriller,Drama,Mystery",en,23.526,2/23/2007,6.4,2721
576004,Porno,"Comedy,Horror",en,64.178,6/28/2019,6.4,242
403509,Boy Missing,"Mystery,Thriller",es,16.296,8/19/2016,6.4,223
328589,The Lady in the Van,"Comedy,Drama",en,8.158,10/30/2015,6.4,614
297608,The Taking of Deborah Logan,"Horror,Mystery,Thriller",en,22.778,10/21/2014,6.4,908
266285,The Salvation,"Drama,Western",da,27.384,5/22/2014,6.4,672
193610,The Other Woman,"Comedy,Romance",en,35.414,4/16/2014,6.4,3153
8987,The River Wild,"Adventure,Action,Crime,Thriller",en,12.716,9/30/1994,6.4,706
621151,Spell,"Thriller,Horror,Fantasy",en,51.175,10/30/2020,6.4,285
561362,Rust Creek,"Thriller,Drama",en,21.901,1/4/2019,6.4,231
381890,The Mermaid,"Comedy,Fantasy,Romance",zh,36.458,2/8/2016,6.4,267
123553,The Mortal Instruments: City of Bones,"Fantasy,Action,Mystery",en,81.649,8/21/2013,6.4,4048
20497,Ballet Shoes,"TV Movie,Drama,Family",en,9.706,8/26/2008,6.4,238
10671,Airport,"Action,Drama,Thriller",en,9.523,5/29/1970,6.4,282
763149,Aftermath,"Horror,Crime,Drama,Thriller",en,54.577,8/4/2021,6.4,458
84184,Celeste & Jesse Forever,"Comedy,Drama,Romance",en,7.92,8/3/2012,6.4,374
20481,Nightbreed,"Action,Fantasy,Horror",en,8.97,2/16/1990,6.4,344
11229,Freeway,"Comedy,Drama,Thriller",en,7.71,8/23/1996,6.4,277
544431,The Clovehitch Killer,"Drama,Mystery,Crime",en,25.149,11/16/2018,6.4,502
395992,Life,"Horror,Science Fiction,Thriller",en,37.161,3/22/2017,6.4,6241
18585,The Ramen Girl,"Romance,Comedy,Drama",en,6.858,2/8/2008,6.4,274
768520,A California Christmas,"Comedy,Romance,Drama",en,7.563,12/14/2020,6.4,258
567748,The Guilty,"Drama,Thriller",en,35.715,9/24/2021,6.4,1785
433501,City of Lies,"Crime,Thriller,Drama",en,14.832,9/6/2018,6.4,428
387893,Ice Age: The Great Egg-Scapade,"Adventure,Animation,Comedy,Family,TV Movie",en,32.844,3/19/2016,6.4,394
13275,Annapolis,"Drama,Action",en,10.993,1/27/2006,6.4,351
11215,Baby Boom,"Comedy,Drama,Romance",en,7.847,10/7/1987,6.4,299
10246,Porky's,Comedy,en,21.379,11/13/1981,6.4,671
5653,Luther,"Drama,History",en,23.966,10/29/2003,6.4,258
689723,Dangerous Lies,Thriller,en,13.04,5/30/2020,6.4,384
467938,Revenge,"Action,Thriller,Horror",fr,32.608,1/25/2017,6.4,1422
294795,The 9th Life of Louis Drax,"Fantasy,Mystery,Thriller,Drama",en,21.548,9/1/2016,6.4,377
173847,Amiche da morire,"Romance,Crime,Comedy",it,6.032,3/7/2013,6.4,233
11503,The Serpent and the Rainbow,"Horror,Thriller",en,7.774,2/5/1988,6.4,361
503616,Second Act,"Romance,Comedy",en,14.137,11/22/2018,6.4,1038
41592,StreetDance 3D,"Music,Romance,Drama",en,14.355,5/19/2010,6.4,357
39102,Dragon Ball Z: Lord Slug,"Action,Animation,Science Fiction",ja,108.653,3/19/1991,6.4,400
14429,Drive Me Crazy,"Comedy,Drama,Romance",en,11.135,10/1/1999,6.4,280
9618,Tango & Cash,"Action,Adventure,Comedy,Thriller",en,21.913,12/22/1989,6.4,1509
5174,Rush Hour 3,"Action,Comedy,Crime",en,58.511,8/8/2007,6.4,2531
774741,Diary of a Wimpy Kid,"Animation,Comedy,Family",en,191.737,12/3/2021,6.4,245
309304,Grandma,"Comedy,Drama",en,11.643,6/4/2015,6.4,306
9928,Robots,"Animation,Comedy,Family,Science Fiction",en,39.156,3/10/2005,6.4,3851
8922,Jeepers Creepers,"Horror,Thriller",en,109.358,7/1/2001,6.4,2320
320588,"Hello, My Name Is Doris","Comedy,Drama,Romance",en,12.271,11/27/2015,6.4,404
200713,9 Month Stretch,Comedy,fr,7.942,9/7/2013,6.4,471
14055,Starter for 10,"Drama,Comedy,Romance",en,7.825,9/13/2006,6.4,319
14001,Dead Silence,Horror,en,58.993,3/16/2007,6.4,1850
13250,Butterfly on a Wheel,"Crime,Drama,Thriller",en,11.038,7/27/2007,6.4,404
10278,Return to Paradise,"Drama,Thriller,Romance",en,9.517,8/10/1998,6.4,220
3980,Critters,"Horror,Action,Comedy,Science Fiction,Thriller",en,31.902,4/11/1986,6.4,722
583268,"Someone, Somewhere","Drama,Romance,Comedy",fr,7.668,9/11/2019,6.4,457
525041,A Christmas Prince: The Royal Wedding,"Romance,Comedy",en,9.57,11/30/2018,6.4,818
429203,The Old Man & the Gun,"Comedy,Crime,Drama",en,9.054,9/27/2018,6.4,1180
316727,The Purge: Election Year,"Action,Horror,Thriller",en,80.507,6/29/2016,6.4,4543
11894,Curly Sue,"Comedy,Drama,Family,Romance",en,9.733,10/24/1991,6.4,445
587996,Below Zero,"Action,Crime,Thriller",es,45.267,1/29/2021,6.4,758
528491,WHAT DID JACK DO?,"Crime,Comedy",en,6.854,11/8/2017,6.4,369
58232,Chalet Girl,"Comedy,Romance",en,9.89,2/2/2011,6.4,564
16353,Ong Bak 2,"Adventure,Action,Thriller",th,44.985,12/4/2008,6.4,512
1988,A Mighty Heart,"Drama,Thriller",en,8.477,6/22/2007,6.4,264
417859,Puss in Boots,"Animation,Adventure,Comedy,Family",en,66.244,10/28/2011,6.4,2638
71688,The Iron Lady,"History,Drama",en,11.106,12/26/2011,6.4,1460
11395,The Santa Clause,"Fantasy,Drama,Comedy,Family",en,15.563,11/11/1994,6.4,1597
1283,"Torrente, the Dumb Arm of the Law","Comedy,Crime",es,16.646,3/13/1998,6.4,201
171,The Party 2,"Comedy,Romance,Drama",fr,8.604,12/8/1982,6.4,533
775996,Outside the Wire,"Thriller,Action,Science Fiction",en,69.767,1/15/2021,6.4,1482
238615,Self/less,"Science Fiction,Mystery,Thriller,Action",en,26.348,7/10/2015,6.4,2663
12710,Big Business,Comedy,en,6.013,6/10/1988,6.4,204
10057,The Three Musketeers,"Action,Adventure,Comedy",en,16.352,11/11/1993,6.4,763
3981,What Women Want,"Comedy,Romance",en,23.702,12/15/2000,6.4,3275
293970,The Final Girls,"Comedy,Horror",en,16.301,10/9/2015,6.4,1044
76122,Marvel One-Shot: The Consultant,"Adventure,Fantasy,Science Fiction,Action",en,18.585,9/13/2011,6.4,383
61891,Anonymous,"Drama,History,Thriller",en,11.015,10/21/2011,6.4,618
13703,Less Than Zero,"Drama,Crime,Romance",en,12.345,11/6/1987,6.4,233
601844,Becky,"Thriller,Crime,Horror",en,19.343,7/23/2020,6.4,309
16441,The Beastmaster,"Fantasy,Adventure,Action",en,11.253,8/16/1982,6.4,296
11326,Tommy,"Drama,Music,Fantasy",en,7.229,3/19/1975,6.4,241
2655,What Lies Beneath,"Drama,Horror,Mystery,Thriller",en,16.306,7/21/2000,6.4,1467
460668,I Feel Pretty,"Comedy,Romance",en,23.022,4/19/2018,6.4,1847
250225,The Duke of Burgundy,"Drama,Mystery,Romance",en,11.006,10/18/2014,6.4,255
241554,Run All Night,Action,en,24.472,3/11/2015,6.4,2439
429189,Wonder Wheel,"Drama,Romance",en,9.697,12/1/2017,6.4,1157
175291,Cheap Thrills,"Comedy,Crime,Drama",en,6.118,3/8/2013,6.4,341
137093,Last Vegas,Comedy,en,17.63,10/31/2013,6.4,1863
48650,Room in Rome,"Drama,Romance",es,21.518,5/7/2010,6.4,495
39100,Dragon Ball Z: The World's Strongest,"Action,Animation,Science Fiction",ja,136.857,3/10/1990,6.4,375
11529,Sweet Home Alabama,"Comedy,Romance",en,13.575,9/26/2002,6.4,1271
11120,The Mosquito Coast,"Adventure,Drama",en,6.285,11/26/1986,6.4,370
10766,Damien: Omen II,Horror,en,14.321,6/9/1978,6.4,524
10017,The Wraith,"Action,Science Fiction",en,8.469,11/21/1986,6.4,332
9077,Tarantula,"Horror,Science Fiction,Thriller",en,10.909,12/14/1955,6.4,200
2133,The Perfect Storm,"Action,Adventure,Drama,Thriller",en,24.028,6/29/2000,6.4,1803
425972,Cargo,"Drama,Thriller",en,17.549,10/6/2017,6.4,1441
334298,Monster Hunt,"Comedy,Fantasy,Adventure",zh,34.042,7/16/2015,6.4,271
36668,X-Men: The Last Stand,"Adventure,Action,Science Fiction,Thriller",en,2.057,5/24/2006,6.4,8308
670203,The Talent of the Hornet,Thriller,it,8.219,11/18/2020,6.4,388
121674,Great Expectations,"Drama,Romance",en,9.321,11/30/2012,6.4,294
81025,Salmon Fishing in the Yemen,"Drama,Romance,Comedy",en,10.384,3/9/2012,6.4,740
60420,Like Crazy,"Drama,Romance",en,9.183,10/28/2011,6.4,927
10677,Dirty Dancing: Havana Nights,"Drama,Romance",en,10.921,2/27/2004,6.4,556
8584,Shanghai Noon,"Adventure,Action,Comedy,Western",en,24.039,5/26/2000,6.4,2087
567965,Misbehaviour,"Drama,History,Comedy",en,10.04,3/12/2020,6.4,205
302699,Central Intelligence,"Action,Comedy,Crime,Mystery",en,51.969,6/15/2016,6.4,4950
242088,The Trip to Italy,"Comedy,Drama",en,5.41,4/24/2014,6.4,210
44147,Wild Target,"Action,Comedy",en,7.526,6/17/2010,6.4,565
11172,Music and Lyrics,"Comedy,Music,Romance",en,14.207,2/9/2007,6.4,1434
3036,Mary Shelley's Frankenstein,"Drama,Horror,Science Fiction,Romance",en,12.58,11/4/1994,6.4,990
928,Gremlins 2: The New Batch,"Comedy,Horror,Fantasy",en,17.687,6/15/1990,6.4,2047
811,Silent Running,"Adventure,Science Fiction",en,11.329,3/9/1972,6.4,439
268238,The Second Best Exotic Marigold Hotel,"Drama,Comedy",en,8.356,2/26/2015,6.4,608
267863,Walking on Sunshine,"Comedy,Romance",en,8.463,6/19/2014,6.4,208
10699,Hero,"Comedy,Drama",en,12.345,10/2/1992,6.4,362
10330,Freaky Friday,"Comedy,Family,Romance,Fantasy",en,36.13,8/5/2003,6.4,3115
500852,Miss Bala,Action,en,18.703,2/1/2019,6.4,432
343674,Gerald's Game,"Horror,Thriller",en,23.364,9/29/2017,6.4,3041
244268,Love Is Strange,Drama,en,7.098,2/7/2014,6.4,240
30943,The Deep End of the Ocean,"Drama,Mystery",en,8.353,3/12/1999,6.4,251
18086,Fright Night Part 2,Horror,en,13.925,4/7/1988,6.4,296
11444,The Closet,Comedy,fr,7.297,1/17/2001,6.4,396
253835,Los Bandoleros,"Action,Drama",en,0.73,7/28/2009,6.4,300
157360,In a World...,Comedy,en,9.799,8/9/2013,6.4,434
9615,The Fast and the Furious: Tokyo Drift,"Action,Crime,Drama,Thriller",en,24.581,6/3/2006,6.4,5468
419835,Crooked House,"Drama,Mystery,Crime",en,13.537,9/6/2017,6.4,751
397722,Thoroughbreds,"Drama,Thriller",en,18.946,3/9/2018,6.4,920
59859,Kick-Ass 2,"Action,Adventure,Crime",en,42.231,7/17/2013,6.4,5351
23210,Six Degrees of Separation,"Mystery,Drama,Comedy",en,7.342,12/8/1993,6.4,241
12117,Instinct,"Drama,Thriller",en,8.578,6/4/1999,6.4,505
9792,The Hills Have Eyes,"Horror,Thriller",en,65.94,3/10/2006,6.4,2381
1989,My Blueberry Nights,"Drama,Romance",en,9.557,11/28/2007,6.4,589
10295,Miami Supercops,"Action,Comedy",it,10.276,12/12/1985,6.4,333
4488,Friday the 13th,Horror,en,50.861,5/9/1980,6.4,2240
521034,The Secret Garden,"Family,Fantasy,Drama",en,17.374,7/8/2020,6.4,470
11427,Dead End,"Mystery,Horror,Thriller",en,9.891,9/26/2003,6.4,388
6557,27 Dresses,"Comedy,Romance",en,19.023,1/10/2008,6.4,2733
522406,Flashback,Thriller,en,63.882,10/8/2020,6.4,205
298729,Do You See Me?,Comedy,it,8.978,11/20/2014,6.4,511
1713,Jungle Fever,"Drama,Romance",en,7.442,6/7/1991,6.4,229
397,French Kiss,"Comedy,Romance",en,11.039,5/5/1995,6.4,594
16723,Sugar & Spice,"Crime,Comedy,Drama",en,9.665,1/24/2001,6.4,213
11359,The Indian in the Cupboard,"Adventure,Family,Fantasy",en,39.667,7/14/1995,6.4,489
10750,Toy Soldiers,"Action,Adventure,Thriller",en,10.123,4/24/1991,6.4,246
10529,Outlander,"Fantasy,Action,Science Fiction",en,19.113,4/24/2008,6.4,1010
2453,Harley Davidson and the Marlboro Man,"Action,Thriller",en,11.434,8/23/1991,6.4,314
377985,Fan,"Action,Drama,Thriller",hi,6.489,4/14/2016,6.4,202
62046,Flypaper,"Mystery,Comedy,Crime",en,10.476,8/19/2011,6.4,635
411999,OtherLife,"Science Fiction,Crime,Mystery",en,10.574,6/16/2017,6.4,313
341013,Atomic Blonde,"Action,Thriller",en,30.361,7/26/2017,6.4,5451
14442,Ella Enchanted,"Family,Fantasy,Comedy",en,49.11,4/9/2004,6.4,1563
574060,Gunpowder Milkshake,"Action,Crime,Thriller",en,106.522,7/14/2021,6.4,648
50780,The Beaver,Drama,en,6.454,5/5/2011,6.4,720
27813,Basket Case,"Comedy,Horror",en,7.822,4/2/1982,6.4,303
11128,Ladder 49,"Drama,Action,Thriller",en,11.775,10/1/2004,6.4,633
513574,Battle,"Drama,Romance,Music",no,7.072,9/28/2018,6.4,608
435615,Possessor Uncut,"Horror,Thriller,Science Fiction",en,15.452,10/2/2020,6.4,527
12600,Pokémon 4Ever,"Adventure,Fantasy,Animation,Science Fiction,Family",ja,36.515,7/6/2001,6.4,325
11845,Intimacy,"Romance,Drama",en,18.061,1/20/2001,6.4,429
2075,Prizzi's Honor,"Romance,Comedy,Crime,Drama",en,6.315,6/14/1985,6.4,286
681,Diamonds Are Forever,"Adventure,Action,Thriller",en,21.301,12/13/1971,6.4,1621
214,Saw III,"Horror,Thriller,Crime",en,59.039,10/27/2006,6.4,3575
574982,The Blackout,"Thriller,Science Fiction,Action",ru,13.331,11/21/2019,6.4,311
396461,Under the Silver Lake,"Crime,Drama,Mystery",en,13.973,6/21/2018,6.4,994
286987,How to Build a Better Boy,"Family,Science Fiction,TV Movie",en,11.905,11/18/2014,6.4,332
43549,The Experiment,"Thriller,Drama",en,64.33,7/15/2010,6.4,1021
24869,Ink,"Action,Fantasy",en,5.431,1/23/2009,6.4,247
20662,Robin Hood,"Adventure,Action,History",en,52.147,5/12/2010,6.4,3889
11047,Asterix the Gaul,"Family,Animation,Adventure,Comedy",fr,8.969,12/20/1967,6.4,564
10715,Looney Tunes: Back in Action,"Animation,Comedy,Family",en,22.63,11/14/2003,6.4,1238
9964,Bad Taste,"Action,Comedy,Horror,Science Fiction",en,9.31,12/1/1987,6.4,639
2294,Jay and Silent Bob Strike Back,Comedy,en,10.386,8/22/2001,6.4,1227
540,D.E.B.S.,"Action,Comedy,Romance",en,13.147,1/21/2004,6.4,424
356298,Don't Think Twice,"Comedy,Drama",en,7.255,7/22/2016,6.4,330
44269,All That Glitters,Comedy,fr,5.785,3/24/2010,6.4,680
34769,Defendor,"Drama,Action,Comedy,Crime",en,8.078,9/12/2009,6.4,444
211672,Minions,"Family,Animation,Adventure,Comedy",en,177.829,6/17/2015,6.4,9386
13374,Ice Princess,"Family,Drama,Comedy",en,11.274,3/17/2005,6.4,784
9679,Gone in Sixty Seconds,"Action,Crime,Thriller",en,33.344,6/9/2000,6.4,3616
352186,Good Kids,Comedy,en,10.205,7/29/2016,6.4,268
340611,Indignation,"Drama,Romance",en,5.319,7/29/2016,6.4,232
76170,The Wolverine,"Action,Science Fiction,Adventure,Fantasy",en,12.082,7/23/2013,6.4,8339
41446,Scream 4,"Horror,Mystery",en,41.487,4/11/2011,6.4,2742
19955,I Do,"Comedy,Romance",fr,6.024,11/1/2006,6.4,262
13249,Seraphim Falls,"Western,Action,Drama",en,10.573,9/13/2006,6.4,452
9556,Darkman,"Action,Science Fiction,Thriller",en,11.62,8/24/1990,6.4,1048
6687,TransSiberian,"Thriller,Crime,Mystery",en,10.219,1/18/2008,6.4,548
1968,Fools Rush In,"Comedy,Drama,Romance",en,10.725,2/14/1997,6.4,415
599975,Countdown,"Horror,Thriller",en,43.411,10/24/2019,6.4,1619
34544,The A-Team,"Thriller,Action,Adventure,Comedy,Crime",en,54.82,6/9/2010,6.4,3943
290751,Secret in Their Eyes,"Thriller,Mystery,Drama,Crime",en,12.037,10/14/2015,6.4,1162
72105,Ted,"Comedy,Fantasy",en,109.064,6/29/2012,6.4,10725
27346,Maniac,Horror,en,19.743,11/7/1980,6.4,302
9788,Accepted,Comedy,en,12.825,8/18/2006,6.4,1278
86555,Take This Waltz,"Drama,Comedy",en,5.522,11/25/2011,6.4,268
81342,Delicacy,"Drama,Comedy,Romance",fr,5.546,12/20/2011,6.4,373
18269,Lady and the Tramp II: Scamp's Adventure,"Family,Animation,Romance,Adventure",en,20.855,2/18/2001,6.4,1067
17707,Brokedown Palace,Drama,en,11.73,8/13/1999,6.4,310
11068,Singles,"Comedy,Drama,Romance",en,10.02,9/18/1992,6.4,290
10491,Enigma,"Mystery,Drama,Thriller,Romance,War",en,8.311,1/22/2001,6.4,223
333484,The Magnificent Seven,"Adventure,Action,Western",en,57.938,9/14/2016,6.4,5134
209403,Bad Words,Comedy,en,7.331,9/6/2013,6.4,664
6279,Sister Act 2: Back in the Habit,"Music,Comedy",en,15.104,12/9/1993,6.4,1461
75,Mars Attacks!,"Comedy,Fantasy,Science Fiction",en,27.507,12/12/1996,6.4,4562
763148,Time Is Up,"Romance,Drama",en,104.545,9/9/2021,6.4,382
49017,Dracula Untold,"Horror,Action,Drama,Fantasy,War",en,23.733,10/1/2014,6.4,5305
16229,Prozac Nation,"Drama,Romance",en,8.505,9/8/2001,6.4,234
9593,Last Action Hero,"Adventure,Fantasy,Action,Comedy,Family",en,22.196,6/18/1993,6.4,2119
401478,Death Race: Beyond Anarchy,"Action,Thriller,Science Fiction",en,30.915,10/2/2018,6.4,241
250574,Creep,Horror,en,11.017,6/23/2014,6.4,1060
77561,EVA,"Science Fiction,Drama",es,7.773,10/6/2011,6.4,325
19277,In Hell,"Action,Drama,Thriller",en,12.513,11/24/2003,6.4,406
11114,Pete's Dragon,"Fantasy,Animation,Comedy,Family",en,17.078,11/3/1977,6.4,566
6795,Zathura: A Space Adventure,"Family,Fantasy,Science Fiction,Adventure,Comedy",en,36.671,11/6/2005,6.4,2694
2275,The General's Daughter,"Thriller,Mystery,Drama,Crime",en,11.191,6/18/1999,6.4,722
11081,Taking Lives,"Crime,Thriller",en,12.257,3/19/2004,6.4,1289
602545,Into the Labyrinth,"Thriller,Mystery",it,60.465,10/30/2019,6.4,372
294652,Son of a Gun,"Action,Crime,Drama,Thriller",en,28.734,10/16/2014,6.4,654
138038,Girl vs. Monster,"Family,Comedy,Science Fiction,TV Movie",en,17.04,10/12/2012,6.4,236
121606,Resolution,"Horror,Thriller,Mystery",en,5.69,6/27/2013,6.4,283
9992,Arthur and the Invisibles,"Adventure,Fantasy,Animation,Family",en,25.193,12/13/2006,6.4,2502
8388,¡Three Amigos!,"Comedy,Western,Adventure",en,12.126,12/12/1986,6.4,757
516329,Antlers,"Drama,Horror,Mystery",en,192.308,10/28/2021,6.4,721
477033,Errementari: The Blacksmith and the Devil,"Drama,Fantasy,Horror",eu,15.977,3/2/2018,6.4,443
433150,The Invisible Boy: Second Generation,Fantasy,it,6.626,1/4/2018,6.4,258
118293,The Suicide Shop,"Comedy,Animation,Music",fr,8.119,9/26/2012,6.4,488
16614,Adventureland,"Comedy,Drama",en,12.967,4/3/2009,6.4,1831
8224,8MM,"Thriller,Crime,Mystery",en,16.665,2/26/1999,6.4,1557
526019,Like a Boss,Comedy,en,22.486,1/9/2020,6.4,555
352157,Marguerite,Drama,fr,6.044,9/16/2015,6.4,232
314095,The Lost City of Z,"Adventure,Drama,History",en,29.655,3/15/2017,6.4,2399
15653,An Extremely Goofy Movie,"Animation,Family,Comedy",en,17.777,2/29/2000,6.4,491
14353,Repo! The Genetic Opera,"Horror,Science Fiction,Music",en,6.546,7/18/2008,6.4,266
13417,Kronk's New Groove,"Animation,Comedy,Family",en,26.111,12/5/2005,6.4,1044
10105,Saints and Soldiers,"War,Drama,Action,Adventure,History",en,7.736,9/11/2003,6.4,218
527660,"Yes, God, Yes","Comedy,Drama",en,31.576,7/24/2020,6.4,387
449985,Triple Threat,"Thriller,Action",en,47.75,3/19/2019,6.4,474
300668,Annihilation,"Science Fiction,Horror",en,39.702,2/22/2018,6.4,7252
15449,La Tour Montparnasse Infernale,Comedy,fr,8.647,3/28/2001,6.4,680
8289,Gorky Park,"Thriller,Crime,Drama",en,8.17,12/15/1983,6.4,206
294272,Pete's Dragon,"Adventure,Family,Fantasy",en,26.782,8/10/2016,6.4,1916
27576,Salt,"Action,Mystery,Thriller",en,58.286,7/21/2010,6.4,4638
9671,Crocodile Dundee,"Adventure,Comedy",en,14.355,9/26/1986,6.4,1511
7461,Vantage Point,"Drama,Action,Thriller,Crime",en,13.273,2/1/2008,6.4,1715
9759,Cellular,"Action,Thriller",en,16.296,9/6/2004,6.4,1570
8054,The Imaginarium of Doctor Parnassus,"Adventure,Fantasy,Mystery",en,11.097,10/1/2009,6.4,2371
6691,Priceless,"Drama,Comedy,Romance",fr,8.442,12/13/2006,6.4,630
24341,Dolls,"Fantasy,Horror",en,10.585,3/12/1987,6.4,247
20726,Little Giants,"Comedy,Family",en,12.929,10/14/1994,6.4,351
515248,Someone Great,"Comedy,Romance",en,12.425,4/19/2019,6.4,1060
13150,Pride and Glory,"Crime,Drama,Mystery,Thriller",en,10.26,9/9/2008,6.4,715
559,Spider-Man 3,"Fantasy,Action,Adventure",en,106.348,5/1/2007,6.4,11830
84188,Compliance,"Drama,Thriller",en,9.955,8/23/2012,6.4,538
78854,Scialla! (Stai sereno),Comedy,it,4.358,11/18/2011,6.4,212
15357,District 13: Ultimatum,"Action,Thriller,Crime",fr,21.729,2/18/2009,6.4,939
13333,Game of Death,"Drama,Action,Thriller",cn,15.121,3/23/1978,6.4,507
9414,The Man Who Knew Too Little,"Comedy,Thriller,Crime,Action",en,6.93,11/14/1997,6.4,381
5551,Space Cowboys,"Action,Adventure,Thriller",en,16.295,8/4/2000,6.4,1111
4513,30 Days of Night,"Horror,Thriller",en,25.884,10/17/2007,6.4,2227
592336,Don't Stop Me Now,Comedy,it,6.178,4/18/2019,6.4,293
392142,Max & Leon,"War,Comedy",fr,6.653,11/1/2016,6.4,682
34016,She's Out of My League,"Comedy,Romance",en,21.174,3/11/2010,6.4,1696
314405,Tale of Tales,"Romance,Fantasy,Horror",it,17.212,5/14/2015,6.4,1435
14114,You Got Served,"Music,Drama",en,14.846,1/30/2004,6.4,331
16296,Killer Klowns from Outer Space,"Comedy,Horror,Science Fiction",en,23.534,5/27/1988,6.4,694
11342,Warlock,"Adventure,Comedy,Fantasy,Horror",en,12.574,6/1/1989,6.4,289
9777,Proof,"Drama,Mystery",en,7.637,9/5/2005,6.4,555
9425,Soldier,"Science Fiction,Action",en,14.138,10/23/1998,6.4,634
760926,Gold,"Thriller,Action",en,203.801,1/13/2022,6.4,336
285423,Jarhead 2: Field of Fire,"War,Action",en,17.969,8/14/2014,6.4,236
263281,Our Summer in Provence,"Comedy,Drama",fr,9.043,4/2/2014,6.4,258
262500,Insurgent,"Action,Adventure,Science Fiction,Thriller",en,57.44,3/18/2015,6.4,8962
115210,Stitches,Horror,en,15.691,5/19/2012,6.4,336
104859,Mac & Devin Go to High School,Comedy,en,21.033,7/3/2012,6.4,340
10074,Hot Rod,"Comedy,Action",en,9.964,8/3/2007,6.4,774
455656,#realityhigh,Comedy,en,13.284,7/17/2017,6.4,956
117263,Olympus Has Fallen,"Action,Thriller",en,64.175,3/20/2013,6.4,5760
10592,Hart's War,"Drama,War",en,10.303,2/15/2002,6.4,758
9064,Hellbound: Hellraiser II,Horror,en,21.071,12/23/1988,6.4,812
269148,Samba,"Drama,Comedy",fr,12.875,10/15/2014,6.4,834
74018,A Cinderella Story: Once Upon a Song,"Comedy,Family,Romance",en,19.344,9/5/2011,6.4,931
21057,Ocean Waves,"Romance,Animation,Drama",ja,17.071,5/5/1993,6.4,630
16871,Drag Me to Hell,"Horror,Thriller",en,52.646,3/15/2009,6.4,2976
6951,Turner & Hooch,"Action,Comedy,Thriller,Crime,Family",en,9.992,7/28/1989,6.4,1042
649409,No Sudden Move,"Crime,Drama,Mystery",en,45.31,6/24/2021,6.4,437
539649,The Lie,"Drama,Horror,Mystery,Thriller",en,11.502,9/13/2018,6.4,532
415842,American Assassin,"Action,Thriller",en,38.518,9/14/2017,6.4,2521
11096,Hide and Seek,"Horror,Mystery",en,21.036,1/27/2005,6.4,1314
9785,The Invisible,"Fantasy,Thriller",en,8.018,4/27/2007,6.4,443
6488,Arachnophobia,"Comedy,Horror",en,6.665,7/20/1990,6.4,1099
11905,The Company of Wolves,"Horror,Fantasy",en,9.696,9/21/1984,6.4,229
10847,Lord of the Flies,"Adventure,Drama,Thriller",en,15.172,3/16/1990,6.4,430
9715,Hope Floats,"Romance,Drama,Comedy",en,16.057,5/29/1998,6.4,344
415401,The Party,"Comedy,Drama",en,7.037,9/13/2017,6.4,414
112205,The Family,"Crime,Comedy,Action",en,16.887,9/13/2013,6.4,2552
77949,The Awakening,"Horror,Thriller,Mystery",en,13.602,8/17/2011,6.4,1184
45202,The Housemaid,"Thriller,Drama",ko,8.453,5/13/2010,6.4,238
13373,Millions,"Comedy,Crime,Drama,Family",en,7.04,4/29/2004,6.4,304
10851,Revolver,"Drama,Thriller,Crime,Mystery",en,12.874,9/11/2005,6.4,1074
10056,Killer's Kiss,"Crime,Drama,Thriller",en,7.239,10/1/1955,6.4,410
11008,Major Payne,"Adventure,Comedy,Family",en,16.136,3/24/1995,6.4,616
9317,The Cabbage Soup,"Comedy,Science Fiction",fr,10.341,12/2/1981,6.4,704
672582,The Deep House,Horror,en,176.364,6/30/2021,6.4,672
309924,After the Ball,Comedy,en,13.463,2/27/2015,6.4,238
32613,Horror Express,Horror,en,8.785,9/30/1972,6.4,204
4380,Shall We Dance?,"Drama,Romance,Comedy",en,18.053,10/15/2004,6.4,1016
408540,Feather,Comedy,it,4.629,10/20/2016,6.4,212
332567,The Shallows,"Horror,Drama,Thriller",en,25.619,6/24/2016,6.4,4466
8197,Midnight in the Garden of Good and Evil,"Crime,Drama,Mystery,Thriller",en,7.043,11/21/1997,6.4,453
8077,Alien³,"Science Fiction,Action,Horror",en,24.159,5/22/1992,6.4,4514
1577,Resident Evil: Apocalypse,"Horror,Action,Science Fiction",en,40.459,9/10/2004,6.4,3573
339527,Solace,"Thriller,Crime,Mystery",en,27.363,9/3/2015,6.4,1869
82525,Savages,"Crime,Drama,Thriller",en,15.525,7/6/2012,6.4,1869
75761,John Dies at the End,"Horror,Comedy",en,8.22,1/25/2013,6.4,532
24655,The Car,Horror,en,9.617,5/12/1977,6.4,204
1378,Shortbus,"Romance,Drama,Comedy",en,15.592,10/4/2006,6.4,380
356305,Why Him?,Comedy,en,28.299,12/22/2016,6.4,3599
315880,Correspondence,"Drama,Romance",it,8.028,1/14/2016,6.4,345
10047,The Messenger: The Story of Joan of Arc,"Adventure,Drama,Action,History,War",en,26.116,10/27/1999,6.4,1175
9718,Talladega Nights: The Ballad of Ricky Bobby,Comedy,en,15.004,8/4/2006,6.4,1319
338970,Tomb Raider,"Action,Adventure,Fantasy",en,36.711,3/5/2018,6.4,6770
15947,The Three Caballeros,"Animation,Family,Music",en,13.603,7/21/1944,6.4,556
13567,Sleepaway Camp,Horror,en,13.066,11/18/1983,6.4,488
11530,The Discord,Comedy,fr,5.388,3/16/1978,6.4,248
189,Sin City: A Dame to Kill For,"Crime,Action,Thriller",en,47.497,8/20/2014,6.4,3238
478820,The Emperor of Paris,"Drama,Crime,Thriller",fr,18.147,12/19/2018,6.4,417
462919,Sierra Burgess Is a Loser,"Comedy,Drama,Romance",en,14.125,9/7/2018,6.4,3232
325348,Hardcore Henry,"Action,Adventure,Science Fiction",en,29.25,9/12/2015,6.4,1957
66195,The Perfect Host,"Comedy,Thriller,Crime",en,8.226,7/1/2010,6.4,323
2642,Two Weeks Notice,"Comedy,Romance",en,18.726,12/19/2002,6.4,1724
674944,The Occupant,"Thriller,Drama",es,10.166,3/25/2020,6.3,631
11002,"Greystoke: The Legend of Tarzan, Lord of the Apes","Adventure,Drama,Action,Romance",en,11.942,3/30/1984,6.3,378
6957,The 40 Year Old Virgin,"Comedy,Romance",en,29.525,8/11/2005,6.3,5626
95608,The Only Living Boy in New York,Drama,en,25.403,7/27/2017,6.3,248
6440,The Shipping News,"Drama,Romance",en,11.821,12/18/2001,6.3,299
617,Wild Things,"Mystery,Thriller,Drama",en,14.785,3/20/1998,6.3,1354
604822,Vanguard,"Action,Adventure,Crime",zh,131.89,9/30/2020,6.3,411
295699,Everybody Wants Some!!,Comedy,en,12.525,3/30/2016,6.3,929
253279,The Trials of Cate McCall,Drama,en,8.735,11/28/2013,6.3,232
136797,Need for Speed,"Action,Crime,Drama,Thriller",en,91.164,3/12/2014,6.3,3659
9975,Curious George,"Adventure,Animation,Comedy,Family",en,20.873,2/10/2006,6.3,423
1619,The Way of the Gun,"Action,Crime,Drama,Thriller",en,11.03,9/8/2000,6.3,329
608,Men in Black II,"Action,Adventure,Comedy,Science Fiction",en,38.303,7/3/2002,6.3,8481
453405,Gemini Man,"Science Fiction,Action,Thriller",en,39.481,10/2/2019,6.3,4342
41733,Due Date,"Comedy,Drama",en,36.715,11/4/2010,6.3,4666
38357,Morning Glory,"Comedy,Drama,Romance",en,15.505,11/10/2010,6.3,1259
30923,Alice in Wonderland,"Fantasy,Family",en,16.962,2/28/1999,6.3,296
1049,Sommersby,"Drama,Thriller,Mystery,Romance",en,8.057,2/5/1993,6.3,292
602269,The Little Things,"Crime,Drama,Thriller",en,47.979,1/28/2021,6.3,1631
407439,Mary Magdalene,"Drama,History",en,49.215,3/15/2018,6.3,451
11954,Lifeforce,"Horror,Science Fiction,Thriller",en,20.309,6/21/1985,6.3,423
57800,Ice Age: Continental Drift,"Animation,Comedy,Adventure,Family",en,78.671,6/27/2012,6.3,6512
12435,The Nanny Diaries,"Comedy,Drama,Romance",en,17.151,8/24/2007,6.3,897
11034,The Great Gatsby,"Drama,Romance",en,10.342,3/27/1974,6.3,379
1247,The Good Shepherd,"Drama,Thriller,History",en,12.919,12/11/2006,6.3,909
68735,Warcraft,"Action,Adventure,Fantasy",en,49.03,5/25/2016,6.3,5841
34588,If I Were You,Comedy,pt,4.895,1/6/2006,6.3,330
10543,Fear,Thriller,en,15.364,4/12/1996,6.3,592
28761,"White Hunter, Black Heart","Adventure,Drama",en,10.015,5/24/1990,6.3,200
9526,A Prairie Home Companion,"Drama,Comedy,Music",en,7.692,6/9/2006,6.3,246
9104,Buffalo Soldiers,"Drama,Comedy,War,Crime,Thriller",en,6.013,10/31/2002,6.3,236
2026,Hostage,"Action,Thriller,Crime",en,17.81,3/10/2005,6.3,1358
57695,The Princess of Montpensier,"Action,Drama,History,Romance",fr,10.136,11/3/2010,6.3,234
13641,The Air I Breathe,"Thriller,Crime",en,8.275,2/7/2007,6.3,287
11460,Red Eye,"Horror,Thriller",en,14.887,8/19/2005,6.3,1508
9501,Crying Freeman,"Action,Crime",en,10.659,4/23/1995,6.3,234
512196,Happy Death Day 2U,"Comedy,Horror,Science Fiction",en,30.617,2/13/2019,6.3,2814
320028,An Italian Name,Comedy,it,4.509,1/22/2015,6.3,292
9294,Phenomenon,"Drama,Fantasy,Romance,Science Fiction",en,9.877,7/5/1996,6.3,900
430231,The Endless,"Science Fiction,Horror,Thriller",en,12.474,11/5/2017,6.3,804
11852,The Hot Chick,"Comedy,Fantasy",en,46.491,12/13/2002,6.3,1620
9968,The Big White,"Comedy,Crime,Drama",en,5.765,10/27/2005,6.3,238
587693,A Christmas Prince: The Royal Baby,"Romance,Family",en,12.565,12/5/2019,6.3,445
8986,Milk Money,"Comedy,Romance",en,13.123,8/31/1994,6.3,215
1647,The Recruit,"Action,Thriller",en,10.463,1/31/2003,6.3,1423
447200,Skyscraper,"Action,Thriller",en,39.789,7/11/2018,6.3,4231
369781,Amis publics,Comedy,fr,5.679,2/17/2016,6.3,351
207768,I Spit on Your Grave 2,"Thriller,Horror,Crime",en,57.69,8/25/2013,6.3,1025
86812,Sound of My Voice,"Science Fiction,Drama,Mystery,Thriller",en,6.871,1/22/2011,6.3,284
9584,Convoy,"Action,Comedy",en,15.457,6/27/1978,6.3,266
8216,Meet the Feebles,"Comedy,Music",en,7.579,8/12/1989,6.3,217
376134,The Discovery,"Drama,Romance,Science Fiction,Thriller,Mystery",en,15.226,3/31/2017,6.3,1102
438808,White Boy Rick,"Crime,Drama",en,11.853,9/14/2018,6.3,852
293646,The 33,"Drama,History",en,15.914,8/6/2015,6.3,814
39414,Paper Man,"Comedy,Drama",en,9.721,6/15/2009,6.3,261
27429,Shivers,Horror,en,8.529,10/10/1975,6.3,478
10380,An American Tail: Fievel Goes West,"Adventure,Animation,Family,Western",en,31.357,11/21/1991,6.3,601
7095,Jack,"Family,Comedy,Drama",en,12.855,8/9/1996,6.3,1036
431530,A Bad Moms Christmas,Comedy,en,17.821,8/4/2017,6.3,1759
48231,A Dangerous Method,"Drama,Thriller",en,15.224,9/30/2011,6.3,1726
16248,D.A.R.Y.L.,"Family,Science Fiction",en,8.065,6/14/1985,6.3,233
10770,The Sheriff and the Satellite Kid,"Comedy,Science Fiction,Action",it,9.069,8/10/1979,6.3,260
515911,Lady J,"Drama,Romance",fr,6.127,9/12/2018,6.3,229
82682,Gangster Squad,"Crime,Drama,Action,Thriller",en,16.128,1/10/2013,6.3,3525
77866,Contraband,"Thriller,Action,Drama,Crime",en,43.126,1/12/2012,6.3,1774
38365,Grown Ups,Comedy,en,113.732,6/24/2010,6.3,5013
449755,Christmas Inheritance,"Romance,Drama",en,15.331,12/15/2017,6.3,740
222461,Wer,"Horror,Mystery,Thriller",en,17.965,11/16/2013,6.3,284
203739,Vampire Academy,"Comedy,Action,Fantasy",en,20.48,2/7/2014,6.3,1566
46929,Fun and Fancy Free,"Animation,Family,Music",en,9.272,9/27/1947,6.3,334
23631,Machete,"Action,Comedy,Thriller",en,58.118,9/1/2010,6.3,2754
597433,Beckett,"Crime,Mystery,Thriller",en,76.234,8/4/2021,6.3,519
264729,Off Course,"Romance,Comedy",es,11.85,3/3/2015,6.3,294
11913,The Gendarme Takes Off,Comedy,fr,9.582,10/28/1970,6.3,410
8960,Hancock,"Fantasy,Action",en,120.2,7/1/2008,6.3,8227
507441,Sea Fever,"Science Fiction,Horror,Thriller",en,16.855,6/12/2020,6.3,312
458344,"Juliet, Naked","Comedy,Drama,Romance",en,10.465,8/16/2018,6.3,383
179538,Witching & Bitching,"Comedy,Horror",es,18.947,9/20/2013,6.3,541
571384,Come Play,Horror,en,21.003,10/28/2020,6.3,453
331836,Babysitting 2,Comedy,fr,10.094,12/2/2015,6.3,1172
660982,American Pie Presents: Girls' Rules,Comedy,en,55.338,10/6/2020,6.3,464
509967,6 Underground,"Action,Thriller,Comedy",en,57.905,12/10/2019,6.3,3838
468219,Dead in a Week (Or Your Money Back),"Comedy,Action,Drama",en,8.27,9/12/2018,6.3,272
438348,Knock,Comedy,fr,10.595,10/18/2017,6.3,384
9902,Wrong Turn,"Horror,Thriller",en,74.628,5/30/2003,6.3,2064
9490,Half Baked,"Comedy,Crime",en,9.931,1/16/1998,6.3,431
396493,Creep 2,"Horror,Thriller",en,14.489,10/14/2017,6.3,590
300168,Dragon Blade,"Adventure,History",zh,31.256,2/19/2015,6.3,457
82675,Taken 2,"Action,Crime,Thriller",en,123.672,9/27/2012,6.3,5742
63197,Megan Is Missing,"Drama,Horror,Thriller",en,44.759,5/1/2011,6.3,476
15596,Back to School,Comedy,en,9.593,6/13/1986,6.3,339
9440,Primary Colors,Drama,en,8.134,3/20/1998,6.3,241
505058,Unfriended: Dark Web,"Horror,Thriller,Mystery",en,30.097,7/19/2018,6.3,1241
202575,The House of Magic,"Family,Fantasy,Animation,Adventure",en,17.692,12/24/2013,6.3,289
11680,The Miser,Comedy,fr,8.768,3/5/1980,6.3,348
9472,DodgeBall: A True Underdog Story,Comedy,en,26.249,6/18/2004,6.3,2882
8689,Cannibal Holocaust,Horror,it,41.524,2/7/1980,6.3,1254
600184,The Nest,"Drama,Horror,Mystery",it,8.654,8/15/2019,6.3,224
271736,The Program,Drama,en,7.738,9/16/2015,6.3,417
44244,Camp Rock 2: The Final Jam,"Comedy,Music,TV Movie",en,28.118,9/17/2010,6.3,1352
39385,Would I Lie to You?,Comedy,fr,4.694,4/1/1997,6.3,434
14191,Aquamarine,"Fantasy,Romance,Family,Comedy",en,36.874,3/3/2006,6.3,1256
345911,Lights Out,"Horror,Thriller,Mystery",en,35.701,7/21/2016,6.3,3323
38117,Beastly,"Drama,Fantasy,Romance",en,11.855,1/21/2011,6.3,2518
11653,The Myth,"Action,Adventure,Comedy,Drama,Fantasy",zh,14.255,5/11/2005,6.3,280
11560,High Crimes,"Drama,Mystery,Thriller,Crime",en,8.703,4/5/2002,6.3,624
25472,Merry Madagascar,"Family,Animation",en,20.811,11/16/2009,6.3,222
15239,The Toxic Avenger,"Comedy,Horror,Science Fiction",en,7.741,5/1/1984,6.3,398
10611,Barbershop,"Comedy,Drama",en,17.719,4/1/2002,6.3,369
10410,Hoffa,"Crime,History",en,10.931,12/25/1992,6.3,241
117974,Sightseers,"Adventure,Comedy,Crime,Horror,Romance",en,7.946,11/30/2012,6.3,394
11088,Heist,"Action,Crime,Drama,Thriller",en,9.432,11/9/2001,6.3,423
9686,New York Stories,"Comedy,Drama,Romance",en,8.278,3/10/1989,6.3,287
2119,Days of Thunder,"Adventure,Action,Drama",en,16.37,6/27/1990,6.3,1137
1734,The Mummy Returns,"Adventure,Action,Fantasy",en,46.085,5/4/2001,6.3,5821
1268,Mr. Bean's Holiday,"Family,Comedy",en,23.829,3/22/2007,6.3,2366
714,Tomorrow Never Dies,"Adventure,Action,Thriller",en,24.775,12/11/1997,6.3,2494
438590,A-X-L,"Science Fiction,Action,Adventure,Family",en,61.988,8/23/2018,6.3,1023
432613,"Marry Me, Dude",Comedy,fr,11.788,10/25/2017,6.3,842
11060,Internal Affairs,"Crime,Drama",en,8.438,1/12/1990,6.3,285
9605,Single White Female,Thriller,en,8.502,8/14/1992,6.3,463
4728,The Gendarme in New York,Comedy,fr,9.398,10/28/1965,6.3,405
602147,Inheritance,Thriller,en,19.035,4/30/2020,6.3,412
592480,Alice and the Mayor,"Comedy,Drama",fr,6.532,5/18/2019,6.3,275
590995,The Craft: Legacy,"Horror,Drama,Fantasy",en,77.764,10/28/2020,6.3,585
399035,The Commuter,"Action,Thriller,Mystery",en,32.14,1/11/2018,6.3,3807
381034,I Am Not a Serial Killer,"Horror,Thriller,Mystery,Drama",en,12.305,8/26/2016,6.3,379
26170,Coogan's Bluff,"Action,Crime,Drama,Thriller",en,9.761,10/2/1968,6.3,245
2043,Along Came a Spider,"Crime,Mystery,Thriller,Action",en,16.719,4/6/2001,6.3,1463
323373,Deathgasm,"Comedy,Horror,Music",en,9.811,8/28/2015,6.3,483
18487,The Taking of Pelham 1 2 3,"Thriller,Crime,Action",en,13.286,6/10/2009,6.3,2620
823625,Blacklight,"Action,Thriller",en,409.268,2/10/2022,6.3,521
184341,Hands of Stone,Drama,en,17.423,8/26/2016,6.3,299
8512,Devil in a Blue Dress,"Thriller,Crime,Drama,Mystery",en,14.454,9/15/1995,6.3,275
1880,Red Dawn,"Action,Thriller,War,Drama",en,17.538,8/10/1984,6.3,581
709,Licence to Kill,"Adventure,Action,Thriller",en,26.449,6/13/1989,6.3,1510
145220,Muppets Most Wanted,"Comedy,Adventure,Crime,Family",en,19.524,3/20/2014,6.3,697
11232,Kate & Leopold,"Comedy,Fantasy,Romance",en,12.825,12/25/2001,6.3,1130
4351,Bordertown,"Crime,Drama,Mystery,Thriller",en,8.051,2/15/2007,6.3,267
505379,Rebecca,"Romance,Drama,Mystery,Thriller",en,14.581,10/16/2020,6.3,901
38093,Just Wright,"Comedy,Drama,Romance",en,14.546,5/14/2010,6.3,323
2667,The Blair Witch Project,"Horror,Mystery",en,57.071,7/14/1999,6.3,3802
283227,A Little Chaos,"Drama,Romance",en,11.221,3/26/2015,6.3,576
12912,Chaos Theory,"Comedy,Drama,Romance",en,6.61,3/14/2008,6.3,313
7131,Van Helsing,"Horror,Adventure,Action",en,62.618,5/5/2004,6.3,4900
31867,Repo Men,"Action,Science Fiction,Thriller,Crime",en,10.051,3/18/2010,6.3,1577
11625,Asterix and the Big Fight,"Family,Animation,Adventure,Comedy",fr,10.561,10/4/1989,6.3,474
489939,Daphne & Velma,"Comedy,Horror,Action,Crime",en,15.934,4/29/2018,6.3,209
45272,Country Strong,"Drama,Romance,Music",en,7.559,12/22/2010,6.3,209
13679,Kirikou and the Wild Beasts,"Adventure,Animation,Family,Fantasy",fr,7.133,12/7/2005,6.3,264
10029,Very Bad Things,"Comedy,Crime,Thriller",en,6.756,9/11/1998,6.3,495
4247,Scary Movie,Comedy,en,128.218,7/7/2000,6.3,5624
413730,Summertime,"Romance,Drama",it,5.734,9/15/2016,6.3,273
39957,Burning Bright,"Drama,Horror,Thriller",en,11.105,8/17/2010,6.3,213
9666,Ju-on: The Grudge 2,"Horror,Thriller",ja,14.878,8/15/2003,6.3,242
8839,Casper,"Fantasy,Comedy,Family",en,48.963,5/26/1995,6.3,3906
1687,Escape from the Planet of the Apes,"Action,Science Fiction",en,15.048,5/20/1971,6.3,788
169917,A Walk Among the Tombstones,"Crime,Drama,Mystery,Thriller",en,67.95,9/18/2014,6.3,2417
16325,Echelon Conspiracy,"Action,Thriller",en,13.264,2/27/2009,6.3,371
13154,Showdown in Little Tokyo,Action,en,20.944,8/23/1991,6.3,354
4917,A Boy and His Dog,"Drama,Science Fiction,Comedy",en,7.793,3/23/1975,6.3,264
26390,Brooklyn's Finest,"Crime,Drama,Thriller",en,12.189,3/4/2010,6.3,741
10314,She's All That,"Comedy,Romance",en,18.226,1/29/1999,6.3,1713
10192,Shrek Forever After,"Comedy,Adventure,Fantasy,Animation,Family",en,95.383,5/16/2010,6.3,6060
9273,Ace Ventura: When Nature Calls,"Crime,Comedy,Adventure",en,28.877,11/10/1995,6.3,3421
557336,The Plagues of Breslau,"Crime,Action,Thriller",pl,10.401,11/29/2018,6.3,215
284276,Cake,Drama,en,17.423,9/7/2014,6.3,799
48395,Rare Exports: A Christmas Tale,Fantasy,fi,19.365,12/3/2010,6.3,416
38303,You Again,"Comedy,Romance",en,22.361,9/24/2010,6.3,1093
12403,A Perfect Getaway,"Thriller,Mystery,Adventure",en,21.582,6/8/2009,6.3,1015
9408,Surf's Up,"Animation,Comedy,Family",en,19.897,6/8/2007,6.3,2011
1649,Bill & Ted's Bogus Journey,"Adventure,Comedy,Science Fiction",en,12.315,7/19/1991,6.3,959
511987,Crawl,"Thriller,Horror,Action",en,48.747,7/11/2019,6.3,2546
339967,Colossal,"Drama,Fantasy,Science Fiction",en,29.895,4/6/2017,6.3,1722
257445,Goosebumps,"Adventure,Horror,Comedy",en,54.46,8/5/2015,6.3,3265
652483,Airplane Mode,"Comedy,Drama,Romance",pt,11.251,1/23/2020,6.3,641
325346,The Hollars,"Comedy,Drama,Romance",en,6.634,8/25/2016,6.3,233
58235,Confessions of a Brazilian Call Girl,Drama,pt,14.158,2/25/2011,6.3,359
15616,Private Valentine: Blonde & Dangerous,Comedy,en,10.371,11/7/2008,6.3,219
9353,Nacho Libre,"Comedy,Family",en,46.688,6/16/2006,6.3,1270
1825,Over the Top,"Action,Drama",en,17.828,2/13/1987,6.3,1318
739990,Nightbooks,"Fantasy,Family,Horror",en,87.388,9/15/2021,6.3,258
374052,The Love Witch,"Fantasy,Romance,Horror",en,12.826,11/11/2016,6.3,365
152599,The Immigrant,"Drama,Romance",en,10.783,11/27/2013,6.3,688
41283,Faster,"Crime,Drama,Action,Thriller",en,31.003,11/23/2010,6.3,1582
10534,White Squall,"Adventure,Action,Drama",en,9.975,2/2/1996,6.3,273
655082,Eiffel,"Romance,Drama",fr,11.168,10/7/2021,6.3,390
413362,"Roman J. Israel, Esq.","Drama,Crime,Thriller",en,15.536,11/17/2017,6.3,1025
11821,Doc Hollywood,"Comedy,Romance",en,11.498,8/2/1991,6.3,491
10764,Quantum of Solace,"Adventure,Action,Thriller,Crime",en,31.298,10/31/2008,6.3,6665
2661,Batman,"Family,Adventure,Comedy,Science Fiction,Crime",en,11.605,7/30/1966,6.3,669
700,Octopussy,"Adventure,Action,Thriller",en,27.189,6/5/1983,6.3,1526
515741,Angel of Mine,"Drama,Thriller,Mystery",en,14.441,8/15/2019,6.3,210
443791,Underwater,"Action,Horror,Science Fiction,Thriller",en,34.646,1/8/2020,6.3,2481
340837,A Cure for Wellness,"Horror,Mystery,Science Fiction,Thriller",en,26.881,2/15/2017,6.3,3279
199534,Wolf Creek 2,"Horror,Thriller",en,12.424,8/30/2013,6.3,462
73873,Albert Nobbs,Drama,en,8.122,12/21/2011,6.3,377
9335,Transporter 2,"Action,Thriller,Crime",en,35.958,8/3/2005,6.3,2931
413052,Hacker,"Crime,Drama,Thriller",en,18.995,9/15/2016,6.3,243
326423,Barbershop: The Next Cut,"Comedy,Drama",en,17.065,4/15/2016,6.3,382
76163,The Expendables 2,"Action,Adventure,Thriller",en,60.427,8/8/2012,6.3,5789
21778,RRRrrrr!!!,Comedy,fr,19.615,1/28/2004,6.3,970
15158,Phantasm II,"Action,Horror,Science Fiction,Thriller",en,6.643,7/8/1988,6.3,248
12146,The Missing,"Thriller,Western,Adventure",en,14.001,11/26/2003,6.3,479
13990,The Wackness,Drama,en,22.208,7/3/2008,6.3,226
12309,Bachelor Party,Comedy,en,15.139,6/29/1984,6.3,523
9043,The Family Stone,"Comedy,Drama,Romance",en,10.764,12/15/2005,6.3,755
179,The Interpreter,"Crime,Thriller",en,10.36,4/8/2005,6.3,1175
503736,Army of the Dead,"Action,Crime,Horror,Thriller",en,131.668,5/14/2021,6.3,3142
38448,Ondine,"Drama,Romance",en,8.038,9/14/2009,6.3,242
24929,Return of the Living Dead Part II,"Comedy,Horror",en,9.884,1/15/1988,6.3,434
9494,Look Who's Talking,"Comedy,Romance",en,13.287,10/12/1989,6.3,1937
6637,National Treasure: Book of Secrets,"Action,Adventure,Mystery,Thriller",en,30.993,12/13/2007,6.3,4339
741067,Welcome to Sudden Death,Action,es,8.634,9/9/2020,6.3,234
324668,Jason Bourne,"Action,Thriller",en,32.188,7/27/2016,6.3,4964
137116,Smurfs: The Lost Village,"Family,Adventure,Animation,Comedy",en,37.945,3/23/2017,6.3,1212
49526,Premium Rush,"Crime,Action,Thriller",en,19.153,8/24/2012,6.3,1785
10836,Dagon,"Fantasy,Horror,Thriller",en,13.191,10/12/2001,6.3,274
4478,Indecent Proposal,"Romance,Drama",en,22.368,4/7/1993,6.3,1135
2309,Inkheart,"Adventure,Family,Fantasy",en,32.879,12/11/2008,6.3,1818
1689,Little Buddha,"Drama,History",en,8.632,12/1/1993,6.3,332
437557,Blockers,Comedy,en,23.463,3/14/2018,6.3,1707
354216,The Devil's Candy,"Drama,Horror,Thriller",en,8.662,3/17/2017,6.3,532
9945,Vampires,"Action,Fantasy,Horror",en,13.675,10/30/1998,6.3,964
70436,The Raven,"Crime,Thriller,Mystery",en,30.811,3/9/2012,6.3,1109
13637,Sukiyaki Western Django,"Adventure,Action,Comedy,Western,Thriller",ja,7.799,9/15/2007,6.3,263
8851,The Blob,"Horror,Science Fiction",en,11.209,9/10/1958,6.3,456
2171,Wet Hot American Summer,Comedy,en,9.581,7/27/2001,6.3,650
405775,The Wall,"War,Thriller,Drama",en,30.22,5/12/2017,6.3,721
10612,The Englishman Who Went Up a Hill But Came Down a Mountain,"Drama,Comedy,Romance",en,6.821,5/12/1995,6.3,231
60599,Arbitrage,"Drama,Thriller",en,7.877,9/14/2012,6.3,688
15037,Can't Hardly Wait,"Comedy,Romance",en,10.138,6/12/1998,6.3,422
2267,The Last Mimzy,"Drama,Science Fiction,Adventure",en,11.972,2/9/2007,6.3,388
627290,Antebellum,Horror,en,49.279,9/2/2020,6.3,713
525554,The Bouncer,"Action,Drama,Thriller",fr,13.14,8/22/2018,6.3,269
478860,Proxima,Drama,fr,12.657,11/27/2019,6.3,284
298312,The Visit,"Horror,Thriller,Mystery",en,28.428,9/10/2015,6.3,3925
24920,City of the Living Dead,Horror,it,14.162,8/11/1980,6.3,277
16577,Astro Boy,"Animation,Action,Family,Science Fiction",en,50.586,10/15/2009,6.3,1264
4824,The Jackal,"Action,Thriller,Adventure,Crime",en,19.235,11/14/1997,6.3,1512
760868,Black Crab,"Action,Thriller",sv,188.226,3/18/2022,6.3,529
157845,The Rover,"Crime,Drama",en,27.458,6/4/2014,6.3,769
11358,Walking Tall,"Adventure,Drama,Action,Thriller",en,20.147,4/2/2004,6.3,1214
10168,The Freshman,"Comedy,Crime",en,8.35,7/20/1990,6.3,220
1845,2 Days in Paris,"Comedy,Romance",en,7.306,2/9/2007,6.3,299
654905,The Beast,Crime,it,8.682,11/27/2020,6.3,233
446101,Assassination Nation,"Thriller,Horror,Comedy",en,15.951,9/21/2018,6.3,680
12611,The Fury,"Horror,Science Fiction,Thriller",en,10.263,3/10/1978,6.3,260
518452,Like Father,"Comedy,Drama",en,8.635,8/3/2018,6.3,567
420648,The Bar,"Horror,Thriller,Comedy",es,10.342,2/15/2017,6.3,1124
419499,Che vuoi che sia,Comedy,it,5.225,11/9/2016,6.3,258
399248,Beirut,"Action,Thriller,Drama",en,13.12,4/11/2018,6.3,439
173185,It Boy,Comedy,fr,43.563,3/6/2013,6.3,1027
145135,Dark Skies,"Science Fiction,Thriller,Horror",en,25.145,2/21/2013,6.3,1504
8999,Derailed,"Drama,Thriller",en,10.69,11/11/2005,6.3,824
455,Bend It Like Beckham,"Comedy,Drama,Romance",en,10.643,4/11/2002,6.3,1599
750253,My Son,"Thriller,Mystery,Drama,Crime",en,17.808,9/23/2021,6.3,274
11495,Firestarter,"Horror,Thriller,Science Fiction",en,15.086,5/11/1984,6.3,529
4520,Sleuth,"Drama,Thriller,Mystery",en,7.63,10/12/2007,6.3,428
399361,Triple Frontier,"Action,Thriller,Crime,Adventure",en,27.534,3/6/2019,6.3,2607
72710,The Host,"Action,Adventure,Romance,Science Fiction,Thriller",en,25.798,3/22/2013,6.3,3584
18736,The Lizzie McGuire Movie,"Family,Comedy",en,16.47,5/2/2003,6.3,1097
13523,Sex Drive,"Comedy,Adventure,Romance",en,21.392,10/16/2008,6.3,1060
12201,Edge of Darkness,"Crime,Drama,Mystery,Thriller",en,13.903,1/28/2010,6.3,1227
11671,Elegy,"Drama,Romance",en,7.148,8/8/2008,6.3,211
8966,Twilight,"Fantasy,Drama,Romance",en,143.701,11/20/2008,6.3,11657
5289,Chaos,"Drama,Action,Crime",en,13.857,1/17/2005,6.3,816
186992,Stranger by the Lake,"Drama,Thriller",fr,12.133,6/12/2013,6.3,336
52520,Underworld: Awakening,"Fantasy,Action,Horror",en,71.01,1/19/2012,6.3,3528
44706,The Bet,Comedy,fr,4.76,10/15/1997,6.3,376
41630,No Strings Attached,"Comedy,Romance",en,92.539,1/21/2011,6.3,4064
149509,Horns,"Drama,Fantasy,Thriller",en,18.291,9/6/2013,6.3,1996
11465,Great Balls of Fire!,"Drama,History,Music",en,8.871,6/30/1989,6.3,251
8007,Behind Enemy Lines,"Action,Drama,Thriller,War",en,19.296,11/30/2001,6.3,1173
753453,V/H/S/94,Horror,en,22.642,9/26/2021,6.3,248
451500,Christmas & Co.,Comedy,fr,7.033,12/6/2017,6.3,497
288036,Sleeping with Other People,Comedy,en,14.454,6/26/2015,6.3,754
199373,The Frozen Ground,"Thriller,Crime",en,13.128,7/11/2013,6.3,1234
17281,Gigi,"Comedy,Romance",en,6.884,4/15/1958,6.3,245
13225,FernGully: The Last Rainforest,"Family,Fantasy,Animation,Adventure",en,12.643,4/10/1992,6.3,456
10428,Hackers,"Action,Crime,Thriller,Drama",en,16.133,9/14/1995,6.3,989
4614,The Sum of All Fears,"Thriller,Action,Drama",en,18.384,5/31/2002,6.3,1365
549294,Synchronic,"Science Fiction,Drama,Thriller,Horror",en,11.564,10/23/2020,6.3,489
83186,Wrong,"Comedy,Mystery",en,5.751,9/5/2012,6.3,263
79643,Anche se è amore non si vede,Comedy,it,4.85,11/23/2011,6.3,314
44268,Superfantozzi,Comedy,it,4.826,12/23/1986,6.3,253
10447,No Escape,"Action,Drama,Science Fiction,Thriller",en,9.554,4/29/1994,6.3,314
384371,Roommates Wanted,Comedy,fr,3.943,4/20/2016,6.3,324
280092,Insidious: Chapter 3,"Horror,Drama,Thriller",en,59.423,5/28/2015,6.3,2788
25983,The House of the Devil,"Horror,Mystery",en,8.265,10/30/2009,6.3,553
7220,The Punisher,"Action,Crime,Drama",en,48.349,4/15/2004,6.3,2275
439998,Omicidio all'italiana,Comedy,it,5.419,3/2/2017,6.3,377
296099,Vacation,Comedy,en,63.014,7/28/2015,6.3,3167
11891,Kung Pow: Enter the Fist,"Comedy,Action",en,15.258,1/25/2002,6.3,488
9515,The Matador,"Action,Comedy,Crime,Drama,Thriller",en,6.897,5/12/2005,6.3,355
7737,Resident Evil: Extinction,"Horror,Action,Science Fiction",en,18.512,9/20/2007,6.3,3425
2019,Hard Target,Action,en,26.559,8/20/1993,6.3,868
87440,Struck by Lightning,"Comedy,Drama",en,8.201,4/20/2012,6.3,206
87421,Riddick,"Science Fiction,Action,Thriller",en,62.937,9/2/2013,6.3,3478
14976,Rachel Getting Married,Drama,en,8.009,10/3/2008,6.3,461
3040,Night Watch,"Fantasy,Action,Thriller",ru,10.982,6/27/2004,6.3,581
1428,Once Upon a Time in Mexico,"Action,Drama,Mystery",en,24.234,9/11/2003,6.3,1772
290595,The Huntsman: Winter's War,"Action,Adventure,Drama",en,72.208,4/6/2016,6.3,4270
44754,Margaret,Drama,en,6.327,9/30/2011,6.3,232
24124,The Burning,Horror,en,10.464,5/8/1981,6.3,288
15997,The Land Before Time: The Great Valley Adventure,"Animation,Adventure,Family",en,18.301,12/12/1994,6.3,467
326215,Ooops! Noah Is Gone...,"Animation,Adventure,Comedy,Family",en,20.922,3/26/2015,6.3,256
43200,Basilicata coast to coast,"Comedy,Drama",it,5.315,4/9/2010,6.3,338
2116,Out of Time,"Thriller,Crime,Drama",en,9.145,10/3/2003,6.3,921
643532,The Card Counter,"Drama,Crime,Thriller",en,17.105,9/3/2021,6.3,582
606876,Rifkin's Festival,"Romance,Comedy",en,9.967,10/1/2020,6.3,325
582570,Sextuplets,Comedy,en,24.305,8/16/2019,6.3,729
245706,True Story,"Crime,Drama,History",en,14.249,4/17/2015,6.3,1689
63710,Honey 2,"Music,Comedy,Drama",en,18.184,6/23/2011,6.3,355
10028,Honey,"Music,Drama,Romance",en,14.42,11/24/2003,6.3,1008
477489,Just a Breath Away,"Drama,Science Fiction,Thriller",fr,13.394,4/4/2018,6.3,654
102780,Byzantium,"Drama,Fantasy,Thriller",en,9.657,9/9/2012,6.3,687
19901,Daybreakers,"Action,Fantasy,Science Fiction",en,17.375,10/1/2009,6.3,1612
13394,Shrek the Halls,"Adventure,Animation,Comedy,Fantasy,Family",en,22.649,11/28/2007,6.3,658
11976,Legend,"Adventure,Fantasy",en,19.776,8/28/1985,6.3,953
11598,The Kentucky Fried Movie,Comedy,en,8.529,8/10/1977,6.3,222
10413,Nowhere to Run,"Action,Drama,Thriller,Romance",en,18.113,1/15/1993,6.3,544
201,Star Trek: Nemesis,"Science Fiction,Action,Adventure,Thriller",en,16.97,12/13/2002,6.3,1120
11007,Cheaper by the Dozen,"Comedy,Family",en,21.802,12/24/2003,6.3,2393
860623,Last Man Down,"Action,Thriller",en,358.251,10/19/2021,6.3,515
305470,Power Rangers,"Science Fiction,Action,Adventure",en,97.118,3/23/2017,6.3,3897
255343,Escobar: Paradise Lost,"Thriller,Romance",en,17.067,10/11/2014,6.3,681
139651,Haute Cuisine,"Comedy,Drama",fr,9.821,9/17/2012,6.3,217
40205,16 Wishes,"Fantasy,Drama,Family",en,42.101,10/2/2010,6.3,1123
22824,The Fourth Kind,"Mystery,Science Fiction,Thriller",en,31.276,11/6/2009,6.3,1357
18519,Free Willy 3: The Rescue,"Family,Adventure",en,20.213,8/8/1997,6.3,280
13600,City of Ember,"Adventure,Family,Fantasy",en,16.942,10/7/2008,6.3,1459
11449,The Amityville Horror,Horror,en,25.212,7/26/1979,6.3,683
10743,Confidence,"Action,Comedy,Thriller,Crime,Mystery",en,8.072,4/25/2003,6.3,342
9882,The Siege,"Drama,Action,Thriller,Crime",en,13.183,11/6/1998,6.3,1075
4953,Be Kind Rewind,"Drama,Comedy",en,8.501,1/20/2008,6.3,1110
291351,The Sea of Trees,Drama,en,8.326,4/27/2016,6.3,415
10358,Zack and Miri Make a Porno,Comedy,en,101.272,9/18/2008,6.3,1923
8843,The Cell,"Horror,Science Fiction,Thriller",en,14.499,8/17/2000,6.3,1242
1599,I ♥ Huckabees,"Comedy,Romance",en,8.509,9/10/2004,6.3,514
82650,Diary of a Wimpy Kid: Dog Days,"Comedy,Family",en,25.783,8/2/2012,6.3,768
28355,Case 39,"Horror,Mystery,Thriller",en,26.722,8/13/2009,6.3,1888
11212,Baby's Day Out,"Family,Comedy,Adventure,Crime,Drama",en,24.226,7/1/1994,6.3,1053
10651,The Dead Pool,"Action,Crime,Thriller",en,16.817,4/14/1988,6.3,651
10431,War,"Action,Thriller",en,25.551,8/24/2007,6.3,1314
7512,Idiocracy,"Comedy,Science Fiction,Adventure",en,31.075,9/1/2006,6.3,2166
467660,Unsane,"Horror,Thriller",en,14.112,2/21/2018,6.3,1288
73588,The Caller,"Horror,Thriller,Mystery",en,13.592,8/26/2011,6.3,202
7553,Waiting...,Comedy,en,18.509,10/7/2005,6.3,621
5072,Severance,"Horror,Comedy,Thriller",en,8.228,5/19/2006,6.3,443
2990,Pacific Heights,Thriller,en,9.424,9/28/1990,6.3,269
515841,I Am Not an Easy Man,"Comedy,Fantasy",fr,10.921,4/13/2018,6.3,897
49021,Killer Elite,"Action,Adventure,Thriller",en,36.752,9/22/2011,6.3,1756
9962,The Good Girl,"Drama,Comedy,Romance",en,9.63,1/12/2002,6.3,514
810,Shrek the Third,"Fantasy,Adventure,Animation,Comedy,Family",en,97.441,5/17/2007,6.3,7495
339994,The Good Neighbor,"Drama,Crime,Thriller",en,13.673,9/16/2016,6.3,367
16996,17 Again,Comedy,en,79.775,3/25/2009,6.3,4407
8386,How High,Comedy,en,21.813,12/21/2001,6.3,753
449574,Godzilla: Planet of the Monsters,"Action,Adventure,Science Fiction,Animation",ja,20.497,11/17/2017,6.3,367
371560,The Eyes of My Mother,"Drama,Horror",en,11.211,12/2/2016,6.3,247
214756,Ted 2,Comedy,en,131.67,6/25/2015,6.3,6263
49022,Something Borrowed,"Comedy,Drama,Romance",en,16.908,5/5/2011,6.3,894
13335,Harold & Kumar Escape from Guantanamo Bay,"Comedy,Adventure",en,13.261,4/25/2008,6.3,1194
9963,Premonition,"Thriller,Drama,Mystery",en,11.275,2/8/2007,6.3,1282
9801,Bridget Jones: The Edge of Reason,"Comedy,Romance",en,14.869,11/10/2004,6.3,2373
571473,5 Is the Perfect Number,"Drama,Thriller",it,12.04,8/29/2019,6.3,218
155084,13 Sins,"Horror,Thriller",en,22.926,4/18/2014,6.3,897
133694,Promised Land,Drama,en,8.605,9/23/2012,6.3,573
9688,Melinda and Melinda,"Comedy,Drama,Romance",en,7.213,10/29/2004,6.3,364
71552,American Reunion,Comedy,en,72.895,4/4/2012,6.3,3846
35019,Nanny McPhee and the Big Bang,"Comedy,Fantasy,Family",en,33.376,3/26/2010,6.3,1553
27374,Lake Mungo,"Horror,Thriller",en,12.168,7/30/2009,6.3,381
22582,Tom and Jerry: The Movie,"Family,Animation,Comedy",en,19.719,10/1/1992,6.3,468
18410,Project X,"Drama,Comedy",en,17.619,4/17/1987,6.3,204
12721,"No Retreat, No Surrender",Action,en,19.502,5/2/1986,6.3,429
142320,Viva l'Italia,Comedy,it,6.279,10/25/2012,6.3,316
71677,Assassination Games,Action,en,18.088,7/28/2011,6.3,307
34813,The Losers,"Action,Adventure,Crime,Mystery,Thriller",en,43.738,4/23/2010,6.3,1451
27581,The Other Guys,"Comedy,Action,Crime",en,46.565,8/6/2010,6.3,3453
11352,Always,"Fantasy,Romance",en,9.269,12/22/1989,6.3,460
137321,Winter's Tale,"Drama,Fantasy,Mystery,Romance",en,14.562,2/13/2014,6.3,1172
116741,The Internship,Comedy,en,1.235,6/7/2013,6.3,3665
21705,The Barbie Diaries,"Family,Animation",en,26.054,5/17/2006,6.3,314
430155,Coma,Science Fiction,ru,14.631,11/19/2019,6.3,365
3172,Bandits,"Comedy,Crime",en,10.194,10/12/2001,6.3,804
419680,Daddy's Home 2,Comedy,en,34.984,11/9/2017,6.3,2115
8845,Under Siege,"Action,Thriller",en,19.594,10/8/1992,6.3,1199
671043,Spoiled Brats,Comedy,fr,66.718,9/15/2021,6.3,294
483906,Polar,"Action,Crime,Drama",en,34.821,1/25/2019,6.3,1784
425980,Brad's Status,"Comedy,Drama",en,10.407,9/14/2017,6.3,310
425336,Loving Pablo,"Crime,Drama",es,14.968,10/12/2017,6.3,866
36643,The World Is Not Enough,"Adventure,Action,Thriller",en,20.1,11/17/1999,6.3,2354
26515,Pumpkinhead,"Fantasy,Horror",en,12.643,6/9/1988,6.3,335
11238,Aladdin and the King of Thieves,"Adventure,Animation,Family",en,30.421,5/20/1996,6.3,1594
9354,"Honey, I Shrunk the Kids","Adventure,Comedy,Family,Science Fiction",en,15.303,6/23/1989,6.3,2496
9349,Universal Soldier,"Thriller,Action,Science Fiction,Crime",en,27.025,7/10/1992,6.3,1287
9333,Last Man Standing,"Action,Crime,Drama,Thriller,Mystery",en,13.093,9/20/1996,6.3,685
428399,Cold Skin,"Horror,Fantasy,Drama",en,14.054,10/20/2017,6.3,463
333669,Bastille Day,Action,en,23.391,4/22/2016,6.3,1099
244458,The Voices,"Comedy,Crime,Horror,Fantasy",en,9.82,1/19/2014,6.3,1486
329004,The Survivalist,"Drama,Science Fiction,Thriller",en,9.018,4/15/2015,6.3,250
24924,Night of the Demons,Horror,en,11.307,10/14/1988,6.3,242
9611,Romy and Michele's High School Reunion,Comedy,en,11.795,4/25/1997,6.3,419
9477,King Arthur,"Adventure,War,History,Action",en,32.512,7/7/2004,6.3,2270
638965,Mandibles,"Comedy,Fantasy",fr,10.249,9/16/2020,6.3,364
181283,Child 44,"Crime,Thriller",en,31.226,3/15/2015,6.3,1402
158015,The Purge,"Science Fiction,Horror,Thriller",en,73.566,5/31/2013,6.3,7275
124905,Godzilla,"Action,Drama,Science Fiction",en,59.608,5/14/2014,6.3,7704
513223,Perdida,"Drama,Mystery,Crime",es,18.778,4/19/2018,6.3,225
274167,Daddy's Home,Comedy,en,33.655,12/25/2015,6.3,2691
22804,Saw VI,"Horror,Mystery",en,47.786,10/16/2009,6.3,2502
4507,Jamon Jamon,"Comedy,Drama,Romance",es,21.563,9/3/1992,6.3,250
279641,Whiskey Tango Foxtrot,"Comedy,Drama,War",en,6.769,3/4/2016,6.3,800
159117,V/H/S/2,"Horror,Thriller",en,16.819,6/6/2013,6.3,809
134597,The Collection,"Horror,Thriller",en,16.847,9/21/2012,6.3,809
50698,Grave Encounters,"Thriller,Horror",en,17.528,9/9/2011,6.3,1190
11484,Rollerball,"Action,Science Fiction",en,10.594,6/25/1975,6.3,376
449562,The Hustle,Comedy,en,35.857,5/9/2019,6.3,2110
37609,The Cheetah Girls 2,"Family,Comedy,Drama,Music,TV Movie",en,8.635,7/31/2006,6.3,362
6282,Coyote Ugly,"Comedy,Drama,Music,Romance",en,23.682,7/30/2000,6.3,1730
334521,Free Fire,"Action,Crime,Mystery",en,23.28,3/31/2017,6.3,910
182415,"White as Milk, Red as Blood","Drama,Comedy",it,5.631,4/2/2013,6.3,583
67748,Snowtown,"Crime,Drama",en,7.065,5/16/2011,6.3,241
13968,Jump In!,"Drama,Comedy,Romance",en,9.542,1/12/2007,6.3,320
11191,Mystic Pizza,"Comedy,Drama,Romance",en,10.258,10/13/1988,6.3,393
8856,The Karate Kid Part II,"Adventure,Drama,Action,Romance,Family",en,26.945,6/18/1986,6.3,1728
595867,On a Magical Night,"Comedy,Drama",fr,20.171,10/9/2019,6.3,206
11890,Oscar,Comedy,en,8.305,4/26/1991,6.3,393
2619,Splash,"Comedy,Fantasy,Romance",en,14.646,3/9/1984,6.3,1076
1362,The Hobbit,"Family,Fantasy,Animation,Adventure,TV Movie",en,18.753,11/27/1977,6.3,210
692,Pink Flamingos,"Comedy,Crime",en,11.339,3/12/1972,6.3,369
174337,The Pretty One,"Comedy,Drama",en,7.792,2/7/2014,6.3,211
4180,Three Men and a Cradle,Comedy,fr,7.764,9/18/1985,6.3,201
586451,Blow the Man Down,"Drama,Mystery,Comedy",en,7.322,4/26/2019,6.3,224
2080,X-Men Origins: Wolverine,"Adventure,Action,Thriller,Science Fiction",en,11.69,4/28/2009,6.3,9079
513268,Body Cam,"Horror,Thriller,Mystery",en,11.898,5/19/2020,6.2,265
463272,Johnny English Strikes Again,"Action,Adventure,Comedy",en,24.572,9/6/2018,6.3,2036
49529,John Carter,"Action,Adventure,Science Fiction",en,97.034,3/7/2012,6.2,4795
606234,Archive,"Science Fiction,Drama,Fantasy,Thriller",en,13.532,8/13/2020,6.2,485
502682,Book Club,"Comedy,Romance,Drama",en,11.432,5/18/2018,6.2,647
301355,Message from the King,Thriller,en,12.418,5/10/2016,6.2,375
29787,Monkey Shines,"Thriller,Drama,Horror,Science Fiction",en,7.232,7/29/1988,6.2,210
26389,From Paris with Love,"Action,Crime,Thriller",en,32.94,2/4/2010,6.2,1657
13491,Arn: The Knight Templar,"Action,Adventure,Drama,Romance",sv,11.133,12/25/2007,6.2,220
9543,Prince of Persia: The Sands of Time,"Adventure,Fantasy,Action",en,73.263,5/19/2010,6.2,5899
817,Austin Powers: The Spy Who Shagged Me,"Adventure,Comedy,Crime,Science Fiction",en,20.229,6/8/1999,6.2,2736
747688,Yara,"Crime,Drama",it,24.663,10/18/2021,6.2,295
510388,Villains,"Comedy,Horror,Drama",en,8.367,9/20/2019,6.2,249
328111,The Secret Life of Pets,"Adventure,Comedy,Animation,Family",en,25.959,6/18/2016,6.2,7228
13757,Melody Time,"Music,Family,Animation,Comedy",en,8.261,5/27/1948,6.2,215
11591,The Man with Two Brains,"Comedy,Science Fiction",en,8.365,6/10/1983,6.2,318
541305,Kajillionaire,"Crime,Drama,Comedy",en,14.704,9/25/2020,6.2,305
174772,Europa Report,"Science Fiction,Thriller",en,57.505,6/27/2013,6.2,1117
10426,Friday After Next,Comedy,en,14.267,11/22/2002,6.2,315
592695,Pleasure,Drama,en,88.852,10/8/2021,6.2,211
158852,Tomorrowland,"Adventure,Family,Mystery,Science Fiction",en,45.299,5/19/2015,6.2,6213
56374,I laureati,"Romance,Comedy",it,5.254,12/22/1995,6.2,210
9872,Explorers,"Family,Science Fiction",en,13.363,7/12/1985,6.2,357
19004,The Land Before Time III: The Time of the Great Giving,"Animation,Adventure,Family",en,10.564,3/16/1995,6.2,318
16288,Creepshow 2,"Horror,Comedy",en,19.151,5/1/1987,6.2,420
10521,Bride Wars,"Comedy,Romance",en,51.284,1/9/2009,6.2,2649
5172,The Astronaut Farmer,"Science Fiction,Adventure,Comedy,Drama",en,8.772,10/15/2006,6.2,270
267935,The BFG,"Adventure,Family,Fantasy",en,41.426,6/1/2016,6.2,2858
94562,Turkish for Beginners,Comedy,de,9.088,3/14/2012,6.2,292
58244,Upside Down,"Romance,Science Fiction,Drama,Fantasy",en,15.444,9/27/2012,6.2,2205
2320,Executive Decision,"Action,Adventure,Drama,Thriller",en,14.628,3/15/1996,6.2,723
459910,Braven,"Drama,Action,Thriller",en,20.287,2/1/2018,6.2,840
41210,The Switch,"Comedy,Romance,Drama",en,13.778,5/11/2010,6.2,1588
11459,Sky High,"Adventure,Comedy,Family",en,64.44,7/29/2005,6.2,1949
351454,Neruda,Drama,es,9.513,8/11/2016,6.2,221
303542,The Invisible Boy,"Comedy,Adventure,Science Fiction,Fantasy",it,11.849,12/18/2014,6.2,882
82696,Hope Springs,"Drama,Comedy,Romance",en,12.499,8/7/2012,6.2,665
25642,Ben 10 Alien Swarm,Adventure,en,28.112,11/25/2009,6.2,261
323675,Ride Along 2,"Action,Comedy",en,23.353,1/14/2016,6.2,1431
245703,Midnight Special,"Adventure,Drama,Science Fiction",en,11.372,2/12/2016,6.2,1627
76812,Black Butterfly,"Thriller,Mystery",en,10.666,5/26/2017,6.2,450
507,Killing Zoe,"Action,Crime,Drama,Thriller",en,7.405,10/1/1993,6.2,265
674607,The Decline,Thriller,fr,6.913,2/27/2020,6.2,349
467952,The Catcher Was a Spy,"Drama,War,Thriller",en,9.302,6/22/2018,6.2,230
25913,Balto II: Wolf Quest,"Family,Animation,Adventure",en,15.911,2/19/2002,6.2,445
9339,Click,"Comedy,Drama,Fantasy",en,31.639,6/23/2006,6.2,5933
8984,Disclosure,"Thriller,Drama,Crime",en,14.066,3/10/1994,6.2,951
516850,The Mermaid: Lake of the Dead,"Horror,Fantasy,Romance",ru,16.963,7/12/2018,6.2,265
514999,Murder Mystery,Comedy,en,27.96,5/25/2019,6.2,3333
291276,Unlocked,"Action,Thriller",en,17.357,4/27/2017,6.2,901
30874,The New York Ripper,"Horror,Thriller,Mystery",it,6.967,3/4/1982,6.2,203
800510,Kimi,Thriller,en,329.014,2/10/2022,6.2,464
196867,Annie,"Comedy,Drama,Family",en,29.306,12/19/2014,6.2,1131
18892,Jawbreaker,"Comedy,Crime",en,15.89,1/30/1999,6.2,417
585759,The Coldest Game,"Drama,Thriller",en,6.166,11/8/2019,6.2,235
53174,Kokowääh,Comedy,de,7.279,2/3/2011,6.2,232
21786,Cold Prey,"Horror,Mystery,Thriller",no,14.947,10/13/2006,6.2,307
9486,Johnny English,"Adventure,Action,Comedy",en,23.401,3/14/2003,6.2,2841
16409,Last Chance Harvey,"Drama,Comedy,Romance",en,6.903,12/25/2008,6.2,213
9991,Mean Machine,"Comedy,Drama",en,16.477,12/26/2001,6.2,466
9102,Screamers,"Horror,Science Fiction",en,8.527,9/8/1995,6.2,413
1248,Hannibal Rising,"Crime,Drama,Thriller,Horror",en,5.716,2/6/2007,6.2,1808
841,Dune,"Action,Science Fiction,Adventure",en,28.522,12/14/1984,6.2,2248
463821,The House with a Clock in Its Walls,"Fantasy,Family,Comedy",en,22.876,9/15/2018,6.2,1836
406563,Insidious: The Last Key,"Horror,Mystery,Thriller",en,61.274,1/3/2018,6.2,2276
18462,Night of the Comet,"Comedy,Horror,Science Fiction",en,8.425,11/16/1984,6.2,276
9805,(T)Raumschiff Surprise - Periode 1,"Comedy,Science Fiction",de,8.173,7/14/2004,6.2,399
4964,Knocked Up,"Comedy,Romance,Drama",en,18.308,6/1/2007,6.2,3349
450001,Master Z: Ip Man Legacy,"Action,Crime,Drama",cn,16.102,12/20/2018,6.2,400
14326,Nights in Rodanthe,"Drama,Romance",en,11.309,9/26/2008,6.2,511
10483,Death Race,"Action,Thriller,Science Fiction",en,39.873,8/22/2008,6.2,3116
509635,Alone,"Thriller,Horror",en,105.453,9/10/2020,6.2,446
301272,Let's Go to the Country,Comedy,it,5.22,11/6/2014,6.2,401
246080,Black Sea,"Adventure,Drama,Thriller",en,10.081,12/5/2014,6.2,906
132232,Mama,Horror,en,43.729,1/17/2013,6.2,3605
43933,Monsters,"Drama,Thriller,Science Fiction",en,12.099,6/18/2010,6.2,1286
9770,Mad City,"Action,Drama,Thriller",en,6.237,11/7/1997,6.2,248
17339,Force 10 From Navarone,"Drama,Adventure,War",en,11.616,8/16/1978,6.2,223
4787,Cassandra's Dream,"Crime,Drama",en,11.38,6/18/2007,6.2,633
296523,Man Down,"Thriller,Drama",en,8.413,9/12/2015,6.2,215
141043,A Long Way Down,"Comedy,Drama",en,12.948,3/20/2014,6.2,763
11169,Spartan,"Mystery,Action,Drama,Thriller,Crime",en,7.911,3/12/2004,6.2,283
10951,Gorgeous,"Adventure,Action,Comedy,Romance",cn,20.88,2/12/1999,6.2,270
694234,Under the Riccione Sun,"Comedy,Romance",it,11.245,7/1/2020,6.2,477
486101,A casa tutti bene,"Comedy,Drama",it,6.89,2/14/2018,6.2,645
259695,Live by Night,"Crime,Drama,Thriller",en,16.001,12/25/2016,6.2,1133
11619,Flushed Away,"Adventure,Animation,Comedy,Family",en,25.407,10/22/2006,6.2,3127
188222,Entourage,Comedy,en,13.881,6/3/2015,6.2,857
29427,The Crazies,"Mystery,Horror,Action",en,25.978,2/26/2010,6.2,1656
22907,Takers,"Action,Crime,Drama,Thriller",en,15.538,8/26/2010,6.2,1035
9896,Rat Race,"Adventure,Comedy",en,18.294,8/17/2001,6.2,1453
5968,The Woman in Red,"Comedy,Romance",en,13.589,8/15/1984,6.2,395
449563,Isn't It Romantic,"Comedy,Fantasy,Romance",en,23.169,2/13/2019,6.2,3180
26255,Love Potion No. 9,"Comedy,Romance,Fantasy,Science Fiction",en,11.378,11/13/1992,6.2,227
11354,The Upside of Anger,"Comedy,Drama",en,9.505,1/23/2005,6.2,203
9828,Unknown,"Thriller,Mystery,Adventure,Crime",en,6.693,11/3/2006,6.2,331
2284,Mr. Magorium's Wonder Emporium,"Family,Fantasy,Comedy",en,11.655,11/14/2007,6.2,1063
467,The Hole,"Crime,Drama,Horror,Thriller",en,10.06,4/20/2001,6.2,672
624963,A Babysitter's Guide to Monster Hunting,"Family,Fantasy,Adventure,Comedy",en,39.595,10/14/2020,6.2,243
351809,To Steal from a Thief,"Crime,Thriller",es,13.443,3/3/2016,6.2,319
268531,Captain Underpants: The First Epic Movie,"Action,Animation,Comedy,Family",en,39.732,6/1/2017,6.2,985
81857,Alps,Drama,el,5.716,9/1/2011,6.2,221
27569,Extraordinary Measures,Drama,en,8.276,1/21/2010,6.2,257
20106,Bullit & Riper,Comedy,fr,5.421,6/4/2003,6.2,263
10188,The Sisterhood of the Traveling Pants 2,"Adventure,Comedy,Drama",en,10.336,8/6/2008,6.2,701
8838,Mercury Rising,"Action,Crime,Drama,Thriller",en,15.752,4/3/1998,6.2,1252
457041,Elizabeth Harvest,"Thriller,Science Fiction,Mystery,Horror",en,8.842,8/10/2018,6.2,242
168530,Ride Along,"Action,Comedy",en,16.247,1/7/2014,6.2,1934
14728,The Librarian: The Curse of the Judas Chalice,"Fantasy,Adventure,Comedy",en,9.959,11/20/2008,6.2,394
13515,Mirrors,"Horror,Mystery,Thriller,Drama,Fantasy",en,25.027,8/15/2008,6.2,1485
1537,Changing Lanes,"Crime,Thriller",en,8.035,4/7/2002,6.2,876
693,Meet the Fockers,"Comedy,Romance",en,18.383,12/22/2004,6.2,4051
10735,What a Girl Wants,"Comedy,Romance,Drama,Family",en,18.713,3/27/2003,6.2,1398
9729,Where the Truth Lies,"Drama,Mystery,Thriller",en,8.899,10/7/2005,6.2,210
8965,Atlantis: Milo's Return,"Fantasy,Animation,Science Fiction,Family,Action",en,18.621,2/25/2003,6.2,2593
169,Predator 2,"Science Fiction,Action,Thriller",en,69.762,11/20/1990,6.2,2389
298250,Jigsaw,"Horror,Crime,Mystery,Thriller",en,47.327,10/26/2017,6.2,2995
259694,How to Be Single,"Comedy,Romance",en,45.998,1/21/2016,6.2,2880
370978,"Kiki, Love to Love","Comedy,Romance",es,10.117,4/1/2016,6.2,315
10479,Rules of Engagement,"War,Action,Adventure,Drama,History",en,12.368,4/7/2000,6.2,551
9407,Red Corner,"Crime,Drama,Thriller",en,11.676,10/30/1997,6.2,275
3604,Flash Gordon,"Science Fiction,Adventure",en,13.544,9/1/1980,6.2,735
270938,Falcon Rising,"Adventure,Action",en,12.483,9/5/2014,6.2,280
24021,The Twilight Saga: Eclipse,"Adventure,Fantasy,Drama,Romance",en,193.483,6/23/2010,6.2,7591
13934,Mater and the Ghostlight,"Animation,Family",en,12.212,7/27/2006,6.2,346
260346,Taken 3,"Thriller,Action",en,160.676,12/16/2014,6.2,4949
34851,Predators,"Science Fiction,Action,Thriller",en,117.122,7/3/2010,6.2,3237
340102,The New Mutants,"Horror,Science Fiction,Mystery,Action",en,80.881,8/26/2020,6.2,2735
25562,Soapdish,Comedy,en,8.771,5/31/1991,6.2,201
20421,Rock-A-Doodle,"Comedy,Family,Animation,Fantasy,Music",en,14.405,8/2/1991,6.2,208
89185,Radio Rebel,"Comedy,Drama,Family,TV Movie",en,13.243,6/9/2012,6.2,749
9885,Wolf Creek,"Horror,Thriller",en,10.884,9/16/2005,6.2,881
9373,The Texas Chainsaw Massacre,Horror,en,99.418,5/21/2003,6.2,2112
4911,Dark Blue,"Crime,Drama,Thriller",en,9.391,12/14/2002,6.2,236
146239,Delivery Man,Comedy,en,18.274,10/10/2013,6.2,1250
134374,Pain & Gain,"Crime,Action,Comedy",en,70.988,4/18/2013,6.2,3779
79896,The Revenant,"Comedy,Horror",en,5.026,8/16/2009,6.2,211
14844,Chasing Liberty,"Comedy,Romance",en,11.947,1/1/2004,6.2,531
10070,Feast,"Action,Horror,Thriller,Comedy",en,10.763,10/14/2005,6.2,409
2185,Big Trouble,"Action,Comedy,Thriller,Mystery",en,5.944,4/5/2002,6.2,238
330112,Ashby,"Drama,Romance,Comedy",en,5.841,4/19/2015,6.2,389
79548,Gone,Thriller,en,12.853,2/23/2012,6.2,990
17952,In The Mix,"Comedy,Drama,Crime,Romance",en,8.952,11/23/2005,6.2,253
10303,The Jewel of the Nile,"Adventure,Action,Comedy,Romance",en,14.321,8/1/1985,6.2,903
652004,The Wolf of Snow Hollow,"Horror,Thriller",en,53.581,10/23/2020,6.2,243
438259,Journey's End,"War,Drama",en,11.609,12/14/2017,6.2,227
109414,This Is the End,"Action,Comedy",en,27.585,6/12/2013,6.2,5458
1588,Bring It On,Comedy,en,25.623,8/25/2000,6.2,1423
409297,A Dark Song,"Horror,Fantasy,Mystery",en,14.65,7/8/2016,6.2,360
138103,The Expendables 3,"Action,Adventure,Thriller",en,58.363,8/7/2014,6.2,4180
56909,The Immature,Comedy,it,4.834,1/21/2011,6.2,733
11384,The Hard Way,"Action,Comedy,Crime",en,10.91,3/8/1991,6.2,320
545237,The Nest,"Drama,Romance",en,9.59,5/8/2020,6.2,231
38167,Eat Pray Love,"Drama,Romance",en,15.544,8/12/2010,6.2,2041
12103,Don't Say a Word,"Thriller,Mystery",en,11.051,9/28/2001,6.2,736
11069,Tremors 2: Aftershocks,"Action,Horror,Comedy,Science Fiction,Thriller",en,23.699,4/9/1996,6.2,734
490445,Dumped,Comedy,fr,5.535,4/18/2018,6.2,289
393717,The Crew,"Drama,Crime,Thriller",fr,6.721,5/4/2016,6.2,287
33217,Diary of a Wimpy Kid,"Comedy,Family",en,24.734,3/19/2010,6.2,1274
10657,Needful Things,"Drama,Horror",en,19.709,8/27/1993,6.2,409
10307,Stigmata,"Horror,Thriller",en,26.085,9/10/1999,6.2,855
611213,The Prom,"Romance,Comedy",en,6.319,12/2/2020,6.2,575
433808,The Ritual,"Horror,Thriller,Mystery",en,26.043,10/11/2017,6.2,2337
346687,The Water Man,Adventure,en,20.684,9/13/2020,6.2,201
11862,Father of the Bride Part II,"Comedy,Family",en,13.076,12/8/1995,6.2,592
460885,Mandy,"Horror,Action,Thriller,Fantasy",en,16.292,9/13/2018,6.2,1493
217923,Young Detective Dee: Rise of the Sea Dragon,"Action,Crime,Fantasy,Adventure",zh,14.366,9/27/2013,6.2,214
50479,Avalon High,"Fantasy,Family,Drama,TV Movie",en,10.099,1/28/2011,6.2,491
18111,Bride of Re-Animator,"Horror,Comedy,Science Fiction",en,11.205,11/14/1990,6.2,288
9922,The Postman,"Science Fiction,Adventure,Action,War",en,13.242,12/25/1997,6.2,843
9705,Swordfish,"Action,Crime,Thriller",en,17.029,6/7/2001,6.2,2226
9024,For Love or Money,"Comedy,Romance",en,11.374,10/1/1993,6.2,286
664574,Silent Night,"Horror,Comedy,Drama",en,15.387,12/3/2021,6.2,222
306943,The Outcasts,Comedy,en,11.17,4/14/2017,6.2,462
109439,The Hangover Part III,Comedy,en,94.103,5/23/2013,6.2,7460
105965,Beverly Hills Chihuahua 3: Viva la Fiesta!,"Comedy,Family",en,73.796,9/3/2012,6.2,210
10730,King Kong,"Adventure,Fantasy",en,15.555,9/8/1976,6.2,660
4379,Monster-in-Law,"Romance,Comedy",en,24.718,5/13/2005,6.2,1397
2246,Malice,Thriller,en,10.594,9/29/1993,6.2,349
487680,The Kitchen,"Action,Crime,Drama",en,14.031,8/8/2019,6.2,557
78571,Being Flynn,Drama,en,9.342,3/2/2012,6.2,209
52015,Stake Land,"Drama,Horror,Science Fiction",en,8.536,9/30/2010,6.2,627
10739,Anything Else,"Comedy,Romance",en,7.774,8/27/2003,6.2,491
441701,Veronica,Horror,es,70.444,8/25/2017,6.2,1440
32657,Percy Jackson & the Olympians: The Lightning Thief,"Adventure,Fantasy,Family",en,133.84,2/1/2010,6.2,6438
1724,The Incredible Hulk,"Science Fiction,Action,Adventure",en,107.002,6/12/2008,6.2,9952
114750,Dear White People,Comedy,en,8.484,10/17/2014,6.2,402
20235,Belle's Magical World,"Animation,Family",en,12.977,2/16/1998,6.2,393
473149,Traffik,"Horror,Thriller",en,27.244,4/20/2018,6.2,392
428045,Iron Mask,"Adventure,Fantasy",ru,23.173,8/16/2019,6.2,300
345940,The Meg,"Action,Science Fiction,Horror",en,108.722,8/9/2018,6.2,5933
254128,San Andreas,"Action,Drama,Thriller",en,114.771,5/27/2015,6.2,7270
58233,Johnny English Reborn,"Crime,Adventure,Action,Comedy,Thriller",en,39.508,9/15/2011,6.2,2746
31582,Flawless,"Comedy,Drama",en,7.478,11/26/1999,6.2,200
2058,Addicted to Love,"Comedy,Romance",en,10.015,5/23/1997,6.2,332
1685,Beneath the Planet of the Apes,"Adventure,Science Fiction,Mystery",en,23.177,4/23/1970,6.2,984
461130,Code 8,"Science Fiction,Action,Crime,Thriller,Drama",en,21.828,12/6/2019,6.2,1443
184346,Deliver Us from Evil,"Thriller,Crime,Horror",en,22.249,7/1/2014,6.2,1729
47533,Scooby-Doo! Curse of the Lake Monster,"Mystery,Fantasy,Comedy,Adventure",en,36.925,10/15/2010,6.2,414
19457,The Yards,"Crime,Drama",en,8.45,10/20/2000,6.2,337
15276,Barely Legal,Comedy,en,13.816,10/21/2005,6.2,228
13927,Tin Toy,"Animation,Family",en,6.774,8/1/1988,6.2,351
11186,Child's Play 2,"Horror,Thriller",en,55.063,11/9/1990,6.2,1390
11164,D2: The Mighty Ducks,"Comedy,Action,Family,Drama",en,11.466,3/25/1994,6.2,476
10294,Vacancy,"Horror,Thriller",en,35.838,4/20/2007,6.2,1129
9369,Asterix Conquers America,"Family,Animation,Adventure,Comedy",fr,12.497,9/28/1994,6.2,482
2770,American Pie 2,"Comedy,Romance",en,57.824,8/10/2001,6.2,4175
9378,Thir13en Ghosts,"Horror,Thriller",en,58.396,10/26/2001,6.2,1657
507143,Candy Jar,Comedy,en,7.743,4/27/2018,6.2,446
146721,Carne,Drama,es,9.285,10/24/1968,6.2,226
58151,Fright Night,"Horror,Comedy",en,16.893,8/18/2011,6.2,1588
50619,The Twilight Saga: Breaking Dawn - Part 1,"Adventure,Fantasy,Romance",en,123.219,11/16/2011,6.2,7632
27578,The Expendables,"Thriller,Adventure,Action",en,95.763,8/3/2010,6.2,6592
11896,Throw Momma From the Train,"Comedy,Crime",en,11.866,12/11/1987,6.2,430
11587,The Exorcist III,"Horror,Mystery",en,39.51,8/17/1990,6.2,519
9986,Charlotte's Web,"Comedy,Family,Fantasy",en,27.978,12/7/2006,6.2,1175
549514,Fatale,Thriller,en,11.421,12/18/2020,6.2,226
457435,Return of the Hero,"History,Comedy",fr,5.516,2/14/2018,6.2,445
209262,Parkland,"History,Drama",en,6.201,10/2/2013,6.2,301
113148,Prince Avalanche,"Comedy,Drama",en,6.343,2/13/2013,6.2,226
49494,The Eagle,"Adventure,Drama",en,16.204,2/8/2011,6.2,1097
11824,Teen Wolf,"Comedy,Fantasy,Romance",en,35.726,8/23/1985,6.2,883
641501,How I Became a Superhero,"Science Fiction,Adventure,Action,Comedy,Thriller",fr,111.574,11/19/2020,6.2,382
487297,What Men Want,"Comedy,Romance",en,28.862,2/8/2019,6.2,1132
437036,The Motive,Drama,es,5.471,11/17/2017,6.2,227
157825,White Bird in a Blizzard,"Thriller,Drama",en,7.136,8/14/2014,6.2,642
12154,3 Men and a Baby,"Family,Comedy",en,10.289,11/27/1987,6.2,817
8273,American Wedding,"Comedy,Romance",en,48.533,8/1/2003,6.2,3472
282296,My Old Lady,"Romance,Comedy,Drama",en,7.966,9/9/2014,6.2,223
26320,Taking Woodstock,"Music,Comedy,Drama",en,11.983,8/26/2009,6.2,348
9039,Trapped,"Action,Crime,Thriller",en,11.641,9/20/2002,6.2,458
2662,House of 1000 Corpses,Horror,en,17.864,4/11/2003,6.2,1249
80585,Rock of Ages,"Comedy,Drama,Music,Romance",en,13.118,6/13/2012,6.2,1066
14207,The Librarian: Quest for the Spear,"Adventure,Action,Fantasy",en,15.374,7/12/2004,6.2,524
9080,Spies Like Us,"Comedy,Adventure",en,9.19,12/6/1985,6.2,488
8656,Deep Impact,"Action,Drama,Science Fiction",en,23.552,5/8/1998,6.2,2439
2332,Taxi 2,"Action,Comedy",fr,19.61,3/25/2000,6.2,1418
1634,Free Willy,"Family,Adventure,Drama",en,40.584,7/16/1993,6.2,1483
571495,The Ruthless,"Crime,Drama",it,8.613,4/8/2019,6.2,351
218778,"Alexander and the Terrible, Horrible, No Good, Very Bad Day","Family,Comedy",en,15.596,10/8/2014,6.2,1152
153738,Frankenstein's Army,"Action,Horror",en,8.303,1/24/2013,6.2,201
36419,After.Life,"Drama,Horror,Mystery,Thriller",en,18.239,11/7/2009,6.2,880
11017,Billy Madison,Comedy,en,16.317,2/10/1995,6.2,1306
9355,Mad Max Beyond Thunderdome,"Action,Adventure,Science Fiction",en,27.276,6/29/1985,6.2,2243
615677,We Can Be Heroes,"Action,Fantasy,Family,Comedy",en,78.582,12/25/2020,6.2,614
399796,Life of the Party,Comedy,en,19.644,5/10/2018,6.2,873
52505,The Other Woman,Drama,en,11.134,10/28/2010,6.2,318
23759,Centurion,"Adventure,Action,Drama",en,11.052,2/15/2010,6.2,1144
10225,Friday the 13th Part VI: Jason Lives,"Horror,Mystery,Thriller",en,37.897,8/1/1986,6.2,875
9358,Final Destination 2,"Horror,Mystery",en,72.522,1/31/2003,6.2,3248
721625,Songbird,"Thriller,Romance,Drama,Mystery",en,19.648,12/10/2020,6.2,549
14373,Death Wish II,Action,en,14.419,2/20/1982,6.2,338
2082,Halloween,Horror,en,43.172,8/31/2007,6.2,1825
17466,Death Warrant,"Action,Crime,Thriller",en,16.033,9/14/1990,6.2,426
11702,The Replacement Killers,"Action,Drama,Crime,Thriller,Mystery",en,12.513,2/6/1998,6.2,386
514619,Nobody's Fool,"Comedy,Romance",en,9.495,10/31/2018,6.2,253
264999,Magic Mike XXL,"Comedy,Drama",en,18.791,7/1/2015,6.2,1541
49040,The Bourne Legacy,"Action,Thriller",en,37.41,8/8/2012,6.2,4953
659067,Earth and Blood,"Action,Thriller",fr,13.421,4/17/2020,6.2,265
43930,"Tomorrow, When the War Began","Action,Adventure,Drama",en,11.938,8/8/2010,6.2,427
11431,Fever Pitch,"Comedy,Drama,Romance",en,9.849,4/6/2005,6.2,564
11025,New York Minute,Comedy,en,10.272,5/7/2004,6.2,764
10982,Hoodwinked!,"Animation,Comedy,Family,Crime",en,21.305,12/16/2005,6.2,1475
31359,Would I Lie to You? 2,Comedy,fr,4.741,2/7/2001,6.2,325
88794,J. Edgar,"Drama,Crime,History",en,11.272,11/9/2011,6.2,2072
12707,Orca,"Adventure,Horror",en,16.775,7/22/1977,6.2,308
767304,Redemption Day,Action,en,106.096,1/8/2021,6.2,212
272548,Moonwalkers,Comedy,en,9.491,3/14/2015,6.2,312
181533,Night at the Museum: Secret of the Tomb,"Adventure,Comedy,Fantasy,Family",en,42.346,12/17/2014,6.2,5077
12262,The Hills Have Eyes,"Horror,Thriller",en,13.312,7/22/1977,6.2,671
466876,Gnome Alone,"Family,Adventure,Animation,Comedy,Fantasy",en,11.281,11/2/2017,6.2,205
425505,Kin,"Science Fiction,Action",en,18.965,8/29/2018,6.2,685
195589,Neighbors,Comedy,en,34.268,5/8/2014,6.2,6189
153518,The Angry Birds Movie,"Animation,Adventure,Comedy",en,48.184,5/11/2016,6.2,3059
23082,The Invention of Lying,"Comedy,Fantasy,Romance",en,10.638,9/13/2009,6.2,1674
440918,Teen Spirit,"Music,Drama",en,10.321,4/12/2019,6.2,261
84194,Excision,"Drama,Horror",en,9.727,9/12/2012,6.2,442
74725,Kill List,"Horror,Thriller,Crime",en,10.74,9/2/2011,6.2,585
24452,The Little Shop of Horrors,"Horror,Comedy,Science Fiction",en,7.753,8/5/1960,6.2,288
9620,Paycheck,"Action,Adventure,Mystery,Science Fiction,Thriller",en,11.717,12/25/2003,6.2,1482
9280,Femme Fatale,"Thriller,Crime,Romance",en,15.888,4/30/2002,6.2,457
7459,Speed Racer,"Family,Action,Adventure,Comedy",en,24.979,5/7/2008,6.2,1234
426814,The Domestics,"Thriller,Horror",en,13.379,6/28/2018,6.2,353
408648,Batman and Harley Quinn,"Adventure,Action,Animation,Science Fiction",en,22.614,8/14/2017,6.2,492
367147,Buster's Mal Heart,"Mystery,Drama",en,7.2,4/28/2017,6.2,239
340481,The Unknown Girl,"Thriller,Drama,Crime",fr,5.307,10/5/2016,6.2,319
221667,Saint Laurent,Drama,fr,7.235,9/23/2014,6.2,246
177221,The Battery,"Drama,Horror",en,8.593,10/13/2012,6.2,208
60803,The Suite Life Movie,"Adventure,Comedy,Family",en,9.536,3/25/2011,6.2,457
46523,New Kids Turbo,"Action,Comedy",nl,5.927,12/9/2010,6.2,210
4959,The International,"Action,Thriller,Drama,Crime",en,11.693,2/3/2009,6.2,980
598133,The F**k-It List,Comedy,en,9.505,7/1/2020,6.2,399
11557,St. Elmo's Fire,"Drama,Romance,Comedy",en,11.599,6/28/1985,6.2,412
11041,The Beverly Hillbillies,Comedy,en,26.897,10/15/1993,6.2,435
9457,Deep Rising,"Adventure,Action,Horror,Science Fiction",en,14.14,1/30/1998,6.2,529
1492,1492: Conquest of Paradise,"Action,Adventure,Drama,History",en,13.055,10/9/1992,6.2,644
485894,Naples in Veils,Thriller,it,6.23,12/28/2017,6.2,406
157829,The Disappearance of Eleanor Rigby: Them,Drama,en,6.053,5/14/2014,6.2,246
87826,Here Comes the Boom,"Comedy,Action",en,16.074,10/11/2012,6.2,1225
60935,The Thing,"Horror,Science Fiction,Mystery,Thriller",en,27.194,10/12/2011,6.2,2343
12778,Greedy,Comedy,en,10.418,3/4/1994,6.2,204
11418,National Lampoon's European Vacation,"Adventure,Comedy,Romance",en,17.307,7/25/1985,6.2,671
11355,Never Been Kissed,"Romance,Comedy,Drama",en,14.888,4/9/1999,6.2,1248
589761,Chernobyl: Abyss,"Drama,History,Adventure",ru,247.815,4/15/2021,6.2,380
60047,Fuochi d'artificio,"Comedy,Romance",it,4.5,10/10/1997,6.2,204
20694,Rugrats Go Wild,"Animation,Family,Adventure,Comedy",en,15.928,6/13/2003,6.2,249
9066,The Brady Bunch Movie,"Family,Comedy",en,7.496,2/16/1995,6.2,224
7552,Fun with Dick and Jane,Comedy,en,12.34,12/21/2005,6.2,1991
2135,The Time Machine,"Science Fiction,Adventure,Action",en,25.836,3/4/2002,6.2,1836
2086,Nick of Time,"Thriller,Crime,Action",en,8.268,11/22/1995,6.2,564
411143,Tau,"Science Fiction,Thriller,Horror",en,15.742,6/29/2018,6.2,1027
19164,The Land Before Time IV: Journey Through the Mists,"Animation,Adventure,Family",en,10.887,12/10/1996,6.2,281
9822,Mighty Joe Young,"Adventure,Family,Action,Fantasy",en,12.112,12/25/1998,6.2,673
2114,Final Fantasy: The Spirits Within,"Adventure,Action,Fantasy,Science Fiction,Thriller,Romance,Animation",en,14.877,7/2/2001,6.2,1208
157820,Mood Indigo,"Drama,Fantasy",fr,9.905,1/10/2013,6.2,518
15512,Monsters vs Aliens,"Animation,Family,Adventure,Science Fiction",en,36.655,3/19/2009,6.2,3880
12100,Windtalkers,"War,Drama,Action,History",en,15.358,6/14/2002,6.2,1006
9460,Black Mask,Action,cn,14.412,11/7/1996,6.2,220
531509,Otherhood,Comedy,en,8.462,8/13/2019,6.2,392
195544,Crazy Me,Comedy,it,4.213,1/24/2013,6.2,219
70821,Cyberbully,Drama,en,8.12,7/16/2011,6.2,428
37710,The Tourist,"Action,Thriller,Romance",en,53.669,12/8/2010,6.2,4746
9621,Elizabethtown,"Comedy,Drama,Romance",en,9.798,10/14/2005,6.2,925
1844,Entrapment,"Romance,Drama,Mystery",en,29.535,4/29/1999,6.2,1627
391714,On Chesil Beach,"Drama,Romance",en,9.14,1/19/2018,6.2,303
324807,A Bigger Splash,"Crime,Drama,Mystery,Thriller",en,11.405,11/26/2015,6.2,616
228967,The Interview,"Action,Comedy",en,31.818,12/25/2014,6.2,4949
29095,Waxwork,"Horror,Comedy",en,12.373,6/17/1988,6.2,210
11285,Cocoon: The Return,"Comedy,Science Fiction",en,8.833,9/13/1988,6.2,548
763788,Dangerous,"Action,Thriller",en,108.4,11/5/2021,6.2,292
738652,Copshop,"Thriller,Crime,Action",en,25.046,9/9/2021,6.2,439
492353,Put Grandma in the Freezer,Comedy,it,9.368,3/15/2018,6.2,625
347375,Mile 22,"Action,Thriller",en,28.159,8/16/2018,6.2,1845
293768,Kidnap,"Drama,Thriller",en,29.23,6/16/2017,6.2,1126
227159,Horrible Bosses 2,Comedy,en,34.514,11/26/2014,6.2,3613
192132,Palo Alto,Drama,en,12.83,12/29/2013,6.2,749
22327,Youth in Revolt,"Comedy,Romance",en,10.084,9/11/2009,6.2,748
18781,The Haunting in Connecticut,"Thriller,Horror",en,19.639,3/27/2009,6.2,919
338676,Extinction,"Drama,Horror,Science Fiction",en,14.183,8/7/2015,6.2,548
199928,The Outsider,"Crime,Drama,Mystery",en,8.301,3/9/2018,6.2,492
59570,Escort in Love,Comedy,it,5.694,3/18/2011,6.2,538
37834,Knight and Day,"Action,Comedy",en,59.429,6/15/2010,6.2,3792
36968,Life-Size,"TV Movie,Family,Comedy,Fantasy",en,13.523,3/5/2000,6.2,329
2085,Romeo Must Die,"Action,Crime,Thriller",en,21.263,3/22/2000,6.2,942
593395,Diabolik,"Crime,Action",it,11.936,12/16/2021,6.2,402
13926,Red's Dream,"Animation,Family",en,6.259,8/17/1987,6.2,247
13313,Beauty and the Beast: The Enchanted Christmas,"Animation,Family,Fantasy",en,24.51,11/11/1997,6.2,828
1809,The Rules of Attraction,"Drama,Romance,Comedy",en,11.697,10/11/2002,6.2,443
333354,Extortion,"Action,Adventure,Crime,Drama,Thriller",en,28.301,1/2/2017,6.2,225
1727,Bird on a Wire,"Action,Adventure,Comedy,Romance",en,13.144,5/18/1990,6.2,726
589984,A Very Bad Friend,Comedy,fr,7.169,9/4/2019,6.2,229
419831,I Kill Giants,"Fantasy,Drama",en,21.493,1/21/2018,6.2,1019
11917,Saw V,"Horror,Thriller,Crime",en,45.682,10/23/2008,6.2,2753
10498,Point of No Return,"Crime,Thriller,Action",en,8.645,3/19/1993,6.2,528
10033,Just Friends,"Comedy,Romance",en,14.682,11/23/2005,6.2,1334
9598,Babe,"Fantasy,Drama,Comedy,Family",en,27.136,7/18/1995,6.2,2427
831946,Interceptor,"Action,Thriller,Adventure",en,419.751,5/26/2022,6.2,419
400106,Bright,"Fantasy,Action,Thriller",en,26.702,12/22/2017,6.2,4941
309886,Blood Father,"Action,Thriller,Drama",en,13.506,8/11/2016,6.2,1290
218784,Freaks of Nature,"Science Fiction,Comedy,Horror",en,10.261,10/30/2015,6.2,450
24873,Death Wish 3,Action,en,14.132,11/1/1985,6.2,299
10425,The Death and Life of Bobby Z,"Drama,Action,Thriller,Crime",en,8.562,7/23/2007,6.2,302
8141,You Kill Me,"Comedy,Crime,Thriller,Romance",en,7.524,2/9/2007,6.2,216
8090,Untraceable,"Mystery,Thriller",en,12.347,1/22/2008,6.2,696
454293,Night School,Comedy,en,20.375,9/27/2018,6.2,1437
319341,Daddy or Mommy,Comedy,fr,10.706,2/4/2015,6.2,937
18615,Fur: An Imaginary Portrait of Diane Arbus,"Drama,History",en,10.37,8/30/2006,6.2,235
16084,Freaky Friday,"Fantasy,Comedy,Family",en,9.511,12/17/1976,6.2,200
460846,Security,"Action,Thriller,Crime",en,31.419,3/4/2017,6.2,639
429351,12 Strong,"War,Drama,Action,History",en,67.199,1/16/2018,6.2,2363
14208,The Librarian: Return to King Solomon's Mines,"Fantasy,Action,Adventure",en,9.442,9/9/2006,6.2,460
8818,Evita,"History,Drama,Music",en,13.033,12/14/1996,6.2,378
2577,Code 46,"Drama,Science Fiction,Thriller",en,9.883,9/2/2003,6.2,282
382593,Divorce French Style,Comedy,fr,7.783,12/7/2016,6.2,538
278774,Zapped,"TV Movie,Comedy,Family",en,11.058,6/27/2014,6.2,526
77950,Turbo,"Animation,Family",en,32.711,7/11/2013,6.2,2726
41479,The Joneses,"Comedy,Drama",en,11.369,4/16/2010,6.2,490
14008,Cadet Kelly,"Family,TV Movie,Comedy",en,9.89,3/7/2002,6.2,504
11683,Land of the Dead,"Horror,Thriller,Drama",en,21.834,6/18/2005,6.2,1246
582596,The Wrong Missy,"Comedy,Romance",en,24.571,5/13/2020,6.2,947
355547,The Star,"Comedy,Adventure,Family,Fantasy,Animation",en,15.515,11/15/2017,6.2,428
136418,Hummingbird,"Action,Thriller",en,55.175,5/7/2013,6.2,1399
87496,The Company You Keep,"Drama,Thriller",en,7.433,9/6/2012,6.2,575
46529,I Am Number Four,"Action,Thriller,Science Fiction,Adventure",en,56.332,2/18/2011,6.2,4044
12145,Fierce Creatures,"Comedy,Romance",en,6.989,1/23/1997,6.2,270
9061,Just Cause,"Action,Drama,Mystery,Thriller",en,10.471,2/17/1995,6.2,395
643586,Willy's Wonderland,"Action,Horror,Comedy",en,69.675,2/12/2021,6.2,560
14709,Varsity Blues,"Comedy,Drama,Romance",en,7.908,1/15/1999,6.2,329
10207,Message in a Bottle,"Romance,Drama",en,10.423,2/22/1999,6.2,653
14170,Funny Farm,Comedy,en,9.064,6/3/1988,6.2,203
11931,In Her Shoes,"Comedy,Drama,Romance",en,9.614,10/7/2005,6.2,1034
11234,The Omega Man,"Science Fiction,Action,Drama,Thriller",en,7.412,8/1/1971,6.2,419
537847,La profezia dell'armadillo,"Comedy,Drama",it,6.347,9/13/2018,6.2,227
178915,Welcome Mr. President!,Comedy,it,5.098,3/21/2013,6.2,601
82532,"Jeff, Who Lives at Home","Drama,Comedy",en,9.262,9/13/2011,6.2,506
24099,Dreamscape,"Adventure,Science Fiction,Horror",en,9.691,8/15/1984,6.2,205
14177,Beauty Shop,"Comedy,Romance",en,10.231,4/22/2005,6.2,400
530382,In the Shadow of the Moon,"Science Fiction,Thriller",en,24.517,9/27/2019,6.2,1103
9285,Road Trip,"Comedy,Adventure",en,17.301,5/19/2000,6.2,1546
516700,Gundala,"Action,Fantasy",id,5.169,8/29/2019,6.2,220
433356,The Ottoman Lieutenant,"Romance,Drama,War",en,12.692,3/10/2017,6.2,209
38543,Ironclad,"Romance,Adventure,Action,History",en,9.943,3/3/2011,6.2,599
9398,Zoolander,Comedy,en,13.746,9/28/2001,6.2,3571
452015,Psychokinesis,"Fantasy,Action",ko,22.643,1/31/2018,6.2,239
428078,Mortal Engines,"Adventure,Science Fiction",en,33.25,11/27/2018,6.2,3873
209247,The Art of the Steal,"Comedy,Crime",en,17.746,9/20/2013,6.2,453
152748,Ain't Them Bodies Saints,"Crime,Drama,Romance",en,7.097,7/3/2013,6.2,357
10589,After the Sunset,"Action,Comedy,Crime,Drama",en,29.159,11/12/2004,6.2,603
1956,Gerry,"Mystery,Drama,Adventure",en,6.959,9/20/2002,6.2,226
593402,Tolo Tolo,"Comedy,Drama,Family",it,5.9,1/1/2020,6.2,1086
158990,Wrong Cops,"Comedy,Crime,Mystery",en,6.347,12/18/2013,6.2,225
13973,Choke,"Comedy,Drama",en,8.712,9/26/2008,6.2,314
5689,The Blue Lagoon,"Romance,Adventure",en,39.657,7/5/1980,6.2,1476
11353,Bowfinger,Comedy,en,11.265,8/12/1999,6.2,678
9694,One Missed Call,"Horror,Thriller",ja,14.328,11/3/2003,6.2,317
15417,Every Which Way but Loose,"Action,Comedy,Adventure,Romance,Drama",en,16.835,12/16/1978,6.2,356
14240,Maniac Cop,"Action,Crime,Horror,Mystery",en,9.216,5/13/1988,6.2,328
13969,First Daughter,"Comedy,Drama,Family,Romance",en,12.2,9/24/2004,6.2,717
13532,Fanboys,"Adventure,Comedy",en,11.619,2/6/2009,6.2,674
11665,Get Smart,"Action,Comedy,Thriller",en,17.363,6/19/2008,6.2,3005
532671,The Prodigy,"Horror,Thriller",en,17.213,2/6/2019,6.2,831
284296,Top Five,"Drama,Comedy",en,11.323,12/12/2014,6.2,395
93837,So Undercover,"Action,Comedy",en,34.55,12/6/2012,6.2,1017
7342,Carrie,"Drama,Horror,TV Movie",en,66.79,11/4/2002,6.2,372
583029,Ordinary Happiness,"Comedy,Fantasy",it,8.227,3/14/2019,6.2,237
575417,On the Rocks,"Drama,Comedy",en,11.697,10/2/2020,6.2,454
457262,Rip Tide,"Family,Drama",en,11.967,10/3/2017,6.2,424
85872,Le Chef,Comedy,fr,17.235,3/7/2012,6.2,479
61717,Wendy Wu: Homecoming Warrior,"Family,Action,Adventure,TV Movie",en,12.704,6/16/2006,6.2,362
34806,The Back-Up Plan,"Comedy,Romance",en,18.232,4/23/2010,6.2,1230
13474,P2,"Horror,Thriller",en,42.975,11/9/2007,6.2,656
9889,Shallow Hal,"Comedy,Romance",en,23.906,11/1/2001,6.2,2442
9804,Waterworld,"Adventure,Action,Science Fiction",en,24.568,7/28/1995,6.2,2979
9604,Red Heat,"Action,Crime",en,19.496,6/17/1988,6.2,1146
9545,Sniper,"Action,Drama,Thriller",en,14.764,1/29/1993,6.2,310
663,Saw IV,"Horror,Thriller,Crime",en,53.275,10/25/2007,6.2,2974
182127,Ip Man: The Final Fight,"Action,Drama",cn,2.08,3/22/2013,6.2,325
157851,Maps to the Stars,Drama,en,8.144,5/21/2014,6.2,919
10945,Jumpin' Jack Flash,"Romance,Comedy,Thriller",en,8.521,4/23/1986,6.2,274
9293,John Tucker Must Die,"Comedy,Romance",en,13.689,7/27/2006,6.2,1187
707,A View to a Kill,"Adventure,Action,Thriller",en,26.152,5/24/1985,6.2,1518
387592,Early Man,"Family,Comedy,Animation,Adventure",en,17.411,1/26/2018,6.2,657
242022,The Inbetweeners 2,Comedy,en,10.057,8/6/2014,6.2,407
59968,Our Idiot Brother,"Comedy,Drama",en,9.074,8/26/2011,6.2,781
14819,Heavyweights,"Family,Comedy,Drama",en,10.676,2/17/1995,6.2,301
10606,The Philadelphia Experiment,"Science Fiction,Adventure,Thriller",en,12.639,8/3/1984,6.2,287
17494,Unlawful Entry,"Crime,Mystery,Thriller",en,13.919,6/26/1992,6.1,215
11823,Wimbledon,"Comedy,Romance",en,11.556,9/13/2004,6.1,827
10407,Housesitter,"Comedy,Romance",en,16.846,6/12/1992,6.1,345
75638,Red Lights,Thriller,en,23.083,3/2/2012,6.1,1001
9573,Blood Work,"Crime,Thriller,Action",en,11.931,8/9/2002,6.1,625
8978,Assault on Precinct 13,"Action,Crime,Thriller,Drama",en,14.532,1/19/2005,6.2,855
516632,The Empty Man,"Horror,Mystery,Thriller",en,58.954,10/22/2020,6.1,455
341006,The Belko Experiment,"Thriller,Horror,Action",en,17.639,3/17/2016,6.1,1164
227300,Stretch,"Action,Comedy,Thriller",en,13.56,10/14/2014,6.1,537
55846,Blitz,"Crime,Action,Thriller",en,68.225,5/20/2011,6.1,1336
9619,Dante's Peak,"Action,Adventure,Drama,Thriller",en,19.53,2/7/1997,6.1,1480
4722,Body Snatchers,"Horror,Science Fiction,Thriller",en,8.648,6/9/1993,6.1,300
369300,The Limehouse Golem,"Horror,Mystery,Thriller",en,12.528,10/18/2016,6.1,527
218836,Planes: Fire & Rescue,"Animation,Comedy,Adventure,Family",en,29.824,7/17/2014,6.1,686
64686,47 Ronin,"Drama,Action,Fantasy",en,24.266,12/6/2013,6.1,3228
28794,The House by the Cemetery,Horror,it,10.349,8/14/1981,6.1,286
14061,The Edge of Love,"Drama,History,Romance",en,7.961,6/20/2008,6.1,301
11137,The Prince & Me,"Comedy,Romance",en,10.256,3/28/2004,6.1,856
1852,World Trade Center,"Drama,History,Thriller",en,14.329,8/9/2006,6.1,1390
267860,London Has Fallen,"Action,Thriller",en,49.477,3/2/2016,6.1,4023
225565,That Awkward Moment,"Comedy,Romance",en,23.552,1/29/2014,6.1,2381
38356,Transformers: Dark of the Moon,"Action,Science Fiction,Adventure",en,28.55,6/28/2011,6.1,7045
22728,L'amore è eterno finché dura,Comedy,it,5.652,2/20/2004,6.1,224
13811,Knowing,"Action,Mystery,Science Fiction,Thriller",en,165.037,3/19/2009,6.1,4435
7942,"Run, Fatboy, Run","Comedy,Romance",en,10.083,9/6/2007,6.1,543
668195,Ultras,Drama,it,6.869,3/9/2020,6.1,375
16873,Battle for Terra,"Action,Adventure,Animation,Science Fiction",en,7.962,9/6/2007,6.1,225
127867,The Brass Teapot,"Comedy,Fantasy,Thriller",en,12.148,9/8/2012,6.1,406
80271,LOL,"Drama,Comedy,Romance",en,14.836,2/10/2012,6.1,2448
7007,Rising Sun,"Action,Drama,Thriller",en,11.038,7/30/1993,6.1,590
2637,The Mothman Prophecies,"Drama,Horror,Mystery",en,15.653,1/25/2002,6.1,885
399790,Churchill,"Drama,History",en,13.62,5/25/2017,6.1,260
20187,The Eiger Sanction,"Action,Adventure,Drama",en,8.18,5/21/1975,6.1,282
14444,The Rugrats Movie,"Family,Animation,Comedy,Adventure",en,39.341,11/20/1998,6.1,472
13190,Dead Space: Downfall,"Animation,Horror,Science Fiction,Thriller",en,22.912,10/27/2008,6.1,264
11123,Earthquake,"Action,Drama,Thriller",en,9.042,1/1/1974,6.1,253
6278,Reign of Fire,"Adventure,Action,Fantasy",en,17.673,7/12/2002,6.1,1824
698,Moonraker,"Action,Adventure,Thriller,Science Fiction",en,20.914,6/26/1979,6.1,1540
611605,1BR,"Thriller,Drama,Horror",en,17.535,7/18/2019,6.1,296
77930,Magic Mike,"Drama,Comedy",en,22.681,6/28/2012,6.1,2560
10170,The Russia House,"Drama,Thriller,Romance",en,10.164,12/21/1990,6.1,217
8592,Dick Tracy,"Adventure,Comedy,Crime",en,10.843,4/5/1990,6.1,757
296065,Last Shift,"Horror,Thriller",en,13.168,10/25/2014,6.1,419
69798,The Inbetweeners Movie,Comedy,en,9.167,8/19/2011,6.1,753
59962,This Means War,"Action,Comedy,Romance",en,15.635,2/14/2012,6.1,2948
19165,The Land Before Time V: The Mysterious Island,"Animation,Family,Adventure",en,10.581,9/12/1997,6.1,271
13570,Tourist Trap,Horror,en,8.466,3/16/1979,6.1,214
10632,The Hunted,"Drama,Action,Thriller,Crime",en,13.176,3/11/2003,6.1,592
5971,We're No Angels,"Comedy,Crime",en,6.544,6/2/1989,6.1,389
178,Blown Away,"Thriller,Action,Crime,Drama",en,13.429,7/1/1994,6.1,415
509585,7500,"Action,Drama,Thriller",en,20.067,12/26/2019,6.1,624
500922,A Score to Settle,"Action,Thriller,Drama",en,24.901,8/1/2019,6.1,390
464737,The End?,Horror,it,8.802,8/14/2017,6.1,337
438396,Unknown Origins,"Drama,Thriller",es,8.731,8/28/2020,6.1,334
76493,The Dictator,Comedy,en,23.526,5/15/2012,6.1,4891
8675,Orgazmo,Comedy,en,9.981,9/6/1997,6.1,326
390061,Mark Felt: The Man Who Brought Down the White House,"Drama,History,Thriller",en,13.563,9/28/2017,6.1,419
283601,Galveston,Thriller,en,11.942,10/10/2018,6.1,412
35552,The Extraordinary Adventures of Adèle Blanc-Sec,"Fantasy,Adventure,Action,Mystery",fr,23.066,4/9/2010,6.1,1087
31578,Body Bags,"TV Movie,Horror,Comedy,Science Fiction",en,7.316,8/7/1993,6.1,236
7484,Open Season,"Animation,Family,Adventure,Comedy",en,21.519,9/29/2006,6.1,2244
506072,Prospect,Science Fiction,en,11.434,10/2/2018,6.1,588
421658,Final Score,Action,en,17.137,9/7/2018,6.1,413
51588,Prom,"Comedy,Romance",en,10.014,4/29/2011,6.1,400
12593,Fritz the Cat,"Animation,Comedy,Drama",en,12.79,4/12/1972,6.1,243
9899,The Producers,Comedy,en,9.242,12/25/2005,6.1,383
8373,Transformers: Revenge of the Fallen,"Science Fiction,Action,Adventure",en,37.7,6/19/2009,6.1,7182
749274,Cry Macho,"Drama,Western",en,22.585,9/16/2021,6.1,654
339792,David Brent: Life on the Road,"Comedy,Music",en,7.588,8/19/2016,6.1,293
42442,Christmas Holidays,Comedy,it,4.083,12/22/1983,6.1,219
23629,Sucker Punch,"Action,Fantasy,Thriller",en,62.552,3/24/2011,6.1,4030
20701,Tales from the Darkside: The Movie,"Thriller,Comedy,Fantasy,Horror",en,8.607,5/3/1990,6.1,277
9725,Friday the 13th Part 2,"Horror,Thriller",en,41.047,5/1/1981,6.1,1247
1370,Rambo III,"Action,Adventure,Thriller,War",en,41.612,5/24/1988,6.1,2498
826749,Fortress,"Crime,Action,Thriller",en,104.367,12/17/2021,6.1,238
98567,Chinese Zodiac,"Action,Adventure",cn,35.836,12/20/2012,6.1,659
6038,Shanghai Knights,"Action,Adventure,Comedy,Western",en,18.663,2/6/2003,6.1,1889
1613,The 51st State,"Thriller,Action,Comedy,Crime",en,8.593,12/7/2001,6.1,466
141052,Justice League,"Action,Adventure,Science Fiction",en,111.24,11/15/2017,6.1,11453
109443,Anchorman 2: The Legend Continues,Comedy,en,16.994,12/18/2013,6.1,2141
85373,StreetDance 2,"Music,Romance,Drama",en,10.823,3/30/2012,6.1,334
51191,Guardian Angels,"Comedy,Crime",fr,7.978,10/11/1995,6.1,206
17182,Eye for an Eye,"Thriller,Crime",en,9.235,1/12/1996,6.1,271
13673,Christmas with the Kranks,"Comedy,Family",en,14.1,11/24/2004,6.1,877
8916,Antz,"Adventure,Animation,Comedy,Family",en,31.483,10/2/1998,6.1,3817
6076,Rabbit Without Ears,"Drama,Comedy,Romance",de,7.048,12/1/2007,6.1,305
4997,Wonderland,Crime,en,8.975,10/23/2003,6.1,200
565028,Candyman,Horror,en,72.763,8/25/2021,6.1,1031
152792,Devil's Knot,"Crime,Drama,Thriller",en,10.638,5/9/2013,6.1,555
69668,Dream House,"Drama,Thriller,Mystery",en,12.368,9/29/2011,6.1,1174
13387,Transporter 3,"Action,Adventure,Thriller,Crime",en,32.252,11/26/2008,6.1,2791
11892,Murder by Numbers,"Crime,Drama,Thriller",en,11.119,4/19/2002,6.1,813
10562,Under Suspicion,"Thriller,Crime,Drama",en,9.455,9/24/2000,6.1,368
8247,Jumper,"Action,Adventure,Science Fiction",en,24.323,2/13/2008,6.1,4873
461928,Anna and the Apocalypse,"Horror,Comedy,Fantasy",en,16.755,11/30/2018,6.1,271
173897,Resident Evil: The Final Chapter,"Action,Horror,Science Fiction",en,3.287,12/23/2016,6.1,2598
111190,Adore,Drama,en,14.712,4/3/2013,6.1,826
1688,Conquest of the Planet of the Apes,"Action,Science Fiction",en,12.667,6/29/1972,6.1,696
808023,The Virtuoso,"Thriller,Crime",en,52.952,4/30/2021,6.1,265
45658,Everything Must Go,"Comedy,Drama,Romance",en,5.95,5/13/2011,6.1,471
12412,Miracle at St. Anna,"Drama,War",en,8.584,9/15/2008,6.1,301
10972,Session 9,"Horror,Mystery",en,12.891,8/10/2001,6.1,727
9641,Cheaper by the Dozen 2,"Comedy,Family,Adventure",en,21.19,12/21/2005,6.1,1736
4477,The Devil's Own,"Crime,Thriller,Drama",en,9.237,3/13/1997,6.1,946
70577,Faces in the Crowd,"Thriller,Crime",en,8.844,10/25/2011,6.1,402
13455,Push,"Science Fiction,Action",en,14.59,2/4/2009,6.1,1920
11707,Tightrope,"Mystery,Thriller,Crime",en,9.488,8/17/1984,6.1,256
10468,28 Days,"Comedy,Drama",en,7.194,4/6/2000,6.1,787
9836,Happy Feet,"Animation,Comedy,Family",en,83.765,11/16/2006,6.1,4306
451955,Double Lover,"Romance,Thriller,Drama",fr,10.217,5/26/2017,6.1,441
296360,Love & Friendship,"Drama,Romance",en,10.505,5/26/2016,6.1,449
574861,No Filter,Comedy,fr,8.443,4/3/2019,6.1,264
16342,The Children,"Horror,Mystery,Thriller",en,6.884,12/5/2008,6.1,295
706510,Desperados,"Comedy,Romance",en,6.489,7/1/2020,6.1,422
613080,Once Upon a Time in Bethlehem,"Comedy,Fantasy",it,5.703,12/12/2019,6.1,402
451184,Wasp Network,"Drama,History,Thriller",en,10.572,1/29/2020,6.1,282
10013,Peggy Sue Got Married,"Comedy,Drama,Fantasy",en,8.368,10/10/1986,6.1,419
4965,Impostor,"Action,Science Fiction,Thriller",en,11.378,12/3/2001,6.1,329
198287,After the Dark,"Drama,Fantasy,Science Fiction,Thriller",en,8.863,7/6/2013,6.1,588
77944,The Worst Week of My Life,Comedy,it,4.624,10/27/2011,6.1,407
58431,Pride and Prejudice and Zombies,"Romance,Horror,Comedy,Thriller",en,33.558,2/4/2016,6.1,1898
302156,Criminal,"Action,Crime,Science Fiction",en,34.261,4/7/2016,6.1,1446
286565,Paper Towns,"Mystery,Drama,Romance",en,27.215,6/18/2015,6.1,4719
121936,Happiness Never Comes Alone,"Comedy,Romance",fr,7.044,6/27/2012,6.1,386
102362,Dead Man Down,"Thriller,Action,Crime,Drama",en,15.745,3/8/2013,6.1,1240
11286,The Cannonball Run,"Action,Comedy",en,11.042,6/19/1981,6.1,482
296,Terminator 3: Rise of the Machines,"Action,Thriller,Science Fiction",en,37.729,7/2/2003,6.1,5501
21845,Rookie of the Year,"Comedy,Family",en,11.408,7/7/1993,6.1,261
9085,Harlem Nights,"Comedy,Crime,Drama",en,8.731,11/17/1989,6.1,240
597890,Voyagers,"Science Fiction,Thriller",en,81.655,4/8/2021,6.1,543
425148,Show Dogs,"Adventure,Crime,Family,Comedy",en,9.936,5/18/2018,6.1,209
301875,Equals,"Drama,Romance,Science Fiction",en,9.678,7/15/2015,6.1,1212
9506,Anger Management,Comedy,en,21.57,4/11/2003,6.1,2554
864873,Hypnotic,"Thriller,Drama,Horror",en,71.857,10/27/2021,6.1,450
460458,Resident Evil: Welcome to Raccoon City,"Horror,Action,Science Fiction",en,450.638,11/24/2021,6.1,1733
115782,Jobs,"Drama,History",en,12.472,8/16/2013,6.1,2147
72545,Journey 2: The Mysterious Island,"Adventure,Action,Science Fiction",en,145.581,1/19/2012,6.1,3587
23830,Last Night,"Drama,Romance",en,10.273,11/5/2010,6.1,643
11323,The Informant!,"Drama,Comedy,Crime",en,8.22,9/17/2009,6.1,712
10796,The One,"Action,Science Fiction,Thriller",en,25.4,11/2/2001,6.1,1259
10665,The Strangers,"Thriller,Horror,Mystery",en,34.903,5/29/2008,6.1,1956
9101,Down Periscope,Comedy,en,10.299,3/1/1996,6.1,331
287903,Krampus,"Horror,Comedy,Fantasy",en,29.09,11/26/2015,6.1,1674
15969,The Return of Jafar,"Family,Adventure,Animation,Romance",en,34.828,5/20/1994,6.1,2626
14013,BASEketball,Comedy,en,11.13,7/28/1998,6.1,441
11860,Sabrina,"Comedy,Romance",en,14.96,12/15/1995,6.1,490
258284,Every Secret Thing,"Thriller,Drama,Crime,Mystery",en,23.89,4/20/2014,6.1,272
12253,Biker Boyz,"Action,Drama",en,14.873,1/31/2003,6.1,273
6963,The Weather Man,"Comedy,Drama",en,10.657,10/20/2005,6.1,785
347126,God's Not Dead 2,Drama,en,45.268,4/1/2016,6.1,327
333667,Rock Dog,"Adventure,Animation,Comedy,Family,Music",en,16.949,7/8/2016,6.1,233
290999,Wyrmwood: Road of the Dead,"Horror,Action,Comedy",en,12.994,9/19/2014,6.1,348
13492,Frontier(s),"Drama,Horror,Action,Thriller",fr,8.047,7/1/2007,6.1,557
8078,Alien Resurrection,"Science Fiction,Horror,Action",en,27.256,11/12/1997,6.1,3887
5516,The Ladykillers,"Comedy,Crime,Thriller",en,12.223,3/25/2004,6.1,1307
381518,Mindhorn,Comedy,en,7.452,10/9/2016,6.1,226
318922,Kill Your Friends,"Comedy,Crime,Thriller",en,9.595,11/6/2015,6.1,273
209355,The French Minister,Comedy,fr,7.195,11/6/2013,6.1,240
91550,Violet & Daisy,"Thriller,Crime,Drama,Action,Comedy",en,6.877,9/15/2011,6.1,213
8988,Stop-Loss,"Drama,War",en,8.743,3/28/2008,6.1,206
8688,Snake Eyes,"Thriller,Crime,Mystery",en,12.926,8/7/1998,6.1,1066
693113,Midnight in the Switchgrass,"Crime,Mystery,Thriller,Action",en,21.057,7/23/2021,6.1,276
326285,American Pastoral,"Crime,Drama",en,11.152,10/20/2016,6.1,584
253235,And So It Goes,"Comedy,Drama,Romance",en,10.739,7/17/2014,6.1,396
84204,Grabbers,"Science Fiction,Comedy,Thriller,Horror,Mystery",en,9.13,8/10/2012,6.1,348
18360,Night at the Museum: Battle of the Smithsonian,"Adventure,Fantasy,Action,Comedy,Family",en,38.673,5/20/2009,6.1,5930
11699,Bad Lieutenant: Port of Call - New Orleans,"Drama,Crime",en,49.694,5/21/2009,6.1,886
10068,Nine 1/2 Weeks,"Drama,Romance",en,20.812,2/9/1986,6.1,752
4599,Raising Helen,"Drama,Comedy,Romance",en,9.712,5/27/2004,6.1,587
708577,Like a Cat on a Highway 2,Comedy,it,5.628,8/14/2021,6.1,273
492355,Just Believe,Comedy,it,4.128,3/29/2018,6.1,280
417644,CHiPS,"Action,Comedy,Crime",en,24.075,1/16/2017,6.1,1069
59457,Womb,"Romance,Science Fiction",en,11.792,7/15/2010,6.1,289
37786,Sex and the City 2,"Comedy,Drama,Romance",en,58.685,5/26/2010,6.1,1414
15413,Don't Tell Mom the Babysitter's Dead,"Comedy,Family",en,11.616,6/7/1991,6.1,328
13499,"Yours, Mine & Ours","Comedy,Family,Romance",en,12.129,11/23/2005,6.1,705
9642,Asterix and the Vikings,"Family,Animation,Comedy,Adventure",fr,13.95,4/5/2006,6.1,570
137094,Jack Ryan: Shadow Recruit,"Action,Drama,Thriller",en,32.679,1/15/2014,6.1,2467
51447,Trophy Wife,Comedy,fr,7.773,11/10/2010,6.1,287
38327,My Best Enemy,Comedy,it,5.221,3/10/2006,6.1,266
2269,Day Watch,"Fantasy,Science Fiction",ru,12.866,1/1/2006,6.1,420
81390,A Lonely Place to Die,"Adventure,Action,Thriller,Crime",en,10.389,4/9/2011,6.1,451
27274,Frankenhooker,"Comedy,Horror,Science Fiction",en,10.63,6/1/1990,6.1,227
23049,My Life in Ruins,"Comedy,Romance",en,27.011,6/5/2009,6.1,340
526007,The Night Clerk,"Thriller,Crime,Drama",en,15.707,2/19/2020,6.1,475
474764,The Lodge,"Drama,Horror,Thriller",en,23.969,1/16/2020,6.1,898
299847,Happily Mixed Up,Comedy,it,5.552,10/30/2014,6.1,319
244264,Laggies,"Comedy,Romance,Drama",en,8.338,9/25/2014,6.1,1008
97370,Under the Skin,"Thriller,Science Fiction,Drama",en,18.899,3/14/2014,6.1,2839
17927,Fired Up!,Comedy,en,15.077,2/20/2009,6.1,505
13825,The Lazarus Project,"Drama,Thriller",en,13.012,10/24/2008,6.1,292
1656,The Legend of Zorro,"Action,Adventure,Western",en,22.958,10/24/2005,6.1,2454
602734,Spiral: From the Book of Saw,"Horror,Crime,Mystery",en,128.278,5/12/2021,6.1,1302
268896,Pacific Rim: Uprising,"Action,Fantasy,Science Fiction,Adventure",en,93.819,3/21/2018,6.1,4057
183836,The Brats,Comedy,fr,6.41,4/17/2013,6.1,455
522016,The 355,"Action,Thriller",en,166.96,1/5/2022,6.1,543
74726,Juan of the Dead,"Horror,Comedy",es,6.781,10/14/2011,6.1,211
65086,The Woman in Black,"Drama,Horror,Thriller",en,22.404,2/3/2012,6.1,3039
49520,The Change-Up,Comedy,en,53.399,8/5/2011,6.1,2312
531309,Brightburn,"Horror,Thriller,Science Fiction",en,48.147,5/9/2019,6.1,2498
395990,Death Wish,"Action,Crime,Drama,Thriller",en,30.052,3/2/2018,6.1,2178
339846,Baywatch,"Comedy,Action,Crime",en,75.408,5/25/2017,6.1,7045
335796,Ouija: Origin of Evil,"Horror,Mystery,Drama",en,44.508,10/20/2016,6.1,2087
133790,Clear History,Comedy,en,6.003,8/10/2013,6.1,259
10065,The Amityville Horror,Horror,en,37.974,4/14/2005,6.1,1815
8324,Fast Food Nation,"Drama,Comedy",en,10.739,11/17/2006,6.1,293
11415,House,"Comedy,Horror",en,10.467,2/27/1986,6.1,419
9730,Friday the 13th: The Final Chapter,Horror,en,55.164,4/13/1984,6.1,986
955,Mission: Impossible II,"Adventure,Action,Thriller",en,29.392,5/24/2000,6.1,5381
331,Jurassic Park III,"Adventure,Action,Thriller,Science Fiction",en,3.879,7/18/2001,6.1,5942
471014,Wheelman,"Action,Crime,Thriller",en,15.282,10/20/2017,6.1,514
427900,Home Again,"Comedy,Drama,Romance",en,19.699,9/7/2017,6.1,1069
455839,Time Trap,"Science Fiction,Adventure",en,69.932,5/19/2017,6.1,807
408439,Hounds of Love,"Crime,Drama,Horror",en,9.828,10/7/2016,6.1,271
84348,V/H/S,"Thriller,Horror",en,22.237,7/28/2012,6.1,1182
14362,Out for Justice,"Action,Crime",en,11.972,4/12/1991,6.1,340
13220,Splinter,"Horror,Thriller",en,9.546,10/31/2008,6.1,552
869617,Friendzone,"Romance,Comedy",fr,16.87,9/29/2021,6.1,202
283378,Fallen,"Drama,Fantasy,Romance",en,36.644,11/10/2016,6.1,1446
126277,American Mary,"Horror,Thriller",en,8.358,5/31/2012,6.1,402
65759,Happy Feet Two,"Animation,Comedy,Family",en,49.225,11/18/2011,6.1,1294
40342,Demons 2,"Horror,Fantasy",it,9.173,10/9/1986,6.1,207
13243,Meet Bill,"Comedy,Drama,Romance",en,6.644,9/7/2007,6.1,246
524247,The Intruder,Thriller,en,23.685,5/3/2019,6.1,453
519253,Forgive Us Our Debts,Drama,it,5.765,5/4/2018,6.1,261
335778,Risen,"Drama,History",en,29.148,2/18/2016,6.1,683
157834,The Zero Theorem,"Drama,Fantasy,Science Fiction",en,8.504,9/20/2013,6.1,1003
1273,TMNT,"Adventure,Animation,Comedy,Family",en,17.455,3/23/2007,6.1,868
489243,The Hummingbird Project,"Thriller,Drama",en,9.139,3/15/2019,6.1,235
419479,The Babysitter,"Comedy,Horror",en,39.502,10/13/2017,6.1,2949
10202,Bedtime Stories,"Fantasy,Comedy,Family,Romance",en,53.658,12/24/2008,6.1,2431
9395,Above the Law,"Action,Thriller",en,16.629,4/8/1988,6.1,526
295151,Let It Snow,"Romance,Comedy",en,16.374,11/8/2019,6.1,1014
54004,Passport to Paris,"Comedy,Drama,Family",en,10.591,11/9/1999,6.1,247
13975,In the Electric Mist,"Thriller,Drama,Crime,Mystery",en,11.259,4/15/2009,6.1,337
10869,Herbie Rides Again,"Romance,Comedy,Family,Fantasy",en,12.591,2/12/1974,6.1,326
10523,W.,"Drama,History",en,7.026,10/17/2008,6.1,427
12180,Star Wars: The Clone Wars,"Animation,Action,Science Fiction,Adventure",en,34.309,8/5/2008,6.1,1611
11419,Vegas Vacation,Comedy,en,12.453,2/13/1997,6.1,499
9541,Jersey Girl,"Comedy,Romance,Drama",en,13.29,3/25/2004,6.1,849
1249,Hollywoodland,"Thriller,Crime",en,10.044,8/31/2006,6.1,304
398920,He Even Has Your Eyes,Comedy,fr,9.009,1/18/2017,6.1,455
375355,Don't Hang Up,"Horror,Thriller",en,15.53,10/22/2016,6.1,411
208134,Jackass Presents: Bad Grandpa,Comedy,en,28.662,10/22/2013,6.1,1332
197796,Beauty and the Beast,"Fantasy,Romance",fr,23.782,2/12/2014,6.1,1800
8873,Wayne's World 2,"Comedy,Music",en,7.885,12/10/1993,6.1,817
618,The Birth of a Nation,"Drama,History,War",en,8.694,2/8/1915,6.1,408
661804,De Gaulle,"History,Drama",fr,6.543,3/4/2020,6.1,235
419511,Mister Happiness,"Romance,Comedy",it,5.173,1/1/2017,6.1,302
258363,Desierto,"Thriller,Drama",en,12.909,4/12/2015,6.1,306
38289,Eccezzziunale... veramente,Comedy,it,5.22,3/4/1982,6.1,210
10641,Autumn in New York,"Drama,Romance",en,11.058,8/11/2000,6.1,572
9955,Blades of Glory,Comedy,en,13.745,3/30/2007,6.1,1444
2575,The Tailor of Panama,"Drama,Thriller",en,9.801,3/30/2001,6.1,374
446807,The Girl in the Spider's Web,"Action,Crime,Thriller,Drama",en,25.292,10/25/2018,6.1,1107
432301,Chappaquiddick,"History,Drama,Thriller",en,8.82,4/6/2018,6.1,216
262504,Allegiant,"Adventure,Science Fiction,Action,Mystery",en,43.228,3/9/2016,6.1,5821
72358,A Thousand Words,"Drama,Comedy",en,30.354,3/7/2012,6.1,1128
12526,Bug,"Drama,Horror,Thriller",en,7.181,11/11/2006,6.1,412
7288,Duplex,Comedy,en,8.799,9/26/2003,6.1,1448
60672,Crimson Rivers II: Angels of the Apocalypse,"Action,Thriller,Crime",fr,21.415,2/18/2004,6.1,580
10929,Willard,"Horror,Drama,Thriller",en,7.63,3/14/2003,6.1,250
317744,Careful What You Wish For,"Drama,Thriller",en,12.763,5/6/2015,6.1,344
190955,Blood Ties,"Thriller,Crime,Drama",en,25.652,8/22/2013,6.1,383
14128,Cinderella II: Dreams Come True,"Family,Animation,Romance,Fantasy",en,73.88,2/23/2002,6.1,1195
496743,Aniara,"Science Fiction,Drama",sv,10.313,2/1/2019,6.1,229
254904,The November Man,"Crime,Action,Thriller",en,18.611,8/27/2014,6.1,1269
21752,If I Were You 2,Comedy,pt,5.856,2/1/2009,6.1,217
11228,Daylight,"Action,Adventure,Thriller",en,18.723,12/6/1996,6.1,1250
6341,Blue Thunder,"Drama,Action,Thriller",en,14.751,2/5/1983,6.1,347
434203,Newness,"Romance,Drama",en,24.564,11/3/2017,6.1,530
410199,ARQ,"Science Fiction,Thriller",en,17.511,9/16/2016,6.1,985
53182,300: Rise of an Empire,"Action,Drama,War",en,60.058,3/5/2014,6.1,5598
41664,Fantozzi Retires,Comedy,it,4.924,12/22/1988,6.1,333
11983,Proof of Life,"Action,Adventure,Drama,Romance,Thriller",en,12.291,12/8/2000,6.1,637
10720,Down with Love,"Comedy,Romance",en,9.477,5/8/2003,6.1,590
437670,Suck Me Shakespeer 3,Comedy,de,10.334,10/26/2017,6.1,344
424121,Apostle,"Horror,Mystery,Thriller,Drama",en,14.734,9/21/2018,6.1,1159
331313,Keeping Up with the Joneses,"Action,Comedy",en,14.096,10/20/2016,6.1,1712
109418,Grown Ups 2,Comedy,en,133.198,7/11/2013,6.1,3505
77951,Walking with Dinosaurs,"Animation,Family,Adventure",en,49.697,12/18/2013,6.1,393
611914,The Courier,"Crime,Action,Drama,Thriller",en,25.968,11/22/2019,6.1,440
369894,Wakefield,Drama,en,10.574,5/19/2017,6.1,336
10832,Them,"Horror,Thriller",fr,9.458,7/19/2006,6.1,412
787298,Squared Love,"Comedy,Romance",pl,17.351,2/11/2021,6.1,246
442062,Goosebumps 2: Haunted Halloween,"Adventure,Comedy,Fantasy,Family,Horror",en,56.575,10/11/2018,6.1,1214
419704,Ad Astra,"Science Fiction,Drama",en,15.867,9/17/2019,6.1,5491
143049,Adult World,Comedy,en,19.502,4/18/2013,6.1,321
12157,Green Card,"Comedy,Drama,Romance",en,9.31,12/23/1990,6.1,390
9610,Conan the Destroyer,"Adventure,Fantasy,Action",en,24.082,6/29/1984,6.1,1179
404733,Overdrive,"Thriller,Action,Mystery",en,31.085,6/16/2017,6.1,800
140222,Love and Honor,"Drama,Romance",en,8.103,3/22/2013,6.1,313
43939,I'm Still Here,"Music,Comedy,Drama",en,8.101,9/10/2010,6.1,303
11858,Renaissance Man,"Comedy,Drama",en,8.459,6/3/1994,6.1,241
10025,Just My Luck,"Comedy,Drama,Family,Fantasy,Romance",en,14.112,2/28/2006,6.1,1619
274855,Geostorm,"Action,Science Fiction,Thriller",en,51.047,10/13/2017,6.1,3995
170354,The Unlikely Prince,Comedy,it,7.535,2/9/2013,6.1,599
48171,The Rite,"Drama,Thriller,Horror",en,26.549,1/28/2011,6.1,1743
21788,Trouble at Timpetill,"Fantasy,Adventure,Family",fr,4.853,12/17/2008,6.1,338
14059,Snow Buddies,"Family,Adventure",en,12.316,2/5/2008,6.1,218
11357,Halloween 4: The Return of Michael Myers,"Horror,Thriller",en,45.834,10/21/1988,6.1,1199
10781,The Texas Chainsaw Massacre: The Beginning,"Horror,Thriller",en,74.679,10/5/2006,6.1,1419
399031,Happy End,Drama,fr,10.627,6/21/2017,6.1,308
296100,The Night Before,"Comedy,Adventure,Fantasy",en,14.13,11/20/2015,6.1,1420
81393,12 Dates of Christmas,"Comedy,Family,Fantasy,Romance,TV Movie",en,8.508,12/11/2011,6.1,203
15577,Crossing Over,"Crime,Drama",en,12.318,2/10/2009,6.1,296
10396,Tequila Sunrise,"Crime,Romance,Thriller",en,8.949,12/2/1988,6.1,382
438347,Wedding Unplanned,"Romance,Comedy",fr,5.709,4/26/2017,6.1,407
59981,Legends of Oz: Dorothy's Return,"Animation,Family,Fantasy",en,13.794,5/8/2014,6.1,248
27621,The Cheetah Girls: One World,"Family,Comedy,Drama,Music,TV Movie",en,10.214,8/22/2008,6.1,294
5852,Angel Eyes,"Drama,Romance,Thriller",en,11.607,5/15/2001,6.1,348
800497,Werewolves Within,"Horror,Comedy",en,69.8,6/25/2021,6.1,320
680028,Centigrade,Thriller,en,9.016,8/28/2020,6.1,202
8884,Franklyn,"Fantasy,Thriller",en,7.796,10/16/2008,6.1,281
569814,Rebels,Comedy,fr,4.853,3/13/2019,6.1,277
301334,Una,"Drama,Thriller",en,6.454,3/30/2017,6.1,204
33909,Wall Street: Money Never Sleeps,"Drama,Crime",en,19.68,9/2/2010,6.1,1271
6552,Idle Hands,"Comedy,Horror,Fantasy",en,8.767,4/30/1999,6.1,507
595148,Irresistible,"Comedy,Drama",en,17.126,7/1/2020,6.1,312
578908,Bad Trip,Comedy,en,73.507,9/26/2020,6.1,382
454294,The Kid Who Would Be King,"Action,Adventure,Fantasy,Family",en,22.499,1/16/2019,6.1,601
10395,Wolf,"Fantasy,Drama,Horror",en,14.944,6/17/1994,6.1,712
2768,American Gigolo,"Crime,Drama,Mystery",en,11.793,2/8/1980,6.1,471
426543,The Nutcracker and the Four Realms,"Fantasy,Adventure,Family",en,28.681,10/26/2018,6.1,1862
262841,Monster Trucks,"Action,Comedy,Science Fiction",en,37.124,12/21/2016,6.1,703
50204,Burke & Hare,"Comedy,Thriller,History,Horror",en,8.945,10/29/2010,6.1,389
8409,A Man Apart,"Action,Drama",en,16.423,4/4/2003,6.1,716
400547,Hurricane Bianca,"Comedy,Drama",en,5.604,6/3/2016,6.1,249
272435,Gemma Bovery,"Romance,Drama,Comedy",fr,8.819,9/10/2014,6.1,264
27022,The Sorcerer's Apprentice,"Fantasy,Adventure,Action",en,37.994,7/13/2010,6.1,4302
25769,Carriers,"Action,Drama,Horror,Science Fiction,Thriller",en,104.395,9/4/2009,6.1,1133
10908,Inferno,"Action,Drama,Romance",en,15.149,9/25/1999,6.1,226
10411,The Distinguished Gentleman,Comedy,en,4.465,12/4/1992,6.1,238
10185,The Midnight Meat Train,"Horror,Mystery,Fantasy",en,10.124,8/7/2008,6.1,833
19959,Surrogates,"Science Fiction,Action,Thriller",en,12.882,9/24/2009,6.1,2658
9455,The Corruptor,Action,en,9.347,3/12/1999,6.1,210
316023,Mike and Dave Need Wedding Dates,Comedy,en,22.002,7/7/2016,6.1,2199
219572,Police Story: Lockdown,"Action,Crime,Drama",zh,12.401,12/24/2013,6.1,262
57201,The Lone Ranger,"Action,Adventure,Western",en,44.603,7/3/2013,6.1,5182
29425,The Crazies,"Action,Horror,Thriller,Science Fiction",en,7.127,3/16/1973,6.1,264
21972,Like Mike,"Comedy,Family,Fantasy",en,15.056,7/3/2002,6.1,400
12590,Below,"Thriller,Horror,Mystery",en,9.834,8/11/2002,6.1,344
11351,Jeepers Creepers 2,Horror,en,105.53,8/8/2003,6.1,1245
9546,Ricochet,"Crime,Thriller,Action",en,8.476,10/4/1991,6.1,231
9257,S.W.A.T.,"Action,Thriller,Crime",en,28.598,8/8/2003,6.1,2010
7303,Maid in Manhattan,"Comedy,Drama,Romance",en,18.556,12/13/2002,6.1,1610
532710,Firestarter,"Thriller,Science Fiction",en,31.87,5/12/2022,6.1,293
279690,He Never Died,"Comedy,Drama,Fantasy,Horror",en,7.267,12/18/2015,6.1,366
261392,American Ultra,"Comedy,Action",en,23.453,8/19/2015,6.1,2446
192102,3 Days to Kill,"Action,Drama,Thriller",en,19.21,2/14/2014,6.1,1840
81446,The Baytown Outlaws,"Action,Comedy,Crime",en,18.696,8/27/2012,6.1,246
59429,Paranormal Activity: Tokyo Night,"Horror,Thriller",ja,48.352,11/20/2010,6.1,349
15657,Tarzan II,"Adventure,Animation,Family",en,20.851,6/13/2005,6.1,941
2665,Airplane II: The Sequel,Comedy,en,11.559,12/10/1982,6.1,829
13944,Passengers,"Drama,Mystery,Thriller,Romance",en,9.939,9/26/2008,6.1,728
10208,Muppets from Space,"Family,Science Fiction,Fantasy,Comedy",en,9.167,7/14/1999,6.1,256
701175,The Paramedic,Thriller,es,11.603,9/16/2020,6.1,522
567970,Lost Girls,"Drama,Mystery,Thriller,History",en,10.803,1/28/2020,6.1,571
63493,The Ledge,"Drama,Thriller",en,10.712,5/6/2011,6.1,285
37861,Valhalla Rising,"Adventure,Drama,Action,Fantasy",en,9.517,9/4/2009,6.1,985
20850,Ilsa: She Wolf of the SS,"Thriller,Horror,War",en,10.103,10/1/1975,6.1,275
10516,The Gendarme and the Creatures from Outer Space,"Comedy,Science Fiction",fr,9.05,1/31/1979,6.1,506
10153,Sphere,"Science Fiction,Mystery,Thriller",en,10.313,2/13/1998,6.1,1285
486070,Blessed Madness,"Comedy,Family",it,5.759,1/11/2018,6.1,359
11966,Short Circuit 2,"Comedy,Family,Science Fiction,Drama",en,13.179,7/6/1988,6.1,459
10623,Cradle 2 the Grave,"Action,Crime,Drama",en,19.54,2/28/2003,6.1,726
1698,Anatomy,"Horror,Thriller",de,8.044,2/3/2000,6.1,223
30127,The Invisible Woman,Comedy,pt,4.835,6/5/2009,6.1,219
10345,K-9,"Action,Comedy,Crime",en,11.806,4/28/1989,6.1,777
1644,The Vanishing,"Thriller,Drama,Mystery,Horror",en,11.77,2/5/1993,6.1,384
79433,Ronal the Barbarian,"Animation,Adventure,Fantasy",da,11.847,9/27/2011,6.1,209
24913,April Fool's Day,"Horror,Mystery",en,7.835,3/27/1986,6.1,244
24102,The Land Before Time VII: The Stone of Cold Fire,"Animation,Adventure,Fantasy,Science Fiction,Family",en,9.692,12/5/2000,6.1,235
2057,Original Sin,Thriller,en,23.824,5/8/2001,6.1,669
1620,Hitman,"Action,Thriller,Drama",en,30.383,11/21/2007,6.1,2722
531503,Point Blank,"Action,Thriller",en,13.964,7/12/2019,6.1,445
500634,6 Balloons,Drama,en,9.739,3/12/2018,6.1,211
308453,The Bronze,"Drama,Comedy",en,7.741,1/22/2016,6.1,315
17337,The Land Before Time VI: The Secret of Saurus Rock,"Animation,Adventure,Family",en,11.3,12/1/1998,6.1,226
2212,Nightwatch,"Drama,Horror,Mystery,Thriller",en,9.007,1/31/1997,6.1,311
183,The Wizard,"Adventure,Comedy,Drama,Family",en,6.88,12/15/1989,6.1,248
523936,Meander,"Horror,Science Fiction,Drama,Thriller",fr,176.286,5/26/2021,6.1,264
270919,Number One Fan,"Drama,Thriller,Comedy",fr,4.433,6/18/2014,6.1,227
21349,Anywhere but Here,"Drama,Comedy,Romance",en,7.05,11/12/1999,6.1,221
15648,The Perfect Man,"Comedy,Drama,Family,Romance",en,10.319,6/17/2005,6.1,689
519106,The Trouble with You,"Comedy,Drama,Romance,Crime",fr,7.18,10/6/2018,6.1,384
184345,A Haunted House 2,"Comedy,Horror",en,84.699,4/17/2014,6.1,1096
65599,The Woman,"Drama,Horror",en,10.017,10/14/2011,6.1,418
12088,Fortress,"Action,Thriller,Science Fiction",en,10.171,9/30/1992,6.1,499
9103,The Quest,"Action,Adventure",en,15.419,4/19/1996,6.1,542
8067,A Life Less Ordinary,"Fantasy,Comedy,Romance",en,9.317,10/24/1997,6.1,348
13490,Welcome Home Roscoe Jenkins,"Comedy,Drama",en,10.687,2/8/2008,6.1,221
13282,Death Race 2000,"Action,Comedy,Science Fiction",en,13.041,4/30/1975,6.1,351
13168,Smiley Face,Comedy,en,8.584,11/16/2007,6.1,213
12538,Senseless,"Comedy,Romance",en,12.819,2/20/1998,6.1,285
10442,So I Married an Axe Murderer,"Comedy,Crime,Romance",en,8.803,7/30/1993,6.1,310
8130,Desperately Seeking Susan,"Comedy,Drama",en,12.433,3/29/1985,6.1,336
345922,Fist Fight,Comedy,en,20.503,2/16/2017,6.1,1070
127521,6 Bullets,"Thriller,Action,Crime",en,31.445,9/11/2012,6.1,262
9415,Murder at 1600,"Action,Drama,Mystery,Thriller,Crime",en,13.129,4/18/1997,6.1,420
4967,Keeping the Faith,"Comedy,Romance",en,7.097,4/14/2000,6.1,504
1497,Teenage Mutant Ninja Turtles II: The Secret of the Ooze,"Science Fiction,Adventure,Action,Comedy,Family",en,16.055,3/22/1991,6.1,861
520663,The Woman in the Window,"Drama,Crime,Mystery,Thriller",en,23.639,5/14/2021,6.1,1517
263341,"Crouching Tiger, Hidden Dragon: Sword of Destiny","Action,Adventure,Drama",en,17.283,2/18/2016,6.1,518
10003,The Saint,"Thriller,Action,Romance,Science Fiction,Adventure",en,15.011,4/3/1997,6.1,913
35056,Date Night,"Comedy,Action,Adventure",en,28.514,4/8/2010,6.1,2435
9029,What Happens in Vegas,"Comedy,Romance",en,17.61,5/7/2008,6.1,2573
951,Kindergarten Cop,Comedy,en,10.7,12/21/1990,6.1,1986
291356,In a Valley of Violence,"Crime,Thriller,Western,Action",en,13.597,10/21/2016,6.1,456
11082,The Seventh Sign,"Horror,Fantasy",en,18.93,4/1/1988,6.1,281
9286,Final Destination 3,"Horror,Mystery",en,72.458,2/9/2006,6.1,3111
300681,Replicas,"Science Fiction,Thriller,Drama",en,20.55,10/25/2018,6.1,1099
14043,Nancy Drew,"Family,Action,Adventure,Crime,Mystery,Thriller,Comedy",en,10.989,6/15/2007,6.1,429
11379,The Adventures of Buckaroo Banzai Across the 8th Dimension,"Science Fiction,Comedy,Adventure,Romance",en,11.788,8/15/1984,6.1,299
383709,Wonderstruck,Drama,en,14.558,10/13/2017,6.1,347
336004,Heist,Action,en,22.75,11/13/2015,6.1,779
55779,Final Destination 5,"Horror,Mystery",en,63.125,8/12/2011,6.1,2756
38073,Going the Distance,"Comedy,Drama,Romance",en,8.792,8/27/2010,6.1,624
467248,Bring It On: Worldwide #Cheersmack,"Comedy,Romance",en,32.237,8/29/2017,6.1,201
342521,Keanu,"Action,Comedy,Crime",en,16.795,4/21/2016,6.1,889
335988,Transformers: The Last Knight,"Action,Adventure,Science Fiction",en,100.787,6/16/2017,6.1,5072
520331,Let Me Introduce You To Sofia,Comedy,it,5.517,10/31/2018,6.1,229
341689,How to Talk to Girls at Parties,"Comedy,Music,Romance,Science Fiction",en,10.046,10/6/2017,6.1,306
4970,Gothika,"Horror,Thriller",en,25.513,11/21/2003,6.1,1848
328595,Parallels,Science Fiction,en,6.204,3/1/2015,6.1,302
27526,The Crossing Guard,"Drama,Thriller",en,7.983,11/15/1995,6.1,207
44977,Dhoom 3,"Action,Crime,Thriller",hi,10.046,12/19/2013,6.1,221
35791,Resident Evil: Afterlife,"Action,Adventure,Horror,Science Fiction",en,3.24,9/9/2010,6.1,3222
415132,Ares,"Science Fiction,Drama,Thriller",fr,5.88,11/23/2016,6.1,258
15189,Hotel for Dogs,"Comedy,Family",en,14.91,1/16/2009,6.1,737
10128,Alien Nation,"Crime,Science Fiction,Thriller",en,8.079,10/7/1988,6.1,233
278154,Ice Age: Collision Course,"Adventure,Animation,Family,Comedy,Science Fiction",en,60.074,6/23/2016,6.1,3817
9910,Two for the Money,"Comedy,Crime,Drama,Thriller",en,10.498,10/7/2005,6.1,503
680593,The Dark and the Wicked,"Horror,Drama,Mystery",en,8.762,10/29/2020,6.1,222
509730,The Queen's Corgi,"Family,Animation",en,16.168,2/13/2019,6,342
395814,Rememory,"Science Fiction,Drama,Mystery",en,10.629,9/8/2017,6.1,353
300153,Life,Drama,en,7.298,7/24/2015,6.1,308
14871,Make It Happen,"Drama,Comedy,Romance",en,5.907,8/8/2008,6.1,260
14636,The Condemned,"Action,Thriller",en,35.915,4/27/2007,6.1,624
670428,Psycho Goreman,"Science Fiction,Comedy,Horror",en,47.778,10/29/2020,6.1,227
366514,Up for Love,"Comedy,Romance,Drama",fr,8.681,5/4/2016,6.1,642
126889,Alien: Covenant,"Horror,Science Fiction,Mystery",en,80.144,5/9/2017,6.1,7181
59108,Tower Heist,"Action,Comedy",en,35.984,11/2/2011,6.1,2463
46503,All Good Things,"Drama,Mystery,Thriller,Crime,Romance",en,11.978,12/3/2010,6.1,740
13595,Airheads,"Comedy,Crime,Music",en,10.757,8/5/1994,6.1,566
10663,The Waterboy,Comedy,en,15.486,11/6/1998,6.1,1447
9298,Ali G Indahouse,Comedy,en,13.481,3/21/2002,6.1,1094
4806,Runaway Bride,"Comedy,Romance",en,14.958,7/30/1999,6.1,1639
54113,The Swan Princess: Escape from Castle Mountain,"Family,Fantasy,Animation,Romance",en,12.763,1/1/1997,6.1,249
9416,Money Talks,"Comedy,Action",en,10.49,8/22/1997,6.1,288
6520,First Knight,"Action,Adventure,Drama,Romance",en,11.049,7/7/1995,6.1,965
134411,Snitch,"Thriller,Drama,Action",en,18.577,2/21/2013,6.1,2048
77805,Lovelace,Drama,en,19.394,8/8/2013,6.1,557
64807,Grudge Match,Comedy,en,22.063,12/25/2013,6.1,1083
10022,The Pacifier,"Comedy,Family",en,30.077,3/4/2005,6.1,2597
228165,The SpongeBob Movie: Sponge Out of Water,"Family,Adventure,Comedy,Fantasy,Animation",en,70.6,1/28/2015,6,1988
10489,Cujo,"Horror,Thriller",en,25.451,8/10/1983,6.1,756
6217,Cat People,Horror,en,8.878,4/2/1982,6.1,368
294793,All the Old Knives,"Thriller,Action",en,199.397,4/8/2022,6,307
11979,Queen of the Damned,"Drama,Fantasy,Horror",en,19.011,2/10/2002,6,828
417643,In Darkness,"Thriller,Mystery",en,10.293,5/25/2018,6,404
290764,Tracers,Action,en,38.009,1/15/2015,6,979
253687,Smart Ass,"Comedy,Drama",fr,4.728,4/2/2014,6,261
56339,Whatsoeverly,Comedy,it,5.578,1/21/2011,6,481
36670,Never Say Never Again,"Adventure,Action,Thriller",en,15.155,10/7/1983,6,1116
2791,The Chronicles of Riddick: Dark Fury,"Animation,Action,Science Fiction,Thriller",en,3.652,6/15/2004,6,260
539181,Relic,"Horror,Drama,Mystery,Thriller",en,10.834,7/3/2020,6,547
232572,A Walk in the Woods,"Adventure,Comedy,Drama",en,14.685,9/2/2015,6,589
44040,Devil,"Horror,Mystery,Thriller",en,25.31,1/13/2010,6,2417
39345,Casper Meets Wendy,"Family,Fantasy,TV Movie",en,11.407,9/8/1998,6,327
427989,Poveri ma ricchi,Comedy,it,6.136,12/15/2016,6,377
249660,God's Not Dead,Drama,en,38.672,3/21/2014,6,746
39210,Somewhere,Drama,en,7.929,9/3/2010,6,599
13079,The Life Before Her Eyes,"Thriller,Drama,Mystery",en,6.186,9/8/2007,6,218
11857,Orange County,"Comedy,Drama",en,11.018,1/10/2002,6.1,361
315837,Ghost in the Shell,"Science Fiction,Action",en,48.256,3/29/2017,6,7095
50321,Mars Needs Moms,"Adventure,Animation,Family",en,26.929,3/9/2011,6,553
462148,Love Addict,"Comedy,Romance",fr,8.24,4/18/2018,6,318
14424,Sex and Death 101,"Comedy,Romance,Drama",en,16.577,6/15/2007,6,216
410314,A Wish for Christmas,"Drama,Romance,TV Movie,Fantasy",en,7.219,11/5/2016,6,230
48572,Red State,"Horror,Action,Thriller",en,10.501,8/19/2011,6,759
9637,Scooby-Doo,"Mystery,Adventure,Comedy",en,120.758,6/14/2002,6,3633
335866,Circle,"Science Fiction,Mystery,Drama,Thriller,Horror",en,11.008,5/28/2015,6,1594
295832,Unique Brothers,"Romance,Comedy",it,4.845,10/2/2014,6,276
254194,Starry Eyes,"Horror,Drama",en,8.509,7/29/2014,6,357
785752,Intrusion,Thriller,en,86.177,9/22/2021,6,488
88751,Journey to the Center of the Earth,"Action,Science Fiction,Adventure,Comedy,Family",en,38.942,7/10/2008,6,4108
58626,The Hit List,"Action,Thriller",en,9.692,4/2/2011,6,205
9594,Double Impact,"Thriller,Action,Crime,Drama",en,36.225,7/31/1991,6,799
8284,The Limits of Control,"Crime,Drama,Thriller,Mystery",en,6.282,5/1/2009,6,205
283726,The New Girlfriend,Drama,fr,8.056,9/6/2014,6,249
13910,Death Defying Acts,"Drama,Romance",en,7.186,9/13/2007,6,212
8989,Harry and the Hendersons,"Comedy,Family,Fantasy",en,11.913,6/5/1987,6,559
44603,Hereafter,"Drama,Fantasy",en,10.273,10/22/2010,6,1371
4482,French Twist,"Comedy,Romance",fr,6.63,1/18/1995,6,256
152760,The Monuments Men,"War,Drama,History,Action",en,24.535,1/24/2014,6,3119
41505,6 Souls,"Horror,Mystery,Thriller",en,12.232,3/27/2010,6,600
11024,Scooby-Doo 2: Monsters Unleashed,"Mystery,Fantasy,Adventure,Comedy",en,46.724,3/24/2004,6,2260
630586,Wrong Turn,"Horror,Thriller",en,124.151,1/26/2021,6,757
608195,Ghosts of War,"Horror,Thriller,War,Fantasy",en,45.006,7/3/2020,6,319
605735,10 Days Without Mum,"Family,Comedy",fr,8.359,2/19/2020,6,209
9948,The Fox and the Hound 2,"Adventure,Animation,Comedy,Family",en,67.824,11/9/2006,6,554
849,Krull,"Action,Adventure,Fantasy,Science Fiction",en,8.226,7/29/1983,6,407
527261,The Silence,"Horror,Drama,Thriller,Fantasy",en,35.51,5/16/2019,6,1233
146229,Kristy,"Thriller,Horror",en,13.359,8/7/2014,6,311
76494,What to Expect When You're Expecting,"Romance,Comedy,Drama",en,19.385,5/17/2012,6,1612
13252,Cleaner,"Crime,Thriller,Mystery",en,12.435,9/11/2007,6,635
13186,Wrong Turn 2: Dead End,"Horror,Thriller",en,112.038,8/25/2007,6,1041
12834,Leaves of Grass,"Comedy,Crime,Thriller",en,7.558,9/13/2009,6,347
12122,Village of the Damned,"Thriller,Horror,Science Fiction",en,21.945,4/28/1995,6,641
7520,Cocktail,"Romance,Drama,Comedy",en,21.186,7/29/1988,6,1145
2268,The Golden Compass,"Adventure,Fantasy",en,28.052,12/4/2007,6,3936
351964,The Escort,"Drama,Comedy,Romance",en,33.803,11/5/2015,6,341
207932,Inferno,"Mystery,Thriller,Drama,Action",en,29.42,10/13/2016,6,5543
76544,Man of Tai Chi,"Action,Drama",en,32.111,7/4/2013,6,730
12220,The Story of Us,"Comedy,Drama,Romance",en,8.095,10/14/1999,6,250
10533,The Scarlet Letter,"Drama,Romance",en,14.774,10/13/1995,6,380
10353,The Visitors II: The Corridors of Time,"Comedy,Fantasy",fr,11.106,2/11/1998,6,845
9208,Broken Arrow,Action,en,13.433,2/9/1996,6,1212
6623,The Peacemaker,"Action,Thriller",en,12.382,9/26/1997,6,770
4283,Primeval,"Adventure,Horror",en,27.838,1/12/2007,6,280
548473,Color Out of Space,"Mystery,Science Fiction,Horror,Thriller",en,24.75,9/7/2019,6,993
509874,Lying and Stealing,"Crime,Comedy,Drama",en,18.399,7/12/2019,6,239
216282,Into the Storm,"Action,Thriller",en,47.495,8/6/2014,6,1753
162903,The Fifth Estate,"Drama,Thriller",en,8.09,10/11/2013,6,858
52587,We Are the Night,"Fantasy,Drama,Horror,Romance",de,8.287,10/28/2010,6,211
13477,When in Rome,"Comedy,Fantasy,Romance",en,9.241,1/29/2010,6,1053
11588,The I Inside,"Thriller,Mystery,Science Fiction,Drama",en,8.676,1/15/2004,6,200
10137,Stuart Little,"Family,Animation,Fantasy,Comedy",en,67.897,12/17/1999,6,3686
8973,Lord of Illusions,"Horror,Fantasy",en,10.46,8/25/1995,6,244
1410,Dark Star,"Comedy,Science Fiction",en,10.03,4/1/1974,6,412
60405,Sharpay's Fabulous Adventure,"Family,Music",en,20.851,4/19/2011,6,479
26691,Neuilly Yo Mama!,Comedy,fr,6.274,8/12/2009,6,831
13203,Son in Law,"Comedy,Drama,Romance",en,7.588,7/2/1993,6,218
11099,The Final Cut,"Drama,Mystery,Science Fiction,Thriller",en,9.872,10/15/2004,6,566
10424,Jennifer Eight,"Crime,Drama,Mystery,Thriller",en,7.181,11/6/1992,6,268
6346,The Chamber,"Crime,Drama",en,11.324,10/11/1996,6,207
228968,Kidnapping Mr. Heineken,"Drama,Action,Crime,Thriller,Mystery",en,21.168,3/12/2015,6,539
172391,Khumba,"Animation,Adventure,Family",en,16.896,7/18/2013,6,211
363126,Berlin Syndrome,"Mystery,Thriller,Drama,Horror",en,16.863,4/20/2017,6,533
9397,Evolution,"Comedy,Science Fiction,Action",en,15.829,6/8/2001,6,1818
1738,Next,"Action,Science Fiction,Thriller",en,15.938,4/25/2007,6,2457
354110,Forsaken,Western,en,9.75,9/16/2015,6,272
9997,Gabriel,"Fantasy,Horror,Action,Science Fiction",en,13.387,11/15/2007,6,339
4961,Mimic,"Fantasy,Horror,Thriller,Science Fiction",en,16.536,8/22/1997,6,822
602518,Il signor Diavolo,"Thriller,Horror,Mystery",it,5.475,8/22/2019,6,252
201086,Cuban Fury,Comedy,en,8.599,2/14/2014,6,265
106021,Erased,"Action,Thriller",en,12.105,8/23/2012,6,597
13937,Raising Cain,"Horror,Drama,Thriller,Crime",en,7.6,8/7/1992,6,248
10724,Firefox,"Science Fiction,Action,Adventure,Thriller",en,11.752,6/13/1982,6,413
6917,The Gate,"Horror,Fantasy",en,9.435,4/21/1987,6,271
785516,Stuck Together,Comedy,fr,16.677,10/20/2021,6,298
309242,Mississippi Grind,"Drama,Thriller",en,10.257,7/4/2015,6,376
272692,The Possession of Michael King,Horror,en,19.021,8/14/2014,6,312
103620,Maniac,Horror,en,8.898,12/26/2012,6,738
10544,Ned Kelly,"Action,Adventure,Drama,History",en,8.299,3/22/2003,6,282
353069,Mother's Day,"Comedy,Drama,Romance",en,10.858,4/28/2016,6,1138
258509,Alvin and the Chipmunks: The Road Chip,"Adventure,Animation,Comedy,Family",en,45.695,12/17/2015,6,1390
534,Terminator Salvation,"Action,Science Fiction,Thriller",en,82.279,5/20/2009,6,5492
166271,Haunter,"Horror,Mystery,Thriller",en,9.764,10/17/2013,6,460
10765,Private Benjamin,Comedy,en,17.485,10/6/1980,6,302
10555,Shark Tale,"Animation,Action,Comedy,Family",en,55.058,9/20/2004,6,5488
292040,Spooks: The Greater Good,"Thriller,Action",en,21.29,4/11/2015,6,488
209249,The Love Punch,Comedy,en,6.532,1/13/2014,6,367
116811,Berberian Sound Studio,"Horror,Drama,Thriller",en,6.2,8/30/2012,6,266
34583,The Final,"Thriller,Horror",en,31.086,1/28/2010,6,213
13683,Tarzan & Jane,"Animation,Family",en,17.262,6/24/2002,6,503
487083,Paradise Hills,"Fantasy,Science Fiction,Thriller",en,15.108,8/29/2019,6,424
76285,Percy Jackson: Sea of Monsters,"Adventure,Family,Fantasy",en,42.172,8/7/2013,6,4524
31203,Little Nicholas,Comedy,fr,10.737,9/30/2009,6,974
10186,The Rocker,"Comedy,Music",en,9.772,8/20/2008,6,484
10157,Police Academy 2: Their First Assignment,"Comedy,Crime",en,34.82,3/28/1985,6,1204
8866,The Truth About Cats & Dogs,"Comedy,Romance",en,8.113,4/26/1996,6,249
3563,I Now Pronounce You Chuck & Larry,"Comedy,Romance",en,18.983,7/12/2007,6,1915
718400,The Vanished,Thriller,en,14.671,8/21/2020,6,217
542224,Gretel & Hansel,"Horror,Fantasy,Thriller",en,13.491,1/30/2020,6,1148
502292,The Last Summer,"Romance,Comedy",en,22.652,5/3/2019,6,1262
13997,Black Sheep,Comedy,en,10.206,2/1/1996,6,316
4515,Lions for Lambs,"Action,Adventure,Drama,History",en,11.065,10/22/2007,6,605
62213,Dark Shadows,"Comedy,Fantasy",en,44,5/9/2012,6,6309
49013,Cars 2,"Animation,Family,Adventure,Comedy",en,122.028,6/11/2011,6,6377
458305,Vivarium,"Science Fiction,Horror,Mystery",en,207.506,9/7/2019,6,1379
205588,Our Kind of Traitor,Thriller,en,10.737,5/5/2016,6,444
64689,Killing Them Softly,"Crime,Thriller",en,12.486,7/30/2012,6,1729
37770,Fantozzi to the Rescue,Comedy,it,4.855,1/15/1990,6,309
10478,Tin Cup,"Comedy,Romance",en,7.505,8/16/1996,6,417
352492,XOXO,"Music,Drama",en,16.535,8/26/2016,6,557
10199,The Tale of Despereaux,"Adventure,Animation,Family",en,19.359,12/18/2008,6,742
555974,Brahms: The Boy II,"Horror,Mystery,Thriller",en,29.249,2/20/2020,6,1021
406761,Hotel Artemis,"Thriller,Science Fiction,Action",en,19.512,6/7/2018,6,1270
9266,Blue Crush,"Adventure,Romance,Drama",en,11.815,8/8/2002,6,445
6466,Freddy vs. Jason,Horror,en,63.891,8/15/2003,6,2024
1969,Bandidas,"Action,Comedy,Western,Crime",en,11.151,1/18/2006,6,935
928381,Restless,"Action,Thriller,Crime",fr,200.943,2/25/2022,6,272
320288,Dark Phoenix,"Science Fiction,Action,Adventure",en,70.594,6/5/2019,6,5351
508018,The Warning,"Thriller,Drama,Fantasy",es,10.927,3/10/2018,6,330
44894,I Love You in Every Language in the World,"Romance,Comedy",it,6.287,12/16/2005,6,428
32293,The Cheetah Girls,"Family,Comedy,Drama,Music,TV Movie",en,10.376,8/15/2003,6,414
11133,Poltergeist II: The Other Side,"Horror,Thriller",en,22.378,5/23/1986,6,509
10833,Heartbreakers,"Comedy,Romance,Crime",en,14.698,3/23/2001,6,734
1252,Lonely Hearts,"Drama,Thriller,Crime,Romance",en,8.172,4/30/2006,6,287
215211,Grace of Monaco,"Romance,Drama",en,9.115,4/22/2014,6,504
23048,Hot Tub Time Machine,"Science Fiction,Comedy,Adventure",en,15.069,3/26/2010,6,2042
10640,Futureworld,"Action,Adventure,Science Fiction,Thriller",en,13.796,8/13/1976,6,231
133805,Carrie,"Drama,Horror",en,30.755,10/16/2013,6,3874
458005,Zoe,"Science Fiction,Romance,Thriller",en,9.313,7/19/2018,6,324
333348,Love the Coopers,"Comedy,Family,Drama",en,11.239,11/12/2015,6,670
73108,Teen Spirit,"Drama,Fantasy,Comedy,TV Movie",en,8.595,8/7/2011,6,265
66129,The Tuche Family,Comedy,fr,10.182,6/30/2011,6,1123
18239,The Twilight Saga: New Moon,"Adventure,Fantasy,Drama,Romance",en,113.915,11/18/2009,6,7970
7511,The Last Kiss,"Comedy,Drama,Romance",en,7.16,9/10/2006,6,314
617505,Hubie Halloween,"Comedy,Mystery,Horror",en,14.87,10/7/2020,6,1250
429415,Extinction,"Action,Drama,Science Fiction,Thriller",en,26.416,7/15/2018,6,1510
133931,Zambezia,"Comedy,Animation,Adventure,Family",en,19.712,6/5/2012,6,230
1636,Bedazzled,"Fantasy,Comedy,Romance",en,19.811,10/19/2000,6,1481
663866,Censor,"Horror,Mystery",en,11.191,6/11/2021,6,200
333381,Return to Sender,"Drama,Thriller",en,13.95,5/31/2015,6,900
157353,Transcendence,"Thriller,Science Fiction,Drama,Mystery",en,19.602,4/16/2014,6,4781
15092,Crank: High Voltage,"Action,Thriller,Crime",en,110.485,4/16/2009,6,2286
14400,The Heir Apparent: Largo Winch,"Adventure,Drama,Action,Thriller",fr,9.481,12/17/2008,6,436
13888,Return to the Blue Lagoon,"Adventure,Drama",en,23.232,8/2/1991,6,766
13700,Home on the Range,"Animation,Family",en,51.203,4/2/2004,6,1677
11915,The Gendarme and the Gendarmettes,Comedy,fr,10.84,10/3/1982,6,449
60304,Hansel & Gretel: Witch Hunters,"Fantasy,Horror,Action",en,77.835,1/17/2013,6,5947
11678,Vertical Limit,"Adventure,Action,Thriller",en,30.694,12/8/2000,6,841
10349,The Dark Half,"Mystery,Horror",en,7.237,4/23/1993,6,303
457955,The Night Eats the World,"Drama,Horror,Thriller",fr,15.777,3/7/2018,6,503
9874,Cobra,"Action,Crime,Thriller",en,36.958,3/21/1986,6,1364
28302,The Swan Princess: The Mystery of the Enchanted Kingdom,"Family,Fantasy,Animation,Mystery",en,10.746,8/4/1998,6,221
22172,Street Trash,"Comedy,Horror",en,6.047,2/22/1987,6,222
11675,Halloween H20: 20 Years Later,"Horror,Thriller",en,20.826,8/5/1998,6,1274
588001,Despite Everything,Comedy,es,10.934,3/16/2019,6,376
34729,Our Lips Are Sealed,"Comedy,Family,Crime",en,7.472,5/18/2000,6,233
28211,Chloe,"Drama,Thriller,Mystery",en,19.583,3/25/2009,6,1413
12110,Dracula: Dead and Loving It,"Comedy,Horror,Fantasy",en,12.964,12/22/1995,6,760
487702,F*&% the Prom,"Comedy,Drama",en,9.082,12/5/2017,6,366
311667,Manhattan Night,"Drama,Mystery,Thriller",en,10.265,5/20/2016,6,323
289727,The Rewrite,"Romance,Comedy",en,10.266,6/15/2014,6,490
37652,Didier,Comedy,fr,8.621,1/28/1997,6,471
13006,Split Second,"Horror,Science Fiction",en,13.919,5/1/1992,6,211
9096,Medicine Man,"Adventure,Drama",en,7.225,2/7/1992,6,291
11847,The Accidental Spy,"Action,Comedy,Thriller",cn,6.87,1/18/2001,6,343
614427,Three Perfect Daughters,Comedy,it,4.793,7/2/2020,6,226
602609,Good Sam,"Romance,Drama,Comedy",en,7.145,5/16/2019,6,207
496704,Tremors: A Cold Day in Hell,"Action,Adventure,Science Fiction,Fantasy,Comedy,Horror",en,32.69,5/1/2018,6,309
346709,Line of Duty,"Thriller,Crime",en,27.806,12/25/2019,6,227
312791,GirlHouse,"Horror,Thriller",en,7.551,10/16/2014,6,236
25968,Veronika Decides to Die,"Drama,Romance",en,6.952,5/16/2009,6,206
475928,School's Out,"Thriller,Drama,Mystery",fr,6.104,8/31/2018,6,238
222899,About Last Night,"Comedy,Romance",en,12.917,2/14/2014,6,444
11052,Yu-Gi-Oh! The Movie,"Animation,Fantasy,Action,Science Fiction",en,30.812,8/13/2004,6,265
1884,The Ewok Adventure,"Adventure,Family,Fantasy,Science Fiction,TV Movie",en,12.855,11/25/1984,6,251
220286,Grand Piano,"Thriller,Mystery",en,6.986,10/11/2013,6,431
188161,A Million Ways to Die in the West,"Comedy,Western",en,25.782,5/22/2014,6,3503
55465,A Very Harold & Kumar Christmas,Comedy,en,16.864,11/4/2011,6,777
18890,We're Back! A Dinosaur's Story,"Animation,Science Fiction,Family",en,10.426,11/24/1993,6,328
5559,Bee Movie,"Family,Animation,Adventure,Comedy",en,62.987,10/28/2007,6,4092
344041,Standoff,"Thriller,Drama",en,16.696,1/4/2016,6,258
80038,Friends with Kids,"Comedy,Romance",en,9.278,3/9/2012,6,416
58013,La banda dei Babbi Natale,Comedy,it,5.873,12/17/2010,6,948
9005,The Ice Harvest,"Action,Adventure,Comedy,Crime,Drama,Thriller",en,7.059,11/23/2005,6,234
6068,Six Days Seven Nights,"Adventure,Action,Comedy,Romance",en,18.586,6/12/1998,6,1155
531306,Rim of the World,"Science Fiction,Adventure,Action,Comedy",en,19.647,5/24/2019,6,808
355506,Siren,Horror,en,24.177,12/2/2016,6,210
242095,The Signal,"Thriller,Science Fiction",en,23.646,3/15/2014,6,1402
43211,7 Kilos in 7 Days,,it,5.885,2/2/1986,6,212
2539,Spanglish,Comedy,en,12.322,12/17/2004,6,1084
2370,Topaz,"Drama,Thriller",en,7.38,12/17/1969,6,283
460019,Truth or Dare,"Thriller,Horror",en,64.52,4/12/2018,6,3508
455236,Accident Man,"Action,Crime",en,15.412,2/6/2018,6,334
41439,Saw 3D,"Horror,Crime",en,46.693,10/21/2010,6,2378
10922,The Human Stain,"Drama,Romance",en,12.667,10/29/2003,6,358
483202,Eli,Horror,en,22.011,10/18/2019,6,1131
77883,The Possession,"Horror,Thriller",en,15.981,8/30/2012,6,1351
35626,Return to Sleepaway Camp,"Mystery,Horror,Comedy",en,9.158,11/4/2008,6,251
14451,Dead Snow,"Horror,Comedy",no,23.813,1/9/2009,6,889
4256,Scary Movie 3,Comedy,en,88.916,10/24/2003,6,3347
2067,Mission to Mars,"Science Fiction,Thriller",en,12.866,3/10/2000,6,1138
518158,Leprechaun Returns,"Horror,Fantasy,Comedy",en,31.732,12/11/2018,6,269
517909,The Laundromat,"Drama,Crime,Comedy",en,11.409,9/27/2019,6,998
18147,Unaccompanied Minors,"Comedy,Family",en,8.205,12/8/2006,6,249
8975,The Marine,Action,en,21.663,10/13/2006,6,594
121734,"Tad, the Lost Explorer","Animation,Comedy,Adventure,Family",es,54.414,8/10/2012,6,427
13654,101 Dalmatians II: Patch's London Adventure,"Family,Adventure,Comedy,Animation",en,56.905,11/6/2002,6,965
308531,Teenage Mutant Ninja Turtles: Out of the Shadows,"Action,Adventure,Comedy,Family,Science Fiction",en,48.547,6/1/2016,6,2931
11077,Problem Child,Comedy,en,22.814,7/27/1990,6,647
479455,Men in Black: International,"Comedy,Science Fiction",en,51.689,6/12/2019,6,4010
443319,Phoenix Forgotten,"Horror,Mystery,Science Fiction",en,11.606,4/21/2017,6,226
347984,6 Days,"Action,Drama,History,Thriller",en,12.436,7/9/2017,6,581
50725,Take Me Home Tonight,"Comedy,Drama,Romance",en,15.132,3/4/2011,6,559
23827,Paranormal Activity,"Horror,Mystery",en,61.415,9/14/2007,6,4225
11777,I.Q.,"Comedy,Drama,Romance",en,7.003,12/24/1994,6,350
785985,The Takedown,"Comedy,Action",fr,359.044,5/6/2022,6,285
442249,The First Purge,"Horror,Action,Thriller",en,95.131,7/4/2018,6,3359
121824,Stand Up Guys,"Thriller,Comedy,Action",en,7.97,12/14/2012,6,762
25602,Ninja,"Action,Crime,Drama,Thriller",en,22.025,10/22/2009,6,256
19384,Dark Angel,"Action,Thriller,Science Fiction,Crime,Horror",en,15.47,1/26/1990,6,211
9946,End of Days,"Action,Fantasy,Horror,Mystery",en,19.93,11/24/1999,6,1462
6935,Yamakasi,"Action,Crime,Drama",fr,9.314,4/4/2001,6,466
168055,Love Is in the Air,"Comedy,Romance",fr,8.385,4/2/2013,6,357
119283,Parker,"Action,Crime",en,48.258,1/23/2013,6,2607
86597,The Tall Man,"Horror,Mystery,Thriller",en,9.434,3/19/2012,6,959
840882,The Weekend Away,"Thriller,Mystery",en,174.348,3/3/2022,6,447
243442,Un fantastico via vai,Comedy,it,4.957,12/12/2013,6,285
168138,The Last Days,"Science Fiction,Adventure,Thriller",es,6.639,3/27/2013,6,276
11452,National Lampoon's Van Wilder,"Comedy,Romance",en,16.409,3/29/2002,6,1527
551238,D-Railed,Horror,en,10.049,12/1/2018,6,238
293767,Billy Lynn's Long Halftime Walk,"Drama,War",en,18.392,11/10/2016,6,471
109491,Beautiful Creatures,"Fantasy,Drama,Romance",en,20.084,2/13/2013,6,2575
97051,Would You Rather,"Thriller,Horror",en,14.087,10/14/2012,6,769
10990,Mulholland Falls,"Drama,Mystery,Thriller,Crime",en,11.007,4/26/1996,6,206
9989,Antitrust,"Action,Crime,Drama",en,10.913,1/11/2001,6,412
918,Blind Date,"Comedy,Romance",en,11.295,3/27/1987,6,381
818,Austin Powers in Goldmember,"Comedy,Crime,Science Fiction",en,22.437,7/26/2002,6,2588
533642,Child's Play,Horror,en,48.262,6/19/2019,6,1579
257091,Get Hard,Comedy,en,19.205,3/26/2015,6,2301
76640,The Last Stand,"Action,Crime,Thriller",en,13.828,1/12/2013,6,2352
10433,Mad Dog and Glory,"Comedy,Crime,Romance,Drama",en,8.559,3/5/1993,6,283
9893,Sleepover,"Family,Comedy",en,11.178,7/9/2004,6,406
8850,The Shadow,"Adventure,Fantasy,Action,Thriller,Science Fiction",en,10.852,7/1/1994,6,409
615658,Awake,"Drama,Science Fiction,Thriller",en,101.202,6/9/2021,6,851
503619,The Package,Comedy,en,26.165,8/10/2018,6,997
38780,Rampage,"Action,Drama,Crime,Thriller,Mystery",en,16.147,8/14/2009,6,339
6472,Guarding Tess,"Comedy,Drama",en,9.388,3/11/1994,6,249
740925,No One Gets Out Alive,"Horror,Thriller,Mystery",en,113.203,9/29/2021,6,427
247218,A Boss in the Living Room,Comedy,it,5.912,1/1/2014,6,479
10547,The Arrival,"Science Fiction,Thriller",en,10.784,5/31/1996,6,590
5820,The Sentinel,"Action,Thriller,Crime",en,19.337,4/19/2006,6,630
157099,Better Living Through Chemistry,"Drama,Comedy",en,9.344,3/14/2014,6,223
14628,Fletch Lives,"Comedy,Crime,Mystery",en,6.732,3/17/1989,6,223
9449,The Borrowers,"Adventure,Fantasy,Action,Comedy,Family",en,9.554,12/5/1997,6,395
9279,Jingle All the Way,"Family,Comedy,Adventure",en,18.105,11/21/1996,6,2096
9268,Eraser,"Action,Drama,Mystery,Thriller",en,25.559,6/21/1996,6,1452
423949,Unicorn Store,"Fantasy,Drama,Comedy",en,12.062,9/11/2017,6,758
74944,War of the Buttons,"Family,Adventure",fr,5.088,9/12/2011,6,348
11595,Another 48 Hrs.,"Thriller,Action,Comedy,Crime,Drama",en,7.913,6/8/1990,6,671
446131,Madame,"Drama,Comedy",en,9.778,8/17/2017,6,246
413857,Tragedy Girls,"Horror,Comedy",en,7.265,10/20/2017,6,245
266647,Pan,"Fantasy,Adventure,Family,Action",en,19.283,9/24/2015,6,2426
157351,The Truth About Emanuel,"Drama,Thriller",en,7.131,1/10/2014,6,212
501979,Bill & Ted Face the Music,"Comedy,Science Fiction,Adventure",en,17.337,8/27/2020,6,650
290555,Wolves,"Horror,Action",en,11.486,8/28/2014,6,237
244610,The Den,"Horror,Thriller",en,7.115,12/12/2013,6,261
49730,Red Riding Hood,"Fantasy,Thriller,Horror",en,33.883,3/11/2011,6,2788
37821,Killers,"Action,Comedy,Thriller,Romance",en,28.379,10/4/2010,6,1886
20606,Doghouse,"Comedy,Horror",en,6.88,6/11/2009,6,286
9493,Twins,Comedy,en,21.198,12/8/1988,6,1801
353569,Table 19,"Comedy,Drama",en,11.078,3/3/2017,6,852
311324,The Great Wall,"Action,Adventure,Fantasy",en,64.003,12/16/2016,6,4323
183662,Crush,Thriller,en,18.996,3/13/2013,6,270
158907,Breathe In,Drama,en,8.812,1/18/2013,6,270
66118,Case départ,Comedy,fr,5.565,7/5/2011,6,377
22821,The Boondock Saints II: All Saints Day,"Action,Thriller,Crime",en,10.858,11/24/2009,6,598
13092,How to Lose Friends & Alienate People,"Comedy,Romance,Drama",en,10.383,10/2/2008,6,607
454699,Monster Family,"Animation,Family,Fantasy,Comedy",en,19.153,8/24/2017,6,279
431075,Polaroid,"Horror,Thriller,Mystery",en,23.554,1/10/2019,6,821
23488,Dorian Gray,"Fantasy,Drama,Thriller",en,14.542,9/9/2009,6,1835
11479,"Little Indian, Big City","Adventure,Drama,Family,Comedy",fr,8.907,12/14/1994,6,501
8831,Timecop,"Thriller,Science Fiction,Action,Crime",en,11.565,9/15/1994,6,908
334527,Criminal Activities,"Thriller,Crime,Drama",en,15.195,11/20/2015,6,253
253626,Good Kill,Drama,en,15.415,4/9/2015,6,452
48340,Sanctum,"Action,Thriller",en,57.272,2/3/2011,6,843
4858,The Invasion,"Science Fiction,Thriller,Mystery",en,18.45,8/17/2007,6,1201
502074,Sconnessi,Comedy,it,6.164,2/22/2018,6,212
9569,Hard to Kill,Action,en,12.865,2/9/1990,6,485
9466,Celebrity,"Drama,Comedy",en,11.206,9/7/1998,6,373
1901,In Good Company,"Comedy,Drama,Romance",en,6.629,12/29/2004,6,517
354251,Southbound,"Fantasy,Thriller,Horror,Science Fiction",en,10.192,9/17/2015,6,500
286521,5 Flights Up,Drama,en,7.877,9/5/2014,6,264
174323,G.B.F.,"Comedy,Drama",en,0.6,4/19/2013,6,372
138697,Don Jon,"Romance,Comedy,Drama",en,30.837,9/12/2013,6,3788
25523,The Ghost of Lord Farquaad,"Fantasy,Animation,Comedy,Family,Adventure",en,11.221,5/23/2003,6,201
501395,True History of the Kelly Gang,"Crime,Drama,Western,Thriller",en,9.129,11/23/2019,6,226
74945,War of the Buttons,"Adventure,Family",fr,6.251,9/20/2011,6,418
64635,Total Recall,"Action,Science Fiction,Thriller",en,48.264,8/2/2012,6,4728
9564,Asterix & Obelix Take on Caesar,"Family,Adventure,Comedy,Fantasy",fr,22.832,2/3/1999,6,1529
175116,Out of the Blue,Comedy,it,5.442,3/14/2013,6,280
5966,Along Came Polly,"Comedy,Romance",en,15.255,1/16/2004,6,2414
584962,Between Two Ferns: The Movie,Comedy,en,9.393,9/20/2019,6,657
269795,2:22,"Drama,Thriller,Romance,Science Fiction,Mystery",en,16.598,6/29/2017,6,1272
215830,Open Grave,"Horror,Thriller,Mystery",en,9.16,8/13/2013,6,590
136835,No Good Deed,"Crime,Thriller",en,32.594,9/10/2014,6,541
605804,The Wretched,"Horror,Mystery,Thriller",en,11.89,3/9/2020,6,428
172533,Drinking Buddies,"Romance,Drama",en,7.362,8/23/2013,6,689
13159,Georgia Rule,"Comedy,Drama,Romance",en,6.282,5/10/2007,6,371
2029,Tanguy,Comedy,fr,5.449,11/21/2001,6,387
1642,The Net,"Crime,Drama,Mystery,Thriller,Action",en,14.149,7/28/1995,6,1051
308024,The Overnight,"Mystery,Comedy",en,8.628,6/19/2015,6,283
266294,Sisters,Comedy,en,17.553,12/18/2015,6,1206
85041,Immaturi - Il viaggio,Comedy,it,5.424,1/4/2012,6,568
58595,Snow White and the Huntsman,"Adventure,Fantasy,Drama",en,75.831,5/30/2012,6,7085
11428,Sleepwalkers,"Fantasy,Horror,Thriller",en,26.354,4/10/1992,6,401
10680,D3: The Mighty Ducks,"Comedy,Action,Family,Drama",en,7.7,10/4/1996,6,354
10379,Drop Dead Fred,"Comedy,Fantasy,Family",en,7.783,4/19/1991,6,292
414190,iBoy,"Action,Science Fiction",en,16.999,1/27/2017,6,1015
203665,Paris or Perish,Comedy,fr,6.943,7/15/2013,6,259
11866,Flight of the Phoenix,"Action,Adventure,Drama,Thriller",en,12.201,12/17/2004,6,702
10313,The Men Who Stare at Goats,"Comedy,War",en,13.347,10/17/2009,6,1865
10127,Critters 2,"Comedy,Horror,Science Fiction",en,20.215,4/29/1988,6,306
217,Indiana Jones and the Kingdom of the Crystal Skull,"Adventure,Action",en,30.553,5/21/2008,6,6790
41215,Black Death,"Action,Drama,Horror,Mystery,History",en,8.844,6/7/2010,6,673
12658,Someone Like You...,"Comedy,Romance",en,10.941,3/30/2001,6,313
9923,Domino,"Action,Crime",en,9.883,10/14/2005,6,1025
7091,Vampire's Kiss,"Comedy,Horror",en,8.093,9/17/1988,6,270
30974,High Lane,"Action,Thriller,Horror",fr,10.349,6/24/2009,6,322
497814,Breaking In,"Thriller,Crime,Action,Horror",en,18.896,5/5/2018,6,578
14248,Igor,"Animation,Comedy,Family,Fantasy",en,59.2,9/19/2008,6,481
11932,Bride of Chucky,"Comedy,Horror",en,84.149,10/16/1998,6,1454
10714,The Jungle Book,"Family,Adventure,Drama",en,15.171,12/23/1994,6,382
479,Shaft,"Action,Adventure,Crime,Thriller",en,21.987,6/15/2000,6,1026
346681,Wilson,"Comedy,Drama",en,8.269,3/24/2017,6,309
43209,Ong Bak 3,"Action,Adventure,History",th,29.426,5/5/2010,6,343
14817,Good Burger,"Family,Comedy",en,15.2,7/25/1997,6,383
8069,Barbarella,"Science Fiction,Adventure",en,14.839,10/10/1968,6,510
586592,Come to Daddy,"Comedy,Thriller,Horror",en,9.066,4/25/2019,6,390
13460,Doomsday,"Action,Thriller,Science Fiction",en,23.445,3/14/2008,6,1002
9756,Half Light,"Thriller,Horror",en,14.963,1/17/2006,6,235
10173,Marked for Death,"Action,Crime",en,13.526,10/5/1990,6,393
36669,Die Another Day,"Adventure,Action,Thriller",en,21.816,11/17/2002,6,2881
30618,Bunraku,"Thriller,Action,Drama",en,9.211,9/1/2010,6,255
14372,Leviathan,"Adventure,Horror,Action,Thriller,Science Fiction",en,13.176,3/17/1989,6,366
9815,Goal! II: Living the Dream,Drama,en,14.258,2/9/2007,6,539
32823,Get Him to the Greek,"Adventure,Comedy,Music",en,14.574,6/4/2010,6,1456
15516,The Last House on the Left,"Horror,Thriller",en,21.411,8/30/1972,6,494
11374,Edtv,Comedy,en,8.175,3/26/1999,6,514
9406,An American Werewolf in Paris,"Horror,Comedy",en,17.262,5/29/1997,6,533
49953,A Turtle's Tale: Sammy's Adventures,"Animation,Family",en,14.351,8/3/2010,6,530
24795,Angels in the Outfield,"Comedy,Drama,Family,Fantasy",en,13.627,7/15/1994,6,349
10351,Wishmaster,"Horror,Fantasy",en,17.163,9/19/1997,6,439
590869,Hammamet,"Drama,History",it,5.323,1/9/2020,6,343
11775,Intolerable Cruelty,"Crime,Comedy,Romance",en,12.272,9/2/2003,6,1189
9644,National Lampoon's Loaded Weapon 1,"Comedy,Crime,Action",en,8.124,2/4/1993,6,566
9582,A Guy Thing,"Comedy,Romance",en,10.237,1/17/2003,6,279
492565,The Kid,"Western,Drama,Action",en,9.211,3/8/2019,5.9,227
261375,Flying Home,Romance,en,8.541,4/2/2014,5.9,215
52067,Cedar Rapids,Comedy,en,7.059,2/11/2011,5.9,345
11015,The Relic,"Horror,Mystery,Thriller",en,11.873,1/10/1997,5.9,404
10678,Bringing Down the House,Comedy,en,12.286,3/7/2003,6,596
491473,Gloria Bell,"Drama,Romance",en,9.063,3/7/2019,5.9,248
257440,Term Life,Thriller,en,16.5,4/29/2016,5.9,240
199661,Josephine,"Romance,Comedy",fr,5.11,6/19/2013,5.9,262
73937,The Big Year,Comedy,en,8.344,10/13/2011,5.9,636
8698,The League of Extraordinary Gentlemen,"Fantasy,Action,Thriller,Science Fiction",en,30.501,7/11/2003,5.9,3419
5549,RoboCop 2,"Action,Adventure,Crime,Science Fiction,Thriller",en,22.701,6/22/1990,5.9,1444
1722,Captain Corelli's Mandolin,"Drama,History,Romance,War",en,9.396,4/18/2001,5.9,432
362637,Opposites Attract,"Romance,Comedy",it,6.034,10/8/2015,5.9,255
340442,Pilgrimage,"Action,Adventure,Drama",en,23.254,4/23/2017,5.9,228
328720,What a beautiful surprise,Comedy,it,5.119,3/11/2015,5.9,370
11638,Guess Who,"Comedy,Romance",en,10.453,3/25/2005,5.9,748
1961,My Name Is Bruce,"Comedy,Horror,Fantasy",en,5.893,10/1/2007,5.9,263
206296,The Last Five Years,"Comedy,Drama,Music,Romance",en,5.351,11/3/2014,5.9,308
47971,xXx: Return of Xander Cage,"Action,Adventure,Crime",en,79.731,1/13/2017,5.9,6324
10145,The Forgotten,"Thriller,Drama,Mystery,Science Fiction",en,12.309,9/24/2004,5.9,938
4234,Scream 3,"Horror,Mystery",en,29.498,2/3/2000,5.9,2600
126250,Love Is All You Need,"Comedy,Romance,Drama",da,9.838,9/4/2012,5.9,235
45649,Rubber,"Comedy,Drama,Fantasy,Horror,Mystery",en,8.512,11/9/2010,5.9,783
25239,Day of the Woman,"Horror,Thriller",en,25.954,11/2/1978,5.9,444
12540,Bring It On Again,Comedy,en,1.133,1/13/2004,5.9,350
10900,Surveillance,"Horror,Thriller,Mystery",en,7.116,2/8/2008,5.9,251
412546,Antrum,Horror,en,16.085,10/14/2018,5.9,236
12994,The Nines,"Drama,Fantasy",en,7.55,1/21/2007,5.9,341
9092,Snow White: A Tale of Terror,"Fantasy,Horror",en,22.717,7/18/1997,5.9,201
174675,The Machine,"Science Fiction,Thriller",en,7.802,4/25/2013,5.9,668
130267,Seal Team Six: The Raid on Osama Bin Laden,"Thriller,Action,Crime,Drama",en,5.872,11/4/2012,5.9,231
19286,Leprechaun 3,"Comedy,Horror",en,48.255,7/4/1995,6,236
9988,Beerfest,Comedy,en,11.386,8/25/2006,5.9,424
9895,Man of the Year,"Comedy,Romance,Thriller",en,6.741,10/9/2006,5.9,356
539537,Fantasy Island,"Horror,Fantasy,Adventure,Mystery",en,24.038,2/12/2020,5.9,1950
421473,Above Suspicion,"Thriller,Crime",en,14.546,6/20/2019,5.9,203
9073,Free Willy 2: The Adventure Home,"Family,Adventure,Drama",en,27.414,7/19/1995,5.9,482
8452,The 6th Day,"Science Fiction,Mystery,Action",en,18.04,11/17/2000,5.9,1639
274854,The Last Witch Hunter,"Fantasy,Action,Adventure",en,53.804,10/21/2015,5.9,3130
21427,The Valet,Comedy,fr,7.685,3/29/2006,5.9,442
8914,Deep Blue Sea,"Action,Horror,Science Fiction",en,22.415,7/28/1999,5.9,1959
426238,Beach Rats,"Drama,Romance",en,9.528,8/25/2017,5.9,434
146223,Closed Circuit,"Mystery,Drama,Crime,Thriller",en,18.637,8/28/2013,5.9,374
10023,Dragnet,"Action,Comedy,Crime",en,8.627,6/23/1987,5.9,362
1257,Because I Said So,"Romance,Comedy",en,9.924,2/2/2007,5.9,538
335777,The Nut Job 2: Nutty by Nature,"Animation,Family,Adventure,Comedy",en,20.34,8/11/2017,5.9,329
187596,Walk of Shame,Comedy,en,20.95,5/2/2014,5.9,1237
48946,Chatroom,"Drama,Thriller",en,9.069,8/11/2010,5.9,251
32985,Solomon Kane,"Adventure,Fantasy,Action",en,11.6,9/16/2009,5.9,1125
514593,You Should Have Left,Horror,en,32.733,6/18/2020,5.9,500
112200,Thanks for Sharing,"Comedy,Drama",en,8.664,9/19/2013,5.9,461
48838,London Boulevard,"Drama,Crime",en,9.988,11/10/2010,5.9,592
39386,The Corsican File,Comedy,fr,7.101,10/6/2004,5.9,295
579,Jaws 2,"Horror,Thriller",en,28.034,6/16/1978,5.9,1503
452507,1922,"Horror,Crime,Drama",en,22.663,10/20/2017,5.9,2265
356842,The Ones Below,Thriller,en,7.744,3/11/2016,5.9,299
10571,Boys and Girls,"Comedy,Drama,Romance",en,8.701,6/16/2000,5.9,335
9894,The Cable Guy,"Comedy,Drama,Thriller",en,17.405,6/10/1996,5.9,1929
471507,Destroyer,"Thriller,Crime,Drama,Action",en,11.517,12/25/2018,5.9,581
422715,The Bride,"Mystery,Horror,Thriller",ru,15.851,1/19/2017,5.9,306
382598,Full Speed,"Family,Comedy,Action",fr,17.931,11/11/2016,5.9,525
302688,My Big Fat Greek Wedding 2,"Romance,Comedy",en,12.09,3/23/2016,5.9,862
146198,Triple 9,"Action,Thriller,Mystery",en,19.603,2/19/2016,5.9,1807
87516,Oldboy,"Drama,Thriller,Mystery,Action",en,20.506,11/14/2013,5.9,1660
44363,Frozen,Thriller,en,18.662,2/5/2010,5.9,1503
3597,I Know What You Did Last Summer,"Horror,Thriller,Mystery",en,19.264,10/17/1997,5.9,2215
318,The Million Dollar Hotel,"Drama,Thriller",en,7.942,2/9/2000,5.9,251
110552,The Protector 2,Action,th,31.747,10/23/2013,5.9,200
12556,Ghosts of Girlfriends Past,"Fantasy,Comedy,Romance",en,31.135,5/1/2009,5.9,1990
12245,The Oxford Murders,"Crime,Mystery,Thriller",en,8.64,1/18/2008,5.9,541
11199,Wild Hogs,"Action,Adventure,Comedy",en,35.239,3/2/2007,5.9,1934
10480,Nurse Betty,"Comedy,Crime,Thriller",en,6.79,8/30/2000,5.9,320
2018,The Wedding Planner,"Comedy,Romance",en,13.352,1/26/2001,5.9,1416
1483,Begotten,"Fantasy,Horror",en,9.814,6/5/1991,5.9,232
390584,King Cobra,"Crime,Drama",en,10.156,10/21/2016,5.9,428
10748,St. Trinian's,"Comedy,Family,Science Fiction",en,13.377,12/21/2007,5.9,392
9745,Jack Frost,"Comedy,Family,Drama,Fantasy",en,10.05,12/10/1998,5.9,921
10538,Passenger 57,"Action,Adventure,Thriller",en,12.183,11/6/1992,5.9,794
209112,Batman v Superman: Dawn of Justice,"Action,Adventure,Fantasy",en,98.697,3/23/2016,5.9,15986
14979,Thick as Thieves,"Action,Thriller,Crime",en,12.986,1/9/2009,5.9,648
321258,The Boy,"Horror,Thriller,Mystery",en,32.75,1/22/2016,5.9,3295
24831,Piranha,"Horror,Comedy",en,42.329,8/3/1978,5.9,481
13389,Righteous Kill,"Action,Crime,Drama,Thriller",en,11.089,9/11/2008,5.9,1016
9275,Death to Smoochy,"Comedy,Crime,Drama,Thriller",en,8.991,3/28/2002,5.9,308
301348,Elvis & Nixon,"Drama,Comedy,History",en,11.008,3/22/2016,5.9,345
299687,The 5th Wave,"Science Fiction,Adventure,Action",en,40.719,1/14/2016,5.9,5157
97614,Deadfall,"Crime,Drama,Thriller",en,11.858,11/8/2012,5.9,552
2103,Solaris,"Drama,Science Fiction,Mystery",en,11.374,11/27/2002,5.9,1060
24056,The Tournament,"Horror,Action,Thriller",en,12.232,5/1/2009,5.9,504
563907,All You Need is Crime,Comedy,it,6.156,1/10/2019,5.9,412
298459,Next Time I'll Aim for the Heart,"Crime,Thriller,Drama",fr,4.575,11/12/2014,5.9,204
34480,The Descent: Part 2,"Adventure,Horror,Thriller",en,38.866,10/14/2009,5.9,849
432618,Coexister,Comedy,fr,6.619,10/11/2017,5.9,342
19724,Imagine That,"Comedy,Family",en,12.533,6/19/2009,5.9,473
16222,Whatever It Takes,"Drama,Comedy,Romance",en,7.898,3/31/2000,5.9,226
12500,American Ninja,Action,en,14.208,8/30/1985,5.9,319
2687,Memoirs of an Invisible Man,"Science Fiction,Comedy,Fantasy",en,5.678,2/28/1992,5.9,451
27579,The American,"Crime,Drama,Thriller",en,24.183,8/31/2010,5.9,1104
13279,Lakeview Terrace,"Drama,Crime,Thriller",en,10.263,9/19/2008,5.9,838
10280,Thinner,"Horror,Thriller",en,15.529,10/25/1996,5.9,459
333674,Intruders,"Drama,Thriller,Horror",en,11.005,1/15/2016,5.9,384
270302,The Riot Club,"Drama,Thriller",en,6.434,9/19/2014,5.9,910
25132,Shorts,"Family,Fantasy,Comedy",en,11.73,8/21/2009,5.9,253
429460,Muse,"Thriller,Horror",es,11.172,11/9/2017,5.9,314
9095,Mary Reilly,"Drama,Horror,Thriller,History",en,8.956,2/23/1996,5.9,255
2749,15 Minutes,"Action,Crime,Thriller",en,9.169,3/1/2001,5.9,575
1690,Hostel,Horror,en,46.061,9/17/2005,5.9,2962
448194,Pyewacket,"Thriller,Horror,Drama",en,13.595,12/8/2017,5.9,240
319340,I Kissed a Girl,Comedy,fr,4.514,1/28/2015,5.9,260
267193,Grimsby,"Action,Comedy",en,22.034,2/24/2016,5.9,1939
25643,Love Happens,"Drama,Romance",en,9.913,9/18/2009,5.9,565
2313,Prime,"Comedy,Drama,Romance",en,10.854,9/21/2005,5.9,695
547388,New Biz in the Hood,"Comedy,Drama",fr,9.377,2/27/2019,5.9,243
396806,Anon,Science Fiction,en,21.915,5/3/2018,5.9,1299
101173,Coriolanus,"Drama,Thriller",en,8.008,2/14/2011,5.9,360
37958,Immortals,"Fantasy,Action,Drama",en,20.511,11/10/2011,5.9,2143
505707,Waiting for the Barbarians,"Drama,History",en,14.703,9/6/2019,5.9,253
252512,While We're Young,"Comedy,Drama,Mystery",en,11.118,4/3/2015,5.9,924
703745,Deep Blue Sea 3,"Action,Horror,Science Fiction",en,59.134,8/25/2020,5.9,215
337154,The Meddler,"Comedy,Drama",en,6.785,4/5/2016,5.9,288
114478,Starship Troopers: Invasion,"Animation,Action,Science Fiction",en,14.512,7/21/2012,5.9,310
9566,The Fan,"Thriller,Action",en,8.109,8/15/1996,5.9,624
7515,London,"Drama,Action,Romance",en,10.973,9/3/2005,5.9,238
2084,Birthday Girl,"Comedy,Crime,Thriller",en,8.534,9/6/2001,5.9,328
470114,24 Hours to Live,"Action,Science Fiction,Thriller,Mystery",en,19.299,10/26/2017,5.9,530
375588,Robin Hood,"Adventure,Action,Thriller",en,32.651,11/21/2018,5.9,2534
52338,Waiting for Forever,"Drama,Romance",en,7.044,2/10/2010,5.9,240
38031,You Will Meet a Tall Dark Stranger,"Comedy,Drama,Romance",en,13.571,5/23/2010,5.9,713
11309,Hardware,"Science Fiction,Thriller,Horror",en,6.287,9/14/1990,5.9,218
306952,Naomi and Ely's No Kiss List,"Romance,Comedy",en,9.141,9/18/2015,5.9,1023
278924,Mechanic: Resurrection,"Action,Crime,Thriller",en,49.675,8/25/2016,5.9,2777
13555,The Funhouse,Horror,en,9.241,3/13/1981,5.9,275
527400,Come Away,"Fantasy,Adventure",en,14.033,11/12/2020,5.9,213
231001,All Hallows' Eve,Horror,en,11.23,10/29/2013,5.9,212
567971,Vampires vs. the Bronx,"Comedy,Horror",en,10.097,10/2/2020,5.9,221
340945,USS Indianapolis: Men of Courage,"Action,War",en,25.115,9/22/2016,5.9,519
82,Miami Vice,"Action,Crime,Thriller",en,19.161,7/27/2006,5.9,1389
437626,Stockholm,"Crime,Comedy",en,9.03,4/12/2019,5.9,300
340382,Attack on Titan II: End of the World,"Horror,Science Fiction,Action,Fantasy",ja,70.929,9/1/2015,5.9,225
297761,Suicide Squad,"Action,Adventure,Fantasy,Science Fiction",en,87.088,8/3/2016,5.9,18967
208763,Forbidden Empire,"Thriller,Adventure,Mystery,Fantasy,Horror,Science Fiction",ru,12.104,1/30/2014,5.9,240
37905,The Horde,"Action,Horror,Thriller",fr,7.571,2/10/2010,5.9,344
9091,Sudden Death,"Action,Adventure,Thriller,Drama",en,13.72,10/27/1995,5.9,554
416234,Winchester,"Horror,Thriller",en,21.369,2/2/2018,5.9,1521
28468,The Key,"Drama,Romance",it,24.363,10/19/1983,5.9,302
8780,Baby Mama,Comedy,en,9.868,4/25/2008,5.9,544
640923,Kidz,Comedy,it,4.778,1/23/2020,5.9,322
520946,100% Wolf,"Animation,Family,Fantasy",en,59.938,6/26/2020,5.9,235
284289,Beyond the Reach,Thriller,en,25,9/6/2014,5.9,308
273641,Jackass Presents: Bad Grandpa .5,Comedy,en,10.776,12/11/2013,5.9,202
10204,Around the World in 80 Days,"Action,Adventure,Comedy",en,16.933,6/16/2004,5.9,2062
9383,Hollow Man,"Action,Science Fiction,Thriller",en,23.8,8/4/2000,5.9,2068
13998,Margot at the Wedding,"Comedy,Drama",en,5.758,11/16/2007,5.9,201
324542,Sleepless,"Action,Crime,Thriller",en,27.233,1/12/2017,5.9,1091
238603,Earth to Echo,"Family,Adventure,Science Fiction",en,6.875,6/14/2014,5.9,510
81796,Lockout,"Action,Thriller,Science Fiction",en,50.172,4/12/2012,5.9,1554
51994,The Deep Blue Sea,"Drama,Romance",en,8.442,9/11/2011,5.9,226
340676,Personal Shopper,"Drama,Mystery,Thriller",en,24.99,10/19/2016,5.9,1028
72571,Paranormal Activity 3,"Horror,Mystery",en,47.594,10/19/2011,5.9,1833
49010,Hobo with a Shotgun,"Crime,Action,Thriller",en,12.166,5/6/2011,5.9,462
19840,"I Love You, Beth Cooper","Comedy,Romance",en,65.14,7/10/2009,5.9,713
11662,Casshern,"Drama,Horror,Science Fiction",ja,8.002,4/24/2004,5.9,202
10402,Deuce Bigalow: Male Gigolo,Comedy,en,37.018,12/10/1999,5.9,1102
9348,Species,"Science Fiction,Horror,Action",en,39.323,7/7/1995,5.9,1264
62764,Mirror Mirror,"Adventure,Comedy,Family,Fantasy",en,16.496,3/15/2012,5.9,2883
41171,Noel,"Drama,Romance",en,7.468,11/12/2004,5.9,237
39227,When in Rome,"Action,Adventure,Comedy,Drama,Family,Romance",en,7.42,11/26/2002,5.9,274
13078,The Babysitters,Drama,en,40.085,5/9/2008,5.9,340
11317,My Girl 2,"Comedy,Family",en,22.112,2/11/1994,5.9,375
228066,Victor Frankenstein,"Drama,Science Fiction,Thriller",en,14.873,11/10/2015,5.9,1820
20414,"Grande, grosso e Verdone",Comedy,it,4.258,3/7/2008,5.9,355
14873,The Jungle Book 2,"Family,Animation,Adventure",en,18.939,2/7/2003,5.9,970
13059,The Signal,"Horror,Science Fiction,Thriller",en,12.075,2/22/2008,5.9,233
12890,Smart People,"Comedy,Drama,Romance",en,7.453,4/11/2008,5.9,213
87101,Terminator Genisys,"Science Fiction,Action,Thriller,Adventure",en,94.061,6/23/2015,5.9,7280
45535,Fatal,Comedy,fr,6.415,6/16/2010,5.9,529
13018,Deception,"Thriller,Mystery",en,10.288,4/24/2008,5.9,543
147868,The Worst Christmas of My Life,Comedy,it,5.641,12/22/2012,5.9,462
24402,Emmanuelle,"Drama,Romance",fr,20.046,6/25/1974,5.9,546
10093,The Return,"Horror,Drama,Thriller",en,8.689,11/10/2006,5.9,475
340487,Certain Women,Drama,en,14.2,9/25/2016,5.9,257
58224,Mr. Popper's Penguins,"Comedy,Family",en,35.206,6/17/2011,5.9,2473
11078,National Security,"Action,Comedy,Crime,Thriller",en,17.696,1/17/2003,5.9,791
59861,Larry Crowne,"Comedy,Romance,Drama",en,8.679,6/30/2011,5.9,1099
18476,Horsemen,"Crime,Drama,Horror,Mystery,Thriller",en,14.754,2/6/2009,5.9,435
10495,The Karate Kid Part III,"Action,Family,Drama,Adventure",en,25.215,6/29/1989,5.9,1247
8555,Creep,"Horror,Thriller,Mystery",en,11.294,8/10/2004,5.9,574
8398,The Hitcher,"Action,Horror,Crime,Thriller",en,14.514,1/19/2007,5.9,740
495766,Sono tornato,"Comedy,Drama",it,6.549,2/1/2018,5.9,472
192145,Third Person,"Drama,Romance",en,9.568,9/9/2013,5.9,509
98357,Broken City,"Thriller,Crime,Drama",en,20.838,1/18/2013,5.9,1233
69778,A Good Old Fashioned Orgy,Comedy,en,12.145,9/2/2011,5.9,253
457962,Shimmer Lake,"Thriller,Crime,Drama,Mystery",en,16.489,6/9/2017,5.9,340
254473,Brick Mansions,"Action,Crime,Drama",en,27.428,4/22/2014,5.9,1322
87567,The Big Wedding,Comedy,en,9.347,4/25/2013,5.9,1008
50845,The Clink of Ice,"Comedy,Drama",fr,5.207,8/25/2010,5.9,211
16061,Tokyo Gore Police,"Adventure,Horror,Action,Science Fiction",ja,9.573,10/3/2008,5.9,231
10066,House of Wax,"Horror,Thriller",en,61.258,4/30/2005,5.9,2444
7501,Knockaround Guys,"Crime,Thriller",en,20.807,9/7/2001,5.9,261
522417,The Scorpion King: Book of Souls,"Action,Adventure,Fantasy",en,26.901,10/23/2018,5.9,208
414001,The Mercy,"Drama,Adventure",en,9.347,2/9/2018,5.9,222
378018,The Void,"Mystery,Horror,Science Fiction",en,23.617,9/22/2016,5.9,960
88042,Parental Guidance,Comedy,en,17.91,12/25/2012,5.9,409
84336,Shadow Dancer,Thriller,en,9.531,2/12/2012,5.9,207
39285,Beauty & the Briefcase,"Romance,Comedy",en,7.397,7/20/2010,5.9,376
10488,Nim's Island,"Adventure,Comedy,Family,Fantasy",en,9.617,4/3/2008,5.9,995
7451,xXx,"Action,Adventure,Thriller",en,58.114,8/9/2002,5.9,3519
445954,Acts of Vengeance,"Thriller,Action,Drama",en,23.289,10/27/2017,5.9,456
38541,The Divide,"Horror,Science Fiction",en,14.455,1/13/2012,5.9,515
9678,Little Nicky,"Comedy,Fantasy,Romance,Horror",en,22.329,11/10/2000,5.9,1481
9645,Ghost Ship,"Horror,Mystery,Thriller",en,49.303,10/25/2002,5.9,1929
270487,"Hail, Caesar!","Comedy,Drama,Mystery",en,13.583,2/5/2016,5.9,3331
11157,She-Devil,Comedy,en,8.189,12/8/1989,5.9,306
10136,The Golden Child,"Action,Adventure,Comedy,Fantasy,Mystery",en,14.105,12/12/1986,5.9,871
586764,Welcome Back Mr. President,Comedy,it,5.481,3/28/2019,5.9,213
216015,Fifty Shades of Grey,"Drama,Romance,Thriller",en,158.771,2/11/2015,5.9,10330
10740,Birth,"Mystery,Drama,Romance",en,9.407,10/29/2004,5.9,500
245906,She's Funny That Way,"Comedy,Romance",en,9.463,8/29/2014,5.9,540
1966,Alexander,"War,History,Action,Adventure,Drama,Romance",en,20.764,11/21/2004,5.9,2789
768334,A Classic Horror Story,"Drama,Horror,Mystery,Comedy",it,60.142,7/14/2021,5.9,697
423453,Sahara,"Adventure,Animation,Comedy,Family",fr,20.636,2/1/2017,5.9,245
305932,Expelled,Comedy,en,16.154,12/21/2014,5.9,419
182560,Dark Places,"Thriller,Mystery,Drama,Crime",en,10.065,4/8/2015,5.9,1086
32856,Valentine's Day,"Comedy,Romance",en,24.852,2/10/2010,5.9,2709
492611,The Turning,"Horror,Thriller",en,33.207,1/23/2020,5.9,815
125490,Antiviral,"Science Fiction,Horror",en,11.053,9/19/2012,5.9,285
12589,Jimmy Neutron: Boy Genius,"Family,Action,Adventure,Animation,Comedy,Science Fiction",en,21.61,12/21/2001,5.9,721
9453,Caligula,"Drama,History,Romance",en,32.876,8/14/1979,5.9,566
9296,S1m0ne,"Science Fiction,Comedy,Drama",en,8.821,8/23/2002,5.9,749
257088,Point Break,Action,en,36.572,12/3/2015,5.9,1974
146381,Justin and the Knights of Valour,"Animation,Adventure",en,9.599,8/9/2013,5.9,254
98566,Teenage Mutant Ninja Turtles,"Science Fiction,Action,Adventure,Comedy",en,125.076,8/7/2014,5.9,5929
84200,"For a Good Time, Call...","Comedy,Drama",en,7.255,8/31/2012,5.9,254
74777,Absentia,"Mystery,Horror,Thriller",en,8.571,3/3/2011,5.9,277
291870,Dirty Grandpa,Comedy,en,78.263,1/20/2016,5.9,3841
256474,In the Blood,"Action,Crime,Thriller",en,17.683,4/4/2014,5.9,297
45324,Casino Jack,"Comedy,Crime,Drama",en,7.658,9/16/2010,5.9,225
43646,The Comics,Comedy,it,5.123,10/28/1990,5.9,253
11674,101 Dalmatians,"Family,Comedy",en,85.52,11/27/1996,5.9,2866
10985,The New Guy,"Comedy,Family",en,12.527,5/10/2002,5.9,459
68728,Oz the Great and Powerful,"Fantasy,Adventure,Family",en,34.932,3/7/2013,5.9,5956
74998,Seeking Justice,"Action,Drama,Thriller",en,34.541,9/2/2011,5.9,833
11648,Must Love Dogs,"Romance,Comedy",en,11.939,7/21/2005,5.9,393
91314,Transformers: Age of Extinction,"Science Fiction,Action,Adventure",en,124.631,6/25/2014,5.9,6796
84105,Frenemies,"Drama,Family,TV Movie,Comedy",en,14.035,1/13/2012,5.9,382
53399,The Solitude of Prime Numbers,Drama,it,6.392,9/10/2010,5.9,357
1970,The Grudge,"Horror,Mystery,Thriller",en,57.224,10/22/2004,5.9,2433
570132,Battle of the Classes,Comedy,fr,6.53,4/3/2019,5.9,258
295830,Attack on Titan,"Horror,Fantasy,Action,Science Fiction",ja,86.592,8/1/2015,5.9,568
157843,Queen of the Desert,"Drama,Adventure,History",en,9.504,9/3/2015,5.9,224
38970,"Remember Me, My Love","Drama,Comedy,Romance",it,6.41,2/11/2003,5.9,206
10708,Daddy Day Care,"Comedy,Family",en,18.41,5/9/2003,5.9,1781
9982,Chicken Little,"Animation,Family,Comedy",en,34.604,11/4/2005,5.9,3310
2176,The Glass House,"Drama,Thriller",en,10.881,9/14/2001,5.9,776
343611,Jack Reacher: Never Go Back,"Action,Thriller",en,69.414,10/19/2016,5.9,4076
34494,Sorry if I Love You,Comedy,it,11.14,1/25/2008,5.9,616
14138,Black Water,"Adventure,Drama,Horror",en,14.101,6/1/2007,5.9,253
6073,The Mexican,"Action,Comedy,Crime,Romance",en,14.036,3/1/2001,5.9,1173
649087,Red Dot,"Thriller,Horror",sv,53.991,2/11/2021,5.9,596
241843,Cooties,"Comedy,Horror",en,26.71,10/10/2014,5.9,588
17134,12 Rounds,"Action,Thriller,Crime",en,46.747,3/19/2009,5.9,622
643550,Nocturne,"Horror,Mystery,Thriller,Music",en,20.987,10/13/2020,5.9,303
9597,Vidocq,"Fantasy,Action,Thriller,Crime,Science Fiction,Mystery",fr,7.995,9/18/2001,5.9,426
793723,Sentinelle,"Thriller,Action,Drama",fr,59.201,3/5/2021,5.9,497
9530,RV,"Family,Comedy",en,36.068,4/28/2006,5.9,1403
595743,SAS: Red Notice,"Drama,Action,Thriller",en,87.887,8/11/2021,5.9,381
20329,L: change the WorLd,"Fantasy,Action,Thriller,Science Fiction,Mystery",ja,18.655,2/9/2008,5.9,210
13341,Bad News Bears,Comedy,en,9.713,7/22/2005,5.9,210
499726,MILF,Comedy,fr,18.881,5/2/2018,5.9,442
310133,Cop Car,Thriller,en,9.386,1/24/2015,5.9,708
59965,Abduction,"Thriller,Action,Mystery",en,18.076,9/22/2011,5.9,2582
57331,Largo Winch II,"Action,Adventure,Thriller",fr,7.297,2/16/2011,5.9,295
399019,The Beguiled,Drama,en,28.313,6/23/2017,5.9,1909
258489,The Legend of Tarzan,"Fantasy,Action,Adventure",en,52.207,6/29/2016,5.9,5589
39053,Cyrus,"Comedy,Drama,Romance",en,11.33,6/18/2010,5.9,330
11152,The Ruins,Horror,en,15.366,4/2/2008,5.9,887
284537,Welcome to Me,"Comedy,Drama",en,5.421,5/1/2015,5.9,258
27583,Greenberg,"Comedy,Drama,Romance",en,19.538,8/18/2010,5.9,426
23514,The Rum Diary,"Comedy,Drama",en,13.361,10/13/2011,5.9,990
14648,Podium,"Comedy,Music",fr,5.018,2/11/2004,5.9,370
6723,The Rookie,"Action,Crime,Drama,Thriller",en,11.551,1/18/1990,5.9,417
284536,The Gambler,"Thriller,Crime,Drama",en,12.889,12/25/2014,5.9,1149
99579,"Farewell, My Queen","Drama,History",fr,6.574,3/21/2012,5.9,253
33518,Alligator,"Horror,Science Fiction,Thriller",en,10.369,7/2/1980,5.9,223
17336,Fighting,Action,en,14.984,4/24/2009,5.9,569
7548,The Libertine,"Drama,Romance",en,9.036,9/16/2004,5.9,393
419522,Ignorance Is Bliss,Comedy,it,6.332,2/23/2017,5.9,414
34069,Cargo,"Thriller,Mystery,Science Fiction",de,5.619,9/24/2009,5.9,302
10030,Good Luck Chuck,Comedy,en,23.94,9/21/2007,5.9,1232
9458,Desperate Measures,"Action,Drama,Thriller",en,13.489,1/30/1998,5.9,205
559581,Stowaway,"Science Fiction,Drama,Thriller,Adventure",en,23.376,6/24/2021,5.9,265
79697,Butter,Comedy,en,8.322,10/5/2012,5.9,324
439152,"Like Mother, Like Daughter",Comedy,fr,8.165,3/29/2017,5.9,218
382517,Open Season: Scared Silly,"Animation,Comedy,Family,Adventure",en,27.55,12/18/2015,5.9,257
62838,New Year's Eve,"Comedy,Romance",en,19.627,12/8/2011,5.9,1881
395,AVP: Alien vs. Predator,"Adventure,Science Fiction,Action,Horror",en,40.145,8/12/2004,5.9,3540
464504,A Madea Family Funeral,Comedy,en,14.274,3/1/2019,5.9,456
9448,The Big Hit,"Action,Adventure,Comedy,Thriller",en,9.683,4/24/1998,5.9,328
383785,Kung Fu Yoga,"Comedy,Mystery,Action,Adventure",zh,22,1/27/2017,5.9,287
363869,Belli di papà,Comedy,it,4.144,10/29/2015,5.9,248
277547,Playing It Cool,"Comedy,Romance",en,26.761,9/26/2014,5.9,652
800937,Senior Year,Comedy,en,218.557,5/11/2022,5.9,462
440708,Mom or Dad?,Comedy,it,9.294,2/14/2017,5.9,585
16113,The Delta Force,"Action,Thriller,Adventure",en,14.716,2/14/1986,5.9,307
11519,1941,"Action,Comedy,War",en,8.264,12/14/1979,5.9,464
10733,The Alamo,"Western,History,War,Drama",en,7.683,4/7/2004,5.9,259
340022,Gringo,"Comedy,Action,Crime",en,14.777,3/8/2018,5.9,619
152259,Phantom,Thriller,en,20.02,1/3/2013,5.9,250
36691,Solitary Man,"Comedy,Drama,Romance",en,22.095,9/7/2009,5.9,242
17169,Any Which Way You Can,"Action,Adventure,Comedy",en,10.325,12/17/1980,5.9,254
291264,The Family Fang,"Comedy,Drama,Mystery",en,7.239,4/16/2016,5.9,275
11187,Child's Play 3,"Horror,Thriller",en,59.668,8/30/1991,5.9,1198
1995,Lara Croft: Tomb Raider,"Adventure,Fantasy,Action,Thriller",en,21.449,6/11/2001,5.9,5288
476764,The Front Runner,"Drama,History",en,9.503,11/6/2018,5.9,290
460648,Bleeding Steel,"Action,Science Fiction,Thriller",zh,19.677,12/18/2017,5.9,392
93828,Welcome to the Punch,"Action,Adventure,Crime",en,7.698,3/15/2013,5.9,541
13668,Catch and Release,"Comedy,Drama,Romance",en,9.712,10/20/2006,5.9,477
9941,Down and Out in Beverly Hills,Comedy,en,8.813,1/31/1986,5.9,202
369780,"Josephine, Pregnant & Fabulous",Comedy,fr,5.498,2/10/2016,5.9,252
315319,Si accettano miracoli,Comedy,it,5.826,1/2/2015,5.9,395
16406,Dick,Comedy,en,11.516,8/4/1999,5.9,204
10061,Escape from L.A.,"Action,Adventure,Science Fiction,Thriller",en,9.867,8/9/1996,5.9,1143
9431,Bordello of Blood,"Horror,Comedy",en,57.069,8/16/1996,5.9,286
151960,Planes,"Animation,Family,Adventure,Comedy",en,37.986,8/9/2013,5.9,1385
17127,The Object of My Affection,"Comedy,Drama,Romance",en,7.417,4/17/1998,5.9,247
671039,Rogue City,"Crime,Thriller,Action,Drama",fr,8.983,10/30/2020,5.9,479
570260,Venice Calling,"Comedy,Drama",fr,6.353,5/29/2019,5.9,200
10317,Our Brand Is Crisis,"Comedy,Drama",en,8.694,9/11/2015,5.9,426
9072,Little Man,"Comedy,Crime",en,59.609,8/31/2006,5.9,1357
9021,The Santa Clause 2,"Fantasy,Comedy,Family",en,13.317,10/31/2002,5.9,1029
306,Beverly Hills Cop III,"Action,Comedy,Crime",en,16.259,5/24/1994,5.9,1400
513409,Earthquake Bird,"Drama,Mystery,Romance,Thriller",en,9.465,11/1/2019,5.9,352
661791,The Grandmother,Horror,es,639.16,1/28/2022,5.9,225
175574,Free Birds,"Animation,Comedy,Family",en,21.1,10/30/2013,5.9,646
70706,Very Good Girls,Drama,en,11.147,1/22/2013,5.9,384
11306,Extreme Measures,"Drama,Thriller",en,8.176,9/27/1996,5.9,238
235271,Addicted,"Drama,Thriller",en,23.91,10/10/2014,5.9,304
10599,Pinocchio,"Comedy,Family,Fantasy",it,10.347,10/11/2002,5.9,677
36648,Blade: Trinity,"Action,Horror,Fantasy",en,34.183,12/8/2004,5.9,3206
14140,Herbie Goes to Monte Carlo,"Romance,Comedy,Family,Action,Adventure",en,9.198,6/24/1977,5.9,254
12572,"New York, I Love You","Comedy,Drama,Romance",en,10.429,9/6/2008,5.9,425
11011,Ri¢hie Ri¢h,"Comedy,Family",en,31.22,12/19/1994,5.9,1890
460790,Starship Troopers: Traitor of Mars,"Action,Animation,Science Fiction",en,13.34,8/21/2017,5.9,210
167032,Curse of Chucky,"Horror,Thriller",en,54.222,10/4/2013,5.9,1249
16558,Duplicity,"Romance,Comedy,Crime",en,10.202,3/18/2009,5.9,616
13067,In the Land of Women,"Romance,Comedy,Drama",en,7.159,4/16/2007,5.9,405
334538,Into the Forest,"Drama,Science Fiction",en,10.404,6/3/2016,5.9,570
77987,Only God Forgives,"Drama,Thriller,Crime",en,10.119,5/30/2013,5.9,2059
18823,Clash of the Titans,"Adventure,Fantasy,Action",en,87.588,3/31/2010,5.9,5404
15019,I Could Never Be Your Woman,"Comedy,Drama,Romance",en,9.813,5/11/2007,5.9,337
505436,Serial (Bad) Weddings 2,Comedy,fr,17.031,1/30/2019,5.9,1087
123109,No One Lives,"Horror,Thriller",en,8.464,3/9/2013,5.9,484
395458,Suburbicon,"Thriller,Crime,Drama,Mystery",en,15.635,10/26/2017,5.9,1453
260001,Life Partners,"Romance,Comedy",en,7.191,12/5/2014,5.9,212
11908,Hatchet,"Comedy,Horror",en,11.812,4/27/2006,5.9,506
9825,Lake Placid,"Horror,Comedy,Action,Science Fiction,Thriller",en,20.322,7/15/1999,5.9,884
2310,Beowulf,"Adventure,Action,Animation",en,22.231,11/5/2007,5.9,2364
323676,The Boss,Comedy,en,13.017,4/7/2016,5.9,1172
287084,The Town that Dreaded Sundown,"Thriller,Horror",en,13.889,10/16/2014,5.9,357
32593,Snow White: The Fairest of Them All,"Adventure,Family,Fantasy,TV Movie",en,9.686,10/28/2001,5.9,220
14906,Saludos Amigos,"Animation,Family,Adventure",en,24.556,8/24/1942,5.9,330
456165,Family Is Family,Comedy,fr,7.004,2/28/2018,5.9,633
184125,Assault on Wall Street,"Drama,Thriller,Action",en,33.279,6/30/2013,5.9,393
12596,Pushing Tin,"Comedy,Drama",en,7.302,4/23/1999,5.9,315
9957,The Benchwarmers,Comedy,en,14.229,4/7/2006,5.9,717
489064,3 from Hell,Horror,en,17.154,9/16/2019,5.9,321
451646,My Son,"Drama,Thriller,Mystery",fr,6.059,9/20/2017,5.9,224
133698,A Perfect Plan,"Comedy,Romance",fr,6.238,10/29/2012,5.9,531
38961,Tamara Drewe,"Comedy,Romance",en,9.32,7/14/2010,5.9,353
18502,The Stuff,"Horror,Comedy,Science Fiction",en,13.622,6/14/1985,5.9,330
11968,Into the Blue,"Action,Thriller,Adventure,Crime",en,18.291,9/30/2005,5.8,1238
169219,The Dyatlov Pass Incident,"Thriller,Mystery",en,19.951,2/27/2013,5.8,494
240916,Reasonable Doubt,"Crime,Thriller",en,17.927,1/17/2014,5.8,474
28597,Problem Child 2,Comedy,en,18.946,7/3/1991,5.8,486
23172,The Spy Next Door,"Action,Comedy,Family",en,35.614,1/15/2010,5.9,1078
11870,Big Fat Liar,"Family,Comedy,Adventure",en,12.602,2/8/2002,5.8,681
9973,Air Buddies,"Adventure,Comedy,Family",en,10.278,12/12/2006,5.8,269
679989,Simply Black,Comedy,fr,5.824,7/8/2020,5.8,296
244761,The Captive,"Drama,Thriller,Crime",en,16.71,8/9/2014,5.8,934
52077,Nothing to Declare,Comedy,fr,6.997,12/20/2010,5.8,969
12819,Alpha and Omega,"Animation,Family,Comedy,Adventure,Romance",en,20.702,9/17/2010,5.8,433
9417,Wrongfully Accused,"Action,Adventure,Comedy",en,9.216,7/23/1998,5.9,300
521935,Cam,"Mystery,Thriller,Horror",en,14.063,10/1/2018,5.8,1252
45772,Gnomeo & Juliet,"Animation,Family",en,35.467,1/13/2011,5.8,1670
10357,Volcano,"Science Fiction,Action,Drama,Thriller",en,16.305,4/25/1997,5.8,1185
395763,In the Shadow of Iris,Thriller,fr,8.117,11/16/2016,5.8,205
11258,Hard Rain,"Thriller,Crime,Action",en,11.567,1/16/1998,5.8,562
439079,The Nun,"Horror,Mystery,Thriller",en,130.465,9/5/2018,5.8,5298
64639,Straw Dogs,"Drama,Thriller",en,14.158,9/16/2011,5.8,431
451877,I Think We're Alone Now,"Science Fiction,Drama,Mystery",en,7.729,9/14/2018,5.8,285
2610,Shopgirl,"Comedy,Drama,Romance",en,6.063,10/21/2005,5.8,206
56906,Husk,"Horror,Thriller",en,12.869,1/28/2011,5.8,254
21301,Barbershop 2: Back in Business,"Comedy,Drama",en,16.924,1/20/2004,5.9,202
20829,Funny People,"Comedy,Drama",en,39.574,7/30/2009,5.8,1056
437425,You Choose!,"Romance,Comedy",fr,4.963,3/15/2017,5.8,275
419372,I babysitter,Comedy,it,4.768,10/19/2016,5.8,206
14035,Meatballs,Comedy,en,13.493,6/28/1979,5.8,225
5137,Sky Captain and the World of Tomorrow,"Mystery,Action,Thriller,Science Fiction,Adventure",en,10.331,9/17/2004,5.8,1031
359412,Marauders,"Action,Crime,Thriller",en,15.144,7/1/2016,5.8,504
58547,10 Years,"Comedy,Drama",en,8.517,9/14/2012,5.8,466
12096,The Pink Panther,"Comedy,Mystery,Crime,Adventure,Action",en,23.144,2/10/2006,5.8,1613
7364,Sahara,"Action,Adventure,Comedy,Drama,Mystery",en,12.965,4/6/2005,5.8,1184
780154,All My Friends Are Dead,"Comedy,Drama,Thriller",pl,15.802,12/28/2020,5.8,260
27573,The Bounty Hunter,"Comedy,Action,Drama",en,12.596,3/16/2010,5.8,2443
19994,Jennifer's Body,"Comedy,Horror",en,61.283,9/18/2009,5.8,3050
12764,Missing in Action 2: The Beginning,"Action,War",en,9.684,3/1/1985,5.8,202
4923,Zardoz,"Fantasy,Action,Thriller,Science Fiction",en,11.469,2/6/1974,5.8,316
340402,Almost Christmas,"Comedy,Drama",en,8.401,11/11/2016,5.8,308
60281,To the Wonder,"Drama,Romance",en,6.779,2/22/2013,5.8,399
20,My Life Without Me,"Drama,Romance",en,9.154,3/7/2003,5.8,375
86331,Desire,"Drama,Romance",fr,88.564,10/6/2011,5.8,538
6439,Racing Stripes,"Comedy,Family",en,17.917,1/6/2005,5.8,490
758879,A Castle for Christmas,"Romance,Comedy,Family",en,15.799,11/26/2021,5.8,213
415010,Ravenous,"Horror,Drama,Science Fiction",fr,12.671,9/23/2017,5.8,315
97020,RoboCop,"Science Fiction,Action",en,23.899,1/30/2014,5.8,4729
11851,The Presidio,"Action,Crime,Mystery,Thriller",en,9.225,6/10/1988,5.8,254
2636,The Specialist,"Action,Thriller",en,15.178,10/7/1994,5.8,1024
418437,Unforgettable,"Drama,Thriller",en,19.952,3/6/2017,5.8,550
283445,Sinister 2,Horror,en,34.186,8/19/2015,5.8,1791
3682,54,"Drama,Music",en,10.027,8/28/1998,5.8,385
503,Poseidon,"Adventure,Action,Drama,Thriller",en,16.381,5/10/2006,5.8,1768
517412,Tesla,"Drama,History",en,12.617,8/14/2020,5.8,216
514266,Io sono Tempesta,Comedy,it,7.569,4/12/2018,5.8,255
423087,6 Below: Miracle on the Mountain,"Thriller,Drama",en,19.363,10/12/2017,5.8,315
109431,Identity Thief,"Comedy,Crime",en,29.412,2/7/2013,5.8,2963
86828,Absolutely Anything,"Comedy,Science Fiction",en,26.847,6/26/2015,5.8,1159
72207,The Five-Year Engagement,"Comedy,Romance",en,14.123,4/27/2012,5.8,1145
270010,A Hologram for the King,"Comedy,Drama",en,11.467,4/22/2016,5.8,951
353979,Pet,"Horror,Thriller",en,12.351,9/24/2016,5.8,557
9728,Friday the 13th Part III,Horror,en,33.414,8/13/1982,5.8,1036
469916,Downrange,"Thriller,Horror",en,27.088,5/25/2018,5.8,239
150202,The Haunting in Connecticut 2: Ghosts of Georgia,"Horror,Drama,Thriller",en,25.439,2/1/2013,5.8,424
16866,Planet 51,"Family,Comedy,Science Fiction,Adventure,Animation",en,30.83,11/19/2009,5.8,1713
7090,Ken Park,Drama,en,24.06,8/31/2002,5.8,408
354861,Father Figures,Comedy,en,10.017,12/21/2017,5.8,546
192134,Dom Hemingway,"Comedy,Crime,Drama",en,6.906,11/15/2013,5.8,430
437311,Orbiter 9,"Drama,Science Fiction,Romance",es,19.28,4/7/2017,5.8,233
19904,The Stepfather,"Horror,Thriller",en,13.768,10/16/2009,5.8,709
418078,It Comes at Night,"Drama,Horror,Mystery",en,15.068,6/9/2017,5.8,1959
211067,The Sacrament,"Horror,Thriller",en,8.409,9/2/2013,5.8,332
147441,Exodus: Gods and Kings,"Adventure,Drama,Action",en,85.055,12/3/2014,5.8,3965
10131,A Nightmare on Elm Street 4: The Dream Master,"Horror,Thriller",en,28.932,8/19/1988,5.8,1064
1691,Hostel: Part II,Horror,en,55.163,6/8/2007,5.8,1605
255157,The Forger,"Thriller,Crime,Drama",en,9.026,9/10/2014,5.8,306
10406,Encino Man,Comedy,en,10.248,5/22/1992,5.8,517
99367,Date and Switch,Comedy,en,13.761,2/14/2014,5.8,209
19592,Dead Birds,"Horror,Thriller,Western",en,5.609,5/19/2004,5.8,220
10596,Replicant,"Action,Adventure,Science Fiction,Thriller",en,10.778,5/11/2001,5.8,371
4327,Charlie's Angels,"Action,Adventure,Comedy,Crime,Thriller",en,26.867,11/2/2000,5.8,3544
17,The Dark,"Horror,Thriller,Mystery",en,8.864,9/28/2005,5.8,209
238215,The Cobbler,"Fantasy,Comedy,Drama",en,27.325,9/11/2014,5.8,1395
46221,The Tunnel,"Horror,Thriller,Mystery",en,7.825,5/19/2011,5.8,272
13690,Open Season 2,"Adventure,Animation,Comedy,Family",en,18.707,9/24/2008,5.8,993
10069,Stay Alive,"Horror,Thriller",en,26.393,3/24/2006,5.8,593
9570,The Black Hole,"Adventure,Family,Science Fiction,Action",en,10.625,12/18/1979,5.8,344
460321,Close,"Action,Thriller",en,22.324,1/18/2019,5.8,721
325133,Neighbors 2: Sorority Rising,Comedy,en,34.363,5/4/2016,5.8,3922
342878,One Wild Moment,"Comedy,Drama,Romance",fr,13.04,6/24/2015,5.8,914
320316,Italiano medio,Comedy,it,6.894,1/29/2015,5.8,451
37414,The Killer Inside Me,"Crime,Drama,Thriller",en,8.826,2/19/2010,5.8,465
27414,"Silent Night, Deadly Night","Thriller,Horror",en,8.109,11/9/1984,5.8,258
14223,Wind Chill,"Drama,Horror,Thriller",en,12.398,4/27/2007,5.8,337
7978,The Wolfman,"Horror,History,Drama,Thriller",en,29.912,2/10/2010,5.8,1645
3512,Under Siege 2: Dark Territory,"Action,Thriller",en,17.56,7/13/1995,5.8,674
661930,The Swarm,Horror,fr,8.489,10/14/2020,5.8,333
429202,Vox Lux,"Drama,Music",en,12.075,9/7/2018,5.8,388
89492,This Is 40,Comedy,en,14.399,12/20/2012,5.8,1855
52286,The Student,Romance,fr,6.598,10/5/1988,5.8,210
45657,The Ward,"Horror,Thriller",en,16.809,9/13/2010,5.8,1016
10014,A Nightmare on Elm Street Part 2: Freddy's Revenge,Horror,en,37.971,11/1/1985,5.8,1420
214030,Fading Gigolo,Comedy,en,14.494,9/7/2013,5.8,502
156717,Death Race: Inferno,"Action,Science Fiction,Thriller",en,53.523,1/4/2013,5.8,605
737568,The Doorman,"Action,Thriller",en,80.86,10/1/2020,5.8,310
346672,Underworld: Blood Wars,"Fantasy,Action,Thriller,Horror",en,56.062,11/24/2016,5.8,3181
9767,The Break-Up,"Romance,Comedy",en,29.187,6/1/2006,5.8,2293
275601,Ricki and the Flash,"Comedy,Drama,Music",en,12.353,7/10/2015,5.8,633
61630,Il paradiso all'improvviso,"Comedy,Romance",it,4.69,12/19/2003,5.8,318
748853,In the Earth,"Horror,Science Fiction,Thriller",en,12.052,4/16/2021,5.8,270
445605,Slam,Comedy,it,12.913,11/20/2016,5.8,217
335791,When the Bough Breaks,"Mystery,Drama,Horror",en,18.122,9/9/2016,5.8,334
38262,Department Store,Comedy,it,10.963,6/6/1986,5.8,257
12569,Extract,Comedy,en,8.765,9/3/2009,5.8,459
11517,Money Train,"Action,Comedy,Crime",en,9.005,11/21/1995,5.8,616
520725,The Lost Prince,"Fantasy,Adventure,Comedy",fr,33.985,2/12/2020,5.8,289
13836,Race to Witch Mountain,"Adventure,Family,Fantasy,Science Fiction,Thriller,Action",en,13.19,3/12/2009,5.8,1440
12138,3000 Miles to Graceland,"Action,Adventure,Comedy,Crime,Thriller",en,10.27,2/23/2001,5.8,505
2099,Raw Deal,"Action,Crime,Thriller",en,12.678,6/6/1986,5.8,613
347754,Curve,"Horror,Thriller",en,27.227,8/31/2015,5.8,317
19042,All Dogs Go to Heaven 2,"Romance,Animation,Family,Adventure,Fantasy",en,13.881,3/29/1996,5.8,211
2022,Mr. Deeds,"Comedy,Romance",en,14.944,6/28/2002,5.8,1853
249070,Hitman: Agent 47,"Action,Crime,Thriller",en,57.918,8/20/2015,5.8,2566
9600,Big Momma's House,"Crime,Comedy",en,29.347,5/31/2000,5.8,1922
50022,Super Troopers 2,"Comedy,Crime,Mystery",en,12.811,4/19/2018,5.8,359
382518,Last Call for Nowhere,Comedy,fr,4.904,7/13/2016,5.8,239
256569,Trespass Against Us,"Action,Crime,Drama",en,8.799,10/14/2016,5.8,269
52451,The Three Musketeers,"Adventure,Action,Thriller",en,24.495,8/31/2011,5.8,2300
18457,Dead Weight,Comedy,fr,6.328,4/10/2002,5.8,307
431185,He's Out There,"Horror,Thriller",en,6.285,10/25/2018,5.8,235
325848,The Parisian Bitch,Comedy,fr,5.566,4/29/2015,5.8,424
107811,21 & Over,Comedy,en,23.626,3/1/2013,5.8,1344
9907,Barnyard,"Animation,Comedy,Family",en,16.699,8/4/2006,5.8,871
602654,Horizon Line,Thriller,en,14.156,10/29/2020,5.8,233
190469,Redirected,"Action,Comedy,Crime,Thriller",en,7.381,1/10/2014,5.8,305
157823,Night Moves,"Thriller,Drama",en,5.66,4/23/2014,5.8,252
15213,Everyone's Hero,"Adventure,Animation,Comedy,Family",en,13.915,8/4/2006,5.8,230
502416,Ma,"Horror,Thriller",en,21.192,5/29/2019,5.8,1755
433627,7 Days in Entebbe,"Thriller,Drama,Crime",en,14.305,3/15/2018,5.8,345
311539,A Christmas Horror Story,"Horror,Fantasy",en,8.745,7/20/2015,5.8,261
1596,Population 436,"Horror,Thriller",en,8.034,7/4/2006,5.8,214
250349,Barbecue,Comedy,fr,9.218,4/30/2014,5.8,585
71679,Resident Evil: Retribution,"Action,Horror,Science Fiction",en,10.002,9/12/2012,5.8,3369
14161,2012,"Action,Adventure,Science Fiction",en,134.916,10/10/2009,5.8,10563
6477,Alvin and the Chipmunks,"Comedy,Family,Fantasy,Animation",en,56.332,12/13/2007,5.8,3769
393345,Cult of Chucky,"Horror,Thriller",en,59.004,10/23/2017,5.8,927
40720,Twelve,"Thriller,Drama,Action,Crime",en,6.111,7/30/2010,5.8,204
12193,Four Christmases,"Comedy,Romance,Drama",en,11.967,11/26/2008,5.8,902
11074,Striking Distance,"Crime,Action,Mystery,Thriller",en,12.464,9/17/1993,5.8,659
614911,The Midnight Sky,"Science Fiction,Drama",en,18.5,12/10/2020,5.8,1509
41665,Fantozzi in Heaven,Comedy,it,4.79,12/22/1993,5.8,330
26953,Puppet Master,"Horror,Fantasy,Science Fiction",en,9.063,10/12/1989,5.8,255
9396,Crocodile Dundee II,"Adventure,Comedy",en,20.853,5/19/1988,5.8,883
40817,Kiss Me Again,Comedy,it,6.377,1/29/2010,5.8,336
12277,Undercover Brother,"Action,Comedy",en,12.659,5/31/2002,5.8,303
53985,Mutant Pumpkins from Outer Space,"TV Movie,Animation,Family,Comedy",en,15.152,4/1/2009,5.8,221
38310,Firefighters,Comedy,it,8.492,10/25/1985,5.8,243
615469,Spiderhead,"Science Fiction,Thriller,Drama",en,942.152,6/15/2022,5.8,728
413992,Sweet Virginia,"Drama,Thriller",en,8.694,11/17/2017,5.8,251
331190,Captive,"Crime,Drama,Thriller",en,5.802,9/17/2015,5.8,222
262543,Automata,"Thriller,Science Fiction",en,18.841,10/9/2014,5.8,1398
57114,"Amore, bugie e calcetto",,en,4.709,4/4/2008,5.8,200
9981,Kicking & Screaming,"Family,Comedy",en,10.635,5/13/2005,5.8,526
77931,The Smurfs 2,"Fantasy,Family,Comedy,Animation",en,43.255,7/30/2013,5.8,1858
565413,Moschettieri del Re - La penultima missione,"Adventure,Comedy",it,4.748,12/27/2018,5.8,329
82505,House at the End of the Street,"Horror,Thriller",en,14.767,9/21/2012,5.8,1553
11806,Beethoven,"Family,Comedy",en,21.033,4/3/1992,5.8,1715
10905,The Man with One Red Shoe,"Action,Comedy",en,9.049,7/18/1985,5.8,210
9754,Firewall,"Action,Crime,Thriller",en,13.577,2/8/2006,5.8,774
9099,Sgt. Bilko,Comedy,en,10.031,3/29/1996,5.8,285
334394,Baskin,"Fantasy,Horror,Science Fiction",tr,7.48,12/31/2015,5.8,228
10768,Omen III: The Final Conflict,Horror,en,11.559,3/20/1981,5.8,421
9312,Mortal Kombat,"Action,Fantasy",en,26.363,8/18/1995,5.8,1819
192149,The Two Faces of January,Thriller,en,5.879,5/16/2014,5.8,574
77953,The Campaign,Comedy,en,12.828,8/9/2012,5.8,1444
22894,Legion,"Horror,Action,Fantasy",en,131.82,1/21/2010,5.8,2126
348060,Antigang,"Action,Drama",fr,9.86,8/19/2015,5.8,279
167810,Lost River,"Fantasy,Thriller,Drama",en,9.305,4/8/2015,5.8,514
50037,Beyond the Black Rainbow,"Fantasy,Science Fiction,Horror",en,6.171,12/3/2010,5.8,258
14536,New in Town,"Comedy,Romance",en,7.586,1/30/2009,5.8,382
451504,Joint Custody,Comedy,fr,5.61,12/20/2017,5.8,242
51620,Death Race 2,"Action,Thriller,Science Fiction",en,54.675,11/12/2010,5.8,905
291328,Rules Don't Apply,"Romance,Comedy,Drama",en,16.871,11/23/2016,5.8,419
12139,Dennis the Menace,"Family,Comedy",en,23.044,6/23/1993,5.8,1195
11630,3 Men and a Little Lady,"Family,Comedy",en,7.081,11/21/1990,5.8,420
2144,One Night at McCool's,"Comedy,Crime",en,5.575,4/19/2001,5.8,262
739413,Mother/Android,"Science Fiction,Thriller",en,155.829,12/17/2021,5.8,526
244783,Song One,Drama,en,7.727,1/20/2014,5.8,200
73499,The Double,"Action,Drama,Crime",en,20.55,10/27/2011,5.8,540
12517,The Ordeal,Horror,fr,6.703,3/9/2005,5.8,220
628917,An American Pickle,"Comedy,Drama",en,13.476,7/26/2020,5.8,334
485942,Batman Ninja,"Animation,Action",ja,21.19,3/24/2018,5.8,792
60049,Come tu mi vuoi,Comedy,it,5.836,10/9/2007,5.8,500
37707,Splice,"Horror,Science Fiction,Thriller",en,21.543,10/6/2009,5.8,1794
13962,Blank Check,"Comedy,Family",en,12.716,2/11/1994,5.8,364
9384,Starsky & Hutch,"Comedy,Crime",en,13.938,3/5/2004,5.8,1899
718840,A Nice Girl Like You,"Comedy,Romance",en,10.641,7/18/2020,5.8,216
9932,Analyze That,"Comedy,Crime",en,12.654,12/6/2002,5.8,998
13536,City by the Sea,"Crime,Drama,Mystery",en,8.071,9/6/2002,5.8,273
4942,Leatherheads,"Comedy,Romance,Drama",en,8.779,3/24/2008,5.8,368
368940,Robinson Crusoe,"Animation,Adventure,Comedy,Family",de,18.847,2/4/2016,5.8,272
339396,True Memoirs of an International Assassin,"Comedy,Action",en,10.364,11/11/2016,5.8,672
81005,Jack the Giant Slayer,"Fantasy,Action,Adventure,Family",en,55.338,2/27/2013,5.8,4386
44833,Battleship,"Thriller,Action,Adventure,Science Fiction",en,66.388,4/11/2012,5.8,4735
13505,The Perfect Score,"Comedy,Crime",en,8.131,1/30/2004,5.8,391
490448,Our Happy Holiday,Comedy,fr,6.699,9/15/2018,5.8,230
377275,In Bed with Victoria,"Comedy,Drama,Romance",fr,6.276,9/14/2016,5.8,361
271718,Trainwreck,"Comedy,Drama,Romance",en,24.004,7/17/2015,5.8,2309
182,The Good German,"Drama,War,Thriller,Mystery",en,8.144,12/8/2006,5.8,246
403119,47 Meters Down,"Horror,Drama,Thriller,Adventure",en,28.314,5/25/2017,5.8,2366
206192,Perfect Sisters,"Thriller,Drama,Crime",en,15.673,4/8/2014,5.8,224
6641,Love and Other Disasters,"Comedy,Romance",en,7.745,9/9/2006,5.8,276
382597,R.A.I.D. Special Unit,"Action,Comedy",fr,7.973,2/1/2017,5.8,803
16314,3 Ninjas,"Family,Action,Adventure,Comedy",en,16.649,8/7/1992,5.8,362
829557,365 Days: This Day,"Romance,Drama",en,486.946,4/27/2022,5.8,641
694919,Money Plane,"Action,Crime",en,10.163,9/29/2020,5.8,255
675327,Shadow in the Cloud,"Horror,Action,War",en,75.858,12/31/2020,5.8,624
42949,Arthur 3: The War of the Two Worlds,"Animation,Adventure,Fantasy,Family",en,18.104,8/22/2010,5.8,1336
550385,Christmas with a View,"Romance,Family,TV Movie",en,9.326,11/1/2018,5.8,265
234004,Ratchet & Clank,"Action,Adventure,Animation,Family",en,15.321,4/13/2016,5.8,526
144789,I'm So Excited!,Comedy,es,9.006,3/8/2013,5.8,580
1717,All the King's Men,"Drama,Thriller",en,11.102,9/10/2006,5.8,236
1408,Cutthroat Island,"Action,Adventure",en,10.035,12/22/1995,5.8,425
34803,Death at a Funeral,Comedy,en,13.018,4/15/2010,5.8,781
4442,The Brothers Grimm,"Adventure,Fantasy,Action,Comedy,Thriller",en,28.071,8/26/2005,5.8,2330
228973,Backcountry,"Thriller,Drama,Horror",en,21.734,3/20/2014,5.8,468
36727,A House of Your Dreams,Comedy,fr,5.18,6/7/2006,5.8,216
9738,Fantastic Four,"Action,Adventure,Fantasy,Science Fiction",en,41.811,6/29/2005,5.8,8145
377264,Morgan,"Horror,Science Fiction,Thriller",en,18.222,9/1/2016,5.8,1249
248574,Barely Lethal,"Adventure,Comedy,Action,Romance",en,13.638,4/30/2015,5.8,920
174751,Jane Got a Gun,"Western,Action,Drama",en,19.644,12/31/2015,5.8,687
85038,Welcome to the North,Comedy,it,5.371,1/18/2012,5.8,1188
17630,Ugly Melanie,Comedy,fr,3.871,11/12/2008,5.8,239
13812,Quarantine,"Horror,Science Fiction",en,10.955,10/10/2008,5.8,1037
54540,Beverly Hills Chihuahua 2,"Comedy,Family",en,25.564,2/1/2011,5.8,313
35025,Le Mac,Comedy,fr,7.169,2/16/2010,5.8,249
4248,Scary Movie 2,Comedy,en,100.192,7/4/2001,5.8,3784
659986,The Owners,"Thriller,Horror",en,55.13,8/27/2020,5.8,252
215379,Young Ones,"Western,Action,Drama,Science Fiction",en,5.945,6/28/2014,5.8,248
56014,Men Vs Women,Comedy,it,7.647,10/27/2010,5.8,618
49524,R.I.P.D.,"Fantasy,Action,Comedy,Crime",en,34.579,7/18/2013,5.8,3279
15713,The First Star,Comedy,fr,3.946,3/25/2009,5.8,224
11632,Vanity Fair,"Drama,Romance",pt,8.303,9/1/2004,5.8,289
9511,Rabbit Without Ears 2,"Comedy,Romance",de,7.595,11/24/2009,5.8,217
9030,The Eye,"Drama,Horror,Thriller",en,17.675,2/1/2008,5.8,844
376865,High Life,"Science Fiction,Drama,Mystery",en,12.224,9/26/2018,5.8,863
81836,To Rome with Love,"Romance,Comedy,Drama",en,14.99,4/20/2012,5.8,1778
18176,Assassination of a High School President,"Comedy,Crime",en,8.712,1/17/2008,5.8,240
17037,I'll Be Home for Christmas,"Comedy,Family",en,7.824,11/13/1998,5.8,247
11397,Not Another Teen Movie,Comedy,en,32.94,12/7/2001,5.8,1631
10054,Spy Kids,"Action,Comedy,Family,Adventure",en,82.511,3/18/2001,5.8,2870
13056,Punisher: War Zone,"Action,Crime",en,24.862,12/5/2008,5.8,890
621707,The Vigil,"Horror,Thriller,Mystery",en,8.566,7/1/2020,5.8,257
139038,A Haunted House,"Comedy,Horror",en,79.988,1/11/2013,5.8,1453
94380,Bad Ass,"Action,Drama",en,9.67,4/12/2012,5.8,324
89455,360,"Drama,Romance",en,9.463,7/25/2012,5.8,222
487004,The Full House,Comedy,fr,5.942,3/21/2018,5.8,278
461992,Hostile,"Drama,Horror,Romance,Science Fiction",en,15.365,3/8/2018,5.8,268
8849,Alfie,"Comedy,Drama,Romance",en,11.513,10/22/2004,5.8,686
500916,Primal,Action,en,19.964,12/27/2019,5.8,261
72477,Texas Killing Fields,"Drama,Thriller,Crime,Mystery",en,8.368,10/14/2011,5.8,384
45650,The Hole,"Thriller,Adventure,Fantasy",en,10.651,9/9/2009,5.8,617
44933,C'era un cinese in coma,Comedy,it,4.919,3/3/2000,5.8,216
10854,Wicked Little Things,"Fantasy,Horror",en,11.746,11/17/2006,5.8,210
9491,Blue Steel,Thriller,en,8.584,3/16/1990,5.8,282
332704,Backtrack,"Thriller,Horror",en,8.886,7/25/2015,5.8,306
7183,Perfect Stranger,Thriller,en,24.097,4/11/2007,5.8,752
224141,Into the Woods,"Fantasy,Comedy",en,15.804,12/24/2014,5.8,3868
207769,Banshee Chapter,"Horror,Thriller",en,10.907,8/26/2013,5.8,210
10035,100 Girls,"Comedy,Drama,Romance",en,13.148,9/1/2000,5.8,362
6877,Failure to Launch,"Comedy,Romance",en,13.372,3/10/2006,5.8,1390
5375,Fred Claus,"Action,Comedy,Drama",en,12.247,11/3/2007,5.8,699
16000,Ben 10: Race Against Time,"Action,Family,Science Fiction",en,28.36,2/11/2008,5.8,251
11456,Domestic Disturbance,"Mystery,Thriller,Crime",en,12.054,10/28/2001,5.8,332
85435,A Few Best Men,Comedy,en,7.884,10/14/2011,5.8,387
53172,Henry's Crime,"Crime,Comedy",en,8.399,1/14/2010,5.8,270
41513,The Smurfs,"Animation,Family,Adventure,Comedy,Fantasy",en,51.099,7/29/2011,5.8,3203
13207,Friday the 13th,Horror,en,60.772,2/11/2009,5.8,2062
9824,Mystery Men,"Adventure,Fantasy,Action,Comedy,Science Fiction",en,9.336,8/6/1999,5.8,660
714375,Fatal Affair,Thriller,en,14.34,7/16/2020,5.8,245
631060,Things Heard & Seen,Horror,en,15.328,4/29/2021,5.8,718
17335,Obsessed,"Drama,Thriller",en,14.302,4/24/2009,5.8,538
14869,G.I. Joe: The Rise of Cobra,"Adventure,Action,Thriller,Science Fiction",en,73.437,8/3/2009,5.8,3977
461053,S.W.A.T.: Under Siege,"Action,Crime,Thriller",en,28.251,8/1/2017,5.8,277
9482,Judge Dredd,Science Fiction,en,20.394,6/30/1995,5.8,1959
772272,Tall Girl 2,"Comedy,Romance",en,47.086,2/11/2022,5.8,216
539885,Ava,"Action,Crime,Drama,Thriller",en,155.235,7/2/2020,5.8,2028
486078,The Vegetable,Comedy,it,4.831,1/18/2018,5.8,247
479040,Acts of Violence,Action,en,14.491,1/12/2018,5.8,341
50671,The Resident,"Thriller,Mystery",en,9.882,2/10/2011,5.8,515
11856,Air America,"Action,Adventure,Comedy,Drama",en,9.392,8/10/1990,5.8,460
9304,Multiplicity,"Comedy,Fantasy,Science Fiction",en,8.295,7/19/1996,5.8,428
8457,Drillbit Taylor,Comedy,en,14.901,2/4/2008,5.8,843
390051,Aftermath,"Drama,Thriller",en,22.671,2/28/2017,5.8,737
44982,13,"Drama,Thriller",en,13.89,3/12/2010,5.8,639
3603,Black Sheep,"Horror,Comedy",en,14.094,3/29/2007,5.8,580
15159,The Pink Panther 2,"Comedy,Mystery",en,17.732,2/6/2009,5.8,929
9070,Mighty Morphin Power Rangers: The Movie,"Family,Action,Adventure,Science Fiction,Fantasy",en,29.545,6/30/1995,5.8,553
2928,Michael,"Comedy,Drama,Fantasy",en,7.782,12/25/1996,5.8,508
172,Star Trek V: The Final Frontier,"Science Fiction,Action,Adventure,Thriller",en,14.756,6/9/1989,5.8,920
228177,Till Luck Do Us Part 2,Comedy,pt,5.184,12/27/2013,5.8,225
24418,Cirque du Freak: The Vampire's Assistant,"Adventure,Fantasy,Action,Thriller",en,82.863,10/23/2009,5.8,902
16235,Amityville II: The Possession,Horror,en,22.219,9/24/1982,5.8,259
258193,Alien Abduction,"Horror,Science Fiction,Thriller",en,28.936,4/4/2014,5.8,294
11565,Big Momma's House 2,"Comedy,Crime",en,28.349,1/26/2006,5.8,1333
6948,The Woods,"Mystery,Horror,Thriller",en,9.737,9/25/2006,5.8,202
463053,Ibiza,"Comedy,Romance",en,11.543,5/25/2018,5.7,1088
87428,That's My Boy,"Comedy,Drama",en,66.786,6/14/2012,5.7,1492
273169,French Women,Comedy,fr,6.607,6/4/2014,5.7,330
255456,Sotto una buona stella,Comedy,it,4.486,2/13/2014,5.7,268
57157,Young Adult,"Comedy,Drama",en,20.015,11/11/2011,5.7,1031
38321,Priest,"Horror,Action,Thriller",en,31.23,5/5/2011,5.7,1891
13498,Man of the House,"Comedy,Action",en,11.974,2/25/2005,5.7,385
322240,Nine Lives,"Fantasy,Comedy,Family",en,15.441,8/3/2016,5.7,904
12120,My Stepmother Is an Alien,"Comedy,Science Fiction",en,11.194,12/9/1988,5.7,421
12118,Police Academy 3: Back in Training,"Comedy,Crime",en,18.413,3/20/1986,5.7,967
10829,Tremors 3: Back to Perfection,"Action,Comedy,Horror,Science Fiction,Thriller",en,22.442,10/2/2001,5.7,483
4641,Read It and Weep,"Family,Comedy,Drama,TV Movie",en,8.966,7/21/2006,5.7,226
455108,The Little Stranger,"Mystery,Drama,Horror,History",en,12.641,8/30/2018,5.7,216
408266,Birth of the Dragon,"Action,Drama",en,20.748,8/25/2017,5.7,255
10799,Empire of the Wolves,Action,fr,9.483,4/20/2005,5.8,236
397442,Win It All,Comedy,en,5.535,3/11/2017,5.7,221
156547,Us in the U.S.,Comedy,it,4.367,1/3/2013,5.7,271
15379,Missing in Action,"Action,Adventure,Thriller,War",en,9.588,11/16/1984,5.7,354
130987,Plan de table,"Comedy,Romance",fr,4.964,4/10/2012,5.7,212
129139,The To Do List,"Comedy,Romance",en,10.742,7/24/2013,5.7,884
14123,Bratz,"Comedy,Music",en,15.113,8/3/2007,5.7,362
2124,Color of Night,"Romance,Thriller,Drama",en,14.475,8/19/1994,5.8,450
184315,Hercules,"Action,Adventure",en,70.897,7/23/2014,5.7,3548
20068,The Manual of Love,"Romance,Comedy,Drama",it,8.55,3/18/2005,5.7,285
363757,Loving Only You,"Romance,Comedy",it,7.663,10/22/2015,5.7,253
157433,Pet Sematary,"Horror,Thriller",en,30.821,4/4/2019,5.7,2725
14289,Fire Down Below,"Action,Thriller",en,12.311,9/5/1997,5.7,288
10805,Staying Alive,"Drama,Music",en,13.151,7/11/1983,5.7,369
1996,Lara Croft: Tomb Raider - The Cradle of Life,"Action,Adventure,Fantasy,Thriller",en,14.41,7/21/2003,5.7,3662
334536,The Blackcoat's Daughter,"Horror,Thriller",en,10.239,3/31/2017,5.7,489
59115,Quarantine 2: Terminal,"Horror,Mystery,Science Fiction",en,15.921,6/16/2011,5.7,438
41436,Paranormal Activity 2,"Horror,Mystery,Fantasy",en,26.497,10/20/2010,5.7,2040
276902,Cut Bank,Thriller,en,7.286,9/10/2014,5.7,261
159128,We Are What We Are,"Drama,Horror,Thriller",en,7.659,9/27/2013,5.7,448
95516,Cleanskin,"Drama,Thriller,Crime",en,8.517,3/8/2012,5.7,260
28941,Chopping Mall,"Horror,Science Fiction",en,7.404,3/21/1986,5.7,250
3587,Bogus,"Fantasy,Comedy,Family",en,5.808,9/6/1996,5.7,204
445583,It's All About Karma,Comedy,it,4.413,3/9/2017,5.7,251
310137,Bound to Vengeance,"Thriller,Horror",en,7.021,6/26/2015,5.7,232
11478,The Skulls,"Crime,Drama,Thriller",en,7.873,3/31/2000,5.7,465
3489,88 Minutes,"Crime,Mystery,Thriller",en,11.04,2/14/2007,5.7,889
10320,The Ring Two,"Drama,Horror,Thriller",en,47.432,3/17/2005,5.7,1907
10053,When a Stranger Calls,"Horror,Mystery",en,15.857,2/3/2006,5.7,866
12090,Just Married,"Comedy,Romance",en,15.362,1/8/2003,5.7,1124
10040,Miss Congeniality 2: Armed and Fabulous,"Action,Comedy",en,17.803,5/16/2005,5.7,1549
8867,The Punisher,"Action,Thriller",en,19.62,10/5/1989,5.7,439
266396,The Gunman,"Action,Drama,Crime",en,10.716,2/16/2015,5.7,808
53010,Second Chance,"Comedy,Romance",fr,5.683,1/5/2011,5.7,222
52214,Una moglie bellissima,"Comedy,Romance",it,5.353,12/14/2007,5.7,423
10996,Stuart Little 2,"Family,Adventure,Animation,Comedy",en,43.857,7/19/2002,5.7,2037
9927,The Ringer,Comedy,en,8.52,12/23/2005,5.7,263
9341,The Core,"Action,Thriller,Adventure,Science Fiction",en,20.457,3/28/2003,5.7,1433
302150,The Hunter's Prayer,"Action,Thriller",en,11.051,6/8/2017,5.7,317
116613,The Sweeney,"Action,Crime",en,9.833,9/11/2012,5.7,221
39106,Dragon Ball Z: Bio-Broly,"Animation,Action,Science Fiction",ja,117.314,7/9/1994,5.7,410
38313,School of Thieves,Comedy,it,6.268,10/7/1986,5.7,203
9562,Timeline,"Action,Adventure,Science Fiction",en,14.256,11/26/2003,5.7,868
6058,The Patriot,"Action,Thriller",en,10.012,7/10/1998,5.7,297
227783,The Nut Job,"Animation,Comedy,Family,Adventure",en,20.078,1/17/2014,5.7,804
26263,Death Wish 4: The Crackdown,Action,en,13.554,6/11/1987,5.7,213
18172,All the Right Moves,"Romance,Drama",en,11.452,10/21/1983,5.7,201
11718,Who's Harry Crumb?,"Comedy,Crime,Mystery",en,7.961,2/3/1989,5.7,236
10862,Bounce,"Drama,Romance",en,6.128,11/15/2000,5.7,333
10092,Cry_Wolf,"Horror,Thriller",en,48.77,9/16/2005,5.7,421
411873,The Little Hours,Comedy,en,20.515,6/30/2017,5.7,434
333663,War on Everyone,"Action,Comedy,Mystery",en,6.636,10/7/2016,5.7,332
25137,Beyond a Reasonable Doubt,"Crime,Drama,Thriller",en,7.861,2/5/2009,5.7,238
19064,Once Bitten,"Comedy,Horror,Romance",en,9.866,11/15/1985,5.7,218
9886,Johnny Mnemonic,"Science Fiction,Thriller,Adventure,Action,Drama",en,11.884,5/26/1995,5.7,1065
276488,Let Us Prey,"Thriller,Horror",en,9.576,4/17/2014,5.7,259
10172,Are We Done Yet?,"Family,Comedy",en,15.214,4/4/2007,5.7,493
9074,The Man,"Action,Comedy,Crime",en,10.216,9/8/2005,5.7,450
1375,Rocky V,Drama,en,33.495,11/16/1990,5.7,2536
16164,Killshot,"Crime,Drama,Thriller",en,9.224,11/13/2008,5.7,216
11067,Major League II,Comedy,en,7.058,3/30/1994,5.7,255
531499,The Tax Collector,"Action,Crime,Drama",en,59.819,8/7/2020,5.7,359
343934,Staten Island Summer,Comedy,en,8.09,6/30/2015,5.7,206
50359,Hop,"Animation,Comedy,Family",en,16.709,3/30/2011,5.7,1019
11472,Nine Months,"Romance,Comedy",en,7.747,7/12/1995,5.7,540
8836,The X Files: I Want to Believe,"Drama,Mystery,Science Fiction,Thriller",en,14.902,7/24/2008,5.7,1219
253161,Madame Bovary,Drama,en,9.268,6/4/2015,5.7,363
213681,Masterminds,"Action,Comedy,Crime",en,15.195,9/29/2016,5.7,1512
76489,The Three Stooges,Comedy,en,57.116,4/13/2012,5.7,462
26505,Arthur and the Revenge of Maltazard,"Adventure,Fantasy,Animation,Family",fr,22.438,11/26/2009,5.7,1473
534939,Your Son,"Drama,Thriller",es,7.948,11/9/2018,5.7,225
355008,Special Correspondents,Comedy,en,12.554,4/22/2016,5.7,407
306964,Tales of Halloween,"Horror,Thriller,Drama",en,9.141,10/16/2015,5.7,372
115348,Paranoia,"Drama,Thriller",en,14.715,8/14/2013,5.7,734
265010,The Canal,"Horror,Mystery,Thriller",en,10.208,10/10/2014,5.7,354
619979,Deep Water,"Drama,Mystery,Thriller",en,141.691,3/18/2022,5.7,682
433251,Naked,Comedy,en,25.138,8/11/2017,5.7,1099
209189,Life of Crime,"Comedy,Crime",en,13.952,9/14/2013,5.7,318
60203,Il pesce innamorato,"Comedy,Romance",it,5.224,12/17/1999,5.7,223
17941,Hush,"Drama,Thriller",en,11.206,3/6/1998,5.7,223
15590,The Prince & Me 2: The Royal Wedding,"Romance,Comedy,Family",en,11.894,2/21/2006,5.7,205
433630,Inconceivable,"Thriller,Drama",en,8.505,6/30/2017,5.7,276
336011,White Girl,Drama,en,15.696,9/2/2016,5.7,395
259963,Boulevard,Drama,en,10.249,4/20/2014,5.7,215
252164,Pressure,"Drama,Thriller",en,6.826,6/4/2015,5.7,204
250546,Annabelle,Horror,en,77.756,10/2/2014,5.7,5255
410554,First Kill,"Action,Thriller,Crime",en,22.721,7/21/2017,5.7,470
56903,Three Steps Over Heaven,"Drama,Romance",it,25.152,3/12/2004,5.7,600
13652,Ca$h,"Comedy,Thriller,Crime",fr,5.884,4/23/2008,5.7,240
9980,Maximum Overdrive,"Horror,Action,Science Fiction",en,14.021,7/25/1986,5.7,553
9884,Collateral Damage,"Action,Thriller,Drama",en,16.736,2/6/2002,5.7,1130
582186,"Oh, Ramona!","Comedy,Romance",en,19.798,2/14/2019,5.7,344
304372,The Perfect Guy,Thriller,en,9.167,9/11/2015,5.7,285
412988,The Happytime Murders,"Action,Comedy,Crime",en,23.742,8/22/2018,5.7,834
1441,The Contract,"Drama,Action,Thriller,Crime",en,10.29,4/5/2006,5.7,403
869,Planet of the Apes,"Thriller,Science Fiction,Action,Adventure",en,37.115,7/25/2001,5.7,3321
46261,Don't Be Afraid of the Dark,"Fantasy,Horror,Thriller",en,18.235,11/6/2010,5.7,882
438650,Cold Pursuit,"Action,Crime,Thriller",en,31.861,2/7/2019,5.7,2071
223702,Sausage Party,"Adventure,Animation,Comedy,Fantasy",en,118.455,7/11/2016,5.7,6290
492621,The Midnight Man,Horror,en,12.735,9/30/2016,5.7,353
464595,Poveri ma ricchissimi,Comedy,it,6.105,12/14/2017,5.7,245
446170,Black Tide,"Thriller,Drama,Mystery",fr,6.237,7/18/2018,5.7,231
366668,Playmobil: The Movie,"Family,Animation,Comedy,Adventure",en,14.312,6/10/2019,5.7,206
44943,Battle: Los Angeles,"Science Fiction,Action",en,93.524,3/8/2011,5.7,2930
18896,The French Kissers,Comedy,fr,6.424,6/10/2009,5.7,342
11398,The Art of War,"Crime,Action,Adventure",en,9.87,8/25/2000,5.7,395
9906,The Ant Bully,"Fantasy,Adventure,Animation,Comedy,Family",en,25.995,7/28/2006,5.7,1144
74461,Knights of Badassdom,"Adventure,Fantasy,Horror,Comedy",en,5.749,1/21/2013,5.7,327
13742,Satan,"Comedy,Horror,Thriller",fr,5.374,2/1/2006,5.7,287
1705,Battle for the Planet of the Apes,"Action,Science Fiction",en,17.236,6/15/1973,5.7,689
62206,30 Minutes or Less,"Action,Adventure,Comedy",en,38.993,8/11/2011,5.7,1397
15681,Ex,Comedy,it,6.994,2/6/2009,5.7,427
11141,Laws of Attraction,"Comedy,Romance",en,10.379,4/4/2004,5.7,350
71672,Wrong Turn 4: Bloody Beginnings,"Horror,Thriller",en,76.78,10/17/2011,5.7,834
8869,Eight Legged Freaks,"Action,Comedy,Horror,Thriller",en,12.005,7/17/2002,5.7,955
1450,Blood: The Last Vampire,"Action,Adventure,Horror,Science Fiction,Thriller",en,13.765,4/2/2009,5.7,282
257344,Pixels,"Action,Comedy,Science Fiction",en,90.95,7/16/2015,5.7,6531
1452,Superman Returns,"Science Fiction,Action,Adventure",en,29.45,6/28/2006,5.7,3495
486103,My Big Gay Italian Wedding,Comedy,it,5.735,3/1/2018,5.7,282
137145,247°F,"Horror,Thriller",en,7.738,9/1/2011,5.7,220
94363,Hick,"Comedy,Drama",en,6.288,9/10/2011,5.7,358
68179,Escape from Planet Earth,"Animation,Comedy,Adventure,Family,Science Fiction",en,18.557,12/27/2012,5.7,641
10694,The Chase,"Adventure,Comedy,Action,Crime",en,8.622,3/4/1994,5.7,277
9809,Let's Go to Prison,"Comedy,Crime",en,10.69,11/17/2006,5.7,225
23410,The Thaw,"Horror,Science Fiction,Thriller",en,7.848,1/1/2009,5.7,248
9669,Ringu 2,"Horror,Mystery,Science Fiction",ja,28.569,1/23/1999,5.7,316
230222,Tarzan,"Animation,Action,Adventure,Family",en,14.212,10/17/2013,5.7,511
13476,Win a Date with Tad Hamilton!,"Comedy,Romance",en,10.344,1/23/2004,5.7,429
347945,Synchronicity,"Thriller,Mystery,Science Fiction",en,7.126,7/22/2015,5.7,313
312669,Maggie's Plan,"Drama,Comedy,Romance",en,7.429,4/27/2016,5.7,315
55301,Alvin and the Chipmunks: Chipwrecked,"Comedy,Fantasy,Family,Music,Animation",en,49.965,12/14/2011,5.7,1821
23367,Bandslam,"Comedy,Drama,Family,Music,Romance",en,9.136,8/6/2009,5.7,392
271969,Ben-Hur,"Action,History,Adventure,Drama",en,32.397,8/17/2016,5.7,1473
11467,America's Sweethearts,"Comedy,Romance",en,7.991,7/17/2001,5.7,682
560204,Arkansas,"Crime,Thriller",en,8.725,5/5/2020,5.7,220
480414,The Curse of La Llorona,"Horror,Thriller",en,88.172,4/17/2019,5.7,1953
101519,A Fantastic Fear of Everything,"Comedy,Thriller,Horror",en,6.764,6/7/2012,5.7,238
18501,Gamer,"Action,Thriller,Science Fiction",en,15.738,9/3/2009,5.7,1972
2959,License to Wed,Comedy,en,7.835,7/4/2007,5.7,755
523931,Megalodon,"Action,Science Fiction,Horror,TV Movie",en,67.715,8/10/2018,5.7,217
397422,Rough Night,"Drama,Comedy",en,23.497,6/15/2017,5.7,1771
54445,S.W.A.T.: Firefight,"Action,Crime,Thriller",en,17.646,3/1/2011,5.7,253
11056,Darkness,Horror,en,6.673,10/11/2002,5.7,306
346808,Momentum,"Action,Crime,Thriller",en,29.276,10/15/2015,5.7,450
299551,The Atticus Institute,Horror,en,8.698,1/20/2015,5.7,266
16643,Life or Something Like It,"Comedy,Drama,Romance",en,9.856,4/24/2002,5.7,404
57165,Wrath of the Titans,"Fantasy,Adventure",en,69.406,3/28/2012,5.7,3595
14211,Prey,"Adventure,Horror,Thriller",en,16.257,1/30/2007,5.7,278
2122,The Whole Ten Yards,"Comedy,Thriller,Crime",en,10.031,4/7/2004,5.7,782
430040,The Hurricane Heist,"Action,Crime,Thriller",en,27.43,2/28/2018,5.7,852
34636,The NeverEnding Story II: The Next Chapter,"Drama,Family,Fantasy,Adventure",en,15.673,10/24/1990,5.7,654
9683,Bubble Boy,"Comedy,Adventure,Romance",en,13.332,8/24/2001,5.7,476
41668,Fantozzi The Return,Comedy,it,5.726,12/20/1996,5.7,320
16985,Legally Blondes,Comedy,en,50.702,4/28/2009,5.7,219
280002,The Remaining,"Thriller,Horror",en,78.689,8/25/2014,5.7,267
49014,Cosmopolis,Drama,en,9.856,5/25/2012,5.7,1025
111440,The Pact,"Horror,Mystery,Thriller",en,7.744,5/25/2012,5.7,404
480105,47 Meters Down: Uncaged,"Horror,Drama,Adventure",en,22.663,8/15/2019,5.7,1128
400710,Flatliners,"Drama,Horror,Thriller",en,17.098,9/28/2017,5.7,2012
9966,The Messengers,"Mystery,Thriller,Horror",en,25.609,2/2/2007,5.7,664
4597,Armored,"Action,Crime,Drama,Thriller,Mystery",en,12.59,12/4/2009,5.7,531
9038,The Heartbreak Kid,"Comedy,Romance",en,16.054,10/5/2007,5.7,1336
136911,The Factory,"Crime,Thriller,Mystery",en,7.48,10/19/2011,5.7,238
8860,Metro,"Action,Adventure,Comedy,Crime,Thriller",en,8.24,1/16/1997,5.7,434
357096,I Spit on Your Grave III: Vengeance is Mine,"Horror,Thriller",en,44.996,10/1/2015,5.7,769
10823,Children of the Corn,"Horror,Thriller",en,35.718,3/9/1984,5.7,765
8676,Fool's Gold,"Romance,Comedy,Adventure",en,14.973,2/7/2008,5.7,1239
8870,Red Planet,"Thriller,Action,Science Fiction",en,15.041,11/10/2000,5.7,836
7341,The Rage: Carrie 2,"Horror,Thriller,Science Fiction",en,13.47,3/11/1999,5.7,306
231474,The Hunters,"Adventure,TV Movie",en,8.964,10/25/2013,5.7,310
49787,The Reef,"Drama,Horror,Thriller",en,10.505,5/15/2010,5.7,443
10771,The Tuxedo,"Thriller,Action,Comedy,Science Fiction",en,15.43,9/27/2002,5.7,1580
2334,Taxi 3,"Action,Comedy",fr,22.262,1/29/2003,5.7,1233
440762,Jay and Silent Bob Reboot,Comedy,en,13.565,10/15/2019,5.7,374
167575,Hatchet III,"Horror,Thriller,Comedy,Action",en,8.044,6/14/2013,5.7,284
3050,Doctor Dolittle,"Comedy,Family,Fantasy",en,26.988,6/26/1998,5.7,2598
383869,Back to Mom's,Comedy,fr,8.549,6/1/2016,5.7,416
4823,Final Analysis,"Drama,Thriller,Romance",en,8.884,2/7/1992,5.7,207
560192,Grand Isle,"Thriller,Action",en,30.677,12/6/2019,5.7,228
469876,Addio fottuti musi verdi,"Comedy,Science Fiction",it,4.879,11/9/2017,5.7,375
19698,Porky's II: The Next Day,Comedy,en,12.921,6/24/1983,5.7,246
5,Four Rooms,"Crime,Comedy",en,12.665,12/9/1995,5.7,2185
323368,Hangman,"Mystery,Crime,Thriller",en,11.126,12/22/2017,5.7,429
24271,The Maiden Heist,"Comedy,Crime",en,9.189,5/9/2009,5.7,264
10679,Iron Sky,"Action,Comedy,Science Fiction",en,33.208,3/10/2012,5.7,1326
28665,Fame,"Music,Comedy,Drama,Romance",en,8.829,9/23/2009,5.7,316
3513,Legionnaire,"Adventure,Action,History,War",en,12.614,12/3/1998,5.7,423
15671,Picture This,Comedy,en,7.416,7/13/2008,5.7,259
604563,OSS 117: From Africa with Love,"Comedy,Adventure,Action",fr,9.735,8/4/2021,5.7,522
514277,Mara,"Crime,Horror,Thriller",en,9.866,8/22/2018,5.7,307
489929,Destination Wedding,"Romance,Comedy,Drama",en,11.734,8/2/2018,5.7,576
380124,Boo! A Madea Halloween,"Comedy,Horror",en,9.172,10/21/2016,5.7,371
72331,Abraham Lincoln: Vampire Hunter,"Action,Fantasy,Horror",en,102.022,6/20/2012,5.7,2816
9890,The Stepford Wives,"Comedy,Science Fiction,Horror,Thriller",en,12.847,6/10/2004,5.7,1090
459202,Boo 2! A Madea Halloween,"Horror,Comedy",en,14.348,10/20/2017,5.7,440
454615,Black Water,"Action,Thriller",en,14.914,5/18/2018,5.7,201
320302,Ever Been to the Moon?,"Comedy,Romance",it,6.304,1/22/2015,5.7,238
36298,"Me, Them and Lara","Comedy,Drama",it,5.334,1/5/2010,5.7,262
416051,Based on a True Story,"Thriller,Mystery,Drama",fr,7.037,11/1/2017,5.7,416
109513,Hit & Run,"Action,Comedy,Romance",en,7.722,8/22/2012,5.7,450
84165,2 Days in New York,"Comedy,Drama,Romance",en,7.304,3/28/2012,5.7,243
13596,My Best Friend's Girl,"Romance,Comedy",en,32.073,9/19/2008,5.7,623
11547,Cabin Fever,Horror,en,15.103,8/15/2003,5.7,1012
1683,The Reaping,Horror,en,14.622,4/5/2007,5.7,663
389053,The Do-Over,"Action,Adventure,Comedy",en,14.179,5/27/2016,5.7,1272
353491,The Dark Tower,"Fantasy,Action,Science Fiction,Adventure",en,26.201,8/3/2017,5.7,4355
342474,Jenny's Wedding,"Comedy,Drama",en,7.037,7/31/2015,5.7,366
336890,Goon: Last of the Enforcers,Comedy,en,9.2,3/17/2017,5.7,250
139567,Fire with Fire,"Action,Crime,Drama,Thriller",en,12.953,8/31/2012,5.7,577
114606,Cockneys vs Zombies,"Comedy,Horror",en,14.298,8/31/2012,5.7,322
46837,Kaboom,"Comedy,Drama,Mystery,Romance,Science Fiction,Thriller,Horror",en,6.985,10/6/2010,5.7,250
18298,The Three Kings,"Comedy,Adventure,Fantasy",fr,6.901,12/12/2001,5.7,256
438,Cube Zero,"Mystery,Science Fiction,Thriller",en,12.419,10/10/2004,5.7,821
24001,The Hills Run Red,"Horror,Thriller,Mystery",en,14.203,6/12/2009,5.7,219
9424,Disturbing Behavior,"Mystery,Horror,Science Fiction",en,11.6,7/24/1998,5.7,269
310126,"Il ricco, il povero e il maggiordomo",Comedy,it,6.212,12/11/2014,5.7,773
5552,Immortal,"Drama,Action,Science Fiction",fr,10.189,3/13/2004,5.7,333
413998,My Cousin Rachel,"Drama,Romance",en,15.937,6/8/2017,5.7,489
70435,Haywire,"Action,Drama,Thriller",en,20.1,11/1/2011,5.7,1120
11888,Snow Dogs,"Comedy,Family,Adventure",en,11.576,1/18/2002,5.7,621
11649,Masters of the Universe,"Action,Fantasy,Science Fiction,Adventure,Thriller",en,14.162,8/7/1987,5.7,686
1534,Pathfinder,"Adventure,Action",en,14.092,1/11/2007,5.7,533
11569,Hellraiser III: Hell on Earth,Horror,en,19.346,9/11/1992,5.7,549
286567,Max Steel,"Action,Adventure,Science Fiction",en,61.806,10/14/2016,5.7,647
152790,The Angriest Man in Brooklyn,"Drama,Comedy",en,11.03,5/23/2014,5.7,399
268920,Hot Pursuit,"Action,Comedy,Crime",en,11.067,5/8/2015,5.7,1424
10661,You Don't Mess with the Zohan,"Comedy,Action",en,33.895,6/5/2008,5.7,3103
252680,Moms' Night Out,Comedy,en,20.027,3/25/2014,5.7,256
475430,Artemis Fowl,"Adventure,Fantasy,Science Fiction,Family,Action",en,30.697,6/12/2020,5.7,1387
123105,The Bay,"Horror,Science Fiction,Thriller",en,6.978,9/13/2012,5.7,576
23730,C.H.U.D.,"Horror,Science Fiction",en,6.931,8/31/1984,5.7,202
9292,Hudson Hawk,"Action,Adventure,Comedy",en,11.826,5/23/1991,5.7,799
624808,Love Wedding Repeat,"Comedy,Romance",en,10.708,4/10/2020,5.7,614
340584,Lavender,"Drama,Thriller",en,11.345,11/4/2016,5.7,272
254302,High-Rise,Drama,en,9.845,11/22/2015,5.7,972
112454,Clown,Horror,en,90.292,11/13/2014,5.7,1111
13713,Jean-Philippe,Comedy,fr,5.342,4/5/2006,5.7,259
12123,Chain Reaction,"Science Fiction,Action,Drama,Thriller",en,13.932,8/2/1996,5.7,819
2210,Earth Girls Are Easy,"Comedy,Science Fiction",en,12.13,9/8/1988,5.7,287
823461,Good on Paper,"Comedy,Romance",en,13.339,6/23/2021,5.7,244
174321,The English Teacher,"Comedy,Drama,Romance",en,9.228,5/16/2013,5.7,306
60747,Red Dawn,"Action,Thriller",en,51.514,3/15/2012,5.7,1324
9877,Urban Legend,"Horror,Thriller",en,10.386,9/25/1998,5.7,1028
615678,Thunder Force,"Action,Adventure,Comedy,Science Fiction",en,61.249,4/9/2021,5.7,985
15566,Surviving Christmas,"Comedy,Romance",en,7.215,9/21/2004,5.7,420
9568,The Dentist,"Horror,Thriller",en,8.54,6/7/1996,5.7,230
641790,Trauma Center,"Action,Thriller",en,20.125,12/6/2019,5.7,320
321494,The Man with the Iron Fists 2,Action,en,30.677,3/10/2015,5.7,202
271185,Ask Me Anything,Drama,en,7.445,4/19/2014,5.7,368
270774,Skiptrace,"Action,Comedy,Thriller,Mystery",en,23.887,7/21/2016,5.7,524
10154,Mickey Blue Eyes,"Comedy,Crime,Romance",en,8.861,8/16/1999,5.7,456
171424,The Green Inferno,"Horror,Thriller,Adventure",en,50.905,9/8/2013,5.7,1119
11451,Herbie Fully Loaded,"Comedy,Family,Adventure,Fantasy,Romance",en,25.593,6/22/2005,5.7,1941
12620,The House Bunny,"Romance,Comedy",en,19.27,8/22/2008,5.7,1643
335788,Renegades,"Thriller,Action",en,30.457,8/21/2017,5.7,268
36599,Prom Night,"Horror,Thriller",en,12.087,7/18/1980,5.7,305
16889,Revenge of the Nerds II: Nerds in Paradise,Comedy,en,9.947,7/10/1987,5.7,214
237756,Kill Me Three Times,"Comedy,Thriller,Mystery",en,9.714,4/10/2015,5.6,433
336455,Viral,"Drama,Horror,Science Fiction",en,12.143,2/18/2016,5.6,432
72890,Girl Most Likely,Comedy,en,5.42,9/7/2012,5.6,220
5146,The In-Laws,"Action,Comedy",en,9.075,5/23/2003,5.6,227
485504,El Camino Christmas,"Comedy,Crime,Drama",en,8.227,12/8/2017,5.6,245
219318,The Volcano,Comedy,fr,5.452,10/2/2013,5.6,581
193687,Z for Zachariah,Science Fiction,en,8.628,8/13/2015,5.6,783
28510,Universal Soldier: Regeneration,"Adventure,Action,Science Fiction,Thriller",en,65.002,10/1/2009,5.6,349
301372,Voice from the Stone,"Drama,Mystery,Romance",en,7.644,4/28/2017,5.6,413
9413,Picture Perfect,"Romance,Comedy",en,14.347,8/1/1997,5.6,316
2565,Joe Versus the Volcano,"Comedy,Romance",en,8.422,3/9/1990,5.6,413
484437,The Hole in the Ground,Horror,en,18.496,3/1/2019,5.6,538
288171,Blue Mountain State: The Rise of Thadland,Comedy,en,8.93,2/2/2016,5.6,234
146238,Runner Runner,"Crime,Thriller,Drama",en,9.014,9/24/2013,5.6,1081
85735,Love Lasts Three Years,"Romance,Comedy",fr,5.987,12/10/2011,5.6,361
658777,Freaks – You're One of Us,"Drama,Fantasy,Thriller",de,9.003,9/2/2020,5.6,254
412105,You Get Me,"Thriller,Romance,Drama",en,30.404,6/19/2017,5.6,1571
86834,Noah,"Drama,Adventure",en,38.574,3/7/2014,5.6,5441
9034,The Banger Sisters,"Comedy,Drama",en,7.731,9/20/2002,5.6,204
429476,Hell Fest,Horror,en,11.303,9/27/2018,5.6,667
23398,Alvin and the Chipmunks: The Squeakquel,"Comedy,Family,Animation,Fantasy,Music",en,49.149,12/21/2009,5.6,2445
5956,Joshua,"Drama,Thriller,Horror",en,8.067,1/21/2007,5.6,213
560144,Skylines,"Science Fiction,Action",en,86.896,10/25/2020,5.6,430
198210,Evidence,"Horror,Thriller,Mystery",en,10.12,7/19/2013,5.6,207
118957,Bait,"Action,Horror,Thriller",en,12.331,9/5/2012,5.6,624
41517,Ra.One,"Adventure,Action,Science Fiction",hi,5.263,10/24/2011,5.6,262
4954,Drop Zone,"Action,Thriller",en,9.725,12/8/1994,5.6,323
118289,Diana,"Drama,Romance",en,11.068,9/19/2013,5.6,425
385360,Billionaire Boys Club,"Drama,Thriller",en,11.676,7/19/2018,5.6,363
51170,Open Season 3,"Adventure,Animation,Family,Comedy",en,14.749,10/21/2010,5.6,473
20856,Aliens in the Attic,"Adventure,Comedy,Family,Fantasy,Science Fiction",en,14.384,7/31/2009,5.6,844
312831,The Hallow,"Fantasy,Horror",en,23.985,11/6/2015,5.6,518
253344,Some Kind of Beautiful,Comedy,en,8.84,7/16/2015,5.6,501
48988,Hall Pass,"Comedy,Romance",en,26.959,2/25/2011,5.6,1655
1950,Lucky You,"Drama,Romance",en,7.993,5/1/2007,5.6,217
481042,Non c'è campo,"Comedy,Romance",it,4.134,11/2/2017,5.6,208
38358,The Last Exorcism,"Horror,Thriller",en,25.489,8/27/2010,5.6,829
10723,Bulletproof,"Comedy,Crime,Action",en,7.873,9/6/1996,5.6,467
582607,See You Yesterday,"Science Fiction,Drama,Adventure,Crime,Action",en,6.26,5/3/2019,5.6,458
9327,The Nutty Professor,"Fantasy,Comedy,Romance,Science Fiction",en,15.277,6/26/1996,5.6,2456
8920,Garfield,"Animation,Comedy,Family",en,90.594,6/10/2004,5.6,3243
39451,Little Fockers,"Comedy,Romance",en,24.98,12/21/2010,5.6,2792
16337,The Texas Chainsaw Massacre 2,"Comedy,Horror",en,29.468,8/22/1986,5.6,626
414191,Our House,"Horror,Drama,Thriller",en,17.538,7/27/2018,5.6,288
384682,Office Christmas Party,Comedy,en,13.06,11/25/2016,5.6,1756
12705,Smokey and the Bandit II,"Action,Comedy",en,11.524,8/15/1980,5.6,219
2155,Reindeer Games,"Thriller,Action,Crime,Drama",en,9.512,2/25/2000,5.6,515
27475,The Slumber Party Massacre,Horror,en,7.837,11/12/1982,5.6,223
12192,Pathology,"Crime,Horror,Thriller",en,8.533,4/11/2008,5.6,366
6499,Turbo: A Power Rangers Movie,"Action,Adventure,Family,Fantasy,Science Fiction,Thriller",en,41.746,3/27/1997,5.6,220
9676,The Black Dahlia,"Drama,Crime,Thriller",en,12.651,9/15/2006,5.6,885
9574,Flubber,"Comedy,Family,Science Fiction",en,13.574,11/26/1997,5.6,1981
334074,Survivor,"Crime,Action,Thriller",en,21.053,5/21/2015,5.6,855
77875,Playing for Keeps,"Comedy,Romance",en,7.376,11/29/2012,5.6,588
38778,Dinner for Schmucks,Comedy,en,17.685,7/30/2010,5.6,1476
6071,Kiss of Death,Action,en,5.693,4/21/1995,5.6,245
265208,Wild Card,"Thriller,Crime,Action",en,65.231,1/14/2015,5.6,1474
9622,Beverly Hills Ninja,"Comedy,Action",en,11.192,1/17/1997,5.6,615
2800,Rumor Has It...,"Comedy,Romance",en,11.24,12/22/2005,5.6,958
559401,Sibyl,"Drama,Comedy",fr,10.657,5/24/2019,5.6,289
10327,"Legally Blonde 2: Red, White & Blonde",Comedy,en,22.974,7/2/2003,5.6,1260
300467,Dark Was the Night,"Horror,Thriller",en,8.583,10/17/2014,5.6,201
605286,Si vive una volta sola,Comedy,it,5.968,4/28/2021,5.6,206
449459,The Vanishing,"Thriller,Mystery",en,12.358,1/4/2019,5.6,574
429471,Captive State,Science Fiction,en,19.914,3/15/2019,5.6,936
10756,The Haunted Mansion,"Thriller,Fantasy,Comedy,Family,Mystery",en,15.974,11/25/2003,5.6,1646
8319,Chapter 27,Drama,en,6.325,1/25/2007,5.6,206
345914,The House,Comedy,en,8.815,6/29/2017,5.6,772
10366,Universal Soldier: The Return,"Action,Science Fiction",en,17.327,8/5/1999,5.6,745
346910,The Predator,"Science Fiction,Action,Adventure,Comedy,Horror",en,100.851,9/5/2018,5.6,3799
10169,Men at Work,"Comedy,Crime",en,7.301,8/24/1990,5.6,290
13803,Amusement,"Horror,Thriller,Mystery",en,9.65,10/9/2008,5.6,285
2087,The Getaway,"Action,Crime,Drama,Mystery,Romance,Thriller",en,11.801,2/11/1994,5.6,255
244516,Indovina chi viene a Natale?,Comedy,it,4.926,12/19/2013,5.6,330
10563,Three to Tango,"Comedy,Romance",en,7.625,10/22/1999,5.6,204
346671,Little Evil,"Comedy,Horror",en,11.455,8/8/2017,5.6,793
370567,Sherlock Gnomes,"Animation,Family,Fantasy,Comedy,Adventure,Mystery",en,15.043,3/15/2018,5.6,595
205584,Gods of Egypt,"Action,Adventure,Fantasy",en,43.181,2/25/2016,5.6,3504
11066,Boomerang,"Comedy,Romance",en,10.513,6/30/1992,5.6,460
10206,Buffy the Vampire Slayer,"Action,Comedy,Horror",en,11.5,7/24/1992,5.6,636
475220,In Fabric,"Horror,Fantasy,Comedy",en,19.203,12/6/2018,5.6,202
83770,On the Road,"Adventure,Drama",en,8.804,5/22/2012,5.6,726
13561,Murder Party,"Comedy,Horror",en,6.639,10/12/2007,5.6,204
164251,Serena,Drama,en,10.91,10/12/2014,5.6,912
10375,D-Tox,"Action,Thriller,Horror",en,10.408,1/4/2002,5.6,519
10861,Maximum Risk,"Action,Thriller",en,16.622,9/13/1996,5.6,371
485811,Redcon-1,"Action,Horror,Science Fiction",en,64.364,9/7/2018,5.6,207
10877,Exit Wounds,"Action,Crime,Thriller",en,13.779,3/13/2001,5.6,354
718444,Rogue,"Action,Adventure",en,18.225,8/20/2020,5.6,565
68684,Detention,"Horror,Comedy,Science Fiction",en,8.89,3/16/2011,5.6,298
440597,Wish Upon,"Horror,Thriller,Fantasy",en,24.749,7/7/2017,5.6,1126
373314,Misconduct,"Thriller,Drama,Mystery",en,8.218,2/5/2016,5.6,458
19912,The Final Destination,"Horror,Mystery",en,57.444,8/26/2009,5.6,2613
41515,Yogi Bear,"Comedy,Family,Animation,Adventure",en,15.988,12/17/2010,5.6,734
13564,Return to House on Haunted Hill,"Horror,Thriller",en,9.445,10/3/2007,5.6,234
13260,Semi-Pro,Comedy,en,8.91,2/28/2008,5.6,634
27,9 Songs,"Drama,Music,Romance",en,30.131,5/16/2004,5.6,395
166822,Big Ass Spider!,Science Fiction,en,7.46,10/17/2013,5.6,202
10050,Get Over It,"Comedy,Romance",en,7.651,3/8/2001,5.6,238
8277,American Pie Presents: Beta House,Comedy,en,70.371,12/10/2007,5.6,1580
369776,The Tuche Family: The American Dream,Comedy,fr,5.616,2/3/2016,5.6,851
1665,Last Days,Drama,en,7.419,6/12/2005,5.6,289
692969,Cadaver,"Drama,Horror,Thriller",no,44.282,10/22/2020,5.6,490
345918,Come and Find Me,"Drama,Thriller",en,10.314,11/11/2016,5.6,224
15983,Invasion U.S.A.,Action,en,8.694,9/27/1985,5.6,204
144336,Sabotage,"Action,Drama,Thriller,Crime",en,32.079,3/28/2014,5.6,1188
23823,Wrong Turn 3: Left for Dead,"Horror,Thriller",en,120.413,10/20/2009,5.6,873
82679,Fun Size,Comedy,en,8.008,10/24/2012,5.6,381
542917,Twin Murders: The Silence of the White City,"Drama,Thriller",es,8.768,10/25/2019,5.6,257
306523,Ogni maledetto Natale,Comedy,it,5.258,11/27/2014,5.6,291
384521,The Cloverfield Paradox,"Horror,Science Fiction,Action,Thriller",en,21.122,2/4/2018,5.6,2723
14361,Captain Ron,"Adventure,Comedy,Family",en,10.452,9/18/1992,5.6,239
9703,The Last Legion,"Action,Adventure,Fantasy,War",en,13.287,4/19/2007,5.6,678
1819,"You, Me and Dupree","Comedy,Romance",en,11.797,7/13/2006,5.6,1145
449415,Classe Z,Comedy,it,4.613,3/30/2017,5.6,255
86835,Knight of Cups,"Romance,Drama",en,10.416,2/8/2015,5.6,539
929,Godzilla,"Science Fiction,Action,Thriller",en,26.283,5/20/1998,5.6,3190
394830,The Crucifixion,"Horror,Mystery,Thriller",en,19.341,4/27/2017,5.6,389
180296,They Came Together,Comedy,en,7.245,6/27/2014,5.6,331
11811,Leprechaun,"Comedy,Horror",en,47.002,1/8/1993,5.6,581
9849,My Favorite Martian,"Comedy,Drama,Family,Science Fiction",en,12.449,2/11/1999,5.6,248
575479,An Easy Girl,"Comedy,Drama",fr,13.724,8/28/2019,5.6,275
533992,When Angels Sleep,"Thriller,Crime",es,8.953,9/7/2018,5.6,223
8202,Æon Flux,"Science Fiction,Action,Thriller",en,16.091,11/30/2005,5.6,1813
1979,Fantastic Four: Rise of the Silver Surfer,"Adventure,Fantasy,Action,Thriller",en,42.905,6/13/2007,5.6,6850
467673,Budapest,Comedy,fr,8.683,6/27/2018,5.6,351
82390,The Paperboy,"Thriller,Drama,Mystery",en,26.657,9/14/2012,5.6,620
22825,The Box,"Thriller,Science Fiction",en,10.443,9/17/2009,5.6,1491
397415,Vengeance: A Love Story,"Thriller,Drama",en,12.532,3/16/2017,5.6,227
174316,A Case of You,"Comedy,Romance",en,7.145,11/6/2013,5.6,256
144340,Admission,"Comedy,Drama,Romance",en,7.594,3/21/2013,5.6,533
587496,The Rental,Horror,en,49.553,7/23/2020,5.6,647
9586,The Bonfire of the Vanities,"Crime,Comedy,Drama",en,7.783,12/21/1990,5.6,374
9009,Dark Water,"Horror,Mystery",en,17.098,7/8/2005,5.6,819
13191,"War, Inc.","Action,Adventure,Comedy,Thriller",en,8.197,4/28/2008,5.6,232
9879,Striptease,"Comedy,Crime,Drama",en,24.988,6/28/1996,5.6,878
382511,Penny Pincher!,Comedy,fr,7.59,9/28/2016,5.6,814
124459,The Incredible Burt Wonderstone,Comedy,en,11.616,3/14/2013,5.6,1220
72559,G.I. Joe: Retaliation,"Science Fiction,Adventure,Action,Thriller",en,34.461,3/27/2013,5.6,4905
49012,Arthur,"Comedy,Romance",en,21.145,4/8/2011,5.6,624
9488,Spy Kids 2: The Island of Lost Dreams,"Action,Adventure,Family,Comedy",en,61.279,8/7/2002,5.6,1812
371608,The Strangers: Prey at Night,"Horror,Thriller",en,26.187,3/7/2018,5.6,1106
11377,House on Haunted Hill,"Horror,Mystery,Thriller",en,14.832,10/29/1999,5.6,682
9782,The Night Listener,"Drama,Thriller",en,7.723,2/12/2006,5.6,201
2900,The Astronaut's Wife,"Drama,Science Fiction,Thriller",en,14.341,8/26/1999,5.6,756
457943,Slaughterhouse Rulez,"Action,Comedy,Fantasy,Horror",en,10.276,10/31/2018,5.6,337
9757,Norbit,Comedy,en,56.059,2/8/2007,5.6,1874
653601,Horse Girl,Drama,en,12.81,1/27/2020,5.6,440
11804,White Noise,"Drama,Horror,Thriller",en,11.421,1/7/2005,5.6,670
11637,Are We There Yet?,"Family,Adventure,Comedy,Romance",en,20.522,1/20/2005,5.6,788
10603,George of the Jungle,"Adventure,Comedy,Family,Romance",en,14.807,7/15/1997,5.6,1706
9697,Lady in the Water,"Drama,Fantasy,Mystery",en,9.753,7/20/2006,5.6,1109
11523,View from the Top,"Comedy,Romance",en,13.404,3/21/2003,5.6,471
11132,Confessions of a Teenage Drama Queen,Comedy,en,14.028,2/17/2004,5.6,759
420950,Alone,"Science Fiction,Fantasy",fr,6.532,2/8/2017,5.6,447
10610,The Medallion,"Thriller,Fantasy,Action,Comedy",en,17.18,8/15/2003,5.6,873
106747,Machete Kills,"Action,Crime,Thriller",en,21.685,9/12/2013,5.6,1603
82687,The Guilt Trip,Comedy,en,9.468,12/19/2012,5.6,580
18480,Brüno,Comedy,en,7.722,7/8/2009,5.6,1385
10200,The Day the Earth Stood Still,"Drama,Science Fiction,Thriller",en,20.566,12/10/2008,5.6,2799
512025,There's Someone Inside Your House,"Thriller,Horror,Mystery",en,85.424,9/24/2021,5.6,440
314385,By the Sea,"Drama,Romance",en,10.203,11/12/2015,5.6,507
20483,Catch That Kid,"Family,Action,Adventure",en,7.816,2/6/2004,5.6,251
13493,College Road Trip,"Comedy,Family",en,7.208,3/7/2008,5.6,335
49849,Cowboys & Aliens,"Action,Science Fiction,Thriller,Western",en,57.944,7/29/2011,5.6,4369
466622,The Rhythm Section,"Action,Thriller",en,21.66,1/31/2020,5.6,497
52449,Bad Teacher,Comedy,en,29.021,5/16/2011,5.6,4088
9381,Babylon A.D.,"Action,Adventure,Science Fiction,Thriller",en,15.648,8/20/2008,5.6,1699
465086,The Grudge,"Horror,Mystery",en,32.34,1/1/2020,5.6,951
401371,Mute,"Science Fiction,Mystery,Thriller",en,13.147,2/23/2018,5.6,889
13025,Diary of the Dead,"Fantasy,Horror,Science Fiction,Thriller",en,9.435,2/22/2008,5.6,619
12521,Shocker,Horror,en,10.577,10/27/1989,5.6,319
12662,Psycho III,"Horror,Thriller",en,7.173,4/2/1986,5.6,284
10008,An American Haunting,"Horror,Thriller,Mystery",en,48.874,5/5/2005,5.6,383
79178,Savages,Comedy,it,5.238,12/15/1995,5.6,225
10134,Cyborg,"Science Fiction,Action",en,16.666,4/7/1989,5.6,524
185341,[REC]⁴ Apocalypse,"Thriller,Horror",es,37.679,10/31/2014,5.6,911
379873,L'abbiamo fatta grossa,"Comedy,Family",it,4.419,1/28/2016,5.6,258
258086,The Damned,"Thriller,Horror,Mystery",en,8.752,10/17/2013,5.6,215
146375,On the Other Side of the Tracks,"Comedy,Action,Crime",fr,21.668,12/15/2012,5.6,569
18009,Leprechaun 2,"Comedy,Horror",en,47.765,4/7/1994,5.6,234
10891,Tremors 4: The Legend Begins,"Action,Comedy,Horror,Western",en,18.049,1/2/2004,5.6,351
38322,"Big Mommas: Like Father, Like Son","Crime,Comedy,Action",en,58.655,2/16/2011,5.6,1029
613911,Bliss,"Science Fiction,Romance,Drama",en,29.47,2/5/2021,5.6,488
441384,The Beach Bum,Comedy,en,11.473,3/21/2019,5.6,374
124470,Exists,Horror,en,13.459,3/17/2014,5.6,252
46441,Mirrors 2,"Horror,Mystery,Fantasy",en,28.506,10/18/2010,5.6,332
12518,Honeymoon in Vegas,"Comedy,Romance",en,8.403,8/28/1992,5.6,223
298722,Soap Opera,Comedy,it,5.45,10/23/2014,5.6,220
23742,Cop Out,"Action,Comedy,Crime",en,14.599,2/26/2010,5.6,1262
10197,Nine,"Drama,Music,Romance",en,8.564,12/3/2009,5.6,489
57431,The Sitter,Comedy,en,9.912,12/9/2011,5.6,769
36355,Flipper,"Adventure,Family",en,8.966,5/17/1996,5.6,260
354287,War Machine,"Comedy,Drama,War",en,10.844,5/26/2017,5.6,932
9447,Babe: Pig in the City,"Adventure,Comedy,Drama,Family,Fantasy",en,15.574,11/25/1998,5.6,1017
241257,Regression,"Horror,Mystery,Thriller",en,11.199,10/1/2015,5.6,1568
40805,The Green Hornet,"Action,Crime,Comedy",en,22.247,1/12/2011,5.6,2753
10762,Without a Paddle,"Comedy,Action,Adventure,Thriller",en,8.931,8/20/2004,5.6,526
385332,Terminal,"Crime,Drama,Thriller",en,15.744,5/10/2018,5.5,645
291272,We Are Still Here,Horror,en,8.159,6/5/2015,5.5,402
6171,Dreamcatcher,"Drama,Horror,Science Fiction,Thriller",en,28.971,3/21/2003,5.5,1457
42441,Tifosi,Comedy,it,5.868,10/1/1999,5.5,300
11045,Taxi,"Action,Comedy,Thriller,Crime",en,26.974,10/6/2004,5.5,825
7006,White Noise 2: The Light,"Thriller,Horror,Fantasy",en,8.213,1/5/2007,5.5,208
469721,The Cured,"Horror,Drama,Science Fiction",en,15.586,11/24/2017,5.5,296
11429,Beyond Re-Animator,"Comedy,Horror,Science Fiction",en,7.506,4/4/2003,5.5,215
122857,Universal Soldier: Day of Reckoning,"Action,Science Fiction,Thriller",en,25.468,10/4/2012,5.5,337
9334,The Scorpion King,"Action,Adventure,Fantasy",en,28.599,4/18/2002,5.5,2617
266639,Jem and the Holograms,"Fantasy,Music,Family",en,7.18,10/22/2015,5.5,346
73936,Retreat,"Horror,Drama,Thriller",en,6.975,10/14/2011,5.5,243
10956,Joe Dirt,"Mystery,Adventure,Comedy,Romance,Drama",en,13.017,4/10/2001,5.5,595
10075,Blood and Chocolate,"Drama,Fantasy,Horror,Romance",en,9.934,1/26/2007,5.5,242
195269,12 Rounds 2: Reloaded,"Action,Adventure",en,9.518,6/1/2013,5.5,229
89008,The Oranges,"Comedy,Romance,Drama",en,7.692,9/9/2011,5.5,439
434555,The Possession of Hannah Grace,"Horror,Drama",en,32.777,11/29/2018,5.5,1075
378236,The Emoji Movie,"Animation,Family,Comedy",en,49.004,7/23/2017,5.5,2580
9794,Employee of the Month,"Comedy,Romance",en,7.734,10/6/2006,5.5,495
806,The Omen,Horror,en,18.182,6/6/2006,5.5,848
2335,Taxi 4,"Action,Comedy",fr,15.539,2/10/2007,5.5,984
119698,The Dinosaur Project,"Adventure,Action,Horror",en,66.955,8/9/2012,5.5,230
8080,Suspect Zero,"Crime,Thriller",en,8.083,8/27/2004,5.5,245
2698,Evan Almighty,"Fantasy,Comedy,Family",en,27.208,6/9/2007,5.5,3611
332411,I Am Wrath,"Action,Crime,Drama,Thriller",en,12.609,4/14/2016,5.5,547
101179,Truth or Dare,"Horror,Thriller,Mystery",en,9.616,8/5/2012,5.5,285
100042,Dumb and Dumber To,Comedy,en,45.63,11/12/2014,5.5,2699
80035,The Watch,"Comedy,Action,Science Fiction",en,44.576,7/26/2012,5.5,1973
9623,The Juror,Thriller,en,13.615,2/2/1996,5.5,293
50135,Animals United,"Animation,Family,Comedy",de,9.931,10/7/2010,5.5,255
43919,Hatchet II,"Horror,Comedy,Thriller",en,10.648,8/26/2010,5.5,301
10727,Darkness Falls,"Thriller,Horror",en,16.421,1/24/2003,5.5,461
434355,Taxi 5,"Comedy,Action",fr,16.266,4/7/2018,5.5,852
384798,Kill Command,"Action,Horror,Science Fiction",en,27.873,5/13/2016,5.5,482
339547,Jeruzalem,Horror,en,14.526,1/22/2016,5.5,488
70074,Bullet to the Head,"Action,Crime,Thriller",en,22.384,3/22/2012,5.5,1046
195590,Collide,"Thriller,Action",en,20.677,6/10/2016,5.5,495
26688,Sorority Row,"Horror,Mystery",en,8.87,9/9/2009,5.5,471
10885,Shutter,"Horror,Mystery,Thriller",en,14.47,3/21/2008,5.5,570
10163,The Lawnmower Man,"Science Fiction,Horror",en,9.322,3/5/1992,5.5,567
523139,In the Tall Grass,"Horror,Drama,Thriller",en,39.134,9/20/2019,5.5,1733
368031,Friend Request,"Horror,Thriller",en,13.687,1/7/2016,5.5,1101
54054,One for the Money,"Action,Comedy,Crime",en,8.952,1/26/2012,5.5,861
459928,12 Feet Deep,"Thriller,Horror",en,13.401,6/20/2017,5.5,368
399131,Dude,Comedy,en,11.834,4/20/2018,5.5,710
9904,The Wild,"Family,Animation",en,51.196,3/6/2006,5.5,860
419700,Sandy Wexler,Comedy,en,15.26,4/14/2017,5.5,453
277685,Unfriended,"Horror,Thriller,Mystery",en,28.964,4/17/2015,5.5,2953
134366,Grave Encounters 2,Horror,en,21.62,10/12/2012,5.5,737
43931,My Soul to Take,"Horror,Mystery,Drama",en,8.142,10/8/2010,5.5,424
14239,Cool World,"Animation,Comedy,Fantasy",en,13.819,7/10/1992,5.5,559
9022,All the Boys Love Mandy Lane,"Horror,Mystery,Thriller",en,9.436,9/9/2006,5.5,528
13043,Camping,Comedy,fr,6.926,4/26/2006,5.5,762
421792,Down a Dark Hall,"Thriller,Drama,Fantasy,Horror",en,14.957,8/1/2018,5.5,573
782760,COVID-21: Lethal Virus,"Science Fiction,Thriller,Horror",en,9.749,1/1/2021,5.5,222
14098,100 Feet,"Horror,Thriller",en,8.006,7/22/2008,5.5,238
13572,Twisted,"Action,Adventure,Crime,Drama,Thriller",en,11.261,2/27/2004,5.5,425
10438,Beethoven's 2nd,"Family,Comedy",en,14.425,12/14/1993,5.5,812
1250,Ghost Rider,"Thriller,Action,Fantasy",en,59.088,1/15/2007,5.5,4945
456740,Hellboy,"Fantasy,Action,Adventure,Science Fiction",en,167.117,4/10/2019,5.5,2783
79371,Finalmente la felicità,Comedy,it,4.656,12/16/2011,5.5,207
13160,Over Her Dead Body,Comedy,en,9.085,2/1/2008,5.5,388
615177,Coffee & Kareem,"Comedy,Action,Crime",en,10.928,4/3/2020,5.5,320
23437,A Nightmare on Elm Street,"Horror,Mystery,Thriller",en,38.264,4/30/2010,5.5,2262
9838,King Solomon's Mines,"Action,Adventure,Comedy",en,9.537,11/22/1985,5.5,318
581644,The Misfits,"Action,Thriller",en,84.277,6/3/2021,5.5,270
10344,The Fly II,"Horror,Science Fiction,Thriller",en,19.634,2/10/1989,5.5,477
486520,Looking for Teddy,Comedy,fr,4.008,6/20/2018,5.5,215
458109,Spinning Man,"Mystery,Thriller",en,13.118,4/6/2018,5.5,334
287948,The Transporter Refueled,"Action,Thriller,Crime",en,43.936,9/2/2015,5.5,1278
86868,Would I Lie to You? 3,Comedy,fr,5.138,1/31/2012,5.5,290
32390,Royal Palace,Comedy,fr,4.762,11/23/2005,5.5,244
419472,The Polka King,Comedy,en,10.718,1/22/2017,5.5,232
77234,The Numbers Station,"Action,Thriller",en,15.793,4/18/2013,5.5,466
70578,Trespass,Thriller,en,12.035,10/13/2011,5.5,980
9513,Garfield: A Tail of Two Kitties,"Comedy,Family,Adventure,Animation",en,34.007,6/15/2006,5.5,1777
7182,Venom,"Horror,Thriller",en,17.488,9/16/2005,5.5,262
1927,Hulk,"Science Fiction,Action",en,66.273,6/19/2003,5.5,4867
50647,Wanderlust,"Comedy,Romance",en,17.791,2/23/2012,5.5,1056
22787,Whiteout,"Action,Crime,Mystery,Thriller",en,12.421,9/9/2009,5.5,592
73861,A Serbian Film,"Crime,Horror,Thriller",sr,57.826,6/16/2010,5.5,1495
7233,Rebound,"Comedy,Family",en,8.248,7/1/2005,5.5,277
300665,Leatherface,"Horror,Thriller,Mystery",en,38.219,9/14/2017,5.5,1021
16300,Down to Earth,"Fantasy,Comedy,Science Fiction,Romance",en,9.222,2/16/2001,5.5,332
444902,Dirty Dancing,"Drama,Romance",en,13.036,5/24/2017,5.5,393
339988,The Circle,"Drama,Thriller,Science Fiction",en,23.378,4/27/2017,5.5,3916
79395,Ex 2: Still Friends,Comedy,it,6.669,10/7/2011,5.5,244
58444,Women Vs Men,Comedy,it,5.302,2/4/2011,5.5,568
12121,Made in America,Comedy,en,6.706,1/6/1993,5.5,289
248507,Superchondriac,Comedy,fr,5.705,2/26/2014,5.5,951
75198,Welcome Aboard,Comedy,fr,7.899,10/5/2011,5.5,460
255798,Burying the Ex,"Comedy,Horror",en,19.684,9/4/2014,5.5,390
19173,Diary of a Nymphomaniac,"Drama,Romance",es,49.546,10/17/2008,5.5,245
11962,Joe's Apartment,"Comedy,Fantasy",en,9.261,7/26/1996,5.5,265
19899,Couples Retreat,"Comedy,Romance",en,49.745,9/19/2009,5.5,1656
9776,Head of State,Comedy,en,9.659,3/28/2003,5.5,225
150117,I Give It a Year,"Comedy,Romance",en,17.987,2/8/2013,5.5,640
13401,The Accidental Husband,"Comedy,Romance",en,8.646,2/29/2008,5.5,476
1975,The Grudge 2,"Horror,Thriller",en,32.226,10/13/2006,5.5,832
345067,Torno indietro e cambio vita,Comedy,it,4.706,6/18/2015,5.5,277
210860,Mortdecai,"Comedy,Adventure",en,28.376,1/21/2015,5.5,2377
10802,Showgirls,Drama,en,19.657,9/22/1995,5.5,935
253310,Premature,Comedy,en,12.783,7/2/2014,5.5,386
17350,The Brice Man,Comedy,fr,7.55,1/1/2005,5.5,1064
8859,"Dude, Where's My Car?","Comedy,Science Fiction",en,17.351,12/15/2000,5.5,1489
20737,Air Bud,"Comedy,Family",en,12.387,8/1/1997,5.5,371
10878,Saving Silverman,"Comedy,Crime,Romance",en,9.701,2/9/2001,5.5,420
10546,The Crow: City of Angels,"Action,Fantasy,Thriller",en,15.616,8/29/1996,5.5,403
602211,Fatman,"Action,Comedy,Fantasy",en,13.571,10/19/2020,5.5,597
282035,The Mummy,"Fantasy,Thriller,Action,Adventure,Horror",en,47.38,6/6/2017,5.5,6222
76649,Pompeii,"Action,Adventure,History,Romance,Drama",en,12.965,2/18/2014,5.5,2862
5851,Showtime,"Action,Comedy",en,9.868,3/14/2002,5.5,801
4257,Scary Movie 4,Comedy,en,68.861,4/12/2006,5.5,2660
75622,Rampart,"Crime,Drama",en,10.831,11/23/2011,5.5,287
9651,Supergirl,"Adventure,Fantasy,Action,Science Fiction",en,15.174,7/1/1984,5.5,465
520720,Kim Possible,"Family,Action,Adventure,Comedy,TV Movie",en,16.652,2/15/2019,5.5,215
115283,A.C.O.D.,Comedy,en,9.109,10/3/2013,5.5,208
12499,Fathers' Day,"Comedy,Family",en,7.455,5/9/1997,5.5,232
83,Open Water,"Drama,Thriller,Horror",en,18.945,8/6/2004,5.5,880
364116,The Other Side of the Door,"Thriller,Horror",en,14.302,2/25/2016,5.5,709
52124,Io & Marilyn,"Comedy,Romance",it,5.179,12/17/2009,5.5,374
488113,Christmas Wedding Planner,"Romance,Family,TV Movie",en,9.681,12/14/2017,5.5,373
12171,The Deaths of Ian Stone,"Horror,Thriller",en,6.017,12/5/2007,5.5,243
10165,Fear and Desire,"Drama,War",en,7.484,4/1/1953,5.5,375
9954,The Covenant,"Fantasy,Horror",en,13.541,9/8/2006,5.5,838
362826,Wildling,"Horror,Fantasy,Thriller,Drama",en,14.166,4/13/2018,5.5,285
7227,Airport '77,"Action,Adventure,Drama,Thriller",en,10.398,3/11/1977,5.5,212
23023,Tooth Fairy,"Comedy,Family,Fantasy",en,58.743,1/14/2010,5.5,1715
14435,My Bloody Valentine,"Mystery,Horror",en,18.224,1/16/2009,5.5,921
9531,Superman III,"Comedy,Science Fiction,Action,Adventure",en,13.689,6/17/1983,5.5,1371
612152,Secret Obsession,"Drama,Thriller",en,14.512,7/18/2019,5.5,949
77663,Killing Season,"Action,Thriller",en,27.409,7/12/2013,5.5,840
97430,The Man with the Iron Fists,Action,en,17.019,11/2/2012,5.5,940
6519,The Dukes of Hazzard,"Comedy,Adventure,Action",en,15.242,8/5/2005,5.5,942
529784,A Faithful Man,"Comedy,Drama,Romance",fr,6.929,12/26/2018,5.5,223
339530,Tremors 5: Bloodlines,"Action,Adventure,Comedy,Horror,Science Fiction",en,28.855,10/6/2015,5.5,315
265016,Extraterrestrial,"Horror,Science Fiction",en,10.033,10/17/2014,5.5,406
9793,The Hills Have Eyes 2,"Horror,Thriller",en,37.878,3/22/2007,5.5,1145
513083,Wine Country,Comedy,en,10.641,5/8/2019,5.5,448
313943,Revolt,"Science Fiction,Action",en,18.324,7/1/2017,5.5,289
17047,Agent Cody Banks 2: Destination London,"Comedy,Action,Adventure,Family",en,13.851,3/12/2004,5.5,523
9969,Deck the Halls,"Comedy,Family",en,9.331,11/22/2006,5.5,494
437,Cube 2: Hypercube,"Thriller,Science Fiction,Mystery",en,15.401,4/15/2002,5.5,1143
291413,Within,"Horror,Thriller",en,10.579,10/18/2016,5.5,233
50217,From Prada to Nada,"Comedy,Drama,Romance",en,8.922,1/28/2011,5.5,283
68737,Seventh Son,"Adventure,Fantasy",en,49.409,12/12/2014,5.5,2206
9356,Look Who's Talking Too,"Romance,Comedy",en,11.103,12/14/1990,5.5,1158
262338,Good People,"Thriller,Crime,Action",en,18.336,8/12/2014,5.5,399
19366,Josie and the Pussycats,"Comedy,Music",en,7.047,4/6/2001,5.5,243
51925,The Under-Gifted In Vacation,Comedy,fr,6.089,3/10/1982,5.5,203
613377,30 Days Max,"Comedy,Action",fr,7.519,10/14/2020,5.5,257
222936,Aloha,"Drama,Comedy,Romance",en,15.422,5/29/2015,5.5,1781
19556,Miss March,"Comedy,Romance",en,28.482,3/13/2009,5.5,291
18885,3 Ninjas Kick Back,"Family,Adventure,Action,Comedy",en,12.798,5/6/1994,5.5,237
10481,102 Dalmatians,"Family,Comedy",en,18.297,10/7/2000,5.5,1139
420245,Don't Knock Twice,Horror,en,17.769,2/3/2017,5.5,623
10329,Congo,"Action,Adventure,Science Fiction",en,13.499,6/9/1995,5.5,697
343173,The Rezort,Horror,en,6.49,6/15/2015,5.5,320
47327,Drive Angry,"Fantasy,Thriller,Action,Crime",en,30.438,2/24/2011,5.5,1534
11817,Bulletproof Monk,"Action,Comedy,Fantasy",en,15.335,3/28/2003,5.5,738
277355,Everly,"Thriller,Action",en,24.196,2/26/2015,5.5,448
17413,Incognito,Comedy,fr,5.602,4/28/2009,5.5,213
9592,Open Water 2: Adrift,"Drama,Horror,Thriller",en,20.931,7/10/2006,5.5,575
182219,Serial Teachers,Comedy,fr,0.6,4/17/2013,5.5,1098
10587,Police Academy 4: Citizens on Patrol,"Comedy,Crime",en,17.321,4/2/1987,5.5,924
10342,Teaching Mrs. Tingle,"Comedy,Crime,Horror",en,7.497,8/11/1999,5.5,274
8275,American Pie Presents: The Naked Mile,Comedy,en,66.822,12/7/2006,5.5,1703
340103,The Monster,"Horror,Drama",en,15.007,11/11/2016,5.5,470
22949,Old Dogs,"Comedy,Family",en,27.303,11/24/2009,5.5,607
13761,Pocahontas II: Journey to a New World,"Family,Adventure,Animation,Romance",en,40.113,8/4/1998,5.5,1161
2752,40 Days and 40 Nights,"Comedy,Romance",en,9.551,3/1/2002,5.5,937
11812,The Sweetest Thing,"Romance,Comedy",en,11.789,4/12/2002,5.5,885
456750,"Game Over, Man!","Action,Comedy",en,14.224,3/23/2018,5.5,787
14175,Valiant,"Family,Animation,Adventure,Comedy,War",ab,14.43,3/25/2005,5.5,743
9616,The Order,"Drama,Fantasy,Horror,Mystery,Romance,Thriller",en,14.772,9/5/2003,5.5,259
500904,A Vigilante,"Thriller,Drama",en,12.093,3/29/2019,5.5,293
244566,Life After Beth,"Romance,Comedy,Horror",en,18.201,8/15/2014,5.5,549
14365,Killing Me Softly,Thriller,en,14.008,5/10/2002,5.5,234
413471,The Late Bloomer,"Comedy,Drama,Romance",en,10.295,10/7/2016,5.5,299
371865,Slack Bay,Comedy,fr,5.448,5/13/2016,5.5,217
39346,Casper: A Spirited Beginning,"Adventure,Family,Comedy,Fantasy",en,8.534,9/9/1997,5.5,251
11425,"Honey, We Shrunk Ourselves","Adventure,Comedy,Family,Science Fiction,Action",en,9.111,3/18/1997,5.5,545
43557,Merry Christmas,Comedy,it,4.08,12/21/2001,5.5,243
14913,Boogeyman 2,"Horror,Thriller",en,12.227,10/20/2007,5.5,223
12597,Hellraiser: Inferno,"Horror,Thriller,Mystery",en,18.239,10/3/2000,5.5,345
10012,Cursed,"Horror,Comedy",en,63.291,2/25/2005,5.5,565
8274,American Pie Presents: Band Camp,Comedy,en,43.512,10/30/2005,5.5,1770
246403,Tusk,"Comedy,Horror",en,29.092,9/19/2014,5.5,1048
230179,Big Game,"Action,Adventure,Thriller",en,26.033,9/5/2014,5.5,983
201088,Blackhat,"Crime,Thriller,Action",en,38.638,1/13/2015,5.5,1728
54309,The Night Before the Exams Today,Comedy,it,5.106,2/14/2007,5.5,632
37931,MacGruber,"Action,Adventure,Comedy",en,8.765,5/21/2010,5.5,452
12618,Random Hearts,"Drama,Romance",en,9.86,10/8/1999,5.5,262
9271,Virtuosity,"Action,Crime,Science Fiction,Thriller",en,12.718,8/4/1995,5.5,424
61012,Silent Hill: Revelation 3D,"Thriller,Horror,Mystery",en,32.316,10/10/2012,5.5,1314
18162,Land of the Lost,"Adventure,Comedy,Science Fiction,Family",en,22.634,6/5/2009,5.5,1072
9471,Charlie's Angels: Full Throttle,"Action,Adventure,Comedy",en,30.34,6/27/2003,5.5,2590
518880,Solo,"Thriller,Drama",es,7.841,8/3/2018,5.5,213
341077,Tiger House,"Action,Crime,Drama,Thriller",en,8.406,8/24/2015,5.5,237
10988,Diabolique,"Mystery,Thriller",en,7.944,3/22/1996,5.5,222
10281,Friday the 13th Part VII: The New Blood,"Horror,Thriller",en,37.983,5/13/1988,5.5,767
450179,Problemos,Comedy,fr,4.827,5/10/2017,5.4,313
301846,Howl,Horror,en,15.897,10/1/2015,5.4,382
11607,DeepStar Six,"Action,Horror,Thriller,Science Fiction",en,9.54,1/13/1989,5.4,202
348537,Spanish Affair 2,"Comedy,Romance",es,6.835,11/20/2015,5.4,351
29564,Smokin' Aces 2: Assassins' Ball,"Action,Comedy",en,12.064,1/19/2010,5.4,215
1977,The Grudge 3,"Mystery,Horror,Thriller",en,26.648,5/12/2009,5.4,482
399173,The Assignment,"Action,Crime,Thriller",en,23.934,6/8/2016,5.4,398
1499,Teenage Mutant Ninja Turtles III,"Action,Adventure,Comedy,Family,Fantasy,Science Fiction",en,22.957,3/17/1993,5.4,613
11237,Anacondas: The Hunt for the Blood Orchid,"Adventure,Action,Horror,Thriller",en,39.108,8/26/2004,5.4,745
11950,Cannonball Run II,"Action,Comedy",en,13.983,6/29/1984,5.4,238
375327,Submergence,"Drama,Thriller,Romance",en,9.312,9/22/2017,5.4,242
252607,Junior,Comedy,fr,5.103,3/12/2014,5.4,630
10824,Candyman: Farewell to the Flesh,"Horror,Thriller",en,12.32,3/17/1995,5.4,267
254191,Honeymoon,"Horror,Science Fiction",en,6.465,9/12/2014,5.4,499
104755,The Lords of Salem,"Horror,Thriller",en,15.752,9/10/2012,5.4,691
63207,Intruders,"Thriller,Horror,Fantasy",en,9.949,9/12/2011,5.4,412
24801,Cow Belles,"TV Movie,Comedy,Family,Romance",en,8.28,3/24/2006,5.4,213
9067,Tank Girl,"Action,Comedy,Fantasy,Science Fiction",en,12.07,3/31/1995,5.4,364
354282,The Osiris Child,Science Fiction,en,41.964,2/17/2016,5.4,378
76617,Texas Chainsaw 3D,"Horror,Thriller",en,55.026,1/3/2013,5.4,1313
1735,The Mummy: Tomb of the Dragon Emperor,"Adventure,Action,Fantasy",en,33.945,7/1/2008,5.4,3753
19918,Spread,"Comedy,Romance",en,16.699,1/16/2009,5.4,716
7839,Wedding Daze,Comedy,en,13.246,9/9/2006,5.4,229
9842,School for Scoundrels,"Comedy,Drama,Romance",en,7.491,9/29/2006,5.4,280
84174,Bachelorette,"Comedy,Romance",en,28.468,1/23/2012,5.4,1085
8944,What Just Happened,"Comedy,Drama",en,6.753,10/17/2008,5.4,344
500919,211,"Crime,Action,Drama",en,16.493,5/30/2018,5.4,362
16258,The Butterfly Effect 3: Revelations,"Science Fiction,Thriller,Drama,Crime",en,17.746,1/9/2009,5.4,456
11037,Iron Eagle,Action,en,15.835,1/17/1986,5.4,225
442064,Proud Mary,"Thriller,Action,Crime",en,11.948,1/12/2018,5.4,431
340677,I.T.,"Crime,Drama,Thriller",en,12.168,9/9/2016,5.4,523
11335,Popeye,"Action,Adventure,Comedy,Family",en,12.915,12/12/1980,5.4,482
4551,Be Cool,"Comedy,Crime",en,10.494,3/4/2005,5.4,738
323674,6 Years,"Romance,Drama",en,7.652,3/14/2015,5.4,677
6933,One Missed Call,"Horror,Mystery,Thriller",en,12.778,1/4/2008,5.4,632
9796,Turistas,"Horror,Thriller",en,16.579,12/1/2006,5.4,669
563741,Amici come prima,Comedy,it,4.442,12/19/2018,5.4,225
429238,Coin Heist,"Family,Crime",en,8.807,1/6/2017,5.4,247
58428,The Innkeepers,"Horror,Thriller",en,11.394,8/18/2011,5.4,519
9625,The Glimmer Man,"Action,Crime",en,8.56,10/4/1996,5.4,307
624060,Back to School,Comedy,fr,5.563,8/30/2019,5.4,218
452832,Serenity,"Thriller,Mystery,Drama",en,19.285,1/24/2019,5.4,1311
121856,Assassin's Creed,"Action,Adventure,Science Fiction",en,34.165,12/21/2016,5.4,6876
16991,Observe and Report,"Comedy,Crime,Drama",en,9.741,4/10/2009,5.4,534
13767,The Santa Clause 3: The Escape Clause,"Comedy,Family,Adventure",en,14.678,11/1/2006,5.4,831
38317,Zookeeper,"Comedy,Romance,Family",en,26.953,7/6/2011,5.4,1383
530081,The Man Who Killed Hitler and Then the Bigfoot,"Drama,Adventure,Fantasy",en,9.836,2/8/2019,5.4,334
535581,The Dead Don't Die,"Comedy,Horror,Fantasy",en,15.815,5/15/2019,5.4,1991
10923,Agent Cody Banks,"Action,Adventure,Comedy,Family",en,14.726,3/14/2003,5.4,918
811072,Two,"Thriller,Horror",es,197.684,7/23/2021,5.4,259
867,Sliver,"Drama,Thriller",en,18.599,5/21/1993,5.4,524
87368,17 Girls,Drama,fr,5.232,6/13/2011,5.4,281
19794,Labor Pains,Comedy,en,8.417,7/19/2009,5.4,365
17918,Swamp Thing,"Horror,Science Fiction",en,24.733,2/19/1982,5.4,267
253414,Rock the Kasbah,"Comedy,Music,War",en,11.908,10/22/2015,5.4,277
82990,Paranormal Activity 4,Horror,en,31.979,10/17/2012,5.4,1580
453201,The 15:17 to Paris,"Thriller,History,Drama",en,15.116,2/2/2018,5.4,1426
401905,Fahrenheit 451,"Drama,Science Fiction,Thriller",en,14.121,5/12/2018,5.4,698
203834,Jessabelle,"Thriller,Horror",en,14.825,11/7/2014,5.4,673
337874,Goat,Drama,en,7.396,9/23/2016,5.4,227
11249,Seed of Chucky,"Horror,Comedy",en,59.653,11/11/2004,5.4,1218
741998,The Binding,"Horror,Thriller,Drama",it,37.331,10/2/2020,5.4,205
15709,Changing Sides,Comedy,fr,6.535,1/7/2009,5.4,267
11618,The Haunting,"Horror,Thriller,Fantasy,Mystery",en,23.403,7/23/1999,5.4,1108
157375,The Lifeguard,"Drama,Comedy,Romance",en,7.864,8/30/2013,5.4,246
97434,Gambit,"Comedy,Crime",en,15.967,4/25/2012,5.4,551
14560,Paul Blart: Mall Cop,"Action,Adventure,Comedy,Family",en,40.328,1/15/2009,5.4,2083
531949,Father of the Year,Comedy,en,10.143,7/20/2018,5.4,401
80015,Hollywoo,Comedy,fr,5.014,12/7/2011,5.4,535
481762,"Neuilly sa mère, sa mère !",Comedy,fr,5.508,8/8/2018,5.4,297
447665,Kickboxer: Retaliation,"Action,Drama",en,27.542,1/26/2018,5.4,235
190847,The Last Days on Mars,"Science Fiction,Thriller,Horror",en,10.822,8/11/2013,5.4,653
76757,Jupiter Ascending,"Science Fiction,Fantasy,Action",en,65.454,2/4/2015,5.4,5953
505063,Await Further Instructions,"Mystery,Horror,Science Fiction",en,8.638,8/26/2018,5.4,205
23047,Season of the Witch,"Adventure,Fantasy,Action",en,58.166,1/7/2011,5.4,2073
300803,Dragonheart 3: The Sorcerer's Curse,Fantasy,en,42.241,2/24/2015,5.4,203
96936,The Bling Ring,"Drama,Crime",en,10.991,6/12/2013,5.4,2763
92182,Silent House,"Horror,Mystery",en,8.247,1/21/2011,5.4,315
286873,Northmen: A Viking Saga,"Adventure,Action,Drama",en,15.635,10/23/2014,5.4,291
10658,Howard the Duck,"Comedy,Fantasy,Science Fiction",en,12.966,8/1/1986,5.4,790
10007,See No Evil,"Horror,Thriller",en,25.305,5/19/2006,5.4,509
520360,King of Thieves,"Crime,Drama",en,10.644,9/4/2018,5.4,333
330947,Song to Song,"Drama,Romance",en,11.932,3/17/2017,5.4,736
10984,Valentine,"Horror,Thriller",en,8.454,2/2/2001,5.4,428
372411,Absolutely Fabulous: The Movie,Comedy,en,11.139,7/1/2016,5.4,203
227348,Paranormal Activity: The Marked Ones,"Horror,Thriller",en,53.953,1/1/2014,5.4,1202
9827,Phantoms,"Horror,Science Fiction,Thriller",en,8.565,1/23/1998,5.4,269
1641,Forces of Nature,"Romance,Comedy",en,7.772,3/12/1999,5.4,444
49950,The Roommate,"Thriller,Drama,Horror",en,15.282,2/4/2011,5.4,784
11982,Look Who's Talking Now!,"Romance,Comedy,Family",en,13.049,11/5/1993,5.4,846
10160,A Nightmare on Elm Street: The Dream Child,"Horror,Thriller",en,17.802,8/11/1989,5.4,948
19824,Van Wilder: Freshman Year,Comedy,en,16.939,6/2/2009,5.4,270
646593,Wander,"Thriller,Crime,Mystery",en,8.681,12/4/2020,5.4,228
333386,The Duel,"Western,Drama",en,10.669,6/24/2016,5.4,280
6589,Underdog,"Family,Action,Adventure,Comedy,Fantasy",en,17.271,8/3/2007,5.4,573
11568,Blues Brothers 2000,"Music,Action,Comedy,Crime",en,11.385,2/5/1998,5.4,537
7840,"10,000 BC","Adventure,Action,Drama,Fantasy",en,30.54,2/22/2008,5.4,2491
353686,Visions,"Thriller,Horror",en,8.186,8/28/2015,5.4,377
11361,Halloween 5: The Revenge of Michael Myers,"Horror,Thriller",en,37.525,10/12/1989,5.4,893
43593,Piranha 3D,"Comedy,Horror",en,51.526,8/20/2010,5.4,1787
3132,Bad Company,"Action,Adventure,Comedy,Thriller",en,11.282,6/7/2002,5.4,605
414,Batman Forever,"Action,Crime,Fantasy",en,29.672,6/16/1995,5.4,4346
9456,The Crow: Salvation,"Action,Thriller,Crime,Fantasy,Mystery",en,15.062,10/31/2000,5.4,249
8427,I Spy,"Action,Adventure,Comedy,Thriller",en,11.962,10/31/2002,5.4,792
2274,The Seeker: The Dark Is Rising,"Adventure,Drama,Fantasy,Family,Thriller",en,8.299,10/5/2007,5.4,338
43074,Ghostbusters,"Action,Fantasy,Comedy",en,50.082,7/14/2016,5.4,5548
25678,American Ninja 2: The Confrontation,Action,en,17.851,5/1/1987,5.4,206
516043,Arrivano i prof,Comedy,it,6.558,5/1/2018,5.4,337
411144,We Have Always Lived in the Castle,"Mystery,Thriller,Horror",en,9.263,5/17/2019,5.4,231
276839,Home Sweet Hell,"Drama,Comedy",en,8.638,3/13/2015,5.4,385
323020,Bis,Comedy,fr,4.889,2/18/2015,5.4,474
239573,Unfinished Business,Comedy,en,11.877,3/5/2015,5.4,686
127493,Stolen,"Action,Crime,Thriller",en,20.561,9/6/2012,5.4,846
24150,Halloween II,Horror,en,30.2,8/28/2009,5.4,1087
19585,G-Force,"Family,Fantasy,Action,Adventure,Comedy",en,21.196,7/21/2009,5.4,1533
534072,Great White,"Horror,Thriller",en,19.536,5/13/2021,5.4,276
20825,I Hate Valentine's Day,"Comedy,Romance",en,8.022,6/27/2009,5.4,238
11469,Black Knight,"Comedy,Fantasy,Adventure",en,14.892,11/21/2001,5.4,917
411626,Gangsterdam,"Action,Comedy",fr,6.817,3/29/2017,5.4,252
401561,Mom and Dad,"Thriller,Horror,Comedy",en,17.231,1/19/2018,5.4,811
42194,Tekken,"Crime,Drama,Action,Thriller,Science Fiction",en,62.232,3/20/2010,5.4,565
203835,Amityville: The Awakening,"Thriller,Horror",en,18.208,7/20/2017,5.4,888
125509,Wrong Turn 5: Bloodlines,"Horror,Thriller",en,85.021,10/23/2012,5.4,726
290637,Pay the Ghost,Horror,en,15.601,9/16/2015,5.4,652
595985,Cold Blood,"Thriller,Action",en,17.559,5/15/2019,5.4,307
454283,Action Point,"Comedy,Drama",en,9.633,6/1/2018,5.4,279
419504,Religious Place of Worship,Comedy,it,4.146,12/15/2016,5.4,216
326,Snakes on a Plane,"Action,Crime,Thriller,Horror",en,20.882,8/17/2006,5.4,1423
373569,Snatched,"Action,Comedy",en,12.94,5/3/2017,5.4,710
10642,Loser,"Comedy,Romance",en,7.588,7/21/2000,5.4,351
465109,The Week Of,Comedy,en,13.131,4/27/2018,5.4,659
325844,Serial Teachers 2,Comedy,fr,5.685,7/1/2015,5.4,843
284564,31,"Horror,Thriller",en,10.219,9/15/2016,5.4,648
244316,Into the Grizzly Maze,"Action,Horror,Thriller",en,11.677,2/27/2015,5.4,214
225886,Sex Tape,Comedy,en,95.199,7/17/2014,5.4,3653
286538,Bokeh,"Drama,Science Fiction,Thriller",en,7.532,3/24/2017,5.4,212
560391,Downhill,"Drama,Comedy",en,9.996,2/6/2020,5.4,214
178809,The Colony,"Action,Science Fiction,Horror",en,13.466,4/12/2013,5.4,945
9264,Poison Ivy,"Thriller,Drama",en,17.188,5/8/1992,5.4,271
169209,Empire State,"Action,Drama",en,34.545,9/3/2013,5.4,568
14034,What's the Worst That Could Happen?,"Action,Comedy,Crime",en,6.913,5/31/2001,5.4,241
476926,The Titan,"Science Fiction,Thriller",en,22.152,3/30/2018,5.4,1064
411405,Small Crimes,"Drama,Comedy,Thriller,Crime",en,9.105,4/28/2017,5.4,226
89673,Love is in the Air,Comedy,it,5.976,2/10/2012,5.4,272
10992,Cats & Dogs,"Family,Comedy",en,33.757,7/4/2001,5.4,1348
613368,Ballsy Girl,Comedy,fr,6.715,4/15/2020,5.4,226
34335,Nine Dead,"Crime,Horror,Mystery",en,9.679,3/9/2010,5.4,225
13702,A Dirty Shame,Comedy,en,38.857,9/12/2004,5.4,221
347882,Sleight,"Drama,Thriller,Action,Science Fiction",en,5.151,4/28/2016,5.4,467
338964,Bad Santa 2,"Comedy,Crime,Drama,Mystery",en,13.773,11/23/2016,5.4,637
12448,The Hunchback of Notre Dame II,"Animation,Family,Comedy",en,31.516,2/5/2002,5.4,661
452068,Drone,Thriller,en,7.788,5/26/2017,5.4,215
287424,Maggie,"Horror,Drama,Mystery",en,19.859,5/8/2015,5.4,1398
21583,Management,"Comedy,Drama,Romance",en,6.908,2/8/2009,5.4,260
14846,Little Black Book,"Comedy,Romance,Drama",en,10.472,8/6/2004,5.4,294
12767,Cold Creek Manor,"Mystery,Thriller",en,10.873,9/19/2003,5.4,374
9423,Virus,"Horror,Action,Science Fiction",en,10.584,1/14/1999,5.4,472
339404,The Layover,"Comedy,Romance",en,18.388,9/1/2017,5.4,595
10473,DragonHeart: A New Beginning,"Fantasy,Adventure",en,14.176,8/8/2000,5.4,238
763164,Apex,"Action,Thriller,Science Fiction",en,139.859,11/12/2021,5.4,466
241258,Incarnate,"Horror,Thriller",en,14.73,12/1/2016,5.4,468
24438,Did You Hear About the Morgans?,Comedy,en,8.661,12/17/2009,5.4,817
20069,Manual of Love 2,"Romance,Comedy,Drama",it,11.158,1/19/2007,5.4,258
12208,Casino Royale,"Adventure,Action,Comedy",en,13.161,4/13/1967,5.4,559
10118,Material Girls,Comedy,en,10.142,8/18/2006,5.4,399
2157,Lost in Space,"Science Fiction,Adventure",en,18.279,4/3/1998,5.3,1001
463684,Velvet Buzzsaw,"Thriller,Mystery,Horror",en,12.577,2/1/2019,5.3,1649
384500,Tiramisù,Comedy,it,3.838,2/25/2016,5.3,257
11026,Exorcist: The Beginning,"Horror,Mystery,Thriller",en,22.934,8/20/2004,5.3,600
64586,Sleeping Beauty,"Drama,Romance",en,11.31,6/10/2011,5.3,495
13051,Max Payne,"Crime,Action,Drama,Thriller",en,13.661,10/15/2008,5.3,1705
204349,Contracted,"Horror,Thriller",en,49.671,7/7/2013,5.3,421
14113,Zoom,"Family,Comedy,Adventure,Action,Science Fiction",en,26.173,8/11/2006,5.4,504
10336,Spawn,"Action,Adventure,Fantasy,Horror,Science Fiction,Thriller",en,16.989,7/31/1997,5.3,1053
329981,Shut In,"Drama,Thriller",en,21.595,11/11/2016,5.3,614
186759,Get a Job,Comedy,en,10.952,3/17/2016,5.3,534
259072,Wrong Turn 6: Last Resort,Horror,en,52.834,8/22/2014,5.3,643
180948,Vehicle 19,"Thriller,Action",en,24.545,3/7/2013,5.3,434
193726,ABCs of Death 2,Horror,en,7.506,10/2/2014,5.3,231
78383,Nurse 3-D,"Horror,Thriller",en,25.779,9/28/2013,5.3,338
80304,Casa De Mi Padre,"Comedy,Western",en,6.14,3/15/2012,5.3,241
5203,Wild Orchid,"Romance,Drama",en,15.516,12/22/1989,5.3,231
457915,Superlopez,Comedy,es,12.156,11/23/2018,5.3,204
433244,Clinical,"Thriller,Horror",en,8.174,1/13/2017,5.3,349
73935,Vamps,"Comedy,Romance,Horror",en,21.433,8/25/2012,5.3,227
850018,Windfall,"Crime,Thriller",en,43.789,3/11/2022,5.3,260
592739,"Cetto c'è, senzadubbiamente",Comedy,it,4.522,11/21/2019,5.3,214
339103,Gotti,"Crime,Drama,History,Thriller",en,13.627,6/14/2018,5.3,507
328429,Approaching the Unknown,"Thriller,Drama,Science Fiction",en,6.884,6/3/2016,5.3,260
43552,Vanishing on 7th Street,"Mystery,Horror,Thriller",en,7.93,9/11/2010,5.3,452
407531,Bedeviled,"Horror,Thriller",en,10.702,6/28/2017,5.3,244
288281,A Good Marriage,Thriller,en,7.057,10/3/2014,5.3,376
430528,If I Were a Boy,Comedy,fr,22.487,2/22/2017,5.3,324
3600,I Still Know What You Did Last Summer,"Horror,Mystery,Thriller",en,16.837,11/13/1998,5.3,1199
277368,Nicholas on Holiday,"Family,Comedy",fr,6.517,7/9/2014,5.3,394
226140,See No Evil 2,Horror,en,11.606,10/21/2014,5.3,241
10048,Stealth,"Science Fiction,Action,War",en,15.463,7/27/2005,5.3,816
226486,Tammy,Comedy,en,23.82,7/2/2014,5.3,1062
38319,Your Highness,"Comedy,Fantasy",en,10.504,4/8/2011,5.3,1104
11231,The Next Karate Kid,"Action,Drama,Family,Adventure",en,21.778,7/18/1994,5.3,804
10064,Edison,"Drama,Action,Thriller",en,10.036,7/29/2005,5.3,256
395841,Hold the Dark,"Thriller,Mystery,Crime",en,16.591,9/22/2018,5.3,777
259018,Behaving Badly,Comedy,en,24.655,4/14/2014,5.3,514
10588,The Cat in the Hat,"Comedy,Adventure,Family,Fantasy",en,74.594,11/21/2003,5.3,1334
838484,Choose or Die,"Horror,Thriller,Drama",en,25.632,4/15/2022,5.3,450
13924,The Adventures of André and Wally B.,"Family,Animation,Comedy",xx,11.077,12/17/1984,5.3,224
8645,The Happening,"Thriller,Science Fiction",en,48.101,6/11/2008,5.3,2863
252529,Another Me,"Thriller,Mystery,Horror,Drama",en,8.454,11/15/2013,5.3,210
10804,King Ralph,Comedy,en,8.416,2/15/1991,5.3,234
9042,The Cave,"Action,Adventure,Horror,Thriller",en,22.796,8/26/2005,5.3,729
632931,The Silence of the Marsh,Thriller,es,14.979,11/8/2019,5.3,202
12771,Serving Sara,"Comedy,Romance",en,6.49,8/23/2002,5.3,252
9278,Freejack,Science Fiction,en,8.331,1/17/1992,5.3,250
9612,Coneheads,"Comedy,Science Fiction,Family",en,18.041,7/23/1993,5.3,740
8487,Wild Wild West,"Action,Adventure,Comedy,Science Fiction,Western",en,20.516,6/29/1999,5.3,2824
424619,Les Tuche 3,Comedy,fr,5.966,1/31/2018,5.3,688
364067,A Very Murray Christmas,"Comedy,Music,TV Movie",en,7.233,12/4/2015,5.3,344
44564,The Dilemma,"Comedy,Drama",en,10.28,1/13/2011,5.3,708
426285,Fullmetal Alchemist,"Action,Fantasy,Science Fiction",ja,17.838,12/1/2017,5.3,437
392140,Ma famille t’adore déjà !,Comedy,fr,4.315,11/9/2016,5.3,251
341392,Lolo,Comedy,fr,6.934,9/3/2015,5.3,320
531593,Reprisal,"Action,Thriller,Crime",en,11.477,8/31/2018,5.3,234
25018,Leatherface: The Texas Chainsaw Massacre III,Horror,en,27.958,1/12/1990,5.3,381
317091,November Criminals,"Crime,Drama,Mystery,Thriller",en,9.528,11/7/2017,5.3,549
12700,Dominion: Prequel to The Exorcist,"Horror,Drama",en,19.794,5/20/2005,5.3,250
10808,Dr. Dolittle 2,"Comedy,Family,Romance,Fantasy",en,17.737,6/22/2001,5.3,1412
1792,Stuck on You,Comedy,en,9.206,12/10/2003,5.3,550
888,The Flintstones,"Fantasy,Comedy,Family",en,47.629,5/26/1994,5.3,2022
17684,Chouchou,Comedy,fr,6.095,3/19/2003,5.3,407
30178,Stuart Little 3: Call of the Wild,"Fantasy,Animation,Comedy,Family",en,14.428,7/14/2005,5.3,408
11284,Freddy's Dead: The Final Nightmare,"Horror,Thriller",en,43.751,9/5/1991,5.3,1007
480042,Escape Plan: The Extractors,"Action,Thriller,Crime",en,22.61,6/20/2019,5.3,654
13824,Superstar,Comedy,en,6.387,10/8/1999,5.3,243
9711,Species III,"Science Fiction,Action,Horror",en,25.29,11/26/2004,5.3,322
263472,Knock Knock,"Drama,Thriller,Horror",en,56.7,6/26/2015,5.3,2560
12657,Soul Plane,"Romance,Comedy",en,20.416,5/28/2004,5.3,332
9626,Red Sonja,"Adventure,Fantasy,Action",en,24.728,4/9/1985,5.3,628
463906,The Saint,"Action,Adventure,Crime",en,22.196,7/11/2017,5.3,245
463602,Slumber,Horror,en,13.973,12/1/2017,5.3,294
295011,Patient Zero,"Horror,Thriller,Action,Drama",en,12.925,9/14/2018,5.3,292
47964,A Good Day to Die Hard,"Action,Thriller",en,54.388,2/6/2013,5.3,5619
37430,Conan the Barbarian,"Adventure,Fantasy,Action",en,71.336,8/17/2011,5.3,1565
17825,The 11 Commandments,"Drama,Comedy",fr,4.225,2/4/2004,5.3,372
9731,Friday the 13th: A New Beginning,"Horror,Mystery",en,30.694,3/22/1985,5.3,857
71469,The Darkest Hour,"Horror,Action,Thriller,Science Fiction",en,16.968,12/22/2011,5.3,1207
336445,Army of One,Comedy,en,6.822,11/4/2016,5.3,231
9876,Stop! Or My Mom Will Shoot,"Action,Comedy",en,14.671,2/21/1992,5.3,826
97795,Apartment 143,"Horror,Thriller",en,8.091,10/11/2011,5.3,231
10535,Spy Hard,"Comedy,Action",en,10.349,5/24/1996,5.3,490
369202,Lake Bodom,Horror,fi,6.067,8/19/2016,5.3,206
408381,Monolith,"Drama,Thriller",en,13.929,5/12/2016,5.3,319
245846,Strangerland,"Drama,Thriller,Mystery",en,8.034,7/1/2015,5.3,210
417830,Diary of a Wimpy Kid: The Long Haul,"Comedy,Family",en,21.395,5/19/2017,5.3,364
38579,Marmaduke,"Family,Comedy",en,25.997,6/4/2010,5.3,625
301337,Downsizing,"Comedy,Drama,Science Fiction",en,45.858,12/22/2017,5.3,3140
9446,Jungle 2 Jungle,"Comedy,Family",en,7.423,3/4/1997,5.3,390
611468,Kidnapping Stella,Thriller,de,12.19,6/29/2019,5.3,367
20616,Swimfan,Thriller,en,7.741,9/6/2002,5.3,214
582885,Cuties,Drama,fr,7.243,8/19/2020,5.3,341
14405,Beverly Hills Chihuahua,"Comedy,Family,Adventure,Romance",en,71.317,10/3/2008,5.3,871
139455,Silent Night,"Comedy,Horror,Thriller,Mystery",en,7.289,11/30/2012,5.3,220
289153,"Sex, Love & Therapy","Comedy,Romance",fr,7.581,10/1/2014,5.3,240
242076,The Bag Man,"Crime,Drama,Thriller",en,7.504,2/28/2014,5.3,272
176068,1,"Thriller,Science Fiction",en,5.595,9/20/2013,5.3,212
23966,Deadgirl,"Horror,Thriller",en,10.878,9/6/2008,5.3,278
553141,The Head Hunter,"Horror,Fantasy",en,11.542,4/5/2019,5.3,226
109099,Passion,"Thriller,Drama,Crime,Mystery",en,7.958,9/7/2012,5.3,340
44113,Stone,"Drama,Thriller",en,9.263,10/7/2010,5.3,559
426962,Room(h)ates,Comedy,fr,5.538,4/19/2017,5.3,326
234212,Demonic,"Thriller,Horror",en,8.722,2/12/2015,5.3,412
10906,Pet Sematary II,Horror,en,23.567,8/28/1992,5.3,400
9841,Rest Stop,"Horror,Thriller",en,8.485,10/7/2006,5.3,200
9714,Home Alone 3,"Comedy,Family",en,27.945,12/12/1997,5.3,2482
22084,Dadnapped,"Family,TV Movie,Comedy,Action,Adventure",en,6.277,2/16/2009,5.3,210
157544,The Vatican Tapes,"Thriller,Horror",en,36.32,7/24/2015,5.3,638
146301,Paranormal Activity: The Ghost Dimension,"Horror,Thriller",en,31.248,10/21/2015,5.3,1169
8766,Hellraiser: Bloodline,"Horror,Science Fiction",en,11.625,3/8/1996,5.3,385
242310,Rage,"Action,Crime,Thriller",en,23.555,5/9/2014,5.3,630
13121,Teeth,"Comedy,Horror",en,12.788,6/17/2007,5.3,577
11260,Meet Dave,"Comedy,Science Fiction,Adventure,Family",en,18.251,7/8/2008,5.3,1171
100241,"I, Frankenstein","Horror,Thriller",en,18.144,1/22/2014,5.3,1604
10845,2001 Maniacs,"Comedy,Horror",en,13.212,5/12/2005,5.3,202
475210,How It Ends,"Science Fiction,Thriller,Mystery,Action,Adventure",en,24.001,7/13/2018,5.3,1663
359790,Blackway,"Thriller,Mystery",en,13.474,10/3/2015,5.3,303
505177,10x10,Thriller,en,18.908,4/13/2018,5.3,455
50838,Wrecked,"Mystery,Thriller,Horror",en,7.305,4/1/2010,5.3,276
10063,The Breed,"Thriller,Horror",en,11.907,5/17/2006,5.3,287
154512,Lightning Strike,Comedy,it,4.07,12/13/2012,5.3,216
210908,All Cheerleaders Die,"Horror,Thriller,Comedy",en,9.957,10/31/2013,5.3,338
134375,Home Alone: The Holiday Heist,"Comedy,Family,TV Movie",en,18.576,11/25/2012,5.3,321
280391,Animal Kingdom: Let's Go Ape,"Adventure,Comedy,Animation",fr,10.626,4/8/2015,5.3,301
11375,Hollywood Homicide,"Action,Adventure,Comedy,Thriller",en,9.043,6/9/2003,5.3,512
9557,Boat Trip,Comedy,en,17.256,10/1/2002,5.3,523
430365,With Open Arms,Comedy,fr,7.311,4/5/2017,5.3,408
298614,Do Not Disturb,Comedy,fr,5.076,12/31/2014,5.3,294
47933,Independence Day: Resurgence,"Action,Adventure,Science Fiction",en,42.287,6/22/2016,5.3,5295
580630,Girl on the Third Floor,"Horror,Thriller",en,7.966,10/25/2019,5.3,221
316154,The Bad Batch,"Drama,Horror,Science Fiction",en,22.65,6/23/2017,5.3,875
50357,Apollo 18,"Horror,Thriller,Science Fiction",en,16.402,7/20/2011,5.3,811
93856,Chernobyl Diaries,"Horror,Thriller",en,33.548,5/24/2012,5.3,1347
9290,Crocodile Dundee in Los Angeles,"Adventure,Comedy",en,14.177,4/12/2001,5.3,498
301728,Infini,"Horror,Science Fiction,Thriller",en,8.695,4/11/2015,5.3,290
42888,How Do You Know,"Comedy,Drama,Romance",en,9.889,12/17/2010,5.3,791
41413,Sorry if I Want to Marry You,"Comedy,Romance,Drama",it,7.894,2/12/2010,5.3,346
243940,The Lazarus Effect,"Horror,Thriller,Mystery,Science Fiction",en,14.079,1/29/2015,5.3,1208
71254,Arena,"Action,Thriller,Science Fiction",en,12.804,10/11/2011,5.3,227
10391,Bless the Child,"Drama,Horror,Thriller,Crime",en,7.493,8/11/2000,5.2,229
26123,American Pie Presents: The Book of Love,Comedy,en,119.859,6/18/2009,5.2,1484
362057,Martyrs,"Drama,Horror,Thriller,Mystery",en,19.404,1/22/2016,5.2,236
208277,Wetlands,"Drama,Comedy",de,6.425,8/22/2013,5.2,228
11540,Adventures of Arsène Lupin,"Romance,Action,Adventure,Crime,Mystery",fr,6.575,9/17/2004,5.2,284
70868,I Don't Know How She Does It,"Romance,Comedy",en,22.698,9/16/2011,5.2,333
109091,The Counselor,"Thriller,Crime,Drama",en,19.049,10/25/2013,5.2,1577
51481,Mean Girls 2,Comedy,en,27.188,1/23/2011,5.2,1066
17130,Crossroads,"Comedy,Drama,Romance",en,9.136,2/15/2002,5.2,501
77948,The Cold Light of Day,"Action,Thriller,Mystery",en,10.459,4/4/2012,5.2,736
12619,Cherry Falls,"Horror,Mystery,Thriller",en,8.095,8/25/2000,5.2,218
531735,Ibiza,Comedy,fr,7.244,7/3/2019,5.2,238
37169,The Human Centipede (First Sequence),Horror,en,97.446,4/26/2009,5.2,1735
9713,Holy Man,"Drama,Comedy",en,9.119,10/8/1998,5.2,338
9480,Daredevil,"Fantasy,Action",en,50.101,2/14/2003,5.2,4285
560362,Rattlesnake,"Thriller,Drama,Mystery,Horror",en,12.86,10/25/2019,5.2,361
18238,Lesbian Vampire Killers,"Horror,Comedy",en,13.467,3/16/2009,5.2,303
15028,Clockstoppers,"Adventure,Family,Science Fiction,Thriller",en,11.406,3/17/2002,5.2,245
443398,Finding Momo,Comedy,fr,6.906,12/27/2017,5.2,202
665828,Bigbug,"Science Fiction,Comedy",fr,26.77,2/11/2022,5.2,257
288158,The Woman in Black 2: Angel of Death,"Thriller,Horror,Drama",en,25.612,12/30/2014,5.2,897
102207,HOUBA! On the Trail of the Marsupilami,"Adventure,Comedy,Family",fr,10.109,4/3/2012,5.2,742
11158,"Honey, I Blew Up the Kid","Adventure,Comedy,Family,Science Fiction",en,12.928,7/16/1992,5.2,950
9053,DOA: Dead or Alive,"Adventure,Action,Thriller",en,11.412,9/7/2006,5.2,639
86467,Bel Ami,"Romance,Drama",en,8.131,3/9/2012,5.2,449
94348,Alex Cross,"Action,Thriller,Crime,Mystery",en,12.715,10/18/2012,5.2,616
11933,Nothing but Trouble,"Comedy,Adventure",en,7.376,2/14/1991,5.2,269
342281,Family for Rent,"Comedy,Romance",fr,4.86,8/19/2015,5.2,352
282813,The Pyramid,Horror,en,22.664,12/4/2014,5.2,836
161545,Everything Everything Nothing Nothing,Comedy,it,4.694,11/30/2012,5.2,240
10167,Half Past Dead,"Crime,Action,Thriller",en,10.113,11/15/2002,5.2,279
632727,Texas Chainsaw Massacre,"Horror,Thriller",en,429.811,2/18/2022,5.2,854
351211,Blair Witch,"Thriller,Horror",en,23.282,9/15/2016,5.2,1633
24478,Beethoven's 4th,"Family,Comedy",en,9.428,12/4/2001,5.2,229
9959,Freedomland,"Drama,Thriller,Crime,Mystery",en,10.253,2/17/2006,5.2,265
80280,[REC]³ Genesis,Horror,es,34.013,3/30/2012,5.2,1198
11597,Toys,"Family,Fantasy,Comedy,Science Fiction",en,7.538,12/18/1992,5.2,441
329010,Emelie,"Horror,Thriller",en,7.15,3/4/2016,5.2,580
42425,A spasso nel tempo,"Adventure,Comedy,Science Fiction",it,4.08,12/13/1996,5.2,294
11310,City Slickers II: The Legend of Curly's Gold,"Action,Comedy,Drama,Western",en,10.554,6/10/1994,5.2,249
122081,Spring Breakers,"Drama,Crime",en,18.051,1/24/2013,5.2,3424
271404,Beyond Skyline,"Action,Science Fiction,Adventure,Horror",en,10.535,10/20/2017,5.2,836
169020,Vive la France,Comedy,fr,6.241,2/20/2013,5.2,313
42446,Christmas Vacation 2000,"Comedy,Romance",it,4.005,12/17/1999,5.2,304
384737,Precious Cargo,"Action,Crime,Thriller",en,17.612,7/15/2016,5.2,240
42432,Natale sul Nilo,Comedy,it,4.482,12/20/2002,5.2,505
13788,The Unborn,"Horror,Thriller,Mystery",en,46.829,1/9/2009,5.2,1159
329440,The Forest,"Horror,Thriller,Mystery",en,31.425,1/7/2016,5.2,1515
13256,Mutant Chronicles,"Action,Adventure,Horror,Science Fiction",en,11.01,8/7/2008,5.2,370
9978,Stormbreaker,"Adventure,Action,Family",en,12.517,7/21/2006,5.2,563
82700,After Earth,"Science Fiction,Action,Adventure",en,44.631,5/30/2013,5.2,5838
13613,Day of the Dead,Horror,en,15.112,4/8/2008,5.2,298
10306,Poltergeist III,"Horror,Thriller",en,20.158,6/10/1988,5.2,375
37534,The New Daughter,"Horror,Thriller",en,8.23,12/18/2009,5.2,278
11918,Superhero Movie,"Action,Comedy,Science Fiction",en,15.342,3/27/2008,5.2,1422
243938,Hot Tub Time Machine 2,Comedy,en,21.838,2/20/2015,5.2,752
372343,The Snowman,"Crime,Thriller,Horror",en,17.414,10/12/2017,5.2,1907
525460,Welcome Home,"Thriller,Horror",en,24.329,11/16/2018,5.2,266
619592,Force of Nature,"Action,Crime",en,12.558,7/2/2020,5.2,387
209244,Are You Here,Comedy,en,10.064,9/7/2013,5.2,228
11510,Repossessed,"Comedy,Horror",en,13.387,9/14/1990,5.2,220
11217,Club Dread,"Comedy,Horror",en,8.63,2/27/2004,5.2,285
10944,In the Cut,"Drama,Mystery,Thriller",en,12.439,10/22/2003,5.2,328
277558,Final Girl,"Action,Drama,Thriller",en,10.985,4/14/2015,5.2,571
18843,Dr. Dolittle 3,"Comedy,Family,Fantasy",en,14.235,4/25/2006,5.2,376
10472,Down to You,"Comedy,Drama,Romance",en,8.146,1/21/2000,5.2,204
9750,Balls of Fury,"Comedy,Crime",en,6.998,8/29/2007,5.2,423
243688,Poltergeist,Horror,en,39.228,5/20/2015,5.2,2015
33107,And Soon the Darkness,"Horror,Thriller,Crime,Mystery",en,10.353,2/25/2010,5.2,311
10477,Driven,Action,en,14.72,4/27/2001,5.2,578
13376,Eight Crazy Nights,"Animation,Comedy,Music",en,9.489,11/27/2002,5.2,243
492336,Deep Blue Sea 2,"Action,Horror,Science Fiction",en,22.572,4/17/2018,5.2,428
39691,Cats & Dogs: The Revenge of Kitty Galore,"Comedy,Family,Action,Fantasy,Adventure,Mystery",en,22.539,7/28/2010,5.2,522
345915,Once Upon a Time in Venice,"Action,Comedy,Thriller,Mystery",en,20.254,6/8/2017,5.2,520
84226,The Day,"Action,Drama,Horror,Science Fiction",en,32.386,9/15/2011,5.2,206
14695,Havoc,"Crime,Drama",en,13.211,10/16/2005,5.2,233
11825,Police Academy 5: Assignment Miami Beach,"Comedy,Crime",en,15.496,3/17/1988,5.2,706
382589,Rock'n Roll,"Comedy,Drama",fr,7.792,2/15/2017,5.2,671
38745,Gulliver's Travels,"Family,Comedy,Adventure,Fantasy",en,30.242,12/23/2010,5.2,2013
25853,Dahmer,"Drama,Horror",en,8.481,6/21/2002,5.2,204
2395,Astérix at the Olympic Games,"Fantasy,Adventure,Comedy,Family",fr,27.26,1/30/2008,5.2,1625
10628,Kangaroo Jack,"Family,Comedy,Adventure,Crime",en,26.173,1/17/2003,5.2,733
13184,Bangkok Dangerous,"Action,Crime,Thriller",en,11.807,8/21/2008,5.2,849
9920,Ultraviolet,"Science Fiction,Action,Thriller",en,11.585,3/3/2006,5.2,1298
44912,Green Lantern,"Adventure,Action,Thriller,Science Fiction",en,87.948,6/16/2011,5.2,6278
248390,Le crocodile du Botswanga,Comedy,fr,4.953,2/19/2014,5.2,273
9826,The Phantom,"Adventure,Action",en,11.236,6/6/1996,5.2,454
292280,The Bye Bye Man,"Horror,Thriller",en,26.295,1/12/2017,5.2,1073
24169,Il cosmo sul comò,Comedy,it,4.476,12/19/2008,5.2,775
347969,The Ridiculous 6,"Western,Comedy",en,33.76,12/11/2015,5.2,1163
293771,Dead Rising: Watchtower,"Horror,Science Fiction,Action",en,10.956,3/27/2015,5.2,291
11453,Deuce Bigalow: European Gigolo,Comedy,en,28.575,8/12/2005,5.2,733
10987,Halloween: The Curse of Michael Myers,"Horror,Thriller",en,26.014,9/29/1995,5.2,806
151368,Open Windows,"Thriller,Action,Crime",en,7.138,7/4/2014,5.2,369
10016,Ghosts of Mars,"Action,Horror,Science Fiction",en,12.048,8/24/2001,5.2,869
2020,The Bachelor,"Comedy,Romance",en,8.094,11/5/1999,5.2,260
13411,Malibu's Most Wanted,"Comedy,Crime",en,7.961,4/10/2003,5.1,205
256961,Paul Blart: Mall Cop 2,"Action,Comedy,Family",en,31.802,4/16/2015,5.1,1328
242512,Ouija,Horror,en,42.743,10/24/2014,5.1,2352
37498,Knock Off,"Action,Adventure,Thriller",en,9.71,9/4/1998,5.1,265
528085,2067,"Science Fiction,Thriller",en,23.155,10/1/2020,5.1,628
12702,Critters 3,"Comedy,Horror,Science Fiction",en,19.32,12/11/1991,5.1,267
440,Aliens vs Predator: Requiem,"Fantasy,Action,Science Fiction,Thriller,Horror",en,65.412,12/25/2007,5.1,2240
724989,Hard Kill,"Action,Thriller",en,15.932,10/23/2020,5.1,429
9360,Anaconda,"Adventure,Horror,Thriller",en,33.702,4/11/1997,5.1,2028
522444,Black Water: Abyss,"Horror,Thriller,Adventure,Mystery",en,156.496,7/9/2020,5.1,338
371307,Il professor Cenerentolo,"Comedy,Romance",it,6.257,12/7/2015,5.1,242
23685,Monkeybone,"Adventure,Fantasy,Animation,Action,Comedy,Science Fiction",en,9.358,2/23/2001,5.1,260
10646,Tomcats,"Comedy,Romance",en,8.766,3/30/2001,5.1,204
10577,Dracula 2000,"Thriller,Horror",en,18.126,12/22/2000,5.1,519
302349,Iron Sky: The Coming Race,"Action,Comedy,Fantasy,Science Fiction,Adventure",en,9.855,1/25/2019,5.1,273
6280,Junior,"Comedy,Family,Romance",en,12.917,11/22/1994,5.1,1196
10461,Get Carter,"Action,Drama,Thriller,Crime",en,9.25,10/6/2000,5.1,440
10216,Species II,"Science Fiction,Action,Horror",en,29.493,4/10/1998,5.1,521
57089,Hoodwinked Too! Hood VS. Evil,"Comedy,Animation,Family",en,29.014,4/29/2011,5.1,451
10718,Torque,Action,en,25.302,1/16/2004,5.1,434
407451,A Wrinkle in Time,"Adventure,Science Fiction,Family,Fantasy",en,17.526,3/8/2018,5.1,1611
354979,Dog Eat Dog,"Drama,Crime,Thriller",en,8.736,11/4/2016,5.1,273
9405,Double Team,"Action,Science Fiction",en,14.381,4/4/1997,5.1,604
27902,Love Wrecked,"Family,Romance",en,8.114,11/1/2005,5.1,423
14174,Lie with Me,Drama,en,27.272,9/10/2005,5.1,205
11252,Psycho,"Mystery,Thriller,Horror",en,19.749,12/4/1998,5.1,813
345923,All I See Is You,"Mystery,Thriller",en,11.899,8/10/2017,5.1,502
14199,The Adventures of Sharkboy and Lavagirl,"Adventure,Family,Science Fiction",en,68.5,6/10/2005,5.1,1218
10676,Halloween III: Season of the Witch,"Horror,Thriller,Science Fiction",en,30.684,10/22/1982,5.1,1014
9037,Grease 2,"Comedy,Music,Romance",en,12.675,6/11/1982,5.1,575
24476,Beethoven's 3rd,"Family,Comedy",en,8.22,9/7/2000,5.1,292
320048,Ratter,"Drama,Horror,Thriller",en,9.664,1/24/2015,5.1,273
193612,The Quiet Ones,Horror,en,7.787,4/1/2014,5.1,577
123229,Porn in the Hood,Comedy,fr,5.642,7/11/2012,5.1,301
13741,2 Alone in Paris,Comedy,fr,8.212,6/25/2008,5.1,266
9656,Black Christmas,"Horror,Thriller,Mystery",en,13.008,12/15/2006,5.1,411
440471,Escape Plan 2: Hades,Action,en,39.579,6/5/2018,5.1,1161
71670,Hostel: Part III,Horror,en,31.651,12/27/2011,5.1,907
430354,Bushwick,"Thriller,Action",en,15.776,7/30/2017,5.1,377
8814,Doom,"Action,Horror,Science Fiction",en,15.844,10/20/2005,5.1,1805
241875,Jamais le premier soir,"Comedy,Romance",fr,5.283,1/1/2014,5.1,265
42434,Natale a Miami,Comedy,it,5.533,12/16/2005,5.1,444
41669,Fantozzi 2000 - The Cloning,Comedy,it,4.161,12/23/1999,5.1,255
14219,Skinwalkers,"Fantasy,Action,Horror",en,10.772,3/20/2006,5.1,229
8998,Friends with Money,"Comedy,Drama,Romance",en,8.86,4/7/2006,5.1,487
123103,Aftershock,"Horror,Thriller",es,14.293,9/12/2012,5.1,262
37632,The Order,"Adventure,Action,Comedy",en,12.84,5/5/2001,5.1,202
205724,Welcome to the Jungle,Comedy,en,24.515,4/27/2013,5.1,342
99770,Asterix & Obelix: God Save Britannia,"Family,Adventure,Comedy",fr,16.249,10/17/2012,5.1,1080
31586,North,"Comedy,Drama,Family,Fantasy,Science Fiction",en,9.22,7/22/1994,5.1,204
11895,Police Academy 6: City Under Siege,"Comedy,Crime",en,17.019,3/9/1989,5.1,663
242606,Keep Watching,"Thriller,Horror,Drama",en,17.339,5/4/2017,5.1,234
13972,The Women,"Comedy,Drama,Romance",en,7.979,9/12/2008,5.1,281
4723,Southland Tales,"Comedy,Science Fiction,Drama,Mystery,Thriller",en,8.916,11/14/2007,5.1,425
146227,Getaway,"Action,Crime",en,17.447,8/29/2013,5.1,541
12279,Spy Kids 3-D: Game Over,"Action,Adventure,Comedy,Family,Science Fiction",en,61.215,7/25/2003,5.1,1835
75736,Catch.44,"Drama,Action,Thriller",en,19.697,12/8/2011,5.1,286
42426,A spasso nel tempo - L'avventura continua,"Comedy,Fantasy",it,5.02,12/11/1997,5.1,209
11090,The Animal,Comedy,en,21.107,6/1/2001,5.1,1003
206821,The Longest Week,"Comedy,Drama",en,8.589,9/5/2014,5.1,251
74536,The Son of No One,"Drama,Thriller,Crime",en,7.322,11/4/2011,5.1,260
505914,A.I. Rising,"Science Fiction,Drama,Romance",en,15.727,2/25/2018,5.1,220
43554,Paparazzi,Comedy,it,5.133,12/18/1998,5.1,282
15045,Fat Albert,"Comedy,Family,Fantasy",en,8.911,12/25/2004,5.1,209
848278,Jurassic Hunt,"Action,Science Fiction,Thriller",en,150.881,8/26/2021,5.1,204
43555,Body Guards - Guardie del corpo,Comedy,it,6.502,12/22/2000,5.1,271
2486,Eragon,"Fantasy,Action,Adventure,Family",en,26.651,12/14/2006,5.1,2817
301608,The Trust,"Crime,Thriller",en,15.506,4/29/2016,5,382
89691,ATM,"Horror,Thriller",en,7.771,2/17/2012,5,470
4474,My Super Ex-Girlfriend,"Comedy,Science Fiction,Romance",en,12.171,7/20/2006,5,1211
3093,Basic Instinct 2,"Crime,Mystery,Thriller",en,24,3/29/2006,5,597
586333,Who Would You Take to a Deserted Island?,"Comedy,Drama",es,10.677,3/22/2019,5,346
654974,Home Sweet Home Alone,"Family,Comedy",en,102.397,11/12/2021,5,430
681019,Nobody Sleeps in the Woods Tonight,"Horror,Thriller",pl,86.246,3/13/2020,5,478
12158,Vampire in Brooklyn,"Comedy,Horror,Romance",en,11.706,10/26/1995,5,440
8617,Prom Night,"Horror,Crime,Drama",en,12.488,4/10/2008,5,569
441614,Amar,Romance,es,5.277,4/21/2017,5,470
9722,Bewitched,"Comedy,Fantasy,Romance",en,12.38,6/21/2005,5,1314
42437,Natale a Rio,Comedy,it,4.451,12/19/2008,5,403
17774,Derailed,"Action,Thriller",en,11.329,5/19/2002,5,216
298583,All Roads Lead to Rome,"Comedy,Romance",en,8.029,1/14/2016,5,208
157424,Cabin Fever: Patient Zero,Horror,en,11.827,2/5/2014,5,243
9682,Pulse,"Horror,Thriller",en,10.355,8/11/2006,5,414
429422,Capone,"Crime,Drama",en,16.386,6/26/2020,5,256
346651,Pandemic,"Action,Science Fiction,Horror",en,37.715,2/26/2016,5,267
133469,The Dream Team,"Drama,Comedy,Romance",fr,4.603,9/26/2012,5,620
523638,Prisoners of the Ghostland,"Action,Fantasy",en,19.163,8/31/2021,5,326
802443,Deadly Illusions,"Thriller,Drama",en,17.366,3/18/2021,5,266
495673,Belleville Cop,"Comedy,Crime",fr,7.32,10/17/2018,5,296
429467,The Lodgers,"Horror,Thriller,Mystery",en,11.298,10/5/2017,5,423
77000,Bar Sport,"Comedy,Family",it,4.123,10/21/2011,5,205
12107,Nutty Professor II: The Klumps,"Fantasy,Comedy,Romance,Science Fiction",en,10.332,7/27/2000,5,1073
77941,I soliti idioti,Comedy,it,6.479,11/4/2011,5,328
87436,The ABCs of Death,Horror,en,13.248,3/8/2013,5,470
289720,Outcast,Action,en,37.201,9/26/2014,5,380
8494,Weekend at Bernie's II,Comedy,en,8.394,7/9/1993,5,230
25704,Post Grad,"Comedy,Drama",en,6.818,8/21/2009,5,247
9947,Elektra,"Action,Fantasy,Science Fiction",en,22.053,1/13/2005,5,1998
71676,Ghost Rider: Spirit of Vengeance,"Action,Fantasy,Thriller",en,76.985,12/11/2011,5,3184
277839,"Good Guys Go to Heaven, Bad Guys Go to Pattaya",Comedy,fr,5.629,2/24/2016,5,429
308529,Kickboxer: Vengeance,"Action,Drama",en,14.39,7/14/2016,5,338
11679,xXx: State of the Union,"Action,Adventure,Crime,Mystery,Thriller",en,42.025,4/27/2005,5,1527
13257,Mr. Woodcock,"Comedy,Romance",en,7.654,9/14/2007,5,357
385448,The Little Mermaid,"Family,Adventure,Fantasy,Romance,Drama",en,33.974,8/2/2018,5,768
10032,Van Wilder 2: The Rise of Taj,Comedy,en,11.713,12/1/2006,5,325
185460,Willow Creek,"Adventure,Horror,Mystery,Thriller",en,9.237,5/2/2013,5,241
10292,Urban Legends: Bloody Mary,"Horror,Thriller",en,14.218,7/19/2005,5,212
293572,The Houses October Built,"Horror,Thriller",en,7.276,10/10/2014,5,258
180305,Mercy,"Thriller,Horror",en,13.519,10/7/2014,5,203
17680,The Girlfriend Experience,Drama,en,9.013,5/22/2009,5,235
481375,Malevolent,Horror,en,12.824,12/13/2018,5,331
323262,Holidays,"Comedy,Horror",en,12.209,4/22/2016,5,414
325358,Superfast!,"Comedy,Action",en,126.768,3/5/2015,5,304
10685,The Watcher,"Mystery,Thriller",en,9.568,9/8/2000,5,391
14564,Rings,Horror,en,44.931,2/1/2017,5,2245
10384,Supernova,"Science Fiction,Horror,Fantasy,Thriller",en,8.474,1/14/2000,5,294
10283,Friday the 13th Part VIII: Jason Takes Manhattan,"Horror,Thriller",en,43.376,7/28/1989,5,772
9310,American Dreamz,"Comedy,Drama",en,7.597,3/4/2006,5,246
297160,XX,Horror,en,10.327,2/17/2017,5,354
590706,Jiu Jitsu,"Action,Science Fiction,Fantasy",en,92.22,11/20/2020,5,498
299245,The Gallows,"Horror,Thriller",en,17.348,7/10/2015,5,831
14623,Thunderbirds,"Action,Adventure,Comedy,Family,Fantasy,Science Fiction",en,8.113,7/23/2004,5,245
68637,Ducoboo,Comedy,fr,8.288,6/22/2011,5,360
70586,Setup,"Action,Crime,Drama,Thriller",en,8.701,10/17/2011,4.9,351
3177,Battle Royale II: Requiem,"Action,Thriller",ja,11.442,7/5/2003,5,357
2830,My Boss's Daughter,"Comedy,Romance",en,9.808,8/21/2003,4.9,583
269173,The Anomaly,"Thriller,Action,Science Fiction",en,25.033,6/19/2014,4.9,278
331962,Exposed,"Drama,Crime,Thriller,Mystery",en,17.436,1/22/2016,4.9,415
44918,Titanic II,"Action,Adventure,Thriller",en,51.785,8/7/2010,4.9,310
42941,30 Days of Night: Dark Days,"Horror,Thriller",en,26.985,10/4/2010,4.9,407
11859,Fair Game,"Action,Thriller,Romance",en,12.976,11/3/1995,4.9,233
42684,Skyline,"Science Fiction,Action",en,57.251,11/11/2010,4.9,1333
65055,Shark Night 3D,"Thriller,Horror",en,20.23,9/2/2011,4.9,430
42435,Natale a New York,Comedy,it,4.514,12/15/2006,4.9,464
246320,The Three Brothers: The Return,Comedy,fr,5.385,2/12/2014,4.9,348
14456,Shrooms,"Horror,Mystery",en,8.452,8/16/2007,4.9,311
274626,Animal,"Thriller,Horror",en,6.016,6/17/2014,4.9,205
14620,The Butterfly Effect 2,"Drama,Science Fiction,Thriller",en,18.911,8/17/2006,4.9,744
33624,Double zéro,"Adventure,Comedy",fr,6.573,6/16/2004,4.9,256
5393,Happily N'Ever After,"Adventure,Animation,Comedy,Family,Fantasy",en,11.698,1/5/2007,4.9,365
78381,Twixt,"Mystery,Fantasy,Horror",en,7.714,9/10/2011,4.9,214
327040,Bang Gang (A Modern Love Story),Drama,fr,5.26,8/26/2015,4.9,223
23706,All About Steve,Comedy,en,9.393,9/4/2009,4.9,843
17610,Year One,"Comedy,Adventure",en,49.284,6/18/2009,4.9,1568
241254,The Prince,"Thriller,Action",en,12.377,8/22/2014,4.9,424
480572,Bullet Head,"Drama,Crime,Thriller",en,9.524,12/7/2017,4.9,435
2182,Attack of the Killer Tomatoes!,"Comedy,Horror,Science Fiction",en,8.254,10/1/1978,4.9,213
10710,Envy,Comedy,en,7.763,4/30/2004,4.9,423
437739,The Mansion,"Horror,Comedy",fr,10.321,6/21/2017,4.9,417
8968,Boogeyman,"Thriller,Horror,Drama,Mystery",en,12.556,2/4/2005,4.9,604
916740,Brazen,"Thriller,Mystery,Drama",en,193.958,1/13/2022,4.9,270
12634,The Big Bounce,"Comedy,Crime",en,8.53,1/30/2004,4.9,200
10067,The Shaggy Dog,"Comedy,Family",en,15.672,3/9/2006,4.9,479
35169,Furry Vengeance,"Family,Comedy,Fantasy",en,10.051,4/30/2010,4.9,497
42436,Natale in crociera,Comedy,it,5.33,12/14/2007,4.9,364
41556,The Romantics,"Comedy,Drama,Romance",en,7.6,9/10/2010,4.9,215
328901,The Benefactor,Drama,en,7.346,4/17/2015,4.9,218
85056,Vacanze di Natale a Cortina,Comedy,it,4.423,12/16/2011,4.9,253
339116,Maximum Ride,"Action,Adventure,Comedy,Fantasy,Science Fiction,Thriller",en,9.376,9/30/2016,4.9,211
55341,Jeepers Creepers 3,"Horror,Mystery,Thriller",en,91.173,9/26/2017,4.9,662
354556,Guardians,"Action,Fantasy,Science Fiction",ru,43.999,2/14/2017,4.9,624
505225,The Last Thing He Wanted,"Drama,Thriller",en,18.588,2/14/2020,4.9,420
20533,Jonah Hex,"Action,Western,Drama,Fantasy,Thriller",en,62.758,6/18/2010,4.9,1193
29426,Survival of the Dead,"Comedy,Horror,Thriller",en,18.173,5/6/2010,4.9,367
11246,Hellraiser: Hellseeker,"Horror,Thriller,Mystery",en,15.695,10/15/2002,4.9,246
14125,Captivity,"Crime,Horror,Thriller",en,8.109,3/9/2007,4.9,349
11058,Godsend,"Drama,Horror,Science Fiction,Thriller",en,9.452,4/30/2004,4.9,398
5458,Cruel Intentions 2,Drama,en,25.216,11/9/2000,4.9,300
433249,IO,Science Fiction,en,17.569,1/18/2019,4.9,1166
12779,Swept Away,"Comedy,Romance",en,8.342,10/11/2002,4.9,215
438970,Sharknado 5: Global Swarming,"Action,Comedy,Science Fiction,TV Movie,Adventure",en,14.286,8/6/2017,4.9,262
459616,The Brand New Adventures of Aladin,Comedy,fr,10.885,10/3/2018,4.9,319
10763,Dr. T & the Women,"Comedy,Drama,Romance",en,7.636,9/13/2000,4.9,258
257087,The Veil,Horror,en,5.736,4/21/2016,4.9,221
254474,Zombeavers,"Horror,Action,Comedy",en,26.738,10/20/2014,4.9,554
520901,Doom: Annihilation,"Action,Science Fiction,Horror,Mystery",en,24.695,9/30/2019,4.9,317
267806,V/H/S: Viral,"Horror,Thriller",en,13.321,10/23/2014,4.9,481
351819,Fifty Shades of Black,"Romance,Comedy",en,72.567,1/28/2016,4.9,1172
284674,Air,"Science Fiction,Thriller",en,7.786,8/14/2015,4.9,374
12211,Highlander: Endgame,"Action,Fantasy",en,10.624,9/1/2000,4.9,309
57216,A Natale mi sposo,Comedy,it,4.349,11/26/2010,4.9,202
6116,Spice World,"Adventure,Fantasy,Drama,Comedy,Music",en,8.191,12/18/1997,4.8,382
240483,Robot Overlords,"Science Fiction,Adventure,Action",en,25.396,1/29/2015,4.8,212
2149,Body of Evidence,"Drama,Thriller,Romance",en,11.014,1/15/1993,4.8,234
214597,Fright Night 2: New Blood,"Horror,Comedy",en,11.047,8/31/2013,4.8,229
11802,Space Chimps,"Animation,Family,Adventure,Comedy,Science Fiction",en,15.505,6/25/2008,4.8,363
46429,Gallowwalkers,"Action,Horror,Western",en,10.254,10/27/2012,4.8,295
408238,The New Adventures of Cinderella,Comedy,fr,7.102,10/18/2017,4.8,227
10213,From Dusk Till Dawn 3: The Hangman's Daughter,"Western,Horror,Thriller",en,11.072,10/30/1999,4.8,253
329833,Zoolander 2,Comedy,en,19.258,2/6/2016,4.8,1881
226936,Aspirante vedovo,Comedy,it,5.984,10/10/2013,4.8,372
19543,Anacondas: Trail of Blood,"Action,Horror,Science Fiction",en,24.88,2/27/2009,4.8,225
345925,Rupture,"Thriller,Science Fiction",en,8.102,11/4/2016,4.8,218
14863,Anaconda 3: Offspring,"Action,Horror,Thriller",en,25.547,1/1/2008,4.8,238
422615,The Clapper,Comedy,en,7.843,1/26/2018,4.8,222
4258,Scary Movie 5,Comedy,en,108.809,4/11/2013,4.8,2351
456048,The Humanity Bureau,"Action,Science Fiction,Adventure",en,12.288,7/11/2017,4.8,281
38277,Camping 2,Comedy,fr,6.214,4/21/2010,4.8,567
416160,The Vault,"Horror,Thriller",en,8.219,9/1/2017,4.8,328
254188,At the Devil's Door,Horror,en,7.098,3/9/2014,4.8,207
14144,Daddy Day Camp,"Family,Comedy",en,10.01,8/8/2007,4.8,373
605373,The Influence,Horror,es,18.697,6/21/2019,4.8,221
33282,Natale a Beverly Hills,Comedy,it,4.771,12/18/2009,4.8,260
241251,The Boy Next Door,Thriller,en,31.296,1/23/2015,4.8,1844
21943,I Want You,"Romance,Comedy",it,5.706,3/9/2007,4.8,310
11470,Jason X,"Horror,Science Fiction",en,40.917,7/24/2001,4.8,1040
11127,Starship Troopers 3: Marauder,"Adventure,Science Fiction,Action",en,18.579,7/19/2008,4.8,380
13009,Zombie Strippers!,"Comedy,Horror",en,21.56,4/18/2008,4.8,297
9306,The Island of Dr. Moreau,"Science Fiction,Horror,Fantasy",en,10.814,8/23/1996,4.8,423
77496,Matrimonio alle Bahamas,Comedy,it,5.937,11/16/2007,4.8,252
9624,On Deadly Ground,"Action,Thriller",en,11.952,2/18/1994,4.8,331
257345,The Darkness,"Horror,Thriller",en,15.879,5/13/2016,4.8,534
12212,Urban Legends: Final Cut,"Horror,Mystery,Thriller",en,14.089,9/22/2000,4.8,369
10077,A Sound of Thunder,"Thriller,Science Fiction,Adventure,Action",en,13.009,5/15/2005,4.8,313
10350,Wing Commander,Science Fiction,en,8.404,3/11/1999,4.8,207
42433,Natale in India,Comedy,it,5.12,12/19/2003,4.8,472
9710,Allan Quatermain and the Lost City of Gold,"Adventure,Action,Comedy",en,11.086,12/17/1986,4.8,204
74997,The Human Centipede 2 (Full Sequence),"Drama,Horror,Crime",en,98.518,10/6/2011,4.8,1041
377587,Meet the Blacks,"Comedy,Horror",en,14.504,4/1/2016,4.8,236
8010,Highlander II: The Quickening,"Fantasy,Science Fiction",en,9.064,1/13/1991,4.8,665
8011,Highlander III: The Sorcerer,"Fantasy,Action",en,9.762,11/29/1994,4.8,367
375804,Camping 3,Comedy,fr,5.347,6/29/2016,4.8,537
889,The Flintstones in Viva Rock Vegas,"Comedy,Family,Romance",en,18.045,4/28/2000,4.8,604
12699,Hellraiser: Hellworld,"Horror,Thriller",en,22.184,9/6/2005,4.8,225
141581,Nous York,Comedy,fr,4.475,11/6/2012,4.8,224
425700,Un Natale al Sud,Comedy,it,5.775,12/1/2016,4.8,219
250066,American Heist,Action,en,6.758,9/11/2014,4.8,300
4226,Shriek If You Know What I Did Last Friday the Thirteenth,Comedy,en,16.38,10/17/2000,4.8,244
765119,The Bubble,Comedy,en,73.239,3/25/2022,4.8,259
438689,Siberia,"Crime,Romance,Thriller",en,23.602,7/13/2018,4.8,446
26629,RTT,Comedy,fr,5.706,12/9/2009,4.7,200
412547,Killing Gunther,"Action,Comedy",en,13.243,9/22/2017,4.7,279
5550,RoboCop 3,"Action,Adventure,Crime,Science Fiction,Thriller",en,23.046,4/17/1993,4.7,958
188207,The Legend of Hercules,"Action,Adventure",en,24.005,1/10/2014,4.7,1139
112160,Sexual Chronicles of a French Family,"Comedy,Drama",fr,37.543,5/9/2012,4.7,221
76487,The Devil Inside,"Thriller,Horror",en,19.98,1/6/2012,4.7,669
43935,Dylan Dog: Dead of Night,"Action,Comedy,Horror,Mystery,Science Fiction,Thriller",en,8.004,3/16/2011,4.7,427
89899,The Players,Comedy,fr,9.532,2/29/2012,4.7,590
56288,Spy Kids: All the Time in the World,"Family,Comedy,Action",en,33.698,8/18/2011,4.7,810
11334,S.P.Q.R. 2000 e 1/2 anni fa,Comedy,it,6.136,12/15/1994,4.7,244
82657,Flight 7500,"Thriller,Horror,Mystery",en,17.839,5/16/2014,4.7,447
57876,Area 51,"Horror,Thriller,Science Fiction,Mystery",en,18.297,5/15/2015,4.7,478
26715,Bitch Slap,"Drama,Action,Comedy,Thriller,Crime",en,11.267,5/16/2009,4.7,236
344268,The New Adventures of Aladdin,"Comedy,Adventure",fr,10.931,10/14/2015,4.7,779
145221,Monsters: Dark Continent,"Thriller,Drama,Science Fiction",en,9.599,10/9/2014,4.7,279
276905,Norm of the North,"Adventure,Animation,Comedy,Family",en,11.087,1/14/2016,4.7,284
437375,Looking Glass,"Thriller,Mystery",en,11.609,2/16/2018,4.7,231
8285,The Spirit,"Action,Comedy,Thriller,Crime,Science Fiction",en,11.377,12/25/2008,4.7,803
53700,Un'estate ai Caraibi,Comedy,en,6.877,6/12/2009,4.7,210
297596,Dying of the Light,"Thriller,Drama",en,10.09,12/4/2014,4.7,260
310127,Ma tu di che segno 6?,Comedy,it,5.134,12/11/2014,4.7,221
290825,Yoga Hosers,"Comedy,Fantasy,Horror",en,10.646,7/8/2016,4.7,342
103327,Ducoboo 2: Crazy Vacation,Comedy,fr,7.678,4/24/2012,4.7,259
369560,Drunk Parents,Comedy,en,15.395,2/8/2019,4.7,207
244514,Colpi di fortuna,Comedy,it,5.821,12/21/2013,4.7,214
146203,The Last Exorcism Part II,"Horror,Thriller",en,15.757,2/28/2013,4.7,444
551808,Black Christmas,"Horror,Mystery,Thriller",en,9.811,12/11/2019,4.7,412
853588,Prey,Thriller,de,64.052,9/10/2021,4.7,254
17455,Hellraiser: Deader,"Horror,Mystery,Thriller",en,15.512,6/7/2005,4.7,227
168098,Cell,"Horror,Science Fiction,Thriller",en,19.521,7/6/2016,4.7,910
10196,The Last Airbender,"Action,Adventure,Fantasy",en,98.322,6/30/2010,4.7,3347
331446,Sharknado 3: Oh Hell No!,"Action,TV Movie,Science Fiction,Comedy,Adventure",en,12.49,7/22/2015,4.7,417
13995,Captain America,"Action,Science Fiction,War",en,18.333,12/14/1990,4.6,332
2312,In the Name of the King: A Dungeon Siege Tale,"Adventure,Fantasy,Action,Drama",en,15.159,11/29/2007,4.7,668
455957,Domino,"Thriller,Action,Crime",en,16.482,5/31/2019,4.6,221
