order_id,order_date,customer_id,customer_region,product_category,product_price,quantity,discount_percent,payment_method,order_status,revenue
100000,2023-04-13,1567,north,,43.84,1,15,Debit Card,Cancelled,37.264
100001,2023-12-15,1059,,Electronics,233.44,4,5,Debit Card,Delivered,656.3203156640228
100002,2023-09-28,1038,West,Electronics,942.15,4,20,,Delivered,3014.88
100003,2023-04-17,1539,West,Home,115.06,2,0,,In Transit,230.12
100004,2023-03-13,1048,SOUTH,Clothng,288.6,2,-5,credit card,In Transit,606.0600000000001
100005,2023-07-08,1419,South,,510.09,3,20,Debit Card,Delivered,1224.2160000000001
100006,2023-01-21,1012,West,Electronics,121.42,7,15,,delivered,722.4490000000001
100007,2023-04-13,1035,East,Electronics,291.59,3,20,COD,In Transit,699.816
100008,2023-05-02,1100,East,,1367.35,6,5,UPI,Cancelled,7793.894999999999
100009,2023-08-03,1085,South,Clothing,33.85,7,10,credit card,Delivered,213.25500000000002
100010,2023-11-27,1515,North,,981.88,4,10,credit card,Returned,3534.768
100011,2023-03-29,1222,,Electronics,579.69,0,0,Credit Card,Returned,0.0
100012,2023-04-10,1337,North,Clothng,1010.61,5,10,Debit Card,delivered,4547.745
100013,2023-12-26,1165,East,Clothing,885.09,3,0,credit card,Delivered,2655.27
100014,2023-06-01,1382,West,electronics,339.13,4,5,credit card,Cancelled,1288.694
100015,2023-05-11,1375,South,,1271.58,4,0,,delivered,5086.32
100016,2023-05-30,1470,North,electronics,740.45,5,0,COD,Cancelled,3702.25
100017,2023-11-05,1030,North,Clothing,1234.69,4,0,Debit Card,Returned,4938.76
100018,2023-09-15,1374,,Clothing,611.99,5,20,UPI,Cancelled,2447.96
100019,2023-12-10,1010,north,Clothing,1477.1,5,0,COD,Returned,7385.5
100020,2023-10-21,1301,East,Home,1156.88,6,15,UPI,In Transit,5900.088000000001
100021,2023-07-11,1095,West,,1449.1,4,0,Credit Card,Returned,5796.4
100022,2023-10-04,1189,South,Clothng,773.92,6,5,credit card,Returned,4411.343999999999
100023,2023-06-10,1452,North,Clothng,713.17,4,0,,delivered,2852.68
100024,2023-11-10,1191,,electronics,1134.4,2,0,COD,delivered,2268.8
100025,2023-01-22,1485,north,electronics,1321.04,5,10,UPI,Delivered,5944.68
100026,2023-09-10,1265,East,electronics,1446.4,1,10,Debit Card,Delivered,1301.7600000000002
100027,2023-08-24,1423,East,,490.21,5,0,Credit Card,Returned,2451.0499999999997
100028,2023-12-11,1127,,Electronics,1199.06,1,5,Credit Card,In Transit,1139.107
100029,2023-02-18,1237,South,electronics,319.92,4,20,credit card,Delivered,1023.7440000000001
100030,2023-02-28,1354,North,Clothing,820.63,3,0,credit card,Returned,2461.89
100031,2023-06-19,1111,South,electronics,273.87,0,0,UPI,delivered,0.0
100032,2023-07-07,1445,,Clothing,524.36,6,10,UPI,Delivered,2831.544
100033,2023-09-28,1342,,Home,1397.38,4,0,Credit Card,Delivered,5589.52
100034,2023-07-09,1144,South,Electronics,223.41,0,105,UPI,Returned,-0.0
100035,2023-06-24,1064,SOUTH,Electronics,950.44,2,10,credit card,Returned,1710.7920000000001
100036,2023-02-20,1246,north,,891.47,1,5,Credit Card,Cancelled,846.8965
100037,2023-12-30,1489,East,,185.5,6,5,Credit Card,Cancelled,1057.35
100038,2023-02-24,1438,SOUTH,Clothng,492.34,2,10,Debit Card,In Transit,886.212
100039,2023-09-01,1105,West,Home,846.66,3,0,Debit Card,Delivered,2539.98
100040,2023-11-16,1180,East,,284.83,3,-5,UPI,Cancelled,590.4960139116607
100041,2023-05-11,1183,East,Clothing,1201.93,5,10,UPI,Returned,5408.685
100042,2023-11-03,1225,north,Home,1458.37,6,0,credit card,Delivered,8750.22
100043,2023-05-15,1088,West,Electronics,326.07,6,10,credit card,Cancelled,1760.778
100044,2023-01-21,1529,North,Clothing,284.43,6,0,Debit Card,In Transit,1706.58
100045,2023-11-25,1370,West,Home,685.13,4,0,Credit Card,In Transit,2740.52
100046,2023-06-16,1398,North,Electronics,1122.91,7,10,COD,In Transit,7074.3330000000005
100047,2023-10-01,1105,West,,425.99,7,10,,In Transit,2683.7370000000005
100048,2023-03-30,1270,South,Clothing,34.72,5,10,,Returned,156.24
100049,2023-11-12,1502,,Clothing,814.12,3,0,COD,In Transit,2442.36
100050,2023-01-14,1524,West,Electronics,1435.12,3,10,UPI,delivered,3874.8239999999996
100051,2023-08-30,1031,SOUTH,Clothing,589.96,5,0,,In Transit,2949.8
100052,2023-09-22,1392,SOUTH,,633.1,2,10,,Cancelled,1903.3003497702255
100053,2023-12-12,1039,north,,1453.51,0,10,COD,Delivered,0.0
100054,2023-02-22,1217,,,1043.44,1,10,COD,Cancelled,939.0960000000001
100055,2023-12-06,1081,,Electronics,1080.16,3,20,Debit Card,Delivered,2592.3840000000005
100056,2023-04-02,1200,North,electronics,846.24,5,20,Credit Card,Returned,3384.96
100057,2023-09-21,1446,East,electronics,1462.04,3,105,credit card,Delivered,-219.30600000000018
100058,2023-02-04,1427,north,Clothing,1034.86,2,105,Debit Card,delivered,-103.48600000000008
100059,2023-07-25,1037,SOUTH,,1343.07,6,15,,In Transit,6849.657
100060,2023-03-22,1210,SOUTH,Clothing,1050.57,6,105,credit card,Cancelled,-315.1710000000003
100061,2023-02-19,1443,North,Electronics,1104.0,7,20,Debit Card,Delivered,6182.400000000001
100062,2023-12-26,1326,SOUTH,Clothing,439.16,1,15,Debit Card,Cancelled,373.286
100063,2023-01-02,1226,SOUTH,Clothng,458.7,7,0,COD,In Transit,3210.9
100064,2023-02-23,1047,North,electronics,1175.56,6,0,credit card,Returned,7053.36
100065,2023-04-16,1017,SOUTH,Clothing,448.58,6,20,Debit Card,In Transit,2153.184
100066,2023-09-17,1438,East,Clothing,846.34,2,5,COD,Returned,1608.046
100067,2023-11-06,1186,South,Home,377.78,7,20,UPI,Cancelled,2115.568
100068,2023-07-10,1344,north,Clothing,1226.39,0,0,credit card,Returned,0.0
100069,2023-08-06,1223,East,Clothng,170.2,2,0,Debit Card,Returned,340.4
100070,2023-02-13,1487,East,electronics,1245.02,1,15,,Returned,1058.267
100071,2023-06-11,1228,South,Home,906.08,6,-5,UPI,Returned,5708.304000000001
100072,2023-07-21,1389,,Electronics,284.43,7,0,COD,Returned,1991.01
100073,2023-09-27,1588,north,Electronics,815.34,1,20,Debit Card,Delivered,652.272
100074,2023-12-17,1187,East,electronics,427.34,3,15,,Returned,1089.7169999999999
100075,2023-10-31,1269,SOUTH,Electronics,488.58,0,0,COD,Returned,0.0
100076,2023-09-28,1309,South,Clothng,530.53,4,0,COD,In Transit,2122.12
100077,2023-08-03,1131,,Clothing,99.66,3,0,,In Transit,298.98
100078,2023-09-09,1550,north,electronics,1479.01,6,0,COD,In Transit,8874.06
100079,2023-07-09,1071,West,Home,52.14,5,5,credit card,Returned,247.66499999999996
100080,2023-10-23,1186,North,Clothing,995.43,2,0,UPI,In Transit,1990.86
100081,2023-08-01,1485,SOUTH,Electronics,559.99,7,0,UPI,Delivered,3919.9300000000003
100082,2023-07-27,1190,South,Electronics,970.79,7,20,Credit Card,Cancelled,5436.424
100083,2023-08-25,1421,North,Home,537.59,2,10,Debit Card,In Transit,967.662
100084,2023-12-04,1119,,Clothng,1012.26,1,10,COD,In Transit,911.034
100085,2023-02-22,1219,,Home,1095.21,5,0,Debit Card,Delivered,5476.05
100086,2023-10-07,1052,West,electronics,1037.38,1,20,UPI,delivered,829.9040000000001
100087,2023-08-05,1450,East,Home,175.37,5,20,UPI,delivered,701.48
100088,2023-09-09,1411,East,Electronics,987.06,1,5,COD,Delivered,937.7069999999999
100089,2023-07-07,1236,north,Clothng,423.58,4,-5,credit card,In Transit,1779.036
100090,2023-02-10,1405,South,Clothng,48.06,4,20,,Cancelled,153.79200000000003
100091,2023-06-06,1421,South,,625.17,3,15,COD,In Transit,1594.1834999999999
100092,2023-01-15,1246,,Home,653.15,4,15,COD,Delivered,2220.71
100093,2023-10-28,1071,north,electronics,703.43,5,0,Credit Card,Delivered,3517.1499999999996
100094,2023-03-06,1184,North,Electronics,1058.71,1,0,,Returned,413.75718380002724
100095,2023-12-11,1005,East,Clothing,466.72,5,0,credit card,Delivered,2333.6000000000004
100096,2023-11-23,1205,East,Clothng,476.34,3,0,Debit Card,Returned,1429.02
100097,2023-01-09,1543,,Home,95.53,3,0,,Delivered,286.59000000000003
100098,2023-12-10,1386,South,,1031.8,6,20,credit card,Returned,4952.639999999999
100099,2023-05-09,1075,,electronics,853.9,0,0,COD,Returned,0.0
100100,2023-05-16,1176,South,electronics,527.39,4,105,COD,In Transit,-105.4780000000001
100101,2023-03-04,1348,north,Electronics,1059.26,2,10,COD,Returned,1906.6680000000001
100102,2023-05-19,1254,West,Clothng,808.35,2,0,COD,delivered,1616.7
100103,2023-03-22,1307,North,Electronics,706.52,0,5,COD,Delivered,0.0
100104,2023-06-12,1344,SOUTH,,769.43,1,0,,Cancelled,769.43
100105,2023-10-16,1126,West,Clothing,956.34,0,105,,Delivered,-0.0
100106,2023-09-18,1286,West,Clothing,991.7,1,20,,In Transit,793.3600000000001
100107,2023-08-19,1595,South,Clothing,436.99,7,0,credit card,In Transit,3058.9300000000003
100108,2023-02-10,1486,South,electronics,215.41,4,-5,COD,Returned,904.722
100109,2023-01-28,1382,South,Clothng,239.17,4,15,UPI,In Transit,813.1779999999999
100110,2023-05-15,1405,West,Electronics,960.89,3,0,,In Transit,2882.67
100111,2023-07-20,1387,,Electronics,1309.95,3,10,UPI,Delivered,3536.8650000000002
100112,2023-11-24,1524,North,,617.2,3,10,Credit Card,delivered,1666.44
100113,2023-09-25,1556,,Clothing,258.43,7,0,Debit Card,delivered,1809.01
100114,2023-02-02,1275,South,Clothng,1136.12,3,15,,Returned,2897.1059999999998
100115,2023-02-17,1499,East,Clothng,1249.57,2,0,UPI,In Transit,2499.14
100116,2023-03-03,1336,,,1321.47,6,5,Credit Card,In Transit,7532.378999999999
100117,2023-08-04,1480,North,Home,912.21,3,0,credit card,delivered,2736.63
100118,2023-10-20,1272,East,Clothng,1291.79,7,105,Debit Card,Returned,-452.12650000000036
100119,2023-04-09,1057,North,Clothng,28.05,3,15,COD,In Transit,71.5275
100120,2023-06-21,1327,South,Electronics,165.32,3,0,,Returned,495.96
100121,2023-12-26,1108,,,143.4,1,0,,Delivered,143.4
100122,2023-08-02,1278,SOUTH,Clothng,1070.34,5,0,COD,In Transit,5351.7
100123,2023-02-04,1327,north,Clothng,109.02,3,15,credit card,In Transit,342.58019219324007
100124,2023-08-15,1314,South,Electronics,747.06,7,0,Debit Card,In Transit,5229.42
100125,2023-04-11,1473,West,Clothng,711.7,0,20,,delivered,0.0
100126,2023-05-11,1110,SOUTH,Electronics,469.5,3,-5,UPI,delivered,1478.925
100127,2023-09-14,1228,West,Home,1306.26,3,10,Debit Card,In Transit,3526.902
100128,2023-01-05,1496,North,electronics,259.8,2,0,Credit Card,In Transit,519.6
100129,2023-08-06,1155,West,Electronics,531.93,5,0,,Delivered,2659.6499999999996
100130,2023-09-12,1472,SOUTH,Electronics,1162.39,3,5,credit card,Delivered,3312.8115
100131,2023-12-25,1271,SOUTH,Clothng,50.48,5,10,UPI,Returned,227.16
100132,2023-10-10,1001,South,Electronics,1011.06,1,10,Debit Card,Returned,909.954
100133,2023-07-26,1510,East,,1225.51,4,10,Debit Card,delivered,4411.836
100134,2023-01-15,1285,South,Clothing,1398.74,5,0,UPI,Cancelled,6993.7
100135,2023-12-12,1012,North,Clothing,1315.06,5,20,Credit Card,Delivered,5260.24
100136,2023-02-11,1497,West,Home,482.48,3,0,Credit Card,Returned,2177.9756509616473
100137,2023-06-28,1237,East,Electronics,881.61,6,5,Debit Card,Delivered,5025.177
100138,2023-03-04,1093,,,120.55,3,15,COD,Delivered,307.4025
100139,2023-12-18,1337,north,Clothng,390.52,3,0,UPI,Cancelled,1171.56
100140,2023-08-19,1170,SOUTH,Clothng,145.86,2,15,,Delivered,247.96200000000002
100141,2023-08-29,1566,East,electronics,476.2,6,20,Credit Card,Cancelled,1704.5016971287776
100142,2023-02-21,1466,,Home,1313.4,4,10,,Cancelled,4728.240000000001
100143,2023-04-06,1142,East,,524.01,2,0,Credit Card,Delivered,1048.02
100144,2023-08-10,1200,South,,845.04,7,0,Credit Card,Delivered,5915.28
100145,2023-08-19,1179,,Clothng,652.9,2,0,credit card,Returned,1305.8
100146,2023-08-25,1363,north,electronics,691.08,2,0,,Delivered,1382.16
100147,2023-05-23,1478,SOUTH,Clothng,1454.51,6,105,COD,Delivered,-578.2878847697698
100148,2023-06-20,1564,North,electronics,447.75,1,10,Credit Card,Delivered,402.975
100149,2023-01-29,1470,North,Clothing,942.85,4,0,COD,Returned,3771.4
100150,2023-02-05,1383,East,,632.99,1,-5,Debit Card,Cancelled,664.6395
100151,2023-01-13,1416,,Clothing,96.41,1,15,Debit Card,Returned,81.9485
100152,2023-06-09,1307,East,Clothng,736.55,4,0,credit card,Delivered,2946.2
100153,2023-11-23,1366,West,Home,1220.95,1,0,COD,In Transit,1220.95
100154,2023-07-06,1000,north,Electronics,152.64,6,0,UPI,Delivered,915.8399999999999
100155,2023-08-31,1043,SOUTH,Home,109.04,4,105,credit card,Returned,-21.80800000000002
100156,2023-03-27,1097,East,Home,234.68,5,5,Credit Card,Returned,1114.73
100157,2023-10-11,1264,West,Electronics,1147.78,7,20,Debit Card,delivered,6427.568
100158,2023-03-07,1139,,,1087.37,5,0,Debit Card,In Transit,5436.849999999999
100159,2023-06-19,1480,north,Clothing,849.7,3,20,UPI,Returned,2039.2800000000004
100160,2023-02-14,1236,SOUTH,Clothing,705.0,2,0,credit card,Cancelled,1410.0
100161,2023-03-03,1071,North,,1333.05,7,105,COD,Delivered,-466.56750000000045
100162,2023-05-14,1189,West,Electronics,1151.21,5,-5,Debit Card,Cancelled,6043.852500000001
100163,2023-10-11,1267,,electronics,1218.85,5,0,Credit Card,Returned,6094.25
100164,2023-01-28,1320,north,Home,1220.83,1,15,UPI,Returned,1037.7054999999998
100165,2023-04-18,1106,West,Clothng,965.86,4,15,UPI,Cancelled,3283.924
100166,2023-02-13,1231,East,Clothing,689.73,0,-5,,Cancelled,0.0
100167,2023-12-06,1041,South,,1297.69,1,0,UPI,delivered,1297.69
100168,2023-10-13,1138,North,Clothng,1389.38,1,5,Credit Card,Delivered,1319.911
100169,2023-11-27,1272,East,Electronics,40.59,6,20,UPI,Cancelled,194.83200000000002
100170,2023-05-08,1480,East,Clothng,82.07,4,15,COD,Delivered,279.03799999999995
100171,2023-12-14,1415,,Clothng,1438.32,0,0,,In Transit,0.0
100172,2023-08-19,1505,,Home,419.36,0,20,COD,Returned,0.0
100173,2023-07-09,1423,north,Electronics,1310.69,3,0,credit card,Cancelled,3932.07
100174,2023-08-13,1406,,Clothng,586.25,1,15,credit card,In Transit,498.3125
100175,2023-10-10,1567,West,Clothing,183.05,6,0,COD,Returned,1098.3000000000002
100176,2023-05-01,1389,North,Electronics,125.26,2,0,Credit Card,delivered,250.52
100177,2023-04-26,1341,East,Clothing,238.98,5,5,,Returned,1135.1549999999997
100178,2023-08-21,1492,north,,378.59,1,5,credit card,Cancelled,359.66049999999996
100179,2023-09-16,1191,North,,735.33,2,5,UPI,In Transit,1397.127
100180,2023-12-25,1498,,electronics,1053.74,7,5,COD,In Transit,7007.371
100181,2023-07-17,1232,,,1479.67,2,0,Debit Card,In Transit,2959.34
100182,2023-05-17,1226,West,Clothng,665.05,7,0,Credit Card,Returned,4655.349999999999
100183,2023-11-14,1370,,Electronics,779.69,7,15,Credit Card,Delivered,4639.1555
100184,2023-06-14,1138,East,,785.11,4,0,COD,Delivered,3140.44
100185,2023-08-13,1148,SOUTH,Clothing,811.45,1,5,Debit Card,Returned,770.8775
100186,2023-11-03,1114,East,Clothng,779.02,4,10,Credit Card,Cancelled,2804.472
100187,2023-08-22,1449,East,,18.12,3,-5,,Returned,57.078
100188,2023-06-21,1062,,Home,7.58,2,15,credit card,Delivered,12.886
100189,2023-06-01,1103,North,Clothing,151.01,0,0,,Returned,0.0
100190,2023-11-11,1272,,Clothing,156.83,2,20,Debit Card,In Transit,250.92800000000003
100191,2023-06-09,1005,North,electronics,1058.82,3,105,,Cancelled,-158.82300000000015
100192,2023-04-06,1146,North,Home,311.35,2,5,UPI,Cancelled,591.565
100193,2023-08-21,1183,North,electronics,1342.6,4,105,credit card,delivered,-268.5200000000002
100194,2023-06-29,1027,north,,1393.27,7,5,Debit Card,Returned,9265.245499999999
100195,2023-04-23,1549,South,Home,1463.96,1,5,COD,In Transit,1390.762
100196,2023-11-14,1118,,Clothing,1408.93,0,0,Credit Card,Returned,0.0
100197,2023-02-21,1292,north,electronics,411.47,4,10,credit card,delivered,1481.2920000000001
100198,2023-09-25,1370,East,Clothng,767.12,5,0,COD,delivered,3835.6
100199,2023-10-22,1243,north,Home,267.31,7,0,Debit Card,Returned,1658.7542120426958
100200,2023-04-23,1579,West,Clothing,1210.28,1,0,UPI,Returned,1210.28
100201,2023-04-11,1217,SOUTH,Electronics,1333.21,0,0,Credit Card,Returned,0.0
100202,2023-04-23,1176,North,Home,1277.68,3,0,Credit Card,Delivered,3833.04
100203,2023-03-22,1298,,Home,652.88,2,10,credit card,delivered,1175.184
100204,2023-07-06,1057,West,,1139.22,0,0,COD,Cancelled,0.0
100205,2023-04-23,1268,,Clothng,150.88,6,105,Debit Card,Delivered,-45.26400000000004
100206,2023-01-02,1307,SOUTH,,65.17,5,0,Debit Card,In Transit,325.85
100207,2023-05-10,1569,West,Home,1131.09,3,5,COD,Cancelled,3223.6064999999994
100208,2023-08-08,1287,,Home,640.91,1,0,Credit Card,Cancelled,640.91
100209,2023-02-23,1104,East,Clothng,1493.35,6,0,COD,Cancelled,8960.099999999999
100210,2023-12-09,1227,North,Clothng,150.4,0,0,,delivered,0.0
100211,2023-08-12,1246,West,electronics,1284.16,3,10,Debit Card,In Transit,3467.2320000000004
100212,2023-08-13,1493,East,Clothing,722.57,1,15,COD,Delivered,390.4864721407948
100213,2023-05-06,1082,North,Clothing,1241.59,6,0,Credit Card,In Transit,7449.539999999999
100214,2023-05-10,1185,South,electronics,1226.61,6,0,credit card,Delivered,7359.66
100215,2023-02-22,1251,East,Clothing,1374.41,4,0,,delivered,5497.64
100216,2023-06-21,1354,north,Home,450.29,2,20,Credit Card,In Transit,720.464
100217,2023-08-06,1209,,electronics,1424.95,3,15,UPI,Cancelled,3633.6225000000004
100218,2023-06-09,1446,North,electronics,231.74,6,0,UPI,In Transit,1595.5198626685656
100219,2023-07-17,1459,West,Clothing,127.54,4,0,COD,delivered,510.16
100220,2023-09-04,1471,SOUTH,Electronics,650.27,5,105,Credit Card,delivered,-162.56750000000014
100221,2023-11-20,1369,West,Clothing,1243.34,7,0,Credit Card,delivered,11912.057127354072
100222,2023-07-22,1491,north,,712.76,5,5,Debit Card,Delivered,3385.61
100223,2023-07-03,1136,,Electronics,1244.78,1,0,credit card,In Transit,1244.78
100224,2023-05-03,1366,north,electronics,1095.88,6,10,,Cancelled,5917.752
100225,2023-09-12,1183,West,Electronics,318.1,6,105,Credit Card,Cancelled,-95.43000000000009
100226,2023-10-21,1587,,Home,1423.58,0,105,,Returned,-0.0
100227,2023-10-07,1286,SOUTH,Clothng,95.87,6,15,COD,delivered,488.937
100228,2023-11-21,1471,North,Electronics,1347.93,2,5,Debit Card,Cancelled,2561.067
100229,2023-04-08,1374,,,460.14,1,5,,delivered,437.133
100230,2023-07-17,1536,East,Clothng,752.72,3,0,,Cancelled,2258.16
100231,2023-08-28,1510,,Home,636.42,6,105,,In Transit,-190.92600000000016
100232,2023-05-24,1578,north,,261.89,7,15,,Returned,1558.2455
100233,2023-04-07,1249,north,Clothng,540.43,2,5,,delivered,1026.8169999999998
100234,2023-07-20,1509,north,Home,293.44,6,0,Debit Card,Delivered,1760.6399999999999
100235,2023-05-04,1072,SOUTH,Clothng,309.81,4,5,COD,Delivered,1177.278
100236,2023-07-06,1281,,Clothng,284.65,2,105,,Cancelled,-28.465000000000025
100237,2023-11-22,1359,,Clothing,736.08,4,5,,In Transit,2797.104
100238,2023-12-15,1009,South,,1197.91,1,0,COD,delivered,1197.91
100239,2023-09-16,1210,SOUTH,,855.61,7,0,Credit Card,Returned,5989.27
100240,2023-05-28,1151,North,Electronics,1340.34,6,0,Credit Card,In Transit,10286.193402787208
100241,2023-09-09,1004,North,,956.63,0,-5,Debit Card,Cancelled,0.0
100242,2023-12-12,1194,North,,1035.56,5,105,Debit Card,In Transit,-258.8900000000002
100243,2023-05-27,1282,North,Clothng,1003.07,2,-5,credit card,Returned,2106.447
100244,2023-05-28,1463,North,electronics,676.94,0,15,Debit Card,In Transit,0.0
100245,2023-12-18,1112,West,Clothing,1035.56,0,10,COD,delivered,0.0
100246,2023-07-18,1270,north,Electronics,109.21,5,10,,Cancelled,491.445
100247,2023-11-04,1162,SOUTH,Clothing,1290.48,2,5,COD,Returned,2451.912
100248,2023-05-08,1459,West,Electronics,1167.83,6,15,credit card,Cancelled,5955.932999999999
100249,2023-02-08,1104,SOUTH,Home,371.62,7,5,UPI,delivered,2471.273
100250,2023-12-04,1555,South,Clothng,1153.21,2,10,UPI,Returned,2075.7780000000002
100251,2023-12-26,1281,,,23.9,0,0,COD,Returned,0.0
100252,2023-05-09,1161,East,,329.78,3,0,UPI,Cancelled,989.3399999999999
100253,2023-09-24,1350,north,electronics,102.38,3,20,UPI,In Transit,186.78095495857158
100254,2023-05-31,1433,South,Clothing,1171.44,2,-5,credit card,In Transit,2460.0240000000003
100255,2023-10-25,1139,West,Clothing,1135.03,7,5,,Delivered,7547.9495
100256,2023-04-09,1470,East,Clothing,1221.39,0,0,Debit Card,Delivered,0.0
100257,2023-09-20,1131,,,11.7,0,-5,Debit Card,Returned,0.0
100258,2023-09-09,1086,South,Clothing,754.34,1,15,UPI,Cancelled,641.189
100259,2023-05-24,1182,,Clothng,1058.73,0,5,Credit Card,Returned,0.0
100260,2023-12-12,1367,,Electronics,237.32,5,10,credit card,Cancelled,1067.94
100261,2023-04-22,1128,SOUTH,,976.44,3,5,,delivered,2782.854
100262,2023-03-01,1245,East,Clothng,130.74,1,5,,Delivered,124.203
100263,2023-01-02,1577,SOUTH,Home,276.08,6,20,UPI,Returned,1325.1840000000002
100264,2023-10-31,1377,,Clothng,716.32,5,0,Credit Card,delivered,3581.6000000000004
100265,2023-09-11,1148,South,Clothng,982.08,6,0,Credit Card,In Transit,5892.4800000000005
100266,2023-05-20,1432,,Home,223.07,3,0,,Delivered,669.21
100267,2023-02-06,1468,West,Clothng,281.91,5,0,credit card,Cancelled,1409.5500000000002
100268,2023-06-09,1445,,Electronics,310.65,4,0,Debit Card,In Transit,959.2525209424439
100269,2023-01-09,1480,SOUTH,,361.86,2,0,,In Transit,723.72
100270,2023-08-21,1293,East,electronics,343.7,7,0,,delivered,2405.9
100271,2023-04-09,1142,South,Home,595.75,4,0,COD,Returned,2383.0
100272,2023-05-27,1249,SOUTH,,982.42,2,0,Credit Card,Returned,2957.0981262020546
100273,2023-10-31,1301,,Clothing,659.86,3,0,COD,delivered,1979.58
100274,2023-07-27,1024,West,Electronics,1165.08,3,10,COD,In Transit,3145.716
100275,2023-05-11,1069,north,electronics,1080.31,4,10,credit card,Delivered,3889.116
100276,2023-06-01,1111,West,Electronics,194.16,7,0,,In Transit,1359.12
100277,2023-02-23,1363,,Electronics,78.02,5,10,Debit Card,delivered,351.09
100278,2023-04-30,1302,West,Clothing,1317.52,7,105,credit card,In Transit,-461.1320000000004
100279,2023-06-10,1470,north,electronics,124.35,6,-5,Credit Card,In Transit,783.405
100280,2023-04-26,1090,West,Electronics,226.77,2,0,Debit Card,In Transit,453.54
100281,2023-03-16,1529,north,Clothing,38.09,2,15,,In Transit,64.753
100282,2023-04-23,1191,,Home,944.36,1,0,UPI,Delivered,944.36
100283,2023-04-14,1551,north,Clothing,875.64,0,0,Debit Card,Cancelled,0.0
100284,2023-12-06,1241,SOUTH,Clothng,1480.42,5,0,credit card,Cancelled,7402.1
100285,2023-09-11,1137,SOUTH,,1330.96,5,0,credit card,Returned,6654.8
100286,2023-08-15,1344,north,Clothing,619.21,1,5,COD,Cancelled,588.2495
100287,2023-04-22,1179,South,Clothing,560.52,3,10,,Cancelled,1513.404
100288,2023-04-09,1502,East,Clothing,448.79,4,15,UPI,Cancelled,1542.8610596878991
100289,2023-06-02,1202,South,Electronics,232.85,7,0,,In Transit,1629.95
100290,2023-12-15,1572,north,electronics,211.44,5,0,Debit Card,In Transit,1057.2
100291,2023-12-04,1191,East,Clothing,202.76,2,0,UPI,Delivered,405.52
100292,2023-07-13,1004,SOUTH,Clothing,175.6,1,0,,In Transit,175.6
100293,2023-11-06,1236,East,Clothng,364.57,4,105,COD,In Transit,-72.91400000000006
100294,2023-06-12,1310,north,Clothng,463.47,6,15,UPI,Cancelled,2363.697
100295,2023-07-27,1548,SOUTH,Home,1442.56,4,105,UPI,Delivered,-288.5120000000002
100296,2023-06-18,1055,East,Home,869.82,5,10,Debit Card,Delivered,3914.1900000000005
100297,2023-06-10,1442,East,Clothng,1481.46,0,5,UPI,Cancelled,0.0
100298,2023-03-09,1236,South,electronics,561.84,7,0,COD,Cancelled,3932.88
100299,2023-10-16,1196,East,Home,689.15,2,5,Credit Card,Delivered,1309.385
100300,2023-10-04,1584,,,490.25,4,5,Credit Card,delivered,1862.9499999999998
100301,2023-10-31,1570,north,,278.42,6,20,credit card,Cancelled,1336.4160000000002
100302,2023-05-15,1513,North,electronics,219.03,2,5,Credit Card,Cancelled,416.157
100303,2023-07-14,1448,North,Clothng,1417.89,5,0,Debit Card,Delivered,7089.450000000001
100304,2023-05-08,1359,North,Home,1480.28,1,15,credit card,delivered,1258.238
100305,2023-02-02,1029,north,Clothing,72.14,6,20,Credit Card,delivered,346.27200000000005
100306,2023-06-25,1107,North,Clothng,229.77,4,5,Credit Card,Returned,873.126
100307,2023-01-22,1444,South,Home,638.17,6,10,credit card,delivered,3446.1179999999995
100308,2023-08-26,1437,north,electronics,283.57,5,0,Debit Card,Cancelled,1417.85
100309,2023-06-07,1456,,,549.0,4,5,credit card,In Transit,2086.2
100310,2023-02-07,1494,SOUTH,electronics,198.0,6,0,Debit Card,Delivered,1188.0
100311,2023-08-18,1246,,Home,687.49,1,0,Debit Card,Cancelled,687.49
100312,2023-12-31,1542,north,electronics,411.18,6,10,,Delivered,2220.372
100313,2023-02-20,1563,north,Home,531.1,2,0,COD,delivered,1062.2
100314,2023-09-21,1587,East,Home,146.0,2,15,Credit Card,Delivered,248.2
100315,2023-10-10,1438,East,electronics,645.05,4,20,,Cancelled,2064.16
100316,2023-01-27,1277,East,Electronics,1474.97,5,0,Credit Card,In Transit,7374.85
100317,2023-08-14,1551,West,Clothing,496.61,1,15,,Cancelled,422.1185
100318,2023-10-04,1110,South,Clothng,1315.26,3,5,UPI,Returned,3748.4909999999995
100319,2023-10-13,1384,north,,1265.58,2,0,credit card,Delivered,2531.16
100320,2023-04-07,1190,,Clothing,1428.33,6,10,,Cancelled,7712.982
100321,2023-10-11,1489,north,Clothng,1186.21,3,10,COD,delivered,3202.7670000000003
100322,2023-11-13,1425,East,Clothng,991.1,6,5,Credit Card,delivered,5649.27
100323,2023-10-31,1404,north,,1285.59,4,-5,UPI,Cancelled,5399.478
100324,2023-05-27,1334,SOUTH,Clothing,118.09,3,5,COD,Returned,336.55649999999997
100325,2023-01-04,1208,north,,696.93,5,105,Debit Card,Delivered,-174.23250000000013
100326,2023-02-04,1021,,Home,1483.94,6,5,Credit Card,Returned,8458.457999999999
100327,2023-07-11,1207,North,,1155.55,5,0,,In Transit,5777.75
100328,2023-02-18,1007,SOUTH,electronics,1443.3,6,5,credit card,Cancelled,8226.81
100329,2023-01-17,1528,SOUTH,Electronics,1170.55,3,0,COD,Returned,3511.6499999999996
100330,2023-06-21,1165,north,Electronics,1312.95,5,10,UPI,In Transit,5908.275000000001
100331,2023-08-08,1495,West,Electronics,1061.26,2,10,credit card,Returned,1910.268
100332,2023-06-07,1589,East,Clothing,1141.95,4,5,Debit Card,In Transit,4339.41
100333,2023-02-15,1428,South,Clothing,787.15,3,0,credit card,delivered,2361.45
100334,2023-01-06,1162,South,Home,1386.74,6,5,UPI,delivered,7904.418
100335,2023-04-09,1365,North,Electronics,1238.43,2,0,Debit Card,Cancelled,2476.86
100336,2023-08-21,1525,South,Home,1266.61,6,10,UPI,Returned,6839.694
100337,2023-02-06,1238,South,Electronics,1011.15,3,15,Credit Card,delivered,2578.4325
100338,2023-10-07,1071,East,Clothing,460.35,6,105,UPI,Delivered,-203.52433878839668
100339,2023-12-15,1444,East,electronics,58.27,2,0,credit card,delivered,116.54
100340,2023-10-29,1508,West,electronics,1403.8,5,5,Credit Card,delivered,6668.049999999999
100341,2023-06-30,1268,,electronics,881.25,5,10,Credit Card,Returned,3965.625
100342,2023-04-05,1414,North,,450.72,7,-5,COD,In Transit,3312.792
100343,2023-04-09,1244,South,electronics,227.96,7,10,credit card,Delivered,1732.6084575193452
100344,2023-07-07,1059,West,Clothng,1245.14,4,0,credit card,Delivered,4980.56
100345,2023-04-26,1005,North,Electronics,1255.6,6,5,Debit Card,In Transit,7156.919999999999
100346,2023-07-10,1569,SOUTH,electronics,1222.69,5,10,UPI,Returned,5502.1050000000005
100347,2023-09-10,1406,South,Clothng,969.4,1,15,,delivered,261.14696343048377
100348,2023-06-10,1216,South,Clothng,552.19,2,20,UPI,In Transit,883.5040000000001
100349,2023-09-13,1025,East,Clothng,459.59,2,0,credit card,Delivered,919.18
100350,2023-11-19,1004,north,Home,17.79,3,105,UPI,Delivered,-2.668500000000002
100351,2023-05-08,1531,North,Home,1251.24,4,0,credit card,delivered,5004.96
100352,2023-01-18,1389,South,Clothng,135.71,0,105,Credit Card,delivered,-0.0
100353,2023-10-08,1570,North,,947.98,7,20,UPI,Cancelled,5308.688000000001
100354,2023-08-11,1447,,electronics,758.59,7,10,UPI,In Transit,4779.117
100355,2023-02-23,1145,West,Electronics,792.4,5,15,credit card,delivered,3367.7
100356,2023-02-27,1387,West,,1390.44,7,0,credit card,Cancelled,9733.08
100357,2023-11-19,1248,north,Clothing,52.26,0,0,Debit Card,Returned,0.0
100358,2023-12-26,1525,South,Home,1161.22,1,0,UPI,Delivered,1161.22
100359,2023-06-23,1461,,electronics,82.82,4,0,COD,In Transit,331.28
100360,2023-10-07,1012,East,electronics,62.04,2,5,credit card,Returned,117.87599999999999
100361,2023-04-24,1383,South,Clothing,647.58,0,0,COD,In Transit,0.0
100362,2023-10-15,1555,North,Clothing,99.3,1,20,Credit Card,In Transit,79.44
100363,2023-12-08,1398,SOUTH,electronics,1184.77,4,5,Credit Card,delivered,4502.125999999999
100364,2023-05-31,1018,West,Clothing,796.7,1,10,COD,Cancelled,717.0300000000001
100365,2023-05-07,1574,North,electronics,48.41,5,10,,In Transit,217.845
100366,2023-06-04,1490,north,,65.55,7,0,Credit Card,Returned,458.84999999999997
100367,2023-09-30,1418,West,Clothing,920.94,0,0,COD,In Transit,0.0
100368,2023-04-14,1336,East,,1210.14,3,0,Debit Card,Cancelled,3630.42
100369,2023-10-26,1418,West,,659.51,3,15,Debit Card,Delivered,1681.7504999999999
100370,2023-09-03,1121,SOUTH,Clothing,834.1,4,10,Credit Card,In Transit,3631.4710708223306
100371,2023-06-25,1431,,electronics,1200.75,1,0,COD,Returned,1200.75
100372,2023-02-08,1043,South,Clothng,917.71,2,20,COD,Delivered,1468.3360000000002
100373,2023-06-19,1316,SOUTH,electronics,341.02,0,0,COD,Delivered,0.0
100374,2023-09-04,1380,,Electronics,921.51,3,10,,delivered,2488.0769999999998
100375,2023-01-26,1144,SOUTH,Clothing,944.28,3,5,Credit Card,delivered,2691.198
100376,2023-12-21,1326,South,Home,1102.49,1,15,,In Transit,937.1165
100377,2023-11-02,1362,West,Clothing,933.21,3,-5,COD,Returned,2939.6115000000004
100378,2023-01-13,1049,north,Electronics,1454.02,6,15,credit card,delivered,7415.501999999999
100379,2023-11-12,1064,South,,299.95,7,5,COD,Cancelled,1994.6675
100380,2023-11-09,1354,South,Home,1426.88,1,0,credit card,Cancelled,1463.7448903737775
100381,2023-02-05,1163,,Home,809.82,0,20,Debit Card,Delivered,0.0
100382,2023-06-22,1140,East,electronics,1009.57,1,5,credit card,Delivered,959.0915
100383,2023-01-20,1127,West,Clothng,153.7,3,0,Debit Card,Delivered,461.09999999999997
100384,2023-11-17,1397,South,electronics,573.96,1,15,Credit Card,Cancelled,487.86600000000004
100385,2023-09-21,1462,north,Home,1155.22,3,0,,delivered,3384.247392076847
100386,2023-05-22,1186,North,Home,1061.83,5,0,,delivered,5309.15
100387,2023-05-23,1189,West,Clothng,65.01,4,-5,Debit Card,In Transit,244.76740578935906
100388,2023-04-02,1387,East,Clothing,822.16,3,5,Debit Card,Returned,2343.156
100389,2023-12-20,1428,SOUTH,Clothng,136.98,6,0,COD,Cancelled,821.8799999999999
100390,2023-11-18,1283,South,,1493.81,6,15,UPI,Delivered,7618.4310000000005
100391,2023-10-15,1236,north,electronics,1346.46,6,20,Debit Card,Returned,6463.008000000001
100392,2023-08-03,1193,West,Clothing,36.52,6,0,credit card,Delivered,219.12
100393,2023-12-08,1286,north,electronics,1288.68,3,10,Credit Card,Returned,3479.436
100394,2023-02-20,1135,north,Clothng,1379.55,3,15,,Returned,3517.8524999999995
100395,2023-06-02,1170,,Clothing,533.55,4,0,credit card,delivered,2134.2
100396,2023-07-05,1158,SOUTH,Clothng,1080.65,5,5,,In Transit,5133.0875
100397,2023-03-04,1200,East,,665.95,7,0,Credit Card,In Transit,4661.650000000001
100398,2023-07-09,1486,West,Electronics,984.57,2,15,credit card,Delivered,1673.769
100399,2023-05-05,1556,South,Home,513.77,3,20,,Cancelled,1233.048
100400,2023-05-30,1582,East,Clothing,487.23,2,0,Debit Card,In Transit,974.46
100401,2023-11-10,1503,South,Home,639.53,0,20,UPI,Cancelled,0.0
100402,2023-02-27,1370,North,Electronics,222.62,5,15,Debit Card,Delivered,946.1349999999999
100403,2023-12-08,1102,north,Clothing,1247.55,7,0,,Cancelled,8732.85
100404,2023-11-01,1124,North,Home,526.3,1,10,COD,Returned,473.66999999999996
100405,2023-06-29,1312,,Home,603.22,2,0,credit card,Returned,1206.44
100406,2023-06-19,1457,north,Clothing,1341.61,6,-5,UPI,Delivered,8452.143
100407,2023-11-22,1229,SOUTH,Home,747.45,5,10,credit card,Cancelled,3363.525
100408,2023-09-28,1196,East,Home,818.66,0,10,COD,Cancelled,0.0
100409,2023-02-23,1422,South,Clothing,1434.96,5,10,COD,Delivered,6457.320000000001
100410,2023-04-11,1571,,Home,1330.66,1,10,COD,In Transit,1197.594
100411,2023-09-21,1170,SOUTH,Home,258.35,3,20,,delivered,620.0400000000001
100412,2023-02-22,1381,South,electronics,712.46,3,10,Debit Card,In Transit,1923.642
100413,2023-03-01,1172,East,,1457.09,6,-5,,delivered,9179.667
100414,2023-04-18,1452,West,electronics,561.69,3,10,Debit Card,Cancelled,1516.563
100415,2023-01-05,1349,,Electronics,560.5,4,0,UPI,delivered,2242.0
100416,2023-04-13,1493,North,electronics,296.57,4,-5,COD,delivered,1245.594
100417,2023-07-15,1003,North,electronics,175.91,4,10,Debit Card,Cancelled,633.276
100418,2023-09-19,1092,South,Electronics,1111.76,6,10,Credit Card,Returned,6003.504
100419,2023-12-31,1005,South,Home,1156.2,4,105,Credit Card,delivered,-231.2400000000002
100420,2023-12-16,1287,South,Home,1453.67,0,0,Debit Card,Delivered,0.0
100421,2023-02-16,1145,,electronics,1161.26,7,5,UPI,In Transit,7722.378999999999
100422,2023-12-21,1423,East,Electronics,368.81,6,0,credit card,Cancelled,2212.86
100423,2023-11-07,1456,West,Home,64.97,5,10,,Cancelled,292.365
100424,2023-11-04,1201,North,Clothng,1478.23,0,20,COD,delivered,0.0
100425,2023-05-24,1211,SOUTH,Clothing,513.97,3,105,Debit Card,Returned,-77.09550000000007
100426,2023-09-26,1005,north,Clothing,471.4,1,5,UPI,Returned,410.6765691876642
100427,2023-05-04,1375,,,1359.4,4,15,,In Transit,4621.96
100428,2023-04-16,1446,,Clothing,879.72,5,-5,credit card,In Transit,4618.530000000001
100429,2023-06-07,1105,East,electronics,326.23,1,10,UPI,Returned,217.96209811910424
100430,2023-05-27,1400,North,Clothing,1334.2,6,0,credit card,Returned,8005.200000000001
100431,2023-05-25,1095,West,Clothing,1490.07,6,10,Credit Card,Returned,8046.378000000001
100432,2023-04-30,1387,East,Clothng,134.58,0,105,,delivered,-0.0
100433,2023-11-15,1451,SOUTH,Home,1294.07,4,105,,Delivered,-258.8140000000002
100434,2023-10-02,1415,North,Clothng,588.82,6,10,credit card,In Transit,3179.628
100435,2023-04-02,1503,East,electronics,788.49,0,20,Credit Card,Cancelled,0.0
100436,2023-02-27,1453,North,Clothing,1372.65,0,0,COD,Returned,0.0
100437,2023-12-12,1290,North,Home,1460.2,2,0,Debit Card,Returned,4834.813784788035
100438,2023-08-17,1533,,,396.94,5,105,Credit Card,Delivered,-88.8512963025752
100439,2023-04-27,1192,West,,323.21,0,0,UPI,Returned,0.0
100440,2023-11-14,1149,,Clothing,125.37,3,0,credit card,In Transit,376.11
100441,2023-10-06,1514,north,Clothing,844.89,6,5,,Returned,4815.873
100442,2023-05-07,1392,West,,25.34,0,10,UPI,Delivered,0.0
100443,2023-05-09,1315,North,,620.79,4,10,,delivered,2234.844
100444,2023-02-27,1075,East,electronics,114.71,6,0,Credit Card,In Transit,688.26
100445,2023-05-02,1598,SOUTH,Clothing,610.81,7,-5,,delivered,4489.4535000000005
100446,2023-01-01,1269,West,,64.7,7,-5,,Cancelled,475.5450000000001
100447,2023-08-27,1224,north,Electronics,1253.65,6,0,,Delivered,7521.900000000001
100448,2023-10-17,1529,North,,318.56,3,5,,Cancelled,907.8960000000001
100449,2023-04-06,1112,SOUTH,Home,495.82,0,15,UPI,Cancelled,0.0
100450,2023-05-06,1250,West,Home,1305.72,3,10,credit card,Cancelled,3525.444
100451,2023-04-28,1232,,Electronics,1120.67,0,0,Debit Card,Cancelled,0.0
100452,2023-02-17,1082,,electronics,332.46,5,5,UPI,Delivered,1579.185
100453,2023-03-30,1124,West,Clothing,112.49,3,0,COD,delivered,337.46999999999997
100454,2023-08-25,1174,West,Clothing,1074.93,1,0,credit card,Returned,1074.93
100455,2023-09-29,1068,West,,589.1,2,5,credit card,Cancelled,1119.29
100456,2023-07-08,1046,SOUTH,Home,1150.29,3,10,COD,Returned,3105.783
100457,2023-07-11,1255,,electronics,670.72,4,15,Credit Card,Returned,2280.448
100458,2023-03-10,1029,East,electronics,522.27,7,15,COD,Cancelled,3107.5065
100459,2023-10-05,1280,north,electronics,679.55,2,0,Credit Card,In Transit,1359.1
100460,2023-12-15,1236,north,,1124.1,2,15,Debit Card,Returned,1910.9699999999998
100461,2023-09-04,1247,North,Clothing,1353.82,0,0,Credit Card,In Transit,0.0
100462,2023-03-17,1367,South,electronics,79.4,3,5,Debit Card,delivered,226.29
100463,2023-06-03,1494,East,,788.55,5,15,Debit Card,Returned,3351.3375
100464,2023-05-24,1024,,,54.09,6,10,,Delivered,292.086
100465,2023-03-27,1585,North,Electronics,705.27,2,5,,delivered,1340.013
100466,2023-07-04,1489,North,Clothng,1328.5,4,10,COD,delivered,4596.407551173532
100467,2023-10-12,1493,West,electronics,545.58,7,-5,Debit Card,In Transit,4010.0130000000004
100468,2023-08-08,1313,South,Clothng,1399.01,5,10,Credit Card,Cancelled,6295.545
100469,2023-03-10,1374,,Clothing,947.76,7,15,UPI,Delivered,5639.172
100470,2023-02-16,1024,South,,1401.56,7,105,,Delivered,-490.54600000000045
100471,2023-04-04,1333,East,electronics,1136.96,5,15,credit card,In Transit,4832.08
100472,2023-08-26,1354,South,Home,159.64,4,10,credit card,In Transit,574.704
100473,2023-07-23,1115,North,Clothing,350.57,6,0,Credit Card,delivered,2103.42
100474,2023-08-06,1047,South,Electronics,594.28,4,0,,In Transit,2377.12
100475,2023-12-07,1098,South,Electronics,259.31,0,10,UPI,Cancelled,0.0
100476,2023-02-08,1458,north,Clothng,744.89,7,15,Debit Card,delivered,4569.641784132928
100477,2023-04-10,1522,,,709.7,1,5,,delivered,674.215
100478,2023-10-16,1596,,Clothng,1434.61,6,105,Credit Card,delivered,-430.3830000000004
100479,2023-09-11,1404,North,Home,653.42,3,0,Debit Card,Delivered,1960.2599999999998
100480,2023-08-10,1213,SOUTH,Home,1179.51,2,15,,Delivered,2005.167
100481,2023-12-23,1502,South,Electronics,1413.16,3,5,COD,delivered,4027.5060000000003
100482,2023-01-23,1447,South,electronics,1316.1,5,5,UPI,Cancelled,6251.474999999999
100483,2023-09-07,1575,West,Electronics,316.96,2,20,credit card,Returned,507.13599999999997
100484,2023-01-10,1257,,Electronics,746.56,6,0,Credit Card,delivered,4479.36
100485,2023-09-03,1120,South,Home,524.87,0,0,credit card,In Transit,0.0
100486,2023-11-21,1053,,Clothng,602.79,7,5,Debit Card,Returned,4008.5534999999995
100487,2023-04-10,1330,South,Home,544.41,7,5,Debit Card,Delivered,3620.3264999999997
100488,2023-10-17,1240,north,,1240.41,3,15,COD,Delivered,3163.0455
100489,2023-06-29,1529,North,Home,680.95,0,105,Debit Card,Returned,-0.0
100490,2023-08-11,1482,,Home,787.92,0,0,Debit Card,In Transit,0.0
100491,2023-09-07,1186,East,Electronics,1473.76,6,10,credit card,Delivered,7958.304
100492,2023-05-27,1261,North,electronics,94.67,3,10,credit card,Delivered,255.609
100493,2023-04-06,1363,West,Electronics,734.5,3,105,Credit Card,delivered,-110.1750000000001
100494,2023-09-14,1490,North,Clothing,1162.22,6,-5,Credit Card,Cancelled,7321.986
100495,2023-11-21,1430,South,Home,230.99,6,15,Debit Card,In Transit,1178.049
100496,2023-01-04,1238,West,Home,919.24,2,5,,delivered,1891.37686642809
100497,2023-01-16,1303,North,Clothing,363.0,5,0,UPI,Cancelled,1815.0
100498,2023-10-07,1297,West,Home,1301.77,5,0,Credit Card,Delivered,6508.85
100499,2023-12-02,1075,East,Home,494.01,6,10,Debit Card,Cancelled,2667.654
100500,2023-09-04,1332,North,,496.95,4,15,,Delivered,1689.6299999999999
100501,2023-09-15,1473,,Home,899.3,0,10,,delivered,0.0
100502,2023-06-09,1282,,Clothing,279.43,7,15,credit card,Delivered,1662.6085
100503,2023-12-06,1590,SOUTH,Electronics,430.91,5,5,,Cancelled,2795.1084150530914
100504,2023-06-01,1071,South,Home,627.86,1,15,COD,delivered,533.681
100505,2023-06-27,1262,West,electronics,533.69,6,0,credit card,Cancelled,3202.1400000000003
100506,2023-06-12,1574,SOUTH,Clothing,789.69,6,0,credit card,Cancelled,4738.14
100507,2023-02-02,1011,SOUTH,Clothng,901.46,2,0,COD,Returned,1802.92
100508,2023-06-28,1140,north,,852.17,6,20,credit card,Delivered,4090.4159999999997
100509,2023-04-11,1554,West,Clothing,982.98,2,0,Credit Card,Delivered,817.9627235450722
100510,2023-09-25,1016,SOUTH,Electronics,465.09,4,20,credit card,Cancelled,1488.288
100511,2023-11-19,1062,north,Clothing,194.01,4,0,COD,Delivered,776.04
100512,2023-03-06,1252,SOUTH,Clothng,1142.41,6,5,Debit Card,In Transit,6511.737000000001
100513,2023-06-17,1464,South,,1276.92,0,-5,Debit Card,Delivered,0.0
100514,2023-11-26,1375,East,electronics,389.22,2,10,Debit Card,delivered,700.5960000000001
100515,2023-02-12,1519,north,Clothng,613.6,2,0,COD,Delivered,1227.2
100516,2023-02-13,1089,East,Clothing,750.36,1,0,COD,In Transit,750.36
100517,2023-10-12,1174,West,Clothng,802.32,0,-5,Credit Card,Cancelled,0.0
100518,2023-01-12,1075,South,Clothing,990.94,0,5,COD,Delivered,0.0
100519,2023-04-05,1399,north,electronics,67.2,5,10,,delivered,302.40000000000003
100520,2023-10-29,1070,West,electronics,1083.61,4,5,Debit Card,In Transit,4117.718
100521,2023-09-10,1179,SOUTH,Electronics,97.65,5,0,COD,Returned,488.25
100522,2023-08-30,1123,,electronics,705.09,7,0,UPI,Cancelled,4935.63
100523,2023-02-04,1380,North,Home,1242.37,0,10,credit card,Cancelled,0.0
100524,2023-08-03,1292,West,Clothng,679.57,6,15,Credit Card,Cancelled,3465.807
100525,2023-12-03,1194,East,Clothng,227.89,1,0,Debit Card,In Transit,227.89
100526,2023-03-31,1227,South,Clothing,1477.63,6,15,,Delivered,7535.9130000000005
100527,2023-09-21,1430,South,electronics,1334.48,6,20,,Delivered,6405.504000000001
100528,2023-04-03,1435,West,Electronics,1158.11,0,-5,Debit Card,Delivered,0.0
100529,2023-03-31,1460,SOUTH,Electronics,620.21,5,0,,Delivered,3101.05
100530,2023-04-25,1020,North,Electronics,279.85,3,0,UPI,Cancelled,839.5500000000001
100531,2023-04-15,1063,East,,1412.41,6,20,Credit Card,Returned,6779.568000000001
100532,2023-07-15,1164,West,Home,800.86,6,0,credit card,Cancelled,3864.9442622675087
100533,2023-11-10,1026,West,electronics,1279.27,3,0,Credit Card,Returned,3837.81
100534,2023-04-24,1310,,Electronics,516.43,1,20,Credit Card,Returned,413.144
100535,2023-03-16,1284,South,Home,506.26,4,0,Debit Card,Delivered,2025.04
100536,2023-08-05,1280,East,Clothng,1478.38,2,5,COD,delivered,2808.922
100537,2023-10-04,1163,North,Clothing,785.14,0,5,credit card,In Transit,0.0
100538,2023-09-06,1223,South,electronics,215.34,5,20,Credit Card,delivered,861.3600000000001
100539,2023-06-13,1145,West,electronics,333.41,7,0,UPI,Returned,2333.8700000000003
100540,2023-12-23,1029,South,,725.51,4,20,Debit Card,delivered,2321.632
100541,2023-07-11,1044,South,Clothng,68.49,5,10,COD,Returned,308.205
100542,2023-08-15,1470,north,electronics,696.49,4,5,COD,Cancelled,2646.662
100543,2023-06-26,1033,South,,631.32,0,0,Debit Card,Cancelled,0.0
100544,2023-04-09,1426,SOUTH,,1170.11,2,0,Credit Card,Delivered,2340.22
100545,2023-02-05,1220,South,,535.64,0,10,,In Transit,0.0
100546,2023-04-06,1533,SOUTH,electronics,1473.91,2,5,Debit Card,Cancelled,2800.429
100547,2023-06-01,1366,East,electronics,275.25,5,-5,,In Transit,1445.0625
100548,2023-05-31,1549,South,electronics,888.53,1,5,COD,Delivered,844.1034999999999
100549,2023-07-09,1581,North,Home,139.1,2,5,COD,In Transit,264.28999999999996
100550,2023-08-12,1115,SOUTH,,1102.13,7,5,UPI,Cancelled,7329.164500000001
100551,2023-02-06,1238,SOUTH,Home,1492.16,4,15,UPI,Cancelled,5073.344
100552,2023-09-25,1334,West,Clothing,1229.61,1,5,COD,delivered,1168.1294999999998
100553,2023-07-02,1440,East,electronics,835.78,5,0,UPI,delivered,4178.9
100554,2023-01-13,1147,South,Clothng,729.69,3,20,UPI,delivered,1751.2560000000003
100555,2023-10-06,1008,,Electronics,1253.37,1,10,UPI,In Transit,1150.9382588131994
100556,2023-08-05,1287,North,Clothing,1404.28,2,10,COD,Cancelled,2527.704
100557,2023-12-21,1387,West,Electronics,1483.86,7,10,Credit Card,Delivered,9348.318
100558,2023-12-27,1049,East,Electronics,597.83,1,15,Credit Card,Returned,508.1555
100559,2023-10-13,1516,SOUTH,electronics,1486.42,7,0,credit card,Cancelled,10404.94
100560,2023-09-30,1586,North,Clothng,238.11,7,0,UPI,delivered,1666.77
100561,2023-03-03,1277,South,Electronics,384.06,5,20,Credit Card,delivered,1536.24
100562,2023-03-25,1299,,,138.08,1,0,credit card,In Transit,138.08
100563,2023-08-05,1588,north,Electronics,411.25,5,15,Debit Card,delivered,725.5836663310779
100564,2023-12-08,1134,north,Clothing,1153.07,3,0,UPI,In Transit,3459.21
100565,2023-07-06,1579,East,Clothng,1280.12,2,0,Credit Card,Delivered,2560.24
100566,2023-01-19,1146,,Clothng,1169.44,6,0,Credit Card,delivered,7016.64
100567,2023-06-26,1489,North,Electronics,948.44,4,5,,In Transit,3604.072
100568,2023-04-10,1477,West,Clothng,773.38,1,10,Credit Card,delivered,696.042
100569,2023-08-21,1158,North,Clothing,1064.51,6,0,,In Transit,6387.0599999999995
100570,2023-03-17,1383,,Clothing,589.3,0,0,credit card,Cancelled,0.0
100571,2023-09-22,1162,SOUTH,Clothing,1262.76,4,-5,,In Transit,5303.592000000001
100572,2023-10-11,1440,north,,1017.4,1,5,Debit Card,Returned,966.53
100573,2023-07-25,1188,East,electronics,1048.22,4,20,UPI,Delivered,3354.304
100574,2023-08-11,1414,South,Electronics,806.22,6,-5,Credit Card,Cancelled,5079.186
100575,2023-02-21,1338,North,Clothng,1328.42,0,105,COD,Delivered,-0.0
100576,2023-12-05,1180,north,Clothing,381.76,4,20,UPI,Cancelled,819.2200539177843
100577,2023-05-24,1287,West,Electronics,574.82,6,0,COD,delivered,3448.92
100578,2023-03-10,1186,East,Electronics,1167.58,4,105,credit card,In Transit,-233.5160000000002
100579,2023-04-09,1137,South,electronics,741.66,0,20,Credit Card,delivered,0.0
100580,2023-01-25,1129,North,,1334.37,7,20,UPI,Delivered,7472.472000000001
100581,2023-02-22,1193,West,Clothng,522.87,0,0,UPI,Delivered,0.0
100582,2023-05-31,1315,South,,557.15,0,105,Credit Card,Cancelled,-0.0
100583,2023-05-24,1143,SOUTH,Clothng,1333.66,7,15,Debit Card,Delivered,7935.277
100584,2023-02-26,1015,north,Clothing,699.23,7,15,credit card,In Transit,6661.205494011078
100585,2023-02-08,1301,SOUTH,Clothing,776.61,3,0,Credit Card,Delivered,2972.7919086170195
100586,2023-04-19,1422,north,Electronics,502.48,5,0,,delivered,2512.4
100587,2023-06-30,1244,West,Clothng,418.62,5,105,UPI,In Transit,-104.65500000000009
100588,2023-02-11,1106,SOUTH,Clothng,985.64,6,5,Debit Card,Delivered,5618.148
100589,2023-07-05,1087,north,,184.16,0,0,UPI,Returned,0.0
100590,2023-08-11,1128,East,Clothing,1319.51,6,20,COD,Returned,6333.648
100591,2023-05-02,1340,West,Home,1169.91,5,0,UPI,delivered,5849.55
100592,2023-05-13,1003,north,Electronics,290.17,4,5,credit card,Cancelled,1102.646
100593,2023-06-12,1326,North,Clothng,1042.56,0,0,Credit Card,Cancelled,0.0
100594,2023-08-03,1409,north,electronics,905.94,7,0,UPI,Delivered,6341.58
100595,2023-08-09,1305,SOUTH,electronics,280.88,1,0,,In Transit,280.88
100596,2023-08-23,1224,East,Home,413.44,0,0,COD,Cancelled,0.0
100597,2023-11-27,1347,South,Clothing,616.43,7,0,COD,Returned,4315.009999999999
100598,2023-05-26,1320,South,Clothing,1050.37,0,10,Credit Card,Cancelled,0.0
100599,2023-08-27,1558,north,Clothing,959.89,5,-5,COD,Returned,5039.4225
100600,2023-03-17,1180,South,,800.69,6,5,Credit Card,Cancelled,4563.933
100601,2023-01-09,1385,north,electronics,1153.77,2,0,credit card,delivered,2307.54
100602,2023-03-15,1107,East,Clothing,1138.12,4,0,Credit Card,In Transit,4552.48
100603,2023-09-10,1530,South,electronics,928.7,7,20,Debit Card,Delivered,5200.720000000001
100604,2023-08-18,1409,SOUTH,Home,1181.55,7,105,COD,Returned,-413.54250000000036
100605,2023-01-07,1295,SOUTH,Electronics,504.72,7,0,COD,Cancelled,3533.04
100606,2023-06-23,1170,North,,1322.47,5,0,,Delivered,6612.35
100607,2023-05-21,1330,north,Clothng,924.29,6,10,UPI,Returned,4991.166
100608,2023-06-17,1492,South,Home,1234.43,6,15,Debit Card,Returned,6295.593
100609,2023-06-19,1194,SOUTH,electronics,821.69,4,5,UPI,delivered,3122.422
100610,2023-10-10,1011,,Home,331.57,6,10,Credit Card,Cancelled,1790.478
100611,2023-05-02,1194,East,Clothng,815.9,7,15,credit card,Delivered,4854.6050000000005
100612,2023-07-13,1489,East,,559.81,1,105,,Cancelled,-27.990500000000022
100613,2023-01-05,1181,,Electronics,1047.76,7,0,COD,Cancelled,7334.32
100614,2023-01-29,1315,,Clothng,716.31,3,105,credit card,In Transit,-107.44650000000009
100615,2023-06-14,1029,North,,1254.99,2,0,Credit Card,Returned,2509.98
100616,2023-12-05,1595,East,electronics,1018.72,1,15,Credit Card,Returned,865.912
100617,2023-05-16,1095,East,Clothng,1028.39,1,10,Debit Card,In Transit,925.5510000000002
100618,2023-12-31,1380,South,Home,329.65,7,5,UPI,In Transit,2192.1724999999997
100619,2023-11-17,1443,north,Clothing,1476.45,4,10,COD,Cancelled,5315.22
100620,2023-12-08,1297,West,Home,1263.3,2,0,COD,Returned,2526.6
100621,2023-05-25,1360,East,electronics,1184.56,4,0,credit card,Delivered,4738.24
100622,2023-11-23,1373,East,Electronics,498.67,3,5,Debit Card,delivered,1421.2095
100623,2023-08-05,1553,West,Clothng,805.77,6,5,,In Transit,4592.889
100624,2023-10-28,1302,East,Electronics,209.97,4,0,Credit Card,Delivered,839.88
100625,2023-05-12,1420,South,electronics,810.02,0,-5,Debit Card,Delivered,0.0
100626,2023-10-19,1245,South,Clothng,223.1,4,0,COD,Cancelled,892.4
100627,2023-03-11,1236,West,,831.79,6,5,,In Transit,4741.2029999999995
100628,2023-09-09,1533,SOUTH,,974.84,0,0,UPI,Delivered,0.0
100629,2023-10-02,1184,East,Home,588.34,1,5,credit card,delivered,558.923
100630,2023-12-30,1467,SOUTH,Home,750.32,3,0,Credit Card,Delivered,2250.96
100631,2023-07-01,1362,East,electronics,1314.1,6,5,Credit Card,delivered,7490.369999999999
100632,2023-06-16,1282,north,,167.3,5,0,Credit Card,delivered,836.5
100633,2023-04-01,1552,East,Clothng,1188.64,0,0,UPI,delivered,0.0
100634,2023-07-21,1335,South,,260.28,3,15,COD,In Transit,663.7139999999999
100635,2023-12-12,1161,North,Home,59.88,4,10,COD,delivered,215.568
100636,2023-01-19,1159,,electronics,282.43,5,0,Debit Card,In Transit,1412.15
100637,2023-02-08,1473,North,,1148.74,4,0,,Delivered,4594.96
100638,2023-05-06,1321,North,electronics,610.66,6,20,Debit Card,delivered,2931.168
100639,2023-06-22,1011,North,,1309.42,1,0,COD,Returned,1309.42
100640,2023-05-21,1423,,Electronics,789.44,6,-5,Credit Card,Delivered,4973.472000000001
100641,2023-08-30,1072,SOUTH,,38.26,7,5,UPI,Returned,254.42899999999997
100642,2023-08-08,1587,,Home,1076.49,6,0,COD,Returned,2859.1184568291496
100643,2023-05-06,1200,SOUTH,Clothng,169.8,6,15,UPI,Cancelled,865.98
100644,2023-02-27,1521,,Home,1185.12,4,20,credit card,In Transit,3792.384
100645,2023-05-28,1504,,Home,256.31,0,0,Credit Card,Cancelled,0.0
100646,2023-11-13,1038,East,Home,521.44,1,5,credit card,In Transit,495.36800000000005
100647,2023-12-27,1059,SOUTH,electronics,1143.1,3,5,COD,Cancelled,3257.8349999999996
100648,2023-01-01,1577,East,Clothing,1431.58,1,-5,Debit Card,Delivered,2327.136093901569
100649,2023-12-14,1320,north,Clothing,560.29,7,10,COD,Returned,3529.8269999999998
100650,2023-07-09,1434,East,Electronics,1244.95,3,0,credit card,Delivered,3734.8500000000004
100651,2023-07-10,1407,North,Home,290.23,2,0,UPI,In Transit,580.46
100652,2023-11-08,1385,West,Clothing,1211.73,0,0,,Returned,0.0
100653,2023-04-27,1568,West,Electronics,987.95,7,0,,Returned,6915.650000000001
100654,2023-05-14,1077,South,electronics,293.15,0,0,COD,In Transit,0.0
100655,2023-02-27,1193,South,Home,457.24,3,10,Debit Card,Delivered,1234.548
100656,2023-02-13,1284,East,Clothng,202.0,4,0,credit card,Returned,808.0
100657,2023-06-22,1526,,electronics,577.54,5,0,COD,Delivered,2887.7
100658,2023-06-09,1523,,Electronics,309.45,4,10,credit card,Delivered,1114.02
100659,2023-06-22,1155,West,electronics,967.78,2,0,credit card,Delivered,1935.56
100660,2023-11-13,1339,North,Clothng,1491.79,3,0,Credit Card,Returned,4475.37
100661,2023-10-30,1124,SOUTH,electronics,22.95,2,0,,delivered,45.9
100662,2023-05-29,1279,North,Electronics,813.68,3,0,,Cancelled,2441.04
100663,2023-03-21,1127,North,Clothng,862.63,2,20,UPI,In Transit,1380.208
100664,2023-08-01,1313,East,Clothng,1371.74,3,10,Credit Card,Delivered,4792.204447303281
100665,2023-07-22,1331,East,electronics,761.48,0,0,,Returned,0.0
100666,2023-09-09,1149,north,Clothng,817.83,7,0,credit card,In Transit,5724.81
100667,2023-08-17,1453,North,electronics,710.12,2,0,Debit Card,delivered,2079.3701054292546
100668,2023-06-13,1035,,Home,407.01,2,10,Debit Card,delivered,732.618
100669,2023-08-15,1419,,Clothng,88.76,7,5,Credit Card,Returned,590.254
100670,2023-05-27,1021,North,electronics,615.94,3,5,Debit Card,Delivered,1755.429
100671,2023-01-20,1205,East,Home,83.62,1,0,credit card,delivered,83.62
100672,2023-02-16,1355,East,Clothng,827.99,1,0,COD,delivered,1086.1675578299335
100673,2023-08-21,1439,north,Home,464.4,0,15,credit card,delivered,0.0
100674,2023-11-01,1095,north,,802.74,4,20,,Returned,2568.768
100675,2023-01-14,1163,South,Clothng,205.77,4,-5,COD,In Transit,864.234
100676,2023-05-23,1147,West,,1399.28,0,0,Debit Card,Cancelled,0.0
100677,2023-01-01,1529,North,Electronics,1342.31,4,15,UPI,Returned,4563.853999999999
100678,2023-02-23,1293,,Electronics,289.04,7,15,UPI,Delivered,1719.7880000000002
100679,2023-09-16,1194,North,electronics,518.45,5,-5,credit card,Returned,2721.8625
100680,2023-05-24,1479,north,Clothing,922.17,7,0,credit card,Returned,6455.19
100681,2023-01-12,1122,north,,148.05,5,15,Debit Card,Cancelled,370.41177128710035
100682,2023-11-26,1399,South,,535.08,5,0,UPI,Cancelled,2675.4
100683,2023-08-12,1451,West,Electronics,380.41,6,10,UPI,Cancelled,2054.214
100684,2023-09-29,1103,South,,1373.7,6,0,credit card,In Transit,8242.2
100685,2023-12-24,1461,,Clothing,1279.5,5,15,,Returned,5437.875
100686,2023-06-05,1395,West,Home,871.85,3,20,UPI,Delivered,2092.44
100687,2023-01-08,1336,SOUTH,Home,782.92,1,0,credit card,Cancelled,782.92
100688,2023-05-02,1598,North,Clothing,1396.44,0,5,Credit Card,Cancelled,0.0
100689,2023-12-14,1141,South,,1398.98,7,0,UPI,Returned,9792.86
100690,2023-06-13,1316,north,,1454.15,3,5,COD,Delivered,4144.3275
100691,2023-03-31,1557,South,,192.44,5,0,Debit Card,Cancelled,962.2
100692,2023-05-16,1526,SOUTH,electronics,245.03,0,0,credit card,Returned,0.0
100693,2023-07-05,1555,South,Clothng,1016.72,1,20,UPI,delivered,813.3760000000001
100694,2023-11-12,1400,North,Clothing,814.44,4,0,UPI,In Transit,3257.76
100695,2023-06-27,1309,SOUTH,Clothing,32.61,3,10,,Returned,88.047
100696,2023-01-28,1494,north,Clothing,97.65,1,20,credit card,Cancelled,78.12
100697,2023-08-08,1555,north,Clothing,1332.68,0,-5,COD,Delivered,0.0
100698,2023-12-23,1108,East,Clothing,1303.96,2,15,UPI,delivered,2216.732
100699,2023-02-10,1371,SOUTH,,539.12,3,0,Credit Card,Delivered,1617.3600000000001
100700,2023-08-16,1205,East,electronics,1337.12,7,20,Debit Card,Delivered,7487.872
100701,2023-07-11,1042,East,Electronics,892.54,6,0,credit card,Delivered,5355.24
100702,2023-05-25,1244,North,,1209.83,0,-5,UPI,Returned,0.0
100703,2023-07-20,1286,South,,644.01,7,15,,Returned,3831.8594999999996
100704,2023-07-31,1354,north,Clothng,174.53,0,15,,In Transit,0.0
100705,2023-08-08,1475,north,Electronics,653.42,6,0,Debit Card,delivered,3920.5199999999995
100706,2023-08-28,1082,South,Clothing,688.66,1,10,credit card,Delivered,619.794
100707,2023-02-15,1109,north,Electronics,828.66,7,20,credit card,Cancelled,4640.496
100708,2023-02-04,1189,South,electronics,162.85,7,20,credit card,Delivered,911.96
100709,2023-09-10,1250,SOUTH,Home,1487.15,0,0,COD,delivered,0.0
100710,2023-03-23,1290,North,,369.98,3,-5,Credit Card,Delivered,1165.4370000000001
100711,2023-09-13,1200,North,Electronics,301.84,5,0,,Returned,1509.1999999999998
100712,2023-07-16,1325,,Clothng,792.57,6,10,credit card,Returned,4279.878000000001
100713,2023-10-30,1510,North,electronics,808.13,3,10,COD,delivered,2181.951
100714,2023-01-10,1408,South,Home,662.53,6,0,credit card,In Transit,3975.18
100715,2023-11-08,1507,,electronics,1158.98,0,0,credit card,Delivered,0.0
100716,2023-10-13,1071,South,Clothing,777.4,1,15,COD,delivered,660.79
100717,2023-08-30,1246,West,Home,916.49,3,0,Credit Card,Cancelled,2749.4700000000003
100718,2023-09-08,1586,,Clothng,1087.0,2,0,Debit Card,Cancelled,2174.0
100719,2023-12-31,1565,north,Home,42.41,5,15,,In Transit,180.24249999999998
100720,2023-01-05,1343,north,Clothng,858.11,6,20,UPI,Returned,4118.928
100721,2023-04-29,1053,West,Clothing,1326.87,4,10,credit card,delivered,4776.732
100722,2023-10-16,1527,West,Clothng,31.0,1,0,Credit Card,Delivered,31.0
100723,2023-03-06,1531,North,electronics,610.75,1,0,,delivered,610.75
100724,2023-05-26,1557,West,Electronics,1389.71,4,15,UPI,In Transit,4725.014
100725,2023-08-12,1192,South,electronics,532.97,4,10,credit card,delivered,1918.6920000000002
100726,2023-08-27,1057,East,,690.8,3,10,UPI,In Transit,1865.1599999999996
100727,2023-06-26,1436,South,electronics,1472.4,0,20,COD,In Transit,0.0
100728,2023-09-24,1110,,Home,302.99,0,5,,In Transit,0.0
100729,2023-12-07,1128,West,Clothing,102.56,2,0,Credit Card,delivered,205.12
100730,2023-10-09,1325,north,,1289.84,5,-5,Credit Card,Cancelled,6771.66
100731,2023-03-04,1007,South,,1303.36,6,5,,Delivered,7429.151999999999
100732,2023-08-05,1028,north,,710.76,0,10,Debit Card,In Transit,0.0
100733,2023-12-08,1111,South,Electronics,773.74,7,-5,Debit Card,Returned,5686.9890000000005
100734,2023-11-11,1130,north,Clothng,1254.53,2,-5,UPI,In Transit,2634.513
100735,2023-10-10,1187,SOUTH,Home,1109.15,2,10,COD,delivered,1996.4700000000003
100736,2023-06-26,1474,South,Clothing,401.4,1,0,UPI,In Transit,401.4
100737,2023-04-08,1363,,Electronics,30.26,1,105,credit card,Returned,-1.5130000000000015
100738,2023-04-15,1203,north,electronics,722.15,5,10,Credit Card,Cancelled,3249.675
100739,2023-04-09,1211,East,Clothing,1289.07,3,5,UPI,delivered,3673.8495
100740,2023-11-07,1275,,,1344.27,7,10,UPI,delivered,8468.901
100741,2023-01-06,1072,North,Clothing,1434.56,4,5,,delivered,5451.3279999999995
100742,2023-07-16,1242,South,Clothing,1319.95,4,20,Credit Card,Returned,4223.84
100743,2023-12-17,1101,East,electronics,872.17,5,5,Credit Card,delivered,4142.807499999999
100744,2023-05-13,1170,North,Clothng,669.69,2,20,Debit Card,Cancelled,1071.5040000000001
100745,2023-12-24,1187,South,Home,1163.4,5,20,Debit Card,Delivered,4653.6
100746,2023-09-16,1440,East,,1111.03,4,20,Credit Card,Delivered,3555.2960000000003
100747,2023-01-23,1085,East,Clothng,809.52,2,15,UPI,In Transit,1376.184
100748,2023-02-22,1475,,Electronics,135.55,4,20,credit card,Delivered,433.76000000000005
100749,2023-06-14,1051,SOUTH,,1389.49,3,0,UPI,Returned,4168.47
100750,2023-07-21,1110,East,Home,686.13,1,0,credit card,Delivered,686.13
100751,2023-03-24,1042,SOUTH,Electronics,548.18,1,20,Credit Card,Returned,285.7100069717682
100752,2023-05-25,1210,West,electronics,946.2,2,5,,Returned,1797.78
100753,2023-03-26,1199,,Clothng,1012.39,5,0,credit card,In Transit,4871.478419276907
100754,2023-03-19,1025,north,,319.98,4,0,Debit Card,Delivered,1279.92
100755,2023-01-01,1298,,Clothing,1256.22,0,0,,In Transit,0.0
100756,2023-02-20,1076,North,Home,438.46,3,15,Credit Card,delivered,1118.0729999999999
100757,2023-06-22,1136,north,,284.09,4,15,COD,Cancelled,965.9059999999998
100758,2023-07-24,1019,north,Clothing,612.57,6,0,credit card,Delivered,3675.42
100759,2023-09-17,1439,SOUTH,,1097.19,0,20,credit card,delivered,0.0
100760,2023-10-15,1210,north,Electronics,1448.36,3,0,,delivered,4345.08
100761,2023-02-03,1550,East,Clothing,1214.88,3,15,COD,In Transit,3097.9440000000004
100762,2023-12-14,1434,SOUTH,Clothing,1410.82,1,5,COD,In Transit,1340.2789999999998
100763,2023-04-05,1206,north,,215.21,2,15,Credit Card,Cancelled,365.857
100764,2023-03-13,1438,SOUTH,electronics,111.41,4,0,,Cancelled,445.64
100765,2023-02-08,1041,West,electronics,838.77,3,0,UPI,Cancelled,2516.31
100766,2023-06-03,1410,SOUTH,Clothng,438.99,4,20,COD,Cancelled,1404.768
100767,2023-09-07,1522,South,Electronics,1242.94,3,0,credit card,In Transit,3728.82
100768,2023-06-11,1426,East,electronics,1009.62,5,105,COD,Returned,-252.40500000000023
100769,2023-04-28,1274,North,,1456.24,7,10,Credit Card,In Transit,13870.594320747421
100770,2023-09-16,1447,South,electronics,385.91,1,5,Credit Card,Returned,366.6145
100771,2023-11-02,1368,South,Clothng,731.25,2,10,credit card,In Transit,1316.25
100772,2023-09-25,1219,South,Home,754.35,0,0,credit card,In Transit,0.0
100773,2023-02-23,1576,north,Clothng,362.57,0,5,credit card,Cancelled,0.0
100774,2023-08-24,1231,SOUTH,Clothing,887.19,5,105,UPI,Returned,-221.79750000000024
100775,2023-08-10,1327,SOUTH,Clothing,667.71,6,0,credit card,delivered,4006.26
100776,2023-09-08,1442,,electronics,672.85,1,15,,delivered,571.9225
100777,2023-11-09,1051,north,electronics,547.29,3,5,Credit Card,delivered,1559.7764999999997
100778,2023-04-22,1375,East,Clothng,30.31,1,10,Credit Card,Cancelled,27.279
100779,2023-09-12,1262,north,Clothng,785.53,2,0,COD,delivered,1571.06
100780,2023-10-30,1266,north,,506.2,7,5,credit card,In Transit,3366.23
100781,2023-07-26,1358,north,Electronics,6.97,0,105,UPI,Cancelled,-0.0
100782,2023-08-17,1316,East,,465.38,4,0,,delivered,1861.52
100783,2023-12-07,1323,,Clothing,421.55,0,10,Debit Card,Cancelled,0.0
100784,2023-03-07,1562,East,,593.2,6,10,COD,In Transit,3203.28
100785,2023-03-16,1420,West,Clothng,202.12,6,10,,Cancelled,1091.448
100786,2023-04-13,1045,,,763.99,6,10,UPI,delivered,4125.546
100787,2023-07-11,1599,West,Home,1040.2,6,5,credit card,Cancelled,5929.14
100788,2023-09-09,1268,West,Electronics,947.13,2,0,UPI,Delivered,1894.26
100789,2023-08-14,1380,West,Clothng,1206.61,3,-5,Debit Card,delivered,3800.8215
100790,2023-10-21,1117,SOUTH,electronics,680.75,1,20,,In Transit,544.6
100791,2023-11-02,1565,South,,781.04,0,0,UPI,Returned,0.0
100792,2023-04-08,1115,South,Clothng,1216.55,6,5,Debit Card,Cancelled,6934.334999999999
100793,2023-12-04,1259,West,electronics,644.41,0,15,Debit Card,Cancelled,0.0
100794,2023-10-13,1074,West,electronics,1053.89,6,105,,delivered,-316.1670000000003
100795,2023-12-01,1479,North,Clothing,654.73,4,105,Debit Card,delivered,-130.9460000000001
100796,2023-12-13,1304,South,Clothing,629.52,1,20,,Delivered,503.616
100797,2023-11-04,1006,North,Clothng,1141.51,4,0,UPI,In Transit,4566.04
100798,2023-09-06,1365,,Clothng,266.38,4,-5,credit card,Cancelled,1118.796
100799,2023-06-15,1522,North,Home,511.19,6,20,Credit Card,Cancelled,2042.571746300716
100800,2023-12-01,1347,north,Electronics,340.14,7,0,Credit Card,Returned,2380.98
100801,2023-01-30,1437,SOUTH,Electronics,541.87,3,0,UPI,Cancelled,1625.6100000000001
100802,2023-09-04,1214,,Clothng,349.41,0,5,credit card,Cancelled,0.0
100803,2023-04-16,1428,East,Clothing,871.21,7,10,Credit Card,Delivered,5488.6230000000005
100804,2023-02-20,1497,South,,1198.27,5,0,Debit Card,Returned,5991.35
100805,2023-03-22,1539,West,Home,1180.99,1,0,UPI,Cancelled,1180.99
100806,2023-05-13,1366,,Electronics,549.93,7,0,UPI,Cancelled,3849.5099999999998
100807,2023-10-12,1312,West,Clothng,1483.2,3,5,COD,In Transit,4227.12
100808,2023-05-18,1537,East,Clothing,892.81,5,0,COD,Cancelled,4464.049999999999
100809,2023-07-03,1053,,Clothing,602.1,3,15,COD,Delivered,1535.355
100810,2023-11-26,1540,South,Clothing,1254.13,7,0,,Cancelled,8778.91
100811,2023-09-30,1466,,,1096.16,6,-5,credit card,Cancelled,6905.808000000001
100812,2023-12-06,1163,West,electronics,1125.17,6,20,UPI,delivered,5400.816000000001
100813,2023-03-10,1333,West,,298.23,3,-5,COD,Cancelled,939.4245000000001
100814,2023-02-03,1546,north,Clothing,705.14,7,15,UPI,Returned,4195.583
100815,2023-09-19,1347,North,Clothng,1293.43,2,0,Debit Card,delivered,2586.86
100816,2023-02-22,1272,,Home,758.54,2,5,COD,Returned,1441.2259999999999
100817,2023-07-24,1413,West,,1026.76,3,0,UPI,Returned,3080.2799999999997
100818,2023-05-06,1499,SOUTH,Clothng,883.96,2,105,credit card,Delivered,-88.39600000000009
100819,2023-08-23,1092,South,Clothing,1264.32,1,0,,Cancelled,1264.32
100820,2023-02-12,1078,SOUTH,Home,430.42,0,10,credit card,Returned,0.0
100821,2023-08-28,1216,East,Electronics,865.34,5,15,credit card,Cancelled,3677.6949999999997
100822,2023-04-21,1357,,Electronics,189.24,6,-5,COD,Cancelled,1192.2120000000002
100823,2023-09-06,1506,north,Clothng,1036.87,1,15,credit card,Delivered,881.3394999999999
100824,2023-05-31,1558,South,Home,1099.29,0,10,,Delivered,0.0
100825,2023-07-02,1180,north,Clothng,69.04,2,5,Credit Card,Returned,131.17600000000002
100826,2023-12-02,1575,North,Home,1015.31,5,10,,Returned,4568.8949999999995
100827,2023-04-05,1245,West,Home,624.96,1,0,Debit Card,delivered,624.96
100828,2023-01-08,1243,South,Clothng,190.52,4,20,,Cancelled,609.6640000000001
100829,2023-12-26,1505,East,Home,632.76,6,5,UPI,Cancelled,3606.732
100830,2023-07-03,1421,,,295.38,3,0,Credit Card,Delivered,886.14
100831,2023-10-08,1319,North,Clothing,626.26,6,-5,COD,Delivered,3945.438
100832,2023-07-14,1086,North,Home,579.59,0,5,UPI,Returned,0.0
100833,2023-12-18,1216,north,,1108.9,0,20,,delivered,0.0
100834,2023-07-14,1489,North,Home,1162.45,4,20,UPI,delivered,3719.84
100835,2023-06-04,1518,South,,912.51,4,20,credit card,Delivered,4835.512937531375
100836,2023-04-03,1277,north,Clothng,38.92,3,0,UPI,Delivered,116.76
100837,2023-06-09,1168,North,Electronics,1396.88,2,0,UPI,delivered,2793.76
100838,2023-03-02,1329,,electronics,1030.92,6,20,,delivered,4948.416000000001
100839,2023-05-02,1440,East,Home,56.12,1,20,Debit Card,Returned,44.896
100840,2023-02-20,1390,,electronics,1229.16,7,5,,delivered,8173.914000000001
100841,2023-10-04,1495,SOUTH,Home,304.4,7,5,COD,Cancelled,2024.2599999999995
100842,2023-01-05,1380,South,Clothng,870.94,1,0,Credit Card,delivered,870.94
100843,2023-04-02,1305,East,Clothng,702.62,1,105,credit card,In Transit,-35.13100000000003
100844,2023-06-19,1512,East,,632.66,2,0,Debit Card,delivered,1265.32
100845,2023-11-13,1187,north,Home,1335.12,6,0,Credit Card,Delivered,8010.719999999999
100846,2023-01-22,1515,West,Clothng,658.86,6,10,Credit Card,Delivered,3557.844
100847,2023-11-22,1426,north,Clothng,117.64,7,0,Debit Card,In Transit,823.48
100848,2023-01-01,1501,South,Home,1420.22,3,-5,credit card,Cancelled,4473.693
100849,2023-05-13,1259,South,,1381.2,1,0,COD,delivered,1381.2
100850,2023-08-21,1512,north,,1028.23,0,0,Debit Card,delivered,0.0
100851,2023-01-12,1070,West,,704.5,0,5,Debit Card,In Transit,0.0
100852,2023-12-12,1477,,,143.82,0,5,Debit Card,Returned,0.0
100853,2023-02-15,1177,north,Electronics,1187.17,4,0,credit card,Returned,4748.68
100854,2023-02-03,1456,South,Home,117.84,4,5,Debit Card,Cancelled,447.792
100855,2023-03-19,1188,West,Electronics,107.56,2,5,Debit Card,delivered,204.364
100856,2023-08-06,1290,South,Clothng,808.39,1,20,UPI,delivered,646.712
100857,2023-10-28,1519,West,Electronics,244.39,4,0,UPI,delivered,977.56
100858,2023-03-14,1291,West,,16.56,0,105,UPI,Delivered,-0.0
100859,2023-10-09,1282,north,Clothng,637.55,4,10,UPI,Returned,1565.018799987944
100860,2023-09-06,1543,north,Electronics,210.14,6,0,Debit Card,In Transit,1260.84
100861,2023-02-16,1376,north,Electronics,244.97,0,0,UPI,Delivered,0.0
100862,2023-05-01,1155,West,Home,119.98,1,5,Credit Card,Delivered,113.981
100863,2023-08-02,1507,West,Electronics,311.62,6,0,COD,Returned,1869.72
100864,2023-08-27,1412,South,Clothng,1074.65,2,0,UPI,delivered,2149.3
100865,2023-02-25,1527,East,,1214.35,3,0,credit card,Cancelled,3643.0499999999997
100866,2023-12-16,1354,north,Home,681.54,3,10,COD,In Transit,1840.158
100867,2023-04-17,1558,SOUTH,Electronics,762.3,6,10,,Returned,4116.419999999999
100868,2023-11-15,1186,South,Home,53.82,0,0,,Cancelled,0.0
100869,2023-02-17,1030,South,electronics,108.63,4,5,Credit Card,Returned,412.794
100870,2023-03-02,1259,North,Home,390.06,4,15,COD,Returned,1326.204
100871,2023-12-03,1420,north,,818.13,0,0,COD,Returned,0.0
100872,2023-01-26,1528,,electronics,1110.63,7,20,Credit Card,Returned,6219.528000000001
100873,2023-10-19,1550,South,electronics,909.48,1,10,,delivered,818.532
100874,2023-09-14,1303,North,Home,591.23,6,105,UPI,Delivered,-177.36900000000017
100875,2023-01-08,1038,SOUTH,Clothng,181.89,0,0,Credit Card,Returned,0.0
100876,2023-04-23,1488,SOUTH,,1172.26,7,105,credit card,Cancelled,-410.29100000000034
100877,2023-12-21,1541,,Clothng,548.86,1,10,Credit Card,Cancelled,493.97400000000005
100878,2023-09-10,1277,north,,1105.4,2,10,Debit Card,Cancelled,1989.7200000000003
100879,2023-06-29,1202,West,,771.9,2,5,,Delivered,1332.293586814168
100880,2023-07-26,1065,North,Clothng,1109.3,6,0,Debit Card,Delivered,5843.552709307322
100881,2023-10-30,1107,West,Clothing,1361.4,0,-5,,Cancelled,0.0
100882,2023-05-07,1267,SOUTH,electronics,1381.94,2,10,,delivered,2487.492
100883,2023-02-25,1221,SOUTH,Home,804.98,4,0,COD,Delivered,3219.92
100884,2023-08-02,1529,East,Clothng,769.71,1,0,UPI,Delivered,769.71
100885,2023-01-14,1089,East,Clothng,402.19,3,0,UPI,delivered,1206.57
100886,2023-01-28,1254,,Home,1404.02,7,10,,Returned,8845.326
100887,2023-03-19,1454,East,electronics,689.59,3,10,,Delivered,1861.893
100888,2023-08-04,1252,East,Home,195.75,2,5,Debit Card,Cancelled,611.9519686271867
100889,2023-12-31,1256,,,651.89,7,0,credit card,Cancelled,4563.23
100890,2023-06-03,1382,South,Clothing,194.94,1,5,Credit Card,delivered,185.19299999999998
100891,2023-01-14,1441,East,,756.28,4,5,,Cancelled,2873.8639999999996
100892,2023-07-06,1598,South,Clothing,844.11,3,0,,In Transit,2532.33
100893,2023-11-08,1089,South,Home,509.94,4,0,Credit Card,Cancelled,2039.76
100894,2023-01-07,1389,north,,112.12,4,0,Credit Card,delivered,597.047882205638
100895,2023-01-03,1581,South,electronics,1415.54,3,-5,credit card,delivered,4458.951
100896,2023-04-21,1043,South,,1161.16,3,15,credit card,delivered,4510.587867048072
100897,2023-08-26,1597,East,Clothng,1259.13,7,105,Credit Card,In Transit,-440.6955000000004
100898,2023-12-29,1018,South,Clothing,553.47,2,0,,Delivered,1106.94
100899,2023-08-27,1100,West,Clothing,1142.44,7,20,,Returned,6397.664000000001
100900,2023-10-01,1356,,electronics,730.63,6,10,Credit Card,Cancelled,3945.402
100901,2023-10-21,1541,East,Clothing,305.62,1,5,,Delivered,290.339
100902,2023-08-15,1032,,Clothing,191.01,0,0,credit card,delivered,0.0
100903,2023-01-15,1228,North,electronics,520.85,1,15,Credit Card,Delivered,442.7225
100904,2023-07-11,1523,East,,210.64,7,-5,credit card,Delivered,1548.2040000000002
100905,2023-04-29,1154,South,Home,1497.41,0,0,,In Transit,0.0
100906,2023-01-28,1422,West,,78.54,7,0,,delivered,549.7800000000001
100907,2023-07-21,1245,,Clothng,664.51,3,10,COD,delivered,1794.177
100908,2023-02-08,1404,East,Clothng,680.88,4,105,Debit Card,Cancelled,-136.17600000000013
100909,2023-09-30,1540,West,Clothing,454.44,1,15,Debit Card,Cancelled,386.274
100910,2023-08-19,1160,,Clothng,859.17,7,0,credit card,Cancelled,6014.19
100911,2023-03-27,1116,North,Home,229.22,4,5,Credit Card,Cancelled,871.036
100912,2023-05-06,1270,SOUTH,Clothing,1176.95,1,0,Debit Card,Delivered,1176.95
100913,2023-10-27,1486,North,Clothng,502.01,6,20,,Delivered,2409.648
100914,2023-01-25,1171,SOUTH,Electronics,889.06,5,15,UPI,Cancelled,3778.504999999999
100915,2023-05-25,1273,north,Electronics,1074.88,1,10,Credit Card,Cancelled,967.3920000000002
100916,2023-01-13,1258,SOUTH,Electronics,1334.12,4,0,credit card,Cancelled,5336.48
100917,2023-07-31,1134,north,Electronics,1254.5,5,-5,,Returned,6586.125
100918,2023-01-25,1421,East,,914.42,2,10,,Cancelled,1645.956
100919,2023-03-09,1420,north,Electronics,585.65,6,105,UPI,Returned,-175.69500000000014
100920,2023-03-08,1185,West,Clothing,757.29,3,10,credit card,Cancelled,2044.683
100921,2023-08-21,1363,north,electronics,1154.26,2,20,Credit Card,delivered,1846.816
100922,2023-04-19,1377,West,,1316.93,7,20,,In Transit,7374.808000000001
100923,2023-05-26,1522,,electronics,160.15,2,0,COD,Delivered,320.3
100924,2023-04-21,1579,,Clothing,580.36,1,105,,delivered,-29.018000000000026
100925,2023-08-16,1195,SOUTH,Clothing,1165.29,3,0,COD,In Transit,3495.87
100926,2023-04-21,1097,SOUTH,Home,650.32,6,15,COD,Returned,3276.92834475049
100927,2023-02-03,1021,SOUTH,,501.68,5,105,Credit Card,Delivered,-125.42000000000012
100928,2023-04-21,1449,north,electronics,619.93,1,0,Credit Card,Returned,619.93
100929,2023-09-21,1171,SOUTH,Electronics,906.25,7,10,UPI,Returned,5709.375
100930,2023-08-24,1382,north,Clothing,1499.71,0,10,,Delivered,0.0
100931,2023-03-24,1133,north,Electronics,742.02,1,15,Credit Card,In Transit,630.717
100932,2023-02-11,1425,South,electronics,316.7,5,20,Credit Card,Delivered,1177.5733876335837
100933,2023-04-11,1024,South,,248.46,4,10,UPI,Cancelled,894.456
100934,2023-01-06,1502,north,Clothng,68.31,7,20,UPI,Returned,382.53600000000006
100935,2023-06-29,1184,,Clothng,840.43,6,0,,Cancelled,5042.58
100936,2023-10-09,1084,West,Clothing,819.14,6,0,credit card,Delivered,4914.84
100937,2023-11-16,1566,East,Home,311.82,1,5,Debit Card,Delivered,296.229
100938,2023-08-14,1143,North,Electronics,1044.52,0,10,,In Transit,0.0
100939,2023-11-11,1411,South,Clothing,1112.96,1,0,Debit Card,Returned,1112.96
100940,2023-12-31,1223,north,Home,392.35,7,10,credit card,delivered,2471.8050000000003
100941,2023-08-17,1219,North,Electronics,519.43,5,0,COD,Delivered,2597.1499999999996
100942,2023-10-16,1178,South,electronics,1485.76,6,15,,delivered,7577.375999999999
100943,2023-05-30,1432,East,Clothng,564.53,0,0,Credit Card,Returned,0.0
100944,2023-10-04,1264,West,Home,1142.4,3,10,UPI,Cancelled,3084.4800000000005
100945,2023-07-17,1428,north,Electronics,681.82,5,10,,Returned,3068.1900000000005
100946,2023-03-11,1415,East,Clothing,1191.05,6,-5,UPI,In Transit,7503.615
100947,2023-04-22,1452,,Electronics,1154.69,1,15,COD,delivered,981.4865
100948,2023-01-04,1196,South,Clothing,1003.3,6,15,UPI,delivered,5116.829999999999
100949,2023-12-16,1553,north,Clothng,1282.89,0,-5,COD,Cancelled,0.0
100950,2023-11-27,1052,North,Clothng,1409.13,7,10,credit card,Cancelled,8877.519
100951,2023-11-14,1479,,Electronics,872.08,5,0,COD,Delivered,4360.400000000001
100952,2023-12-16,1442,,Electronics,360.02,3,20,Debit Card,Returned,864.048
100953,2023-04-05,1329,SOUTH,Clothing,600.95,4,15,,In Transit,2043.23
100954,2023-06-01,1250,West,Clothing,1138.67,2,5,COD,Delivered,2163.473
100955,2023-11-07,1122,,Home,978.07,0,15,,Returned,0.0
100956,2023-05-17,1386,South,Home,270.81,4,20,credit card,Cancelled,866.5920000000001
100957,2023-09-04,1338,West,Home,81.6,3,105,COD,In Transit,-12.24000000000001
100958,2023-08-31,1347,north,Electronics,1026.03,4,105,credit card,Cancelled,-205.2060000000002
100959,2023-01-31,1028,SOUTH,,380.36,1,0,Debit Card,Cancelled,380.36
100960,2023-02-09,1034,East,,752.01,2,5,Credit Card,delivered,1428.819
100961,2023-08-17,1517,West,,1121.39,0,0,credit card,Returned,0.0
100962,2023-02-05,1395,North,,846.19,5,0,Credit Card,Delivered,4230.950000000001
100963,2023-08-11,1293,South,Home,129.54,6,20,credit card,delivered,621.792
100964,2023-01-06,1588,North,Electronics,282.44,3,0,COD,Returned,847.3199999999999
100965,2023-11-18,1348,West,,332.9,2,10,Credit Card,Returned,599.22
100966,2023-08-08,1146,SOUTH,Clothng,390.51,3,10,credit card,Returned,1054.377
100967,2023-03-16,1066,East,electronics,850.28,6,15,,In Transit,4336.428
100968,2023-01-04,1519,East,Clothng,758.43,4,0,credit card,delivered,3033.72
100969,2023-12-01,1121,North,Electronics,308.72,3,0,Credit Card,Delivered,926.1600000000001
100970,2023-05-14,1339,north,Electronics,105.99,7,5,,delivered,704.8335
100971,2023-04-28,1174,north,electronics,261.29,3,0,credit card,Cancelled,783.8700000000001
100972,2023-04-04,1596,SOUTH,Clothing,1476.65,4,105,Credit Card,Returned,-295.33000000000027
100973,2023-03-03,1450,East,Clothing,705.48,4,20,Debit Card,Cancelled,2257.536
100974,2023-07-13,1556,North,Clothing,1301.68,6,5,UPI,delivered,7419.576
100975,2023-12-01,1135,North,Home,1273.88,2,20,Debit Card,Delivered,2038.2080000000003
100976,2023-07-22,1015,North,Clothing,769.72,0,0,Credit Card,Cancelled,0.0
100977,2023-01-26,1332,West,Home,1061.5,4,15,COD,Cancelled,3609.1
100978,2023-06-22,1194,SOUTH,Home,293.16,7,0,COD,In Transit,2052.1200000000003
100979,2023-10-27,1495,north,Clothing,1034.15,2,15,UPI,delivered,1758.055
100980,2023-05-13,1008,north,Clothing,412.21,6,5,Credit Card,Cancelled,2245.0031275374663
100981,2023-11-22,1333,West,electronics,1248.93,3,0,,delivered,3746.79
100982,2023-04-28,1332,South,,130.17,7,0,credit card,Delivered,911.1899999999999
100983,2023-11-20,1326,West,electronics,1160.84,3,5,Debit Card,Cancelled,3308.3939999999993
100984,2023-10-02,1014,SOUTH,Home,154.41,5,15,,Delivered,656.2425
100985,2023-07-31,1225,North,electronics,1322.38,1,0,Debit Card,Cancelled,1322.38
100986,2023-08-13,1424,West,Home,459.79,4,10,UPI,Returned,1655.2440000000001
100987,2023-01-20,1407,North,Electronics,983.32,6,15,UPI,In Transit,5014.932
100988,2023-04-23,1112,SOUTH,Home,733.82,7,10,UPI,In Transit,4623.066000000001
100989,2023-05-20,1427,,Home,552.62,7,15,,In Transit,3288.089
100990,2023-02-16,1000,SOUTH,electronics,969.94,2,0,,Delivered,1939.88
100991,2023-01-01,1265,East,,1421.55,5,10,UPI,delivered,6396.975
100992,2023-03-31,1490,North,Electronics,66.7,2,-5,,In Transit,125.34010616204581
100993,2023-05-22,1207,north,Clothng,1378.69,0,10,UPI,Cancelled,0.0
100994,2023-11-16,1368,West,Clothng,915.58,5,10,,Cancelled,4120.110000000001
100995,2023-02-07,1305,,,1211.93,6,15,UPI,Returned,6180.843
100996,2023-10-20,1011,SOUTH,Clothng,578.89,2,0,credit card,Delivered,1157.78
100997,2023-05-19,1344,North,Electronics,710.41,4,15,credit card,Cancelled,2415.394
100998,2023-12-22,1464,,Clothing,1303.93,2,-5,Debit Card,Cancelled,2738.253
100999,2023-11-29,1493,South,Electronics,625.2,1,0,Debit Card,Returned,625.2
101000,2023-09-16,1367,East,electronics,804.32,3,20,UPI,Returned,1930.3680000000002
101001,2023-06-10,1419,South,Home,35.19,3,0,Debit Card,delivered,105.57
101002,2023-06-27,1170,SOUTH,Home,242.1,7,5,,delivered,1609.965
101003,2023-01-10,1133,South,electronics,964.32,5,20,UPI,delivered,3857.2800000000007
101004,2023-09-18,1426,South,electronics,1076.88,2,20,credit card,Cancelled,1723.0080000000003
101005,2023-05-18,1024,East,Home,875.99,2,20,COD,Returned,775.659961747887
101006,2023-06-21,1529,East,,219.25,2,-5,credit card,Delivered,460.425
101007,2023-01-13,1189,East,Clothing,670.88,2,5,Credit Card,delivered,1274.672
101008,2023-06-17,1140,,Clothing,535.87,7,10,credit card,In Transit,3375.981
101009,2023-05-10,1554,East,Clothing,746.01,1,0,Credit Card,Cancelled,746.01
101010,2023-03-25,1314,South,electronics,1306.14,4,0,Debit Card,Delivered,5224.56
101011,2023-11-17,1443,north,Home,1164.91,1,5,credit card,Cancelled,1106.6645
101012,2023-11-15,1318,north,,130.56,6,15,COD,delivered,665.856
101013,2023-04-11,1440,East,Home,1336.01,6,5,,Cancelled,7615.257
101014,2023-11-25,1091,,Home,710.29,1,20,credit card,delivered,568.232
101015,2023-09-30,1178,West,,1117.07,1,15,,Cancelled,949.5094999999999
101016,2023-09-22,1055,North,Electronics,214.36,3,0,credit card,delivered,643.08
101017,2023-02-07,1154,SOUTH,,1007.73,6,10,credit card,Returned,5441.742
101018,2023-04-04,1110,,Electronics,358.31,1,5,,Returned,340.3945
101019,2023-04-05,1136,West,Clothng,660.38,2,5,,Returned,1254.722
101020,2023-11-01,1231,SOUTH,Electronics,30.21,1,20,UPI,Returned,24.168000000000003
101021,2023-03-10,1467,West,Clothing,231.66,2,5,credit card,Returned,440.154
101022,2023-11-14,1480,West,Clothing,142.66,5,20,credit card,In Transit,570.64
101023,2023-08-24,1067,north,,363.42,6,15,COD,Cancelled,1853.442
101024,2023-11-30,1248,North,Clothing,154.53,4,10,,Returned,556.308
101025,2023-05-17,1322,West,Clothing,1039.41,3,15,,In Transit,2650.4955000000004
101026,2023-03-17,1517,East,Clothng,48.41,4,0,Credit Card,In Transit,193.64
101027,2023-02-04,1431,SOUTH,Clothing,928.52,7,0,Credit Card,Cancelled,6499.639999999999
101028,2023-01-01,1486,,electronics,215.36,7,0,,Cancelled,1507.52
101029,2023-10-23,1428,north,electronics,1418.02,5,5,COD,delivered,6950.517387460894
101030,2023-11-16,1268,SOUTH,electronics,1399.98,4,0,Debit Card,delivered,5599.92
101031,2023-03-01,1536,East,Electronics,342.13,3,105,credit card,Returned,-51.31950000000004
101032,2023-11-16,1147,East,,923.56,2,5,Debit Card,Delivered,1754.764
101033,2023-12-15,1117,West,,46.87,5,10,COD,delivered,210.915
101034,2023-11-24,1366,East,Home,1398.02,5,0,Debit Card,Delivered,6990.1
101035,2023-09-24,1065,North,Clothng,786.87,2,0,Credit Card,delivered,1573.74
101036,2023-12-27,1369,East,electronics,69.62,2,0,UPI,In Transit,144.1823761412011
101037,2023-08-17,1174,West,electronics,517.04,3,10,Debit Card,In Transit,1396.008
101038,2023-09-27,1587,SOUTH,Clothing,119.89,6,5,UPI,In Transit,683.373
101039,2023-11-12,1494,East,electronics,592.45,1,5,Debit Card,Delivered,562.8275
101040,2023-10-13,1113,north,Clothing,1006.54,6,10,COD,Returned,5435.316
101041,2023-10-18,1110,,Clothing,707.49,0,15,UPI,delivered,0.0
101042,2023-08-01,1438,north,Home,578.66,1,0,Debit Card,delivered,578.66
101043,2023-06-14,1146,north,Electronics,183.14,6,15,COD,Delivered,934.0139999999999
101044,2023-01-05,1034,SOUTH,Clothing,371.18,1,10,,In Transit,334.062
101045,2023-12-05,1308,South,Clothing,154.71,7,10,Credit Card,Returned,974.673
101046,2023-03-19,1537,,,1212.21,4,0,credit card,delivered,4848.84
101047,2023-03-03,1013,north,Home,207.18,7,5,COD,Returned,1377.7469999999998
101048,2023-05-12,1373,north,Clothing,895.08,0,0,COD,Returned,0.0
101049,2023-03-30,1556,South,Clothng,517.4,2,105,Credit Card,Cancelled,-51.740000000000045
101050,2023-08-25,1427,SOUTH,Electronics,342.84,1,5,UPI,Returned,325.698
101051,2023-02-11,1232,,Clothng,961.01,6,105,Debit Card,Cancelled,-288.3030000000002
101052,2023-03-30,1562,north,electronics,688.22,3,5,UPI,Delivered,1961.4269999999997
101053,2023-10-23,1439,West,Electronics,603.22,1,0,COD,In Transit,851.3647969430289
101054,2023-11-24,1501,SOUTH,electronics,891.31,2,5,,Cancelled,1693.4889999999998
101055,2023-10-22,1274,,,739.45,6,0,Debit Card,Returned,4436.700000000001
101056,2023-04-14,1075,north,Clothing,458.71,1,-5,credit card,In Transit,481.6455
101057,2023-01-14,1438,north,Home,840.8,5,20,credit card,Returned,3363.2000000000003
101058,2023-10-15,1288,South,Clothng,1005.9,7,15,Debit Card,Returned,5985.105
101059,2023-06-28,1539,,electronics,44.91,4,10,COD,Cancelled,161.676
101060,2023-05-05,1252,West,Clothing,701.48,4,10,,Delivered,2525.328
101061,2023-12-19,1125,SOUTH,Clothng,91.24,1,105,Credit Card,Returned,-4.562000000000004
101062,2023-01-23,1176,East,Clothng,283.68,4,0,,Cancelled,1134.72
101063,2023-03-04,1036,North,,842.96,3,15,UPI,Returned,2149.5480000000002
101064,2023-05-23,1409,West,,1299.95,0,10,,In Transit,0.0
101065,2023-06-02,1126,East,electronics,1324.79,1,105,,Delivered,-66.23950000000006
101066,2023-05-25,1482,West,Clothing,109.57,3,20,UPI,Returned,262.968
101067,2023-08-13,1167,,Home,631.56,5,105,Credit Card,Delivered,-157.89000000000013
101068,2023-11-05,1591,East,electronics,876.59,3,10,Credit Card,Delivered,2366.793
101069,2023-04-14,1293,,Clothng,224.87,3,0,credit card,In Transit,674.61
101070,2023-04-14,1342,East,Clothng,1149.32,5,5,Credit Card,In Transit,5459.2699999999995
101071,2023-02-08,1309,West,Electronics,1117.63,2,15,Debit Card,delivered,1899.9710000000002
101072,2023-07-17,1527,South,Clothing,1355.49,1,15,credit card,Delivered,1152.1665
101073,2023-05-14,1539,West,Electronics,17.69,7,0,COD,Returned,123.83000000000001
101074,2023-03-08,1418,,,328.94,1,5,credit card,In Transit,312.493
101075,2023-06-28,1443,West,Home,1241.64,1,0,,Returned,1241.64
101076,2023-02-11,1557,East,electronics,1007.52,7,20,,Delivered,5642.112
101077,2023-01-15,1235,North,Clothng,1342.11,0,0,credit card,In Transit,0.0
101078,2023-04-21,1438,East,Clothing,90.48,3,10,UPI,delivered,244.296
101079,2023-06-06,1213,north,Clothng,897.46,1,0,Credit Card,Delivered,897.46
101080,2023-10-16,1084,West,,855.72,7,0,,Returned,5990.04
101081,2023-08-19,1084,SOUTH,Electronics,58.33,7,-5,,delivered,428.7255
101082,2023-06-06,1488,West,Electronics,772.72,4,0,Debit Card,Delivered,3090.88
101083,2023-02-07,1064,South,electronics,916.23,2,0,Credit Card,In Transit,1832.46
101084,2023-04-07,1063,,Clothing,290.98,5,0,,Delivered,1454.9
101085,2023-10-16,1342,SOUTH,,413.63,5,5,UPI,Cancelled,1964.7425
101086,2023-09-11,1351,East,Clothing,962.32,0,10,,Returned,0.0
101087,2023-07-15,1157,South,electronics,705.11,7,0,Credit Card,In Transit,4935.77
101088,2023-03-27,1588,West,,1287.73,6,10,Debit Card,In Transit,6953.742
101089,2023-11-18,1490,East,,516.86,5,0,Credit Card,Cancelled,2584.3
101090,2023-01-10,1462,East,Electronics,403.66,2,20,UPI,delivered,645.8560000000001
101091,2023-01-05,1224,north,Electronics,1477.37,6,20,Debit Card,In Transit,7091.376
101092,2023-05-03,1312,north,Electronics,1367.15,7,105,Credit Card,delivered,-478.50250000000045
101093,2023-11-26,1465,North,Clothng,48.34,7,-5,UPI,delivered,355.29900000000004
101094,2023-12-19,1087,north,Home,1157.24,3,0,UPI,delivered,3471.7200000000003
101095,2023-04-28,1302,,Electronics,169.95,5,0,credit card,Delivered,849.75
101096,2023-10-21,1434,SOUTH,Home,46.09,6,15,,Cancelled,235.059
101097,2023-06-08,1134,East,Home,414.17,6,0,Debit Card,Returned,2485.02
101098,2023-10-30,1049,north,Clothing,407.67,5,0,Debit Card,Cancelled,2038.3500000000001
101099,2023-08-16,1431,North,electronics,1229.88,4,0,,In Transit,4919.52
101100,2023-12-31,1339,West,Clothng,1067.45,3,5,Credit Card,Cancelled,3042.2325
101101,2023-08-04,1346,SOUTH,Home,1472.51,1,10,credit card,Returned,1325.259
101102,2023-07-03,1346,north,Clothng,1068.71,7,0,Debit Card,Delivered,7480.97
101103,2023-01-15,1244,East,Clothing,630.29,2,0,UPI,In Transit,1260.58
101104,2023-06-06,1108,West,Electronics,1049.9,5,15,Debit Card,Delivered,4462.075
101105,2023-05-16,1532,,,1499.19,4,0,credit card,In Transit,5996.76
101106,2023-09-18,1089,East,Home,1066.66,7,105,,Returned,-373.33100000000036
101107,2023-06-06,1295,West,electronics,1143.71,2,0,COD,Delivered,2287.42
101108,2023-02-16,1111,,,1407.86,6,10,,Returned,7602.444
101109,2023-11-20,1588,,Clothing,174.91,0,5,UPI,Returned,0.0
101110,2023-11-28,1176,SOUTH,Clothng,1058.65,4,0,Debit Card,Cancelled,4537.889587364422
101111,2023-06-22,1342,East,Electronics,1276.95,7,5,,In Transit,8491.717499999999
101112,2023-05-10,1100,north,Clothng,1431.8,6,5,UPI,delivered,8161.259999999999
101113,2023-04-05,1400,north,electronics,320.4,0,20,Credit Card,delivered,0.0
101114,2023-04-25,1027,North,Home,758.37,5,15,UPI,Delivered,3223.0724999999998
101115,2023-08-31,1536,West,electronics,1022.43,4,0,Debit Card,Returned,4089.72
101116,2023-10-19,1057,North,Clothng,374.96,1,0,Credit Card,Cancelled,374.96
101117,2023-10-09,1497,South,Clothng,902.71,6,0,Credit Card,In Transit,5416.26
101118,2023-10-26,1296,north,,390.08,7,0,Credit Card,Delivered,2730.56
101119,2023-10-10,1133,West,electronics,503.52,2,5,COD,Returned,956.6879999999999
101120,2023-03-10,1330,SOUTH,electronics,665.07,2,105,COD,delivered,-66.50700000000006
101121,2023-05-28,1248,North,electronics,796.14,6,5,Credit Card,delivered,4537.998
101122,2023-01-11,1549,SOUTH,Electronics,676.8,6,15,,In Transit,3451.68
101123,2023-09-11,1074,SOUTH,Clothng,742.33,3,10,,In Transit,2004.2910000000002
101124,2023-11-26,1167,SOUTH,Clothing,451.39,4,20,,In Transit,1444.448
101125,2023-12-26,1502,North,Electronics,242.65,7,0,Debit Card,Delivered,1698.55
101126,2023-02-07,1354,South,Electronics,75.79,7,15,Credit Card,In Transit,450.95050000000003
101127,2023-05-14,1224,,Electronics,297.99,7,20,,Delivered,1668.7440000000004
101128,2023-07-19,1530,,,875.01,7,0,Credit Card,Cancelled,6125.07
101129,2023-01-23,1145,North,Clothing,1180.24,4,0,UPI,Returned,4720.96
101130,2023-10-30,1240,,electronics,258.03,6,105,,delivered,-77.40900000000006
101131,2023-12-12,1343,East,,167.29,0,15,UPI,Delivered,0.0
101132,2023-10-29,1034,,Clothng,1125.19,4,0,UPI,Returned,4500.76
101133,2023-12-29,1000,north,Home,461.21,2,10,,In Transit,830.178
101134,2023-08-06,1152,North,,1427.49,4,5,credit card,delivered,5905.657118097495
101135,2023-05-21,1428,,Home,1072.91,3,5,UPI,Delivered,3057.7935
101136,2023-04-14,1507,North,Clothng,493.5,3,0,,In Transit,1480.5
101137,2023-07-29,1125,South,Clothing,437.87,6,0,UPI,Returned,2627.2200000000003
101138,2023-04-21,1490,East,Home,787.93,2,10,Debit Card,Cancelled,1418.274
101139,2023-04-14,1481,North,Electronics,123.32,2,15,COD,Returned,209.64399999999998
101140,2023-11-12,1344,north,,180.93,7,20,COD,Delivered,1013.2080000000001
101141,2023-06-20,1220,,Home,267.91,2,0,COD,Cancelled,535.82
101142,2023-12-22,1024,north,Clothng,1163.21,4,20,credit card,Cancelled,3722.2720000000004
101143,2023-11-20,1527,,Electronics,773.22,4,0,Credit Card,In Transit,3092.88
101144,2023-05-13,1181,North,Home,20.8,1,5,UPI,Returned,19.759999999999998
101145,2023-10-20,1498,SOUTH,Clothng,1011.91,5,-5,Debit Card,Delivered,5312.5275
101146,2023-11-24,1041,,Clothing,638.42,6,5,credit card,Cancelled,3638.9939999999992
101147,2023-05-07,1480,SOUTH,Clothng,768.72,5,0,COD,In Transit,3843.6000000000004
101148,2023-04-16,1438,East,Clothing,325.1,7,0,credit card,Cancelled,2275.7000000000003
101149,2023-04-02,1401,north,Electronics,829.91,7,5,Debit Card,Returned,5191.625863883368
101150,2023-10-14,1545,SOUTH,Clothng,1468.83,0,15,,delivered,0.0
101151,2023-02-20,1344,north,electronics,114.8,4,105,credit card,Delivered,-22.96000000000002
101152,2023-01-29,1044,,,429.46,1,15,COD,delivered,365.041
101153,2023-10-23,1020,,electronics,368.28,1,20,Credit Card,Returned,294.62399999999997
101154,2023-10-24,1069,East,electronics,376.58,3,15,COD,delivered,960.279
101155,2023-08-02,1047,,electronics,571.17,4,20,COD,Returned,1827.744
101156,2023-09-24,1490,East,,1228.07,1,0,COD,Returned,1228.07
101157,2023-09-14,1550,SOUTH,electronics,1369.72,3,-5,credit card,In Transit,4314.618
101158,2023-10-29,1286,,Clothing,307.31,0,0,Debit Card,delivered,0.0
101159,2023-04-11,1009,North,Clothng,816.71,3,-5,COD,Cancelled,2572.6365
101160,2023-12-12,1541,West,Electronics,957.16,7,0,,Returned,6700.12
101161,2023-04-20,1273,South,electronics,785.13,0,15,credit card,delivered,0.0
101162,2023-07-01,1599,West,electronics,653.94,7,15,Debit Card,Cancelled,3890.9429999999998
101163,2023-11-09,1380,West,Electronics,292.0,5,105,Credit Card,Delivered,-73.00000000000007
101164,2023-01-01,1328,north,Electronics,734.89,7,15,COD,Cancelled,6638.317453897996
101165,2023-11-15,1478,East,electronics,604.82,5,0,UPI,delivered,3024.1000000000004
101166,2023-02-24,1014,north,Clothing,1194.37,2,10,credit card,delivered,2149.866
101167,2023-05-29,1515,SOUTH,Electronics,1146.59,2,0,,Cancelled,2293.18
101168,2023-11-05,1190,South,Clothng,205.33,6,0,Credit Card,Cancelled,1231.98
101169,2023-05-17,1167,SOUTH,Clothng,137.34,3,0,Credit Card,Returned,412.02
101170,2023-07-21,1520,North,Clothing,1362.69,6,0,Credit Card,delivered,8176.14
101171,2023-11-09,1136,South,,805.59,2,5,credit card,Returned,1530.621
101172,2023-04-27,1153,north,Home,1287.41,7,-5,Debit Card,Returned,9462.463500000002
101173,2023-06-03,1387,,Clothing,91.94,4,-5,UPI,Delivered,386.148
101174,2023-10-18,1208,,electronics,792.14,3,0,,delivered,2376.42
101175,2023-03-04,1271,north,Home,811.44,1,0,Debit Card,Returned,811.44
101176,2023-09-01,1142,SOUTH,electronics,1291.75,7,0,COD,Delivered,3007.4473671208625
101177,2023-01-25,1068,north,Clothng,150.93,4,0,UPI,Returned,603.72
101178,2023-03-31,1246,north,Electronics,364.47,6,0,Debit Card,Returned,2186.82
101179,2023-03-16,1260,West,electronics,612.77,3,0,COD,delivered,1838.31
101180,2023-10-21,1078,North,Clothng,1299.43,6,10,UPI,Cancelled,7016.9220000000005
101181,2023-07-29,1524,,Clothing,1408.63,5,10,credit card,Cancelled,6338.835000000001
101182,2023-12-13,1329,West,electronics,1489.12,0,5,,delivered,0.0
101183,2023-01-17,1188,north,Clothng,1438.99,6,0,,Cancelled,8633.94
101184,2023-05-08,1094,East,Electronics,13.88,2,15,COD,In Transit,23.596
101185,2023-12-30,1007,West,electronics,76.32,2,20,Debit Card,Cancelled,122.112
101186,2023-09-08,1066,north,,225.67,2,0,UPI,Returned,451.34
101187,2023-06-28,1495,,Clothng,526.55,3,0,COD,Returned,1579.6499999999999
101188,2023-07-01,1190,north,electronics,1245.73,4,0,COD,Delivered,4982.92
101189,2023-06-01,1365,North,Electronics,1339.52,0,0,credit card,delivered,0.0
101190,2023-01-25,1520,SOUTH,electronics,284.32,2,5,COD,Delivered,540.208
101191,2023-06-29,1116,South,electronics,931.4,4,0,UPI,Returned,3725.6
101192,2023-07-17,1266,West,,1376.46,6,5,Credit Card,Returned,7845.822
101193,2023-12-10,1484,West,Clothng,698.28,1,0,UPI,Delivered,698.28
101194,2023-06-10,1508,West,Home,159.8,5,15,UPI,In Transit,378.61141954819027
101195,2023-06-26,1297,north,electronics,689.43,1,0,credit card,Cancelled,689.43
101196,2023-10-12,1163,North,Home,566.81,0,10,credit card,In Transit,0.0
101197,2023-03-04,1375,north,Clothing,868.6,2,0,,In Transit,1737.2
101198,2023-05-30,1267,north,electronics,660.79,7,0,,In Transit,4625.53
101199,2023-06-03,1548,SOUTH,Home,30.93,7,20,COD,In Transit,173.208
101200,2023-06-05,1073,East,Clothing,1491.03,1,10,,Cancelled,1341.927
101201,2023-02-18,1507,North,,817.59,5,0,credit card,delivered,4087.9500000000003
101202,2023-12-03,1072,West,Clothng,713.08,4,10,COD,Delivered,2567.088
101203,2023-03-25,1307,South,electronics,1432.15,7,10,Credit Card,In Transit,9022.545000000002
101204,2023-12-27,1198,West,Clothng,238.01,4,5,Debit Card,In Transit,904.4379999999999
101205,2023-06-26,1129,north,Clothing,287.91,1,5,credit card,Delivered,273.5145
101206,2023-05-28,1571,North,Clothng,1212.98,6,20,credit card,Delivered,5822.304
101207,2023-04-28,1486,,Clothng,394.94,6,0,Credit Card,delivered,2369.64
101208,2023-12-08,1150,North,Electronics,1199.84,2,0,credit card,Returned,2399.68
101209,2023-03-04,1205,North,Clothing,410.94,5,0,,delivered,2054.7
101210,2023-07-08,1178,East,Clothng,54.62,0,15,,Returned,0.0
101211,2023-12-26,1196,West,Home,777.94,2,-5,,Cancelled,1633.6740000000002
101212,2023-02-18,1088,East,Clothing,299.05,7,20,Credit Card,delivered,1674.68
101213,2023-11-23,1433,,Electronics,1137.98,3,15,COD,Cancelled,2901.849
101214,2023-09-14,1182,,electronics,963.59,1,105,credit card,Delivered,-48.17950000000005
101215,2023-08-12,1208,SOUTH,,1385.79,3,10,credit card,delivered,3741.633
101216,2023-05-21,1492,South,Clothng,1175.57,7,15,,Delivered,6994.6415
101217,2023-08-03,1129,SOUTH,Home,275.26,1,105,COD,In Transit,-5.92748096652892
101218,2023-07-30,1012,north,Electronics,1201.24,0,0,credit card,Delivered,0.0
101219,2023-11-14,1105,East,Clothing,964.4,2,10,UPI,In Transit,1735.92
101220,2023-02-01,1374,East,,1005.08,5,15,Credit Card,Returned,4271.59
101221,2023-06-07,1581,SOUTH,,1249.23,7,-5,Debit Card,In Transit,3057.068089085137
101222,2023-10-12,1098,north,Clothng,862.87,6,20,UPI,Returned,4141.776000000001
101223,2023-11-01,1593,North,Electronics,701.68,6,20,Debit Card,In Transit,3368.0640000000003
101224,2023-10-13,1586,north,Electronics,956.78,2,-5,UPI,In Transit,2009.238
101225,2023-05-24,1191,West,Home,450.45,1,5,UPI,Cancelled,427.92749999999995
101226,2023-01-19,1324,SOUTH,electronics,277.98,6,0,UPI,Cancelled,1667.88
101227,2023-01-18,1466,north,electronics,926.8,4,0,Credit Card,Delivered,3707.2
101228,2023-09-14,1366,North,electronics,354.6,3,5,Debit Card,Cancelled,1010.6100000000001
101229,2023-03-19,1317,north,,124.47,5,5,COD,Returned,591.2325
101230,2023-06-24,1143,East,,5.83,5,5,COD,Cancelled,27.6925
101231,2023-07-13,1383,South,Clothing,914.44,6,5,,Delivered,5212.308
101232,2023-04-23,1215,East,,546.41,7,-5,credit card,delivered,4016.1135
101233,2023-04-24,1360,,,1129.7,2,0,Credit Card,Returned,2259.4
101234,2023-08-10,1323,South,Electronics,565.89,2,20,,delivered,905.424
101235,2023-06-15,1014,,Clothing,731.58,1,-5,,Returned,976.3654847609164
101236,2023-11-15,1216,north,Electronics,613.59,4,5,Credit Card,Delivered,2331.642
101237,2023-05-12,1491,West,Home,977.61,7,5,Credit Card,Cancelled,6501.1065
101238,2023-09-21,1546,north,Home,537.43,7,15,UPI,delivered,3197.7084999999997
101239,2023-02-24,1182,North,Clothing,1445.83,7,15,Credit Card,delivered,8602.6885
101240,2023-12-25,1269,north,Clothing,1404.54,3,0,COD,Cancelled,4213.62
101241,2023-05-11,1466,South,,1272.8,4,0,Credit Card,Delivered,5091.2
101242,2023-10-15,1518,East,Home,1380.85,5,0,UPI,Cancelled,6904.25
101243,2023-09-23,1541,West,Clothng,676.46,4,0,Debit Card,In Transit,2705.84
101244,2023-06-11,1466,,electronics,806.96,6,0,,In Transit,4841.76
101245,2023-03-28,1304,north,,1114.43,1,0,Credit Card,In Transit,1114.43
101246,2023-02-24,1143,north,electronics,1045.74,4,10,,delivered,4818.412502477431
101247,2023-10-15,1110,East,Home,1336.56,7,105,Debit Card,delivered,-467.79600000000045
101248,2023-06-27,1231,West,electronics,1075.91,3,10,credit card,Delivered,2904.9570000000003
101249,2023-12-15,1583,SOUTH,Clothng,1496.84,5,-5,UPI,Returned,7858.41
101250,2023-01-08,1591,,Clothng,526.02,0,15,,Cancelled,0.0
101251,2023-11-17,1499,north,Electronics,1250.33,5,15,Credit Card,Returned,5313.902499999999
101252,2023-11-09,1594,north,Clothing,1047.96,7,5,credit card,delivered,9641.174492031438
101253,2023-09-04,1553,SOUTH,electronics,1038.62,0,0,credit card,Cancelled,0.0
101254,2023-11-19,1272,,Clothng,492.12,3,20,Debit Card,delivered,1181.0880000000002
101255,2023-09-12,1172,South,Clothing,1179.47,5,-5,,Delivered,6192.217500000001
101256,2023-11-24,1006,South,Clothing,1351.06,5,5,,Cancelled,6417.534999999999
101257,2023-02-23,1154,North,Electronics,331.73,5,0,COD,delivered,1658.65
101258,2023-09-06,1521,East,Clothing,940.12,5,15,COD,In Transit,3995.51
101259,2023-08-27,1545,West,Clothing,591.24,1,0,COD,In Transit,591.24
101260,2023-08-17,1547,north,,1484.37,2,0,,delivered,2968.74
101261,2023-03-08,1517,,Home,720.86,5,20,,Returned,2883.4400000000005
101262,2023-02-20,1214,north,Electronics,346.34,1,5,COD,Delivered,329.02299999999997
101263,2023-04-07,1133,North,Electronics,575.88,3,10,UPI,Delivered,2455.3542540387793
101264,2023-04-02,1284,,electronics,982.49,5,-5,Credit Card,delivered,5158.0725
101265,2023-09-21,1125,,Clothing,118.75,4,5,Credit Card,Delivered,451.25
101266,2023-10-18,1438,north,electronics,907.38,5,5,UPI,Cancelled,4310.054999999999
101267,2023-04-06,1151,East,,1397.18,6,0,Debit Card,Delivered,8383.08
101268,2023-03-29,1330,North,Clothng,1276.29,5,0,Credit Card,In Transit,6381.45
101269,2023-03-19,1537,East,Clothing,106.17,7,15,,delivered,631.7115
101270,2023-10-15,1382,North,Clothng,1490.12,0,5,credit card,Cancelled,0.0
101271,2023-04-30,1114,north,Home,1049.6,4,0,,Delivered,4198.4
101272,2023-10-29,1481,North,,247.61,5,0,Credit Card,In Transit,1238.0500000000002
101273,2023-06-14,1283,South,Clothing,23.56,5,5,UPI,Returned,111.91
101274,2023-07-01,1074,,electronics,261.07,5,5,Debit Card,Delivered,1240.0824999999998
101275,2023-08-11,1165,West,electronics,1258.07,1,10,Credit Card,In Transit,1132.263
101276,2023-11-07,1188,north,Clothing,37.35,7,5,UPI,In Transit,248.37749999999997
101277,2023-01-07,1077,SOUTH,electronics,353.56,3,0,credit card,In Transit,1060.68
101278,2023-11-26,1020,West,Clothing,1137.17,0,5,COD,In Transit,0.0
101279,2023-09-20,1565,north,Electronics,881.24,5,-5,credit card,Returned,4626.51
101280,2023-06-10,1183,West,electronics,1175.19,3,0,credit card,delivered,3525.57
101281,2023-05-31,1221,South,Clothing,1120.5,7,10,Debit Card,In Transit,7059.150000000001
101282,2023-03-26,1327,West,Clothing,80.65,0,10,Credit Card,delivered,0.0
101283,2023-05-27,1178,North,electronics,1339.3,0,15,COD,Returned,0.0
101284,2023-04-22,1111,West,Electronics,344.41,6,0,UPI,Returned,2066.46
101285,2023-02-05,1058,north,electronics,832.32,7,-5,COD,Cancelled,6117.552000000001
101286,2023-10-12,1326,SOUTH,Clothing,968.21,0,10,Credit Card,Cancelled,0.0
101287,2023-07-07,1190,SOUTH,Electronics,257.1,7,20,Debit Card,In Transit,1439.7600000000002
101288,2023-03-23,1199,East,Clothng,1464.47,7,0,Credit Card,delivered,10251.29
101289,2023-01-02,1311,,Home,734.79,5,15,UPI,Returned,3122.8574999999996
101290,2023-10-30,1034,West,electronics,91.18,1,15,COD,Delivered,77.503
101291,2023-07-16,1378,SOUTH,,1406.21,5,0,credit card,Cancelled,7031.05
101292,2023-01-11,1386,West,Clothing,881.47,5,0,Credit Card,Cancelled,4407.35
101293,2023-08-22,1236,,Electronics,1050.29,3,10,,Delivered,2835.783
101294,2023-07-14,1518,SOUTH,Electronics,790.14,2,0,Debit Card,delivered,1580.28
101295,2023-04-29,1282,,Clothng,1252.93,2,15,Debit Card,delivered,1638.8667846888259
101296,2023-01-20,1000,West,electronics,54.53,6,0,COD,delivered,327.18
101297,2023-09-18,1463,north,,406.23,7,0,credit card,In Transit,2843.61
101298,2023-10-20,1229,West,Electronics,707.12,2,10,UPI,In Transit,1272.816
101299,2023-09-13,1171,,Clothng,119.52,3,0,credit card,Delivered,358.56
101300,2023-08-10,1086,north,Clothing,1060.33,4,105,COD,Returned,-212.06600000000017
101301,2023-08-14,1552,north,Clothng,593.53,6,20,credit card,Delivered,2848.944
101302,2023-02-22,1122,East,electronics,412.64,3,10,COD,Returned,1114.1280000000002
101303,2023-12-21,1297,SOUTH,Clothng,10.05,0,20,credit card,Delivered,0.0
101304,2023-12-08,1574,North,Electronics,1081.15,5,20,Credit Card,In Transit,4324.6
101305,2023-12-30,1483,north,Electronics,1251.54,4,0,Debit Card,delivered,5006.16
101306,2023-10-07,1164,,Home,595.59,0,20,COD,Cancelled,0.0
101307,2023-03-22,1382,SOUTH,Clothng,848.51,6,0,COD,Delivered,5091.0599999999995
101308,2023-07-21,1208,South,Clothing,345.39,5,5,Debit Card,Delivered,1640.6024999999997
101309,2023-06-07,1431,West,,935.19,5,10,,Cancelled,4208.3550000000005
101310,2023-04-30,1388,,,23.15,6,15,,Delivered,118.06499999999998
101311,2023-02-28,1559,South,electronics,735.52,0,0,UPI,delivered,0.0
101312,2023-08-03,1223,,Home,968.09,3,0,COD,Cancelled,2904.27
101313,2023-05-08,1002,West,Clothng,1377.7,2,10,Credit Card,Cancelled,2479.86
101314,2023-08-12,1371,East,Clothing,575.1,4,0,credit card,delivered,2300.4
101315,2023-07-28,1445,,Home,1148.96,7,15,Credit Card,delivered,6836.312
101316,2023-04-25,1115,north,Electronics,898.54,6,10,COD,Cancelled,4852.116
101317,2023-07-28,1269,North,electronics,1390.88,6,0,UPI,delivered,8345.28
101318,2023-01-14,1446,north,Clothng,600.57,5,0,COD,delivered,3002.8500000000004
101319,2023-01-09,1367,West,,482.05,1,10,UPI,delivered,433.845
101320,2023-02-09,1252,,Clothing,1331.28,5,5,Debit Card,Cancelled,6323.579999999999
101321,2023-08-25,1316,North,Electronics,78.62,7,0,credit card,Delivered,932.5331750951055
101322,2023-10-08,1414,north,Home,208.9,2,0,Credit Card,Returned,417.8
101323,2023-12-25,1094,North,electronics,128.19,5,0,UPI,Cancelled,640.95
101324,2023-07-20,1023,West,Home,1265.45,1,0,Credit Card,Returned,1265.45
101325,2023-09-03,1049,East,,20.86,6,5,Debit Card,delivered,118.90199999999999
101326,2023-10-05,1501,East,Home,1293.18,3,15,COD,delivered,3297.609
101327,2023-08-23,1497,,Clothing,679.65,5,10,UPI,Delivered,3058.425
101328,2023-01-04,1334,north,Electronics,11.02,4,20,credit card,delivered,35.264
101329,2023-06-03,1078,South,Clothng,605.46,3,0,UPI,Returned,1816.38
101330,2023-01-29,1581,West,Clothing,284.27,1,5,,Cancelled,270.05649999999997
101331,2023-04-19,1026,north,,938.48,0,10,COD,Cancelled,0.0
101332,2023-04-08,1270,north,electronics,1020.64,5,10,COD,Delivered,4592.88
101333,2023-08-03,1561,East,,733.85,7,10,credit card,Returned,4623.255
101334,2023-10-20,1246,,,65.58,6,15,credit card,delivered,334.458
101335,2023-03-16,1590,North,Home,985.91,6,10,Debit Card,In Transit,5323.914
101336,2023-11-22,1386,West,electronics,1263.85,3,0,Credit Card,Delivered,3791.5499999999997
101337,2023-05-26,1558,North,Clothing,1081.88,5,10,UPI,Delivered,4868.460000000001
101338,2023-05-08,1360,SOUTH,,1245.79,7,15,Debit Card,In Transit,7412.450499999999
101339,2023-12-07,1487,SOUTH,Clothing,304.76,4,105,Credit Card,Cancelled,-60.952000000000055
101340,2023-02-11,1351,West,Clothng,1333.89,5,10,Debit Card,Cancelled,6002.505000000001
101341,2023-12-22,1255,,Home,486.68,3,10,,Cancelled,1314.036
101342,2023-02-10,1221,South,Clothing,25.04,2,5,credit card,In Transit,47.57599999999999
101343,2023-02-03,1000,SOUTH,electronics,1265.87,3,20,credit card,delivered,3038.0879999999997
101344,2023-01-17,1545,East,,1413.02,1,105,COD,delivered,-70.65100000000007
101345,2023-06-14,1445,South,Clothng,985.06,3,15,UPI,Returned,2511.903
101346,2023-06-02,1078,north,electronics,351.0,6,10,UPI,Returned,1895.4
101347,2023-03-17,1235,SOUTH,Home,381.36,4,0,UPI,Cancelled,1525.44
101348,2023-03-28,1333,East,Clothng,702.56,3,15,Debit Card,In Transit,1791.5279999999998
101349,2023-04-27,1348,north,Clothng,1347.26,3,15,Debit Card,Delivered,1858.271891395986
101350,2023-12-28,1097,South,Clothng,228.65,4,15,UPI,delivered,777.41
101351,2023-12-08,1081,West,,1239.83,3,0,COD,In Transit,3719.49
101352,2023-01-27,1501,north,Electronics,440.5,6,10,Credit Card,Returned,2378.7000000000003
101353,2023-11-09,1476,North,Clothng,1213.84,4,0,,delivered,4855.36
101354,2023-10-14,1549,West,electronics,1380.81,6,15,Debit Card,delivered,7042.131
101355,2023-05-14,1013,West,electronics,644.1,6,0,UPI,In Transit,3864.6000000000004
101356,2023-08-07,1391,South,Home,550.75,6,10,credit card,Returned,2974.05
101357,2023-06-17,1346,South,Clothing,1204.32,1,0,Debit Card,In Transit,1204.32
101358,2023-04-08,1309,East,Clothing,796.58,4,0,Credit Card,Delivered,3186.32
101359,2023-09-25,1385,East,Electronics,1028.25,1,10,Debit Card,delivered,925.4250000000001
101360,2023-08-25,1208,North,,936.13,1,0,Credit Card,In Transit,936.13
101361,2023-11-05,1356,West,,233.57,7,10,Credit Card,In Transit,1471.491
101362,2023-06-22,1567,,Clothng,1267.96,4,-5,Debit Card,Delivered,8431.973085788322
101363,2023-07-09,1093,North,Electronics,297.68,3,105,Credit Card,In Transit,-44.65200000000004
101364,2023-05-02,1092,North,Home,1398.76,5,0,Debit Card,delivered,6993.8
101365,2023-02-15,1339,,Home,379.6,7,20,Debit Card,Cancelled,2125.76
101366,2023-03-05,1596,,Clothing,1102.15,2,0,COD,Cancelled,2204.3
101367,2023-05-10,1444,,Home,430.56,5,-5,credit card,Returned,2260.4400000000005
101368,2023-11-06,1021,South,Clothng,480.09,6,15,,Delivered,2448.459
101369,2023-12-29,1290,North,electronics,468.45,4,0,Credit Card,Returned,1873.8
101370,2023-07-12,1484,North,Home,1123.1,3,5,Debit Card,Cancelled,3200.8349999999996
101371,2023-11-03,1305,north,Electronics,837.44,1,0,Credit Card,Delivered,837.44
101372,2023-06-30,1127,,Clothng,1325.01,0,15,Debit Card,In Transit,0.0
101373,2023-10-19,1272,,Home,464.52,2,5,,In Transit,882.588
101374,2023-10-09,1441,East,,1039.53,7,10,Debit Card,delivered,6549.039
101375,2023-01-29,1502,East,Home,1130.66,7,10,Debit Card,Cancelled,7123.158000000001
101376,2023-05-29,1129,West,,231.47,5,105,credit card,In Transit,-57.86750000000005
101377,2023-09-24,1131,East,Clothng,603.88,7,-5,Credit Card,Delivered,4438.518
101378,2023-10-23,1596,SOUTH,Home,726.81,3,5,credit card,In Transit,1669.100952015852
101379,2023-01-11,1481,West,,536.75,6,15,credit card,Returned,2737.4249999999997
101380,2023-06-13,1389,,electronics,486.56,2,20,credit card,Returned,778.4960000000001
101381,2023-04-23,1592,north,Clothing,1031.2,6,20,credit card,Returned,4949.760000000001
101382,2023-07-06,1324,East,Clothng,327.72,0,0,COD,Returned,0.0
101383,2023-10-22,1068,north,,1065.54,0,0,Credit Card,Returned,0.0
101384,2023-08-20,1447,East,Electronics,1402.89,7,0,Credit Card,delivered,9820.230000000001
101385,2023-08-15,1527,East,Home,849.97,0,5,Debit Card,Returned,0.0
101386,2023-11-06,1164,north,,919.09,5,0,Credit Card,delivered,4595.45
101387,2023-04-08,1487,North,,108.05,6,5,,delivered,615.8849999999999
101388,2023-02-24,1425,North,,1297.39,4,10,credit card,In Transit,4670.604
101389,2023-04-21,1264,North,Clothing,431.74,7,5,UPI,Delivered,2871.0710000000004
101390,2023-06-01,1341,SOUTH,Electronics,924.5,2,10,Credit Card,Returned,1664.1000000000001
101391,2023-09-03,1277,North,Electronics,1468.77,4,0,UPI,Delivered,5875.08
101392,2023-03-10,1438,East,electronics,895.28,6,20,,Cancelled,4297.344
101393,2023-11-08,1156,,Clothing,1088.44,0,-5,COD,delivered,0.0
101394,2023-10-16,1421,South,,670.75,3,10,Debit Card,Cancelled,1811.025
101395,2023-09-07,1250,north,Clothng,95.25,0,20,Debit Card,delivered,0.0
101396,2023-02-05,1529,,Clothing,1197.41,4,0,Debit Card,Returned,4789.64
101397,2023-08-27,1326,South,Clothing,57.32,0,15,COD,Cancelled,0.0
101398,2023-05-28,1096,,Electronics,1052.48,6,0,credit card,In Transit,6314.88
101399,2023-08-15,1512,SOUTH,electronics,39.27,0,5,UPI,Cancelled,0.0
101400,2023-09-01,1215,South,electronics,1294.15,4,0,Credit Card,delivered,5176.6
101401,2023-12-03,1131,West,Clothing,240.67,4,10,credit card,delivered,1082.7795292879016
101402,2023-12-31,1259,North,Clothing,773.84,6,0,Debit Card,Delivered,4643.04
101403,2023-07-20,1124,SOUTH,Home,897.74,7,10,Debit Card,Cancelled,5655.762000000001
101404,2023-06-03,1081,,,689.03,7,0,credit card,In Transit,4823.21
101405,2023-03-14,1282,East,Electronics,514.44,3,20,UPI,Returned,1234.6560000000002
101406,2023-07-20,1058,North,,704.38,4,10,credit card,Delivered,2535.768
101407,2023-10-23,1543,North,Clothng,470.57,6,0,COD,Cancelled,2823.42
101408,2023-01-17,1160,South,Clothng,659.99,7,0,Debit Card,Delivered,4619.93
101409,2023-05-09,1283,West,electronics,541.57,7,20,UPI,Cancelled,3032.7920000000004
101410,2023-08-05,1105,North,Electronics,851.48,3,0,Credit Card,Returned,2554.44
101411,2023-03-02,1104,,,360.7,1,5,Debit Card,Returned,342.66499999999996
101412,2023-04-14,1438,,electronics,1483.04,6,10,credit card,In Transit,8008.416
101413,2023-02-11,1227,north,Clothng,753.8,1,0,UPI,Delivered,753.8
101414,2023-01-25,1581,north,Clothing,295.27,4,0,Debit Card,In Transit,1181.08
101415,2023-02-08,1317,North,Electronics,718.21,7,5,Credit Card,Cancelled,4776.0965
101416,2023-10-18,1463,South,Electronics,1300.29,0,0,Credit Card,Returned,0.0
101417,2023-05-11,1598,South,,37.6,2,0,,Returned,75.2
101418,2023-08-17,1471,East,Home,1020.93,0,0,credit card,delivered,0.0
101419,2023-04-18,1055,SOUTH,,824.21,4,0,COD,delivered,3296.84
101420,2023-06-21,1012,SOUTH,Clothing,258.49,3,0,credit card,In Transit,775.47
101421,2023-04-12,1439,SOUTH,Clothing,1227.13,6,105,UPI,Delivered,-368.13900000000035
101422,2023-12-20,1017,West,electronics,556.48,0,10,credit card,Cancelled,0.0
101423,2023-01-12,1112,South,Electronics,444.23,1,15,UPI,In Transit,377.5955
101424,2023-10-02,1228,East,electronics,1243.05,7,0,,Returned,8701.35
101425,2023-04-11,1170,north,Clothing,959.59,5,0,,Returned,4797.95
101426,2023-02-13,1294,,Home,1347.9,7,20,,Returned,7548.240000000002
101427,2023-11-01,1188,SOUTH,Electronics,946.68,4,10,COD,Cancelled,3408.048
101428,2023-01-17,1425,north,Clothing,1112.52,7,0,,In Transit,7787.639999999999
101429,2023-11-26,1078,north,Home,1255.49,0,5,credit card,Cancelled,0.0
101430,2023-02-26,1181,North,,86.84,5,5,Credit Card,Returned,412.49
101431,2023-11-07,1498,West,Clothng,1165.19,0,20,UPI,delivered,0.0
101432,2023-10-30,1070,East,Clothing,922.49,3,0,UPI,In Transit,2767.4700000000003
101433,2023-01-12,1247,West,Clothng,108.91,3,10,Credit Card,delivered,294.057
101434,2023-11-14,1145,North,electronics,765.32,3,15,credit card,In Transit,1951.566
101435,2023-03-21,1295,East,Clothng,128.27,5,105,COD,Returned,-32.06750000000003
101436,2023-08-04,1581,East,Clothing,1105.24,2,20,Debit Card,delivered,1768.384
101437,2023-12-05,1469,South,Clothng,822.02,5,0,credit card,delivered,4110.1
101438,2023-09-21,1505,West,Electronics,1430.59,4,15,,In Transit,4864.005999999999
101439,2023-05-29,1192,West,Clothing,278.79,4,15,credit card,delivered,947.8860000000001
101440,2023-03-22,1067,South,Home,911.02,1,15,UPI,delivered,774.367
101441,2023-08-03,1493,north,Clothng,321.32,1,20,UPI,Returned,257.056
101442,2023-07-17,1051,North,Electronics,923.03,4,-5,COD,In Transit,3876.726
101443,2023-07-19,1362,West,electronics,1085.36,0,0,,In Transit,0.0
101444,2023-01-25,1473,South,electronics,1084.84,4,0,COD,Delivered,4339.36
101445,2023-03-30,1520,,Clothng,1223.54,6,15,COD,In Transit,6240.054
101446,2023-09-25,1430,East,electronics,1281.06,2,0,Credit Card,Returned,2562.12
101447,2023-05-23,1297,SOUTH,Home,120.52,1,0,Debit Card,delivered,120.52
101448,2023-02-28,1434,,Clothing,518.18,1,5,Debit Card,Delivered,492.2709999999999
101449,2023-12-31,1197,South,Electronics,1032.25,6,20,,delivered,4954.8
101450,2023-01-26,1127,SOUTH,,750.39,7,0,COD,In Transit,5252.73
101451,2023-02-16,1531,north,Clothng,290.06,6,10,UPI,Cancelled,1566.324
101452,2023-10-15,1410,North,electronics,831.3,5,0,Debit Card,delivered,4156.5
101453,2023-09-23,1064,SOUTH,Clothing,614.12,6,0,credit card,In Transit,3684.7200000000003
101454,2023-01-16,1240,north,,588.11,7,0,Credit Card,Returned,4116.77
101455,2023-07-18,1368,SOUTH,Home,1215.58,1,0,UPI,In Transit,1215.58
101456,2023-10-09,1535,East,electronics,614.36,4,20,Credit Card,Delivered,1965.9520000000002
101457,2023-03-27,1383,East,electronics,44.55,1,20,credit card,Cancelled,35.64
101458,2023-09-07,1430,East,Electronics,91.8,6,15,Debit Card,Cancelled,468.17999999999995
101459,2023-09-27,1082,East,Home,1285.08,6,0,Credit Card,Cancelled,7710.48
101460,2023-12-01,1573,South,Home,1441.1,7,5,,Returned,9583.314999999999
101461,2023-04-27,1285,East,Clothng,1034.17,6,0,Credit Card,Cancelled,6205.02
101462,2023-01-07,1533,,,549.73,7,0,Credit Card,delivered,3848.11
101463,2023-05-17,1458,East,Electronics,1408.21,1,5,credit card,Returned,1337.7995
101464,2023-06-25,1211,,Clothng,995.89,6,15,UPI,In Transit,5079.039
101465,2023-11-24,1125,South,Electronics,1267.28,5,0,UPI,Delivered,6336.4
101466,2023-11-11,1412,East,Home,1149.95,4,0,credit card,Returned,4599.8
101467,2023-08-03,1498,north,Electronics,571.81,0,-5,Credit Card,Delivered,0.0
101468,2023-03-23,1424,north,Electronics,720.66,7,5,Credit Card,Returned,4792.389
101469,2023-08-11,1553,West,Electronics,283.27,6,-5,COD,In Transit,1784.6009999999999
101470,2023-04-13,1542,north,Clothing,441.56,1,105,,Delivered,-22.07800000000002
101471,2023-09-30,1157,North,Clothing,1168.3,1,5,Debit Card,Returned,1109.885
101472,2023-01-14,1111,North,,1341.5,6,0,Debit Card,Delivered,13341.149458598133
101473,2023-06-08,1401,North,,1088.07,1,15,UPI,Cancelled,1440.7670706823974
101474,2023-06-01,1121,South,Home,700.43,6,0,credit card,Cancelled,4202.58
101475,2023-04-18,1272,north,Electronics,134.33,2,0,Credit Card,Cancelled,268.66
101476,2023-07-07,1293,,Home,90.14,4,15,,delivered,245.86577742199822
101477,2023-10-28,1397,North,Clothing,564.62,6,5,Debit Card,Cancelled,3218.3340000000003
101478,2023-04-08,1470,West,Electronics,698.41,1,0,credit card,Cancelled,698.41
101479,2023-05-11,1206,South,Clothng,915.64,2,10,credit card,In Transit,1648.152
101480,2023-10-20,1109,West,Clothing,14.7,0,15,Credit Card,Delivered,0.0
101481,2023-06-20,1439,north,Clothing,1484.64,0,0,,Delivered,0.0
101482,2023-07-02,1277,East,Clothing,549.09,7,0,credit card,Cancelled,3843.63
101483,2023-12-30,1567,West,Electronics,1272.9,5,0,Debit Card,Delivered,6364.5
101484,2023-02-08,1568,East,,804.78,6,0,COD,Returned,4828.68
101485,2023-01-15,1481,South,electronics,200.01,5,15,Debit Card,Cancelled,850.0424999999999
101486,2023-01-04,1113,West,Clothng,1197.36,5,15,,Cancelled,5088.779999999999
101487,2023-12-15,1476,West,Clothng,1066.19,2,10,COD,delivered,1919.142
101488,2023-07-29,1320,SOUTH,Home,793.52,0,0,credit card,Returned,0.0
101489,2023-06-10,1178,South,Electronics,774.26,5,0,Debit Card,Cancelled,3871.3
101490,2023-01-16,1218,South,,135.78,3,0,Credit Card,Cancelled,407.34000000000003
101491,2023-04-18,1527,North,Clothing,985.49,5,0,,Delivered,4927.45
101492,2023-11-07,1491,north,electronics,1367.31,0,0,credit card,Cancelled,0.0
101493,2023-08-15,1060,West,Electronics,144.4,7,5,Credit Card,Cancelled,960.26
101494,2023-06-19,1053,West,Electronics,398.95,3,0,COD,Cancelled,1196.85
101495,2023-02-03,1537,,,1353.95,7,15,UPI,Cancelled,8056.0025
101496,2023-09-08,1064,South,electronics,430.09,7,15,UPI,delivered,2559.0354999999995
101497,2023-09-04,1585,South,Clothing,982.65,2,10,COD,Returned,1768.77
101498,2023-09-26,1170,north,Electronics,804.55,6,0,UPI,delivered,4827.299999999999
101499,2023-05-21,1272,South,Clothng,896.51,6,20,,Delivered,4303.248
101500,2023-10-01,1534,East,Clothng,626.6,3,105,credit card,In Transit,-93.9900000000001
101501,2023-04-06,1390,East,electronics,453.49,0,0,credit card,Cancelled,0.0
101502,2023-08-15,1326,SOUTH,Clothing,77.56,1,15,,Delivered,65.926
101503,2023-02-08,1107,East,electronics,1117.7,3,20,Debit Card,In Transit,4245.368241666508
101504,2023-10-29,1161,East,Electronics,1120.41,0,5,credit card,Cancelled,0.0
101505,2023-01-29,1451,north,Clothng,1007.73,5,0,UPI,Cancelled,5038.65
101506,2023-11-14,1205,West,Home,967.23,7,5,,In Transit,6432.0795
101507,2023-09-02,1589,East,electronics,369.36,1,5,Credit Card,delivered,350.892
101508,2023-08-24,1015,SOUTH,Home,38.41,2,5,Debit Card,In Transit,72.97899999999998
101509,2023-07-04,1326,South,Home,1214.03,6,-5,Credit Card,In Transit,7648.389000000001
101510,2023-09-29,1001,East,,739.25,2,15,UPI,Returned,1256.725
101511,2023-08-24,1009,SOUTH,Clothng,463.72,4,0,Credit Card,Cancelled,1854.88
101512,2023-08-27,1433,north,electronics,157.39,2,10,UPI,Cancelled,283.30199999999996
101513,2023-09-23,1124,,Home,98.77,4,10,credit card,delivered,355.572
101514,2023-12-25,1080,,Electronics,526.56,2,0,Debit Card,delivered,1053.12
101515,2023-12-06,1484,,,1208.08,2,0,COD,Returned,2416.16
101516,2023-03-06,1149,South,Clothing,1378.49,2,-5,UPI,Returned,2894.829
101517,2023-06-26,1339,SOUTH,,1345.64,4,10,,Returned,4844.304
101518,2023-01-03,1128,East,Clothing,1380.4,5,0,,delivered,6902.0
101519,2023-05-22,1437,West,Clothng,1362.05,4,0,credit card,In Transit,5448.2
101520,2023-06-07,1500,South,electronics,793.2,7,5,,Cancelled,5274.780000000001
101521,2023-11-20,1057,South,electronics,333.03,3,5,Credit Card,Cancelled,949.1354999999999
101522,2023-05-26,1197,,Clothing,1198.08,0,0,credit card,Delivered,0.0
101523,2023-10-20,1210,West,Electronics,324.5,0,10,,delivered,0.0
101524,2023-06-02,1044,,Clothing,404.47,5,0,Credit Card,delivered,2022.3500000000001
101525,2023-07-12,1096,South,Clothing,353.72,0,0,Credit Card,Returned,0.0
101526,2023-03-14,1278,East,electronics,774.9,2,5,Credit Card,Delivered,1472.31
101527,2023-11-01,1534,,Home,486.13,5,0,,Delivered,2430.65
101528,2023-12-10,1409,,Electronics,235.46,0,20,Credit Card,delivered,0.0
101529,2023-05-20,1460,,electronics,682.49,4,0,Debit Card,Returned,2729.96
101530,2023-07-06,1390,South,,1311.49,3,10,,Cancelled,3541.023
101531,2023-10-20,1043,East,Clothing,857.98,1,0,Credit Card,Returned,857.98
101532,2023-03-02,1026,West,Home,1318.11,3,0,Debit Card,Cancelled,3954.33
101533,2023-07-17,1096,North,Electronics,297.83,0,15,COD,delivered,0.0
101534,2023-10-22,1547,West,Clothng,254.63,5,5,Debit Card,Returned,1209.4925
101535,2023-11-15,1566,East,Electronics,865.49,6,15,,Delivered,4413.999000000001
101536,2023-10-29,1218,north,Electronics,697.68,0,5,,In Transit,0.0
101537,2023-12-10,1184,,Clothing,991.96,4,10,Credit Card,Delivered,3571.056
101538,2023-01-11,1068,West,Clothing,1192.97,3,15,,Cancelled,3042.0735
101539,2023-03-03,1129,north,Clothng,1128.2,6,10,COD,delivered,6092.280000000001
101540,2023-11-29,1566,north,Clothng,1413.68,4,10,credit card,Returned,5089.2480000000005
101541,2023-08-14,1598,East,Clothng,600.39,7,15,Debit Card,delivered,3572.3204999999994
101542,2023-06-02,1333,East,electronics,313.55,7,-5,credit card,delivered,2304.5925
101543,2023-07-18,1153,,electronics,828.61,4,0,COD,Cancelled,3314.44
101544,2023-02-21,1546,North,Clothing,170.56,1,10,Debit Card,delivered,153.50400000000002
101545,2023-09-17,1078,SOUTH,Clothing,436.83,4,0,Credit Card,Returned,1747.32
101546,2023-02-28,1578,South,Clothng,315.79,6,0,Debit Card,Delivered,1894.7400000000002
101547,2023-03-13,1412,West,electronics,597.86,4,5,Credit Card,delivered,2271.868
101548,2023-05-28,1545,East,Home,171.27,1,20,UPI,Returned,54.64163742746444
101549,2023-12-15,1168,West,electronics,52.6,7,5,Debit Card,Returned,349.78999999999996
101550,2023-03-04,1582,SOUTH,Clothing,986.91,2,15,Debit Card,Cancelled,1677.7469999999998
101551,2023-11-06,1514,SOUTH,electronics,917.32,6,0,credit card,delivered,5503.92
101552,2023-08-31,1313,,Clothing,1064.0,2,5,credit card,Cancelled,2021.6
101553,2023-11-26,1031,north,Clothng,992.28,6,-5,COD,Delivered,6251.3640000000005
101554,2023-04-17,1286,,Clothng,175.87,5,0,Credit Card,Delivered,879.35
101555,2023-08-14,1593,South,Clothng,440.16,1,0,,Returned,621.2760305201714
101556,2023-11-09,1042,North,Home,198.64,5,5,credit card,delivered,943.5399999999998
101557,2023-08-06,1000,West,Home,1265.24,5,15,COD,Returned,5377.2699999999995
101558,2023-08-29,1572,South,Clothing,1121.62,7,5,Credit Card,delivered,7458.772999999999
101559,2023-09-16,1269,North,Electronics,306.28,4,5,Credit Card,Cancelled,1163.8639999999998
101560,2023-09-19,1179,West,,515.26,5,10,Credit Card,Delivered,2318.67
101561,2023-01-05,1517,South,Home,1450.09,0,0,UPI,Delivered,0.0
101562,2023-09-18,1102,East,Clothing,893.27,6,15,Credit Card,Cancelled,4555.677
101563,2023-02-23,1009,West,electronics,1202.73,7,0,COD,In Transit,8419.11
101564,2023-02-16,1582,South,Clothng,400.56,3,0,Credit Card,In Transit,1201.68
101565,2023-08-03,1089,SOUTH,Clothng,319.03,0,10,,In Transit,0.0
101566,2023-06-26,1225,North,Clothng,1176.96,0,20,,delivered,0.0
101567,2023-01-09,1125,South,Clothing,1030.38,4,15,Credit Card,Cancelled,3503.2920000000004
101568,2023-04-09,1208,East,Clothng,1023.06,3,15,COD,delivered,2608.803
101569,2023-01-20,1096,,Home,831.19,5,0,Debit Card,delivered,4155.950000000001
101570,2023-08-29,1073,West,electronics,847.55,3,0,Credit Card,Cancelled,2542.6499999999996
101571,2023-03-02,1190,West,Clothng,1104.87,5,0,COD,delivered,5524.349999999999
101572,2023-06-27,1055,West,Clothing,408.65,2,20,credit card,Cancelled,202.01170793404506
101573,2023-12-04,1552,East,electronics,532.39,1,20,COD,In Transit,425.91200000000003
101574,2023-03-03,1031,North,Clothng,1308.1,4,105,UPI,In Transit,-261.62000000000023
101575,2023-05-25,1526,West,Electronics,466.75,5,0,credit card,delivered,2333.75
101576,2023-08-04,1573,North,Clothng,821.73,5,5,,Delivered,3903.2174999999993
101577,2023-01-03,1283,South,,1055.45,3,10,,Cancelled,2849.7150000000006
101578,2023-06-09,1493,SOUTH,Home,1499.89,4,15,Debit Card,Returned,5099.626
101579,2023-08-15,1186,SOUTH,electronics,655.76,6,10,Debit Card,Returned,3541.104
101580,2023-09-26,1497,North,Home,645.0,5,15,COD,delivered,2741.25
101581,2023-04-30,1441,North,Electronics,1264.67,2,0,COD,Delivered,2529.34
101582,2023-03-30,1129,SOUTH,Electronics,1209.23,0,0,Credit Card,Cancelled,0.0
101583,2023-11-25,1291,West,,1097.96,5,0,Credit Card,In Transit,5489.8
101584,2023-03-09,1113,north,Home,697.53,3,0,,delivered,2092.59
101585,2023-12-23,1198,north,electronics,489.29,6,0,UPI,Cancelled,2935.7400000000002
101586,2023-04-08,1012,East,Electronics,915.05,7,0,Credit Card,Cancelled,6405.349999999999
101587,2023-09-24,1270,,Electronics,1314.95,2,0,,Cancelled,2629.9
101588,2023-04-15,1214,SOUTH,Clothng,1326.25,4,10,COD,Delivered,4774.5
101589,2023-11-19,1443,SOUTH,,167.21,5,20,COD,Cancelled,668.8400000000001
101590,2023-05-03,1511,East,Clothing,645.38,2,20,Credit Card,Delivered,1032.608
101591,2023-01-29,1446,north,Electronics,699.76,7,0,UPI,Delivered,4898.32
101592,2023-05-17,1073,South,electronics,1466.53,2,0,,Cancelled,2933.06
101593,2023-07-14,1536,West,electronics,1018.61,6,0,COD,In Transit,6111.66
101594,2023-08-14,1100,West,Clothng,613.83,2,105,,Cancelled,-61.38300000000006
101595,2023-11-28,1175,South,electronics,43.96,2,5,UPI,In Transit,83.524
101596,2023-06-19,1426,South,Clothng,850.25,6,0,COD,delivered,5101.5
101597,2023-01-09,1116,north,Electronics,148.63,6,20,,Returned,560.5354230587051
101598,2023-02-09,1165,East,Electronics,1252.5,7,0,UPI,delivered,8767.5
101599,2023-01-25,1040,South,Electronics,1130.02,6,20,UPI,Delivered,5424.0960000000005
101600,2023-09-18,1428,East,Electronics,693.46,2,0,UPI,delivered,1386.92
101601,2023-08-14,1343,,Clothing,646.67,2,0,Credit Card,Returned,789.2906409149914
101602,2023-05-04,1423,North,,1346.52,1,5,Debit Card,Returned,1279.194
101603,2023-02-07,1365,West,,436.25,4,20,,In Transit,1396.0
101604,2023-11-24,1119,north,Clothing,377.28,0,20,UPI,delivered,0.0
101605,2023-09-08,1228,West,Electronics,1409.1,4,10,,Delivered,5072.76
101606,2023-06-25,1129,north,electronics,1214.82,3,0,UPI,Delivered,3644.46
101607,2023-03-31,1351,North,Clothng,1231.84,3,5,,In Transit,3510.7439999999992
101608,2023-02-06,1317,West,,296.81,7,105,COD,In Transit,-103.8835000000001
101609,2023-11-12,1336,North,Home,219.23,6,10,,delivered,1183.8419999999999
101610,2023-06-25,1272,north,Clothng,43.91,4,15,Debit Card,In Transit,149.29399999999998
101611,2023-10-11,1116,South,Home,359.38,2,5,COD,Returned,682.822
101612,2023-03-22,1367,,Home,1162.41,1,5,COD,Delivered,1104.2895
101613,2023-04-24,1093,West,Electronics,363.86,0,5,UPI,Returned,0.0
101614,2023-02-09,1167,North,Home,1095.01,5,15,credit card,Cancelled,4653.7925000000005
101615,2023-10-28,1340,SOUTH,Electronics,381.6,5,20,Debit Card,Returned,1526.4
101616,2023-08-12,1151,West,Clothing,595.96,2,5,COD,Delivered,1132.324
101617,2023-11-14,1585,West,electronics,1474.83,4,5,credit card,Cancelled,5604.353999999999
101618,2023-12-15,1273,West,Home,370.99,5,0,credit card,delivered,1854.95
101619,2023-04-25,1553,East,electronics,567.67,4,0,COD,Cancelled,2270.68
101620,2023-07-05,1495,North,Electronics,455.13,1,-5,UPI,In Transit,477.8865
101621,2023-11-19,1100,North,Home,168.89,1,0,Credit Card,Delivered,168.89
101622,2023-02-25,1556,West,Clothng,737.39,6,20,COD,In Transit,3539.472
101623,2023-02-09,1081,South,Clothing,571.14,4,15,UPI,Returned,1941.876
101624,2023-12-20,1528,West,,1043.86,6,15,Debit Card,delivered,5323.686
101625,2023-02-09,1072,East,Clothing,1227.3,2,-5,UPI,Delivered,2577.33
101626,2023-12-13,1013,north,Home,818.65,6,10,credit card,delivered,4420.71
101627,2023-08-25,1432,East,Clothing,53.13,2,20,Debit Card,Delivered,85.00800000000001
101628,2023-10-16,1156,South,,930.29,2,0,Debit Card,In Transit,1860.58
101629,2023-09-19,1131,West,Clothng,87.81,5,10,Credit Card,Returned,395.14500000000004
101630,2023-08-04,1337,North,electronics,926.45,0,15,Credit Card,Cancelled,0.0
101631,2023-05-27,1403,,Clothng,1029.12,0,0,COD,delivered,0.0
101632,2023-12-02,1375,SOUTH,Clothing,300.66,2,15,UPI,Delivered,511.122
101633,2023-06-17,1558,West,,1229.92,4,15,COD,Delivered,4181.728
101634,2023-04-02,1106,South,electronics,1367.07,1,20,Credit Card,delivered,1093.656
101635,2023-12-19,1264,North,,1220.57,6,0,credit card,Cancelled,7323.42
101636,2023-02-28,1204,East,Clothng,461.14,7,10,Credit Card,Returned,2905.1820000000002
101637,2023-02-28,1078,north,Electronics,882.03,3,0,UPI,Delivered,2646.09
101638,2023-10-31,1154,north,Electronics,1372.65,1,15,credit card,Delivered,1166.7525
101639,2023-06-18,1246,,electronics,484.39,1,5,COD,delivered,460.17049999999995
101640,2023-09-26,1530,West,electronics,1230.94,3,10,COD,delivered,3323.538
101641,2023-12-29,1537,East,electronics,19.17,2,5,Credit Card,Delivered,36.423
101642,2023-02-14,1153,,Electronics,10.45,1,0,Credit Card,Delivered,10.45
101643,2023-12-11,1153,SOUTH,Clothng,1140.77,3,0,,Delivered,3422.31
101644,2023-06-30,1091,SOUTH,electronics,1143.36,6,0,COD,In Transit,6860.16
101645,2023-06-19,1432,,Electronics,1184.52,5,10,COD,Delivered,5330.34
101646,2023-12-22,1337,South,electronics,1395.39,4,20,Debit Card,Returned,4465.2480000000005
101647,2023-07-10,1479,north,electronics,181.27,4,0,UPI,Returned,725.08
101648,2023-06-04,1130,East,,351.82,4,0,Debit Card,Cancelled,1407.28
101649,2023-07-07,1449,West,electronics,1356.07,2,5,Debit Card,delivered,2576.533
101650,2023-01-07,1272,North,Electronics,269.97,1,15,COD,Cancelled,229.4745
101651,2023-05-13,1587,West,Clothng,1024.93,7,0,,Delivered,7174.51
101652,2023-08-23,1176,West,Electronics,798.04,1,0,UPI,delivered,798.04
101653,2023-02-14,1048,East,Electronics,129.37,0,0,COD,Delivered,0.0
101654,2023-11-10,1566,north,electronics,431.47,4,0,Debit Card,delivered,1725.88
101655,2023-09-06,1354,East,,782.96,2,0,Debit Card,In Transit,1565.92
101656,2023-01-31,1307,North,Home,1279.26,3,0,COD,In Transit,3837.7799999999997
101657,2023-01-23,1045,,Home,1062.77,2,15,Credit Card,In Transit,1806.7089999999998
101658,2023-06-09,1301,East,Home,934.72,7,10,Credit Card,Cancelled,5888.736
101659,2023-12-29,1407,South,Electronics,746.57,1,0,COD,delivered,746.57
101660,2023-06-07,1188,West,electronics,451.53,6,10,credit card,Cancelled,2438.2619999999997
101661,2023-02-08,1128,north,Home,183.27,6,5,credit card,delivered,1044.6390000000001
101662,2023-03-23,1560,SOUTH,Clothing,616.57,6,-5,Credit Card,Delivered,3884.391
101663,2023-12-22,1536,North,Clothing,47.64,4,0,UPI,In Transit,190.56
101664,2023-09-15,1265,SOUTH,Clothing,320.53,0,15,,In Transit,0.0
101665,2023-07-25,1117,West,Clothng,651.56,7,15,Debit Card,delivered,3876.782
101666,2023-03-18,1463,East,electronics,630.81,5,0,UPI,Cancelled,3154.0499999999997
101667,2023-01-12,1143,SOUTH,Electronics,71.22,2,-5,Credit Card,Cancelled,149.562
101668,2023-10-22,1441,South,Electronics,885.64,0,5,COD,Returned,0.0
101669,2023-08-12,1199,East,electronics,826.78,6,10,credit card,In Transit,4464.612
101670,2023-01-13,1156,West,,121.77,7,0,Credit Card,In Transit,852.39
101671,2023-02-15,1486,SOUTH,,1415.03,7,0,UPI,Cancelled,9905.21
101672,2023-06-04,1133,,Clothng,153.58,1,10,UPI,In Transit,138.222
101673,2023-04-23,1147,North,electronics,1282.98,3,0,,Cancelled,3848.94
101674,2023-08-21,1335,SOUTH,,5.46,2,5,Credit Card,Returned,10.373999999999999
101675,2023-01-17,1070,,Clothng,1324.01,5,0,Debit Card,delivered,6620.05
101676,2023-12-26,1232,,Home,34.48,1,10,UPI,delivered,31.031999999999996
101677,2023-08-11,1333,SOUTH,Home,1137.93,4,5,Debit Card,Returned,4324.134
101678,2023-12-20,1089,north,Clothng,545.73,2,0,Debit Card,In Transit,1091.46
101679,2023-07-07,1333,SOUTH,electronics,1108.63,7,10,COD,Delivered,6984.369000000001
101680,2023-12-10,1198,West,Home,605.61,0,5,Credit Card,In Transit,0.0
101681,2023-12-31,1160,,electronics,111.01,6,0,Credit Card,Cancelled,666.0600000000001
101682,2023-06-12,1537,North,,1152.42,2,0,Debit Card,Delivered,2304.84
101683,2023-11-22,1120,West,Home,111.52,1,0,COD,Returned,111.52
101684,2023-03-15,1300,South,,1383.57,1,0,UPI,delivered,1383.57
101685,2023-08-21,1574,East,electronics,81.21,6,-5,UPI,delivered,511.623
101686,2023-08-12,1435,SOUTH,electronics,721.59,0,5,Credit Card,In Transit,0.0
101687,2023-11-15,1067,north,Clothing,1085.94,5,0,Debit Card,delivered,5429.700000000001
101688,2023-03-01,1458,North,Clothng,592.9,1,0,COD,In Transit,592.9
101689,2023-12-01,1513,north,Electronics,329.76,2,0,COD,Cancelled,659.52
101690,2023-08-10,1397,north,Clothng,1139.84,6,10,UPI,Cancelled,6155.1359999999995
101691,2023-02-06,1285,north,electronics,1177.52,5,0,UPI,Returned,5887.6
101692,2023-10-05,1560,SOUTH,electronics,1384.43,0,5,credit card,Cancelled,0.0
101693,2023-07-15,1139,North,Clothng,567.37,1,0,credit card,In Transit,567.37
101694,2023-12-18,1555,North,electronics,761.85,6,20,Debit Card,delivered,3656.8800000000006
101695,2023-08-30,1589,,,547.88,1,0,credit card,Cancelled,547.88
101696,2023-11-20,1281,north,Home,389.34,2,5,COD,Cancelled,739.7459999999999
101697,2023-08-07,1577,,electronics,1127.79,1,15,credit card,In Transit,958.6215
101698,2023-07-11,1456,,Clothng,512.78,6,5,Credit Card,Cancelled,2922.8459999999995
101699,2023-01-17,1086,East,Clothng,645.08,2,15,Credit Card,delivered,1096.636
101700,2023-01-12,1078,SOUTH,Clothng,608.49,4,10,,delivered,2190.5640000000003
101701,2023-07-12,1204,SOUTH,Clothing,1070.43,6,5,UPI,delivered,6101.451
101702,2023-01-22,1336,West,,1377.1,5,5,UPI,delivered,6541.224999999999
101703,2023-04-30,1253,,,1001.8,2,105,Debit Card,Delivered,-100.18000000000008
101704,2023-07-29,1303,SOUTH,Clothing,710.02,3,10,Credit Card,delivered,1917.054
101705,2023-11-02,1379,north,,1169.91,1,-5,,Delivered,1228.4055
101706,2023-09-27,1129,South,Clothing,963.25,4,0,Debit Card,delivered,3853.0
101707,2023-07-11,1595,north,,95.61,5,5,Debit Card,delivered,454.1475
101708,2023-06-24,1275,North,Clothing,148.02,0,-5,credit card,In Transit,0.0
101709,2023-10-12,1557,SOUTH,Clothing,61.69,3,0,UPI,delivered,185.07
101710,2023-07-23,1182,SOUTH,,687.94,0,105,Debit Card,Cancelled,-0.0
101711,2023-06-13,1267,West,Clothing,1239.65,6,0,Debit Card,delivered,7437.900000000001
101712,2023-09-08,1321,,,473.06,3,-5,UPI,Returned,1490.1390000000001
101713,2023-08-15,1511,South,Clothing,579.32,7,5,UPI,In Transit,3852.478
101714,2023-01-07,1077,SOUTH,Clothng,1364.67,4,0,Credit Card,In Transit,5458.68
101715,2023-01-29,1338,West,Electronics,1256.17,5,20,UPI,delivered,5024.68
101716,2023-02-02,1555,West,,999.25,4,0,credit card,Returned,3997.0
101717,2023-05-14,1508,South,Clothing,403.87,4,0,Credit Card,delivered,1615.48
101718,2023-03-20,1237,north,Clothng,179.98,3,0,,Cancelled,539.9399999999999
101719,2023-02-27,1133,north,Electronics,29.01,2,10,Debit Card,In Transit,52.218
101720,2023-01-26,1191,north,Clothing,164.98,5,105,credit card,In Transit,-41.24500000000003
101721,2023-08-14,1355,East,Electronics,442.43,0,0,credit card,Returned,0.0
101722,2023-10-12,1277,,,829.93,2,5,Credit Card,Delivered,1576.8669999999997
101723,2023-01-04,1017,,Electronics,100.68,2,0,Debit Card,Returned,201.36
101724,2023-04-09,1523,north,Home,208.66,1,15,Credit Card,Cancelled,177.361
101725,2023-02-08,1179,South,electronics,275.72,6,0,COD,Returned,1654.3200000000002
101726,2023-09-28,1122,East,Home,949.81,0,0,COD,Delivered,0.0
101727,2023-10-12,1245,,,925.61,3,0,Credit Card,Cancelled,2776.83
101728,2023-06-06,1372,north,,828.39,6,10,Debit Card,Cancelled,4473.3060000000005
101729,2023-03-16,1050,East,Electronics,379.5,7,20,Debit Card,Delivered,2125.2000000000003
101730,2023-10-15,1070,South,Clothng,559.82,1,5,UPI,delivered,531.8290000000001
101731,2023-05-10,1479,north,Clothing,149.55,1,0,credit card,Returned,149.55
101732,2023-06-24,1559,North,electronics,343.56,6,10,Credit Card,Cancelled,1855.2240000000002
101733,2023-03-25,1018,SOUTH,Clothing,1347.07,7,15,credit card,Returned,8015.0665
101734,2023-01-22,1083,South,Clothng,1469.64,4,0,credit card,Delivered,5878.56
101735,2023-01-27,1154,West,,973.25,3,0,COD,In Transit,2919.75
101736,2023-07-14,1564,West,electronics,1375.65,2,0,COD,Delivered,2751.3
101737,2023-12-03,1356,South,Home,965.9,7,15,,Returned,5747.105
101738,2023-08-24,1442,West,,54.63,7,10,Credit Card,Cancelled,344.16900000000004
101739,2023-04-02,1068,,,1495.16,5,5,,Returned,7102.01
101740,2023-01-21,1522,South,Electronics,152.93,2,0,Credit Card,In Transit,305.86
101741,2023-10-30,1142,North,Clothng,1025.55,7,0,Debit Card,Cancelled,7178.849999999999
101742,2023-12-23,1191,South,Electronics,382.99,2,105,Credit Card,In Transit,-38.299000000000035
101743,2023-03-25,1386,north,Electronics,591.01,4,0,Debit Card,delivered,2364.04
101744,2023-09-19,1377,north,Clothing,970.67,2,-5,Debit Card,Delivered,2038.407
101745,2023-05-27,1580,East,,657.55,0,10,Credit Card,delivered,0.0
101746,2023-09-14,1534,West,Clothng,379.57,2,0,Debit Card,Returned,759.14
101747,2023-02-27,1292,SOUTH,Electronics,505.0,2,5,credit card,delivered,959.5
101748,2023-01-15,1008,West,Home,515.61,7,-5,Debit Card,Delivered,3789.7335000000003
101749,2023-06-11,1270,,electronics,1439.19,7,5,credit card,Cancelled,9570.6135
101750,2023-06-12,1386,South,Clothng,1198.93,0,20,credit card,In Transit,0.0
101751,2023-11-16,1092,SOUTH,Clothing,690.53,4,0,credit card,Cancelled,2762.12
101752,2023-10-08,1528,SOUTH,Clothng,303.73,1,10,UPI,delivered,273.357
101753,2023-10-07,1153,West,,1217.47,3,20,,Returned,2921.928
101754,2023-01-12,1404,SOUTH,Clothing,239.99,4,-5,UPI,delivered,1007.9580000000001
101755,2023-10-01,1148,SOUTH,electronics,319.64,7,5,Debit Card,Delivered,2125.6059999999998
101756,2023-09-28,1266,north,Home,552.19,2,10,,Delivered,993.9420000000001
101757,2023-07-27,1421,North,Electronics,1321.12,1,0,,Returned,1321.12
101758,2023-01-27,1471,South,Clothng,202.02,3,0,,Cancelled,606.0600000000001
101759,2023-03-13,1546,West,Clothing,187.74,3,0,Credit Card,Delivered,563.22
101760,2023-03-01,1525,north,electronics,743.49,3,0,Debit Card,Delivered,2230.4700000000003
101761,2023-05-25,1502,,Electronics,418.23,7,0,UPI,Returned,2927.61
101762,2023-04-03,1013,,electronics,855.25,0,0,,Cancelled,0.0
101763,2023-11-05,1363,East,Home,680.2,0,105,,delivered,-0.0
101764,2023-01-08,1118,SOUTH,Electronics,655.26,1,10,COD,In Transit,589.734
101765,2023-03-20,1237,SOUTH,Electronics,172.4,2,5,,Returned,327.56
101766,2023-01-27,1545,West,Electronics,215.87,6,105,,Cancelled,-68.42092303310484
101767,2023-06-23,1168,North,Clothing,1232.51,1,0,COD,In Transit,1232.51
101768,2023-02-19,1521,North,Electronics,1329.39,2,5,Debit Card,Returned,2525.841
101769,2023-07-18,1515,West,electronics,355.85,4,10,UPI,delivered,1281.0600000000002
101770,2023-12-15,1396,West,Clothing,174.62,7,0,credit card,delivered,1222.3400000000001
101771,2023-06-30,1105,north,Electronics,84.86,6,15,UPI,Cancelled,432.78599999999994
101772,2023-01-24,1084,,electronics,914.4,3,0,Debit Card,Cancelled,2743.2
101773,2023-11-12,1213,West,electronics,1074.45,3,0,UPI,delivered,3223.3500000000004
101774,2023-02-15,1120,,Clothng,562.35,0,0,COD,delivered,0.0
101775,2023-01-15,1131,East,electronics,1021.12,7,-5,,Returned,7505.232000000001
101776,2023-06-02,1196,,,1070.87,6,10,,Cancelled,5782.697999999999
101777,2023-08-10,1018,north,Home,1403.34,4,10,credit card,In Transit,5052.023999999999
101778,2023-07-25,1011,SOUTH,Electronics,101.99,5,10,Debit Card,delivered,458.955
101779,2023-09-30,1080,SOUTH,Electronics,292.48,4,0,,In Transit,1169.92
101780,2023-08-24,1329,,Electronics,107.45,2,10,Debit Card,Cancelled,193.41
101781,2023-12-06,1391,SOUTH,electronics,1302.65,4,5,Credit Card,Cancelled,4950.07
101782,2023-08-16,1306,SOUTH,electronics,1189.92,6,0,credit card,Delivered,7139.52
101783,2023-01-09,1266,South,Electronics,864.09,6,10,Debit Card,delivered,4666.086
101784,2023-06-15,1446,East,,130.08,0,0,UPI,Cancelled,0.0
101785,2023-11-15,1440,north,Clothing,413.6,2,0,UPI,Cancelled,827.2
101786,2023-08-02,1001,north,Clothing,450.09,1,20,UPI,delivered,360.072
101787,2023-04-27,1519,SOUTH,Home,843.31,2,10,UPI,Delivered,1517.9579999999999
101788,2023-12-10,1308,North,Clothng,390.78,1,10,Debit Card,Delivered,351.702
101789,2023-03-13,1521,north,Home,114.07,5,5,COD,Delivered,541.8324999999999
101790,2023-03-05,1468,East,Electronics,1097.49,2,0,credit card,Delivered,2194.98
101791,2023-07-24,1211,West,Electronics,452.12,3,10,UPI,Returned,1220.7240000000002
101792,2023-07-28,1111,East,Electronics,681.3,5,15,Debit Card,delivered,2895.525
101793,2023-03-13,1007,SOUTH,Clothng,195.86,1,5,,delivered,186.067
101794,2023-10-04,1476,SOUTH,electronics,1204.81,0,105,,delivered,-0.0
101795,2023-10-01,1459,South,Clothng,850.47,5,105,Debit Card,Delivered,-212.6175000000002
101796,2023-11-16,1252,,Home,1352.87,5,5,UPI,Delivered,6426.132499999999
101797,2023-12-04,1525,north,electronics,745.73,5,20,Credit Card,Cancelled,2982.92
101798,2023-04-05,1437,,electronics,1412.43,1,5,Debit Card,Returned,1341.8085
101799,2023-06-15,1235,,Home,1338.34,7,5,credit card,delivered,8899.961
101800,2023-02-01,1305,north,electronics,866.81,1,0,credit card,Returned,866.81
101801,2023-01-11,1477,north,Clothing,1401.17,2,10,Credit Card,delivered,2522.106
101802,2023-10-28,1019,SOUTH,Home,488.02,3,-5,,Delivered,1537.263
101803,2023-08-05,1215,north,Home,551.64,5,15,,Delivered,2344.47
101804,2023-10-16,1134,North,Clothing,72.99,2,15,Debit Card,delivered,124.08299999999998
101805,2023-04-12,1128,North,Clothng,885.86,2,0,Credit Card,In Transit,1771.72
101806,2023-09-24,1409,West,Clothng,1084.28,3,0,Debit Card,Delivered,3252.84
101807,2023-08-02,1421,north,Clothng,1161.41,7,0,Debit Card,Cancelled,8129.870000000001
101808,2023-06-28,1293,South,electronics,228.98,2,0,Credit Card,Delivered,457.96
101809,2023-03-29,1245,West,Clothing,669.02,7,10,,Cancelled,4214.826
101810,2023-02-10,1555,SOUTH,Home,269.41,3,0,COD,Returned,808.23
101811,2023-03-17,1085,north,Home,994.88,0,10,UPI,Delivered,0.0
101812,2023-02-15,1555,North,Home,241.13,3,5,UPI,Delivered,687.2204999999999
101813,2023-06-09,1374,South,electronics,1356.72,4,0,UPI,Returned,5426.88
101814,2023-03-21,1445,West,electronics,349.8,3,0,Credit Card,Cancelled,1049.4
101815,2023-11-06,1377,South,,440.65,3,20,Debit Card,In Transit,1057.56
101816,2023-03-27,1389,north,Clothng,1277.1,6,0,Debit Card,Cancelled,7662.599999999999
101817,2023-04-02,1050,East,,690.41,4,0,credit card,delivered,2761.64
101818,2023-05-28,1241,South,,40.87,3,20,Debit Card,delivered,98.088
101819,2023-06-10,1293,South,electronics,744.41,1,105,,delivered,-37.22050000000003
101820,2023-07-21,1562,SOUTH,Clothng,131.39,7,15,COD,Returned,781.7704999999999
101821,2023-08-30,1265,North,Clothng,1478.09,6,0,UPI,Cancelled,8868.539999999999
101822,2023-12-19,1119,north,Home,884.23,2,0,,Delivered,565.3956359181234
101823,2023-01-02,1247,South,electronics,388.52,2,105,,delivered,-38.85200000000003
101824,2023-08-13,1069,north,Clothng,847.76,0,20,COD,Cancelled,0.0
101825,2023-10-16,1056,North,,119.92,0,10,UPI,Delivered,0.0
101826,2023-08-21,1381,SOUTH,Clothing,1200.84,4,0,Credit Card,Cancelled,4803.36
101827,2023-03-18,1038,north,Clothing,1388.37,1,0,COD,Returned,1388.37
101828,2023-04-26,1442,,electronics,1312.29,0,0,,delivered,0.0
101829,2023-06-03,1017,North,Home,515.93,2,10,Debit Card,In Transit,928.674
101830,2023-04-13,1351,North,Home,492.02,0,0,UPI,delivered,0.0
101831,2023-07-13,1297,West,Clothng,57.46,0,105,credit card,delivered,-0.0
101832,2023-06-15,1282,SOUTH,electronics,978.84,3,0,COD,Returned,2936.52
101833,2023-12-25,1585,SOUTH,Clothing,804.68,0,15,,Delivered,0.0
101834,2023-03-31,1109,,,691.72,7,0,Credit Card,delivered,4842.04
101835,2023-06-23,1179,north,Clothng,1361.91,4,5,,Delivered,5175.258
101836,2023-05-02,1543,East,,255.98,7,0,credit card,Delivered,1791.86
101837,2023-05-23,1024,,Clothng,19.45,2,15,Credit Card,Returned,33.065
101838,2023-04-16,1056,West,Electronics,114.61,4,10,UPI,delivered,412.596
101839,2023-11-01,1179,SOUTH,,338.94,6,0,COD,Returned,2033.6399999999999
101840,2023-12-26,1231,North,electronics,54.76,4,20,Credit Card,Returned,175.232
101841,2023-11-13,1342,SOUTH,,756.75,5,5,credit card,In Transit,3594.5625
101842,2023-05-03,1476,,,474.57,1,-5,,Returned,498.2985
101843,2023-01-09,1575,East,Clothng,274.82,6,-5,credit card,In Transit,2906.727027834879
101844,2023-09-19,1454,South,Clothing,1126.38,6,-5,Debit Card,Delivered,7096.194000000001
101845,2023-03-14,1231,South,Electronics,310.65,5,0,Credit Card,Delivered,1553.25
101846,2023-12-25,1288,SOUTH,,1032.97,5,0,COD,Cancelled,5164.85
101847,2023-08-11,1212,SOUTH,Clothing,527.15,3,105,COD,Cancelled,-79.07250000000006
101848,2023-02-10,1257,West,Home,770.18,4,5,,Delivered,2926.6839999999997
101849,2023-07-23,1529,SOUTH,Electronics,1401.13,1,0,,delivered,1401.13
101850,2023-09-21,1228,East,Electronics,60.84,2,15,,Cancelled,103.428
101851,2023-11-24,1225,SOUTH,Clothng,752.9,2,0,Debit Card,Returned,1505.8
101852,2023-06-27,1595,north,,1282.36,1,15,credit card,Cancelled,1090.0059999999999
101853,2023-12-14,1434,,Home,884.02,6,20,,Delivered,4243.296
101854,2023-11-14,1401,East,Clothng,418.92,4,15,Credit Card,delivered,1424.328
101855,2023-03-25,1087,West,electronics,599.53,7,0,,Delivered,4196.71
101856,2023-11-14,1583,north,Clothing,1022.0,4,5,credit card,delivered,3883.6
101857,2023-04-21,1541,north,Clothing,1336.76,3,5,Credit Card,Cancelled,3809.7659999999996
101858,2023-09-08,1308,,Clothng,66.39,3,5,Credit Card,Returned,189.2115
101859,2023-01-07,1342,South,Clothing,111.95,5,0,Credit Card,Returned,559.75
101860,2023-03-25,1435,East,,490.95,2,5,credit card,Delivered,932.805
101861,2023-07-27,1176,,Clothing,353.01,3,5,,delivered,1006.0785
101862,2023-11-10,1138,north,,401.07,1,5,credit card,Cancelled,381.01649999999995
101863,2023-01-22,1193,West,electronics,335.8,2,20,credit card,delivered,537.2800000000001
101864,2023-01-03,1185,,Home,297.76,6,5,UPI,delivered,2381.699569551528
101865,2023-05-07,1217,South,Electronics,200.28,7,0,credit card,delivered,1401.96
101866,2023-10-24,1163,north,Clothng,1401.26,6,10,Debit Card,Cancelled,7566.804
101867,2023-07-07,1160,,Clothng,220.56,4,15,UPI,delivered,749.904
101868,2023-12-28,1524,East,,310.58,2,0,Credit Card,Returned,621.16
101869,2023-01-14,1041,South,electronics,373.17,0,10,,Delivered,0.0
101870,2023-01-12,1209,East,electronics,1399.86,2,0,COD,In Transit,2799.72
101871,2023-03-28,1274,East,Electronics,1134.79,3,0,,delivered,3404.37
101872,2023-01-12,1278,East,Home,1185.6,7,-5,UPI,Returned,8714.16
101873,2023-01-25,1250,,Clothng,161.61,1,-5,UPI,Returned,169.69050000000001
101874,2023-10-28,1309,South,,1255.28,4,10,Credit Card,Delivered,4519.008
101875,2023-08-31,1139,,electronics,615.25,4,15,credit card,Delivered,2091.85
101876,2023-05-02,1545,,Clothng,397.92,3,20,credit card,In Transit,955.008
101877,2023-05-27,1529,,,865.75,3,105,UPI,In Transit,-129.86250000000013
101878,2023-02-24,1056,north,Clothing,1234.16,3,5,credit card,In Transit,3517.356
101879,2023-08-26,1111,SOUTH,Clothng,1169.08,0,10,UPI,Cancelled,0.0
101880,2023-12-22,1004,North,Home,1335.55,1,5,,Cancelled,1268.7724999999998
101881,2023-06-22,1409,north,,1392.56,0,0,COD,Returned,0.0
101882,2023-08-09,1413,South,Home,360.99,3,5,,Delivered,1354.5568039294371
101883,2023-04-29,1181,North,Clothng,638.67,1,15,COD,delivered,542.8694999999999
101884,2023-11-05,1012,North,Clothing,26.87,6,20,Credit Card,Delivered,128.976
101885,2023-07-02,1338,North,Home,1319.59,6,20,Debit Card,Cancelled,6334.031999999999
101886,2023-10-15,1258,SOUTH,electronics,236.09,3,0,Debit Card,Returned,708.27
101887,2023-11-03,1089,,,1292.9,1,5,,delivered,1228.255
101888,2023-10-27,1249,West,Clothng,497.43,7,0,credit card,In Transit,3482.01
101889,2023-03-23,1254,South,Clothing,555.36,4,0,Debit Card,In Transit,2221.44
101890,2023-07-30,1587,SOUTH,electronics,63.5,0,-5,COD,Cancelled,0.0
101891,2023-05-30,1107,SOUTH,Clothng,493.68,5,5,Credit Card,Returned,2344.98
101892,2023-02-06,1593,West,Clothing,1333.1,3,15,COD,Delivered,3399.4049999999997
101893,2023-12-18,1588,North,electronics,43.19,3,0,UPI,Cancelled,129.57
101894,2023-11-08,1484,,Home,612.46,2,5,credit card,Delivered,1163.674
101895,2023-12-27,1257,West,Clothng,51.94,5,10,credit card,delivered,233.73
101896,2023-02-28,1281,West,Clothng,559.53,7,0,Debit Card,Delivered,3916.71
101897,2023-05-11,1087,SOUTH,Home,263.1,4,0,UPI,delivered,1052.4
101898,2023-07-21,1203,South,Electronics,382.07,3,0,Debit Card,Returned,1146.21
101899,2023-08-31,1015,East,electronics,1317.01,7,10,Debit Card,Cancelled,8297.163
101900,2023-02-04,1150,,Home,656.89,0,105,Debit Card,Delivered,-0.0
101901,2023-04-03,1253,West,Clothng,414.33,4,20,UPI,Returned,1325.856
101902,2023-07-26,1187,,electronics,886.06,3,105,Debit Card,Returned,-87.39684040969681
101903,2023-12-19,1328,West,electronics,217.45,0,20,credit card,Delivered,0.0
101904,2023-11-28,1543,North,Electronics,392.79,2,20,Debit Card,In Transit,490.0898003926479
101905,2023-11-01,1396,,Clothng,821.64,2,10,UPI,In Transit,1478.952
101906,2023-12-16,1516,North,Clothing,360.1,6,5,UPI,delivered,2052.57
101907,2023-08-01,1458,SOUTH,Electronics,1020.3,0,5,COD,Returned,0.0
101908,2023-06-08,1329,North,Electronics,739.78,4,20,Debit Card,Cancelled,2367.296
101909,2023-01-24,1168,,Clothing,1159.12,0,0,UPI,Cancelled,0.0
101910,2023-10-20,1365,north,Clothing,1422.63,5,0,,Returned,7113.150000000001
101911,2023-01-04,1177,,Electronics,178.13,0,-5,Debit Card,In Transit,0.0
101912,2023-08-08,1361,West,electronics,505.32,2,0,Credit Card,Returned,1010.64
101913,2023-12-30,1039,North,Home,482.73,2,105,credit card,delivered,-48.273000000000046
101914,2023-01-20,1415,South,Home,231.02,2,15,credit card,Returned,392.734
101915,2023-06-01,1354,north,Electronics,1216.4,5,0,,Delivered,6082.0
101916,2023-02-19,1254,SOUTH,electronics,1141.02,3,10,Debit Card,In Transit,5192.438523483769
101917,2023-06-26,1142,East,Clothing,729.22,6,20,credit card,Delivered,3500.256
101918,2023-04-06,1576,West,,808.97,5,0,credit card,Delivered,4044.8500000000004
101919,2023-04-15,1010,West,Electronics,94.02,3,15,Credit Card,Returned,239.751
101920,2023-09-07,1025,South,Clothng,835.48,5,20,credit card,Returned,3341.92
101921,2023-04-27,1420,East,electronics,1188.06,1,0,credit card,Cancelled,1188.06
101922,2023-12-20,1220,East,Clothng,862.87,3,0,UPI,Delivered,2588.61
101923,2023-08-16,1495,SOUTH,Clothng,401.63,4,0,credit card,Returned,1606.52
101924,2023-03-07,1236,SOUTH,Electronics,1002.98,4,0,Debit Card,Cancelled,4011.92
101925,2023-12-01,1236,north,electronics,545.43,6,0,credit card,Delivered,3272.58
101926,2023-09-19,1218,West,Clothng,819.59,7,15,Debit Card,Cancelled,4876.5605
101927,2023-10-22,1486,North,electronics,733.91,2,0,credit card,In Transit,1467.82
101928,2023-08-31,1460,SOUTH,Home,574.86,5,20,Debit Card,delivered,2299.44
101929,2023-07-05,1143,South,,1079.72,0,0,credit card,Delivered,0.0
101930,2023-09-03,1188,South,Clothng,1326.39,2,5,,Returned,2520.141
101931,2023-05-05,1254,South,Clothng,12.79,6,10,Debit Card,In Transit,69.066
101932,2023-09-25,1067,,electronics,1400.76,0,20,credit card,Cancelled,0.0
101933,2023-05-11,1335,SOUTH,,769.72,5,5,Credit Card,delivered,3656.17
101934,2023-08-25,1408,SOUTH,Home,1052.59,2,0,UPI,Delivered,2105.18
101935,2023-01-18,1299,South,Clothng,1284.16,2,20,UPI,delivered,2054.6560000000004
101936,2023-02-09,1356,SOUTH,Electronics,703.32,7,0,UPI,In Transit,4923.240000000001
101937,2023-01-21,1255,,electronics,1253.29,7,0,UPI,delivered,8773.029999999999
101938,2023-08-13,1352,North,electronics,270.54,4,5,Credit Card,Delivered,1028.0520000000001
101939,2023-12-21,1520,North,Clothng,242.96,0,15,,In Transit,0.0
101940,2023-10-09,1523,north,Home,987.92,1,0,,Cancelled,987.92
101941,2023-01-08,1283,West,Clothng,1305.86,1,10,Credit Card,Delivered,1175.274
101942,2023-04-10,1311,North,Clothing,1339.18,2,10,credit card,delivered,2410.5240000000003
101943,2023-08-28,1098,north,Clothng,967.39,7,-5,Credit Card,Delivered,7110.3165
101944,2023-03-28,1196,East,,790.61,5,0,UPI,In Transit,2874.015357896232
101945,2023-10-25,1481,West,,500.43,2,0,,delivered,1000.86
101946,2023-01-14,1225,North,Clothing,1470.1,6,5,COD,Cancelled,8379.569999999998
101947,2023-11-30,1364,,,482.95,4,0,credit card,Returned,1931.8
101948,2023-01-02,1367,East,,1117.56,7,15,Debit Card,Cancelled,6649.482
101949,2023-10-20,1569,north,Electronics,800.31,6,10,,Delivered,4321.674
101950,2023-11-21,1589,North,electronics,914.73,0,15,UPI,Returned,0.0
101951,2023-02-10,1074,North,,593.25,6,20,,In Transit,2847.6000000000004
101952,2023-11-14,1041,SOUTH,electronics,1447.41,7,-5,UPI,delivered,10638.463500000002
101953,2023-11-12,1421,East,Home,859.67,2,5,UPI,delivered,1633.3729999999998
101954,2023-04-21,1180,North,Clothng,1406.99,6,105,,In Transit,-422.0970000000004
101955,2023-01-14,1544,South,Electronics,16.35,5,0,,Delivered,81.75
101956,2023-08-19,1070,,Clothing,861.14,1,15,,Cancelled,731.9689999999999
101957,2023-03-25,1567,SOUTH,Home,1077.19,0,5,Credit Card,Returned,0.0
101958,2023-05-10,1104,SOUTH,Electronics,1118.89,2,20,,In Transit,1790.2240000000002
101959,2023-08-19,1199,North,Electronics,1357.94,0,5,Debit Card,Delivered,0.0
101960,2023-11-22,1100,,Clothing,11.58,7,15,credit card,Delivered,68.901
101961,2023-05-25,1306,SOUTH,Clothing,5.49,4,-5,UPI,Returned,23.058000000000003
101962,2023-12-11,1585,West,electronics,711.03,6,15,,In Transit,3626.253
101963,2023-01-28,1376,East,Clothng,48.79,1,15,Debit Card,Cancelled,41.4715
101964,2023-03-07,1398,West,Home,1461.93,5,0,COD,Cancelled,7309.650000000001
101965,2023-06-12,1220,north,Clothng,336.99,0,0,,In Transit,0.0
101966,2023-08-17,1594,West,Home,711.63,1,105,Credit Card,delivered,-35.581500000000034
101967,2023-09-18,1181,,Electronics,96.4,6,10,UPI,Cancelled,520.5600000000001
101968,2023-06-13,1306,South,,785.46,2,10,Debit Card,delivered,1413.8280000000002
101969,2023-10-28,1521,SOUTH,,573.03,7,0,,In Transit,4011.21
101970,2023-10-30,1395,,Clothing,71.77,5,0,Debit Card,Delivered,358.84999999999997
101971,2023-10-14,1003,SOUTH,Clothing,506.01,5,0,UPI,In Transit,2530.05
101972,2023-01-10,1280,South,Electronics,590.2,3,5,Debit Card,Delivered,1682.0700000000002
101973,2023-07-14,1214,SOUTH,Electronics,1484.93,0,0,Debit Card,In Transit,0.0
101974,2023-04-28,1419,West,Home,315.79,7,0,,delivered,2210.53
101975,2023-09-27,1100,north,Electronics,819.45,1,5,,delivered,778.4775
101976,2023-03-21,1520,North,Home,1481.04,0,10,credit card,In Transit,0.0
101977,2023-04-03,1572,South,Clothng,1189.07,2,0,Credit Card,Delivered,2378.14
101978,2023-09-23,1308,West,Clothing,1490.08,2,10,credit card,In Transit,2682.144
101979,2023-11-28,1509,,Clothing,1452.61,7,-5,Credit Card,Delivered,10676.6835
101980,2023-12-16,1062,West,,736.86,6,5,Credit Card,delivered,4200.102
101981,2023-12-27,1225,West,,1046.08,5,20,credit card,Returned,4184.32
101982,2023-09-14,1104,North,Clothing,170.11,7,-5,UPI,Cancelled,1250.3085
101983,2023-05-13,1424,East,Clothng,664.52,5,0,Debit Card,delivered,3322.6
101984,2023-10-03,1254,SOUTH,Clothng,1214.48,1,0,COD,In Transit,1214.48
101985,2023-09-21,1428,SOUTH,electronics,760.48,4,5,credit card,In Transit,4381.839115260738
101986,2023-06-20,1433,,Home,1055.54,0,10,credit card,Delivered,0.0
101987,2023-01-01,1206,north,,1119.9,0,5,UPI,Cancelled,0.0
101988,2023-11-09,1027,,Home,383.94,2,0,Debit Card,delivered,767.88
101989,2023-03-05,1335,East,,1314.17,0,10,,Cancelled,0.0
101990,2023-10-11,1587,SOUTH,electronics,692.43,1,0,credit card,Cancelled,692.43
101991,2023-05-01,1068,north,Clothing,319.23,3,105,COD,delivered,-47.884500000000045
101992,2023-04-17,1512,,Home,1298.8,7,0,Debit Card,Delivered,9091.6
101993,2023-06-24,1166,north,,629.64,5,-5,credit card,Delivered,3305.61
101994,2023-07-23,1367,West,Home,1126.72,2,0,,Delivered,2253.44
101995,2023-06-14,1250,South,Clothing,824.31,7,0,credit card,Returned,5770.17
101996,2023-11-01,1169,West,Electronics,575.9,5,0,,Cancelled,2879.5
101997,2023-04-30,1089,North,,1215.77,5,105,Credit Card,Returned,-303.9425000000003
101998,2023-02-13,1560,SOUTH,Electronics,878.78,5,0,Credit Card,Delivered,4393.9
101999,2023-11-08,1445,north,electronics,588.89,3,10,credit card,delivered,1590.0030000000002
102000,2023-06-05,1293,,Clothng,168.85,7,20,UPI,Cancelled,945.5600000000001
102001,2023-07-26,1149,South,Home,1343.69,0,10,Credit Card,delivered,0.0
102002,2023-04-18,1131,,,58.03,4,0,credit card,In Transit,232.12
102003,2023-09-08,1432,SOUTH,Home,1295.47,5,105,,Cancelled,-323.8675000000003
102004,2023-11-30,1058,north,electronics,543.14,1,20,Debit Card,delivered,434.512
102005,2023-05-10,1198,north,electronics,960.81,5,5,,Delivered,4563.847499999999
102006,2023-10-20,1214,West,Home,1383.69,5,10,COD,Returned,6226.6050000000005
102007,2023-01-20,1560,South,,231.8,7,105,Credit Card,delivered,-40.249117195846424
102008,2023-10-09,1471,South,Clothing,852.59,0,105,credit card,In Transit,-0.0
102009,2023-10-12,1246,SOUTH,Clothing,1147.83,6,5,Credit Card,Delivered,6542.630999999999
102010,2023-01-01,1381,north,Clothng,1137.59,1,20,,In Transit,910.072
102011,2023-04-29,1238,South,Home,790.82,0,0,,Returned,0.0
102012,2023-02-04,1366,South,Home,938.99,5,0,Debit Card,In Transit,4694.95
102013,2023-07-17,1167,,,1137.5,7,0,UPI,delivered,7962.5
102014,2023-09-02,1559,SOUTH,Home,1262.34,6,0,credit card,delivered,7574.039999999999
102015,2023-02-28,1050,West,,1143.91,0,10,Debit Card,Delivered,0.0
102016,2023-11-21,1379,,Home,534.24,0,5,COD,Returned,0.0
102017,2023-06-10,1473,,electronics,1495.11,2,0,credit card,Returned,2990.22
102018,2023-06-28,1079,East,Electronics,654.58,3,5,COD,Cancelled,1865.553
102019,2023-07-25,1366,North,Home,41.57,6,0,UPI,Cancelled,249.42000000000002
102020,2023-01-12,1460,East,Electronics,547.11,4,105,credit card,delivered,-109.4220000000001
102021,2023-10-03,1538,South,Clothing,196.04,6,20,credit card,In Transit,940.9920000000001
102022,2023-06-30,1451,north,Clothng,186.56,3,0,Debit Card,In Transit,559.6800000000001
102023,2023-08-30,1463,North,Clothing,425.89,3,-5,Credit Card,Delivered,1341.5535000000002
102024,2023-08-04,1477,North,Home,84.8,1,0,credit card,Returned,84.8
102025,2023-09-08,1419,north,,1034.33,2,10,UPI,delivered,1861.7939999999999
102026,2023-10-26,1213,North,Clothing,115.61,2,105,credit card,In Transit,-11.56100000000001
102027,2023-05-06,1368,north,electronics,308.92,0,0,credit card,Cancelled,0.0
102028,2023-08-05,1113,North,Electronics,143.89,3,10,credit card,delivered,388.503
102029,2023-11-02,1502,,,99.44,6,0,credit card,Delivered,596.64
102030,2023-10-12,1587,SOUTH,,405.29,4,0,UPI,delivered,1621.16
102031,2023-07-04,1310,SOUTH,Home,859.99,1,10,Debit Card,In Transit,773.991
102032,2023-02-08,1468,East,electronics,1447.2,6,105,Credit Card,Delivered,-434.1600000000004
102033,2023-08-11,1043,,Electronics,1313.96,2,5,UPI,Cancelled,2496.524
102034,2023-07-03,1414,North,electronics,1314.52,0,-5,UPI,Cancelled,0.0
102035,2023-06-27,1245,West,Clothing,268.22,4,-5,COD,In Transit,1126.5240000000001
102036,2023-10-21,1083,north,Home,401.04,3,0,Credit Card,Delivered,1203.1200000000001
102037,2023-12-06,1206,,,119.21,7,5,Debit Card,Cancelled,792.7464999999999
102038,2023-05-31,1150,North,,1168.81,7,10,,Delivered,7363.503000000001
102039,2023-05-06,1527,SOUTH,Clothing,109.38,6,5,Debit Card,delivered,623.4659999999999
102040,2023-10-28,1164,SOUTH,,837.26,4,0,,Returned,3349.04
102041,2023-11-04,1144,north,Clothng,375.57,7,105,COD,Returned,-131.4495000000001
102042,2023-12-02,1036,West,Home,368.95,2,15,COD,Returned,627.2149999999999
102043,2023-08-22,1332,North,Clothing,1486.13,7,5,UPI,Cancelled,9882.7645
102044,2023-01-08,1402,North,Home,1136.39,1,10,Debit Card,In Transit,1022.7510000000001
102045,2023-12-07,1413,West,Electronics,1256.22,6,0,,Returned,7537.32
102046,2023-05-09,1044,West,Home,860.11,7,5,Debit Card,In Transit,5719.7315
102047,2023-09-21,1401,West,Home,1307.17,3,-5,,Returned,4117.5855
102048,2023-06-06,1205,SOUTH,Electronics,970.01,1,20,Debit Card,delivered,776.008
102049,2023-12-18,1061,north,Clothing,1419.53,5,0,UPI,Returned,7097.65
102050,2023-12-24,1419,,Home,425.6,7,5,,In Transit,2830.2400000000002
102051,2023-01-05,1467,West,electronics,895.0,7,10,Debit Card,Cancelled,5638.5
102052,2023-03-27,1018,north,Home,1036.75,4,0,credit card,delivered,4147.0
102053,2023-06-24,1364,East,Clothing,592.44,7,0,COD,In Transit,4147.08
102054,2023-10-17,1299,North,,1320.16,7,5,COD,Delivered,8779.064
102055,2023-07-12,1006,North,Electronics,1469.81,4,10,,Returned,5291.316
102056,2023-11-07,1427,South,,743.19,0,0,COD,delivered,0.0
102057,2023-04-29,1116,East,Clothing,589.01,3,0,COD,Cancelled,1767.03
102058,2023-08-06,1579,,Clothng,710.55,4,0,credit card,Delivered,2842.2
102059,2023-04-24,1506,West,,1279.84,2,0,Credit Card,Returned,2559.68
102060,2023-05-25,1545,West,Home,969.98,5,5,Debit Card,delivered,4607.405
102061,2023-01-26,1324,,Home,71.93,2,0,,In Transit,143.86
102062,2023-05-16,1054,SOUTH,Electronics,815.54,1,0,COD,Returned,815.54
102063,2023-10-30,1041,East,Home,30.86,5,20,Debit Card,delivered,123.44000000000001
102064,2023-08-20,1296,West,electronics,1168.91,7,0,Debit Card,Returned,8182.370000000001
102065,2023-03-17,1230,South,electronics,495.83,5,5,credit card,delivered,2355.1925
102066,2023-11-24,1452,north,,710.65,2,105,Debit Card,In Transit,-71.06500000000005
102067,2023-12-11,1393,North,Clothing,1199.02,7,10,COD,Returned,7553.826
102068,2023-10-29,1521,East,Electronics,74.44,4,15,,delivered,253.09599999999998
102069,2023-10-16,1357,North,Clothng,242.02,2,5,Debit Card,Delivered,459.838
102070,2023-01-01,1443,north,,599.95,3,0,credit card,Cancelled,1799.8500000000001
102071,2023-05-27,1127,East,Clothing,348.74,1,10,,delivered,313.86600000000004
102072,2023-10-14,1404,north,Electronics,510.16,6,10,,delivered,2754.864
102073,2023-05-22,1391,West,Electronics,1497.27,5,0,,delivered,7486.35
102074,2023-02-22,1192,,,1238.99,7,5,COD,Returned,8239.2835
102075,2023-10-31,1077,West,Clothing,1326.43,3,-5,credit card,Cancelled,4178.2545
102076,2023-03-10,1084,,Clothing,1405.9,4,0,UPI,Returned,5623.6
102077,2023-12-27,1029,West,Home,514.7,4,5,Credit Card,delivered,1955.8600000000001
102078,2023-03-31,1048,north,Clothng,449.13,2,5,Debit Card,delivered,853.347
102079,2023-08-08,1144,north,electronics,354.92,0,20,Debit Card,Cancelled,0.0
102080,2023-07-11,1068,north,Home,1246.02,5,20,Debit Card,Delivered,4984.080000000001
102081,2023-03-04,1057,North,Electronics,1020.93,5,15,UPI,Returned,4338.952499999999
102082,2023-03-14,1573,north,Clothng,358.08,0,0,,Delivered,0.0
102083,2023-06-10,1478,West,Clothng,568.61,4,0,,delivered,2274.44
102084,2023-06-18,1444,South,Clothing,762.53,4,0,Credit Card,delivered,3050.12
102085,2023-03-30,1295,north,Clothng,794.57,6,10,credit card,In Transit,4290.678
102086,2023-06-25,1170,South,,1333.65,6,15,UPI,In Transit,2841.2081117120224
102087,2023-09-26,1574,,Clothng,573.95,5,105,UPI,Delivered,-143.48750000000013
102088,2023-03-14,1146,West,Electronics,1363.24,6,5,COD,In Transit,7770.468
102089,2023-09-02,1483,north,,664.84,6,10,,Cancelled,3590.136
102090,2023-03-18,1305,North,,1120.83,7,5,UPI,Delivered,7453.519499999999
102091,2023-06-08,1445,North,Home,1395.73,1,0,UPI,In Transit,1395.73
102092,2023-11-20,1220,,Clothng,1361.83,5,5,Debit Card,In Transit,6468.692499999999
102093,2023-04-08,1554,South,Clothing,90.14,4,5,,Cancelled,342.532
102094,2023-04-12,1377,SOUTH,Home,312.53,7,105,COD,Cancelled,-109.38550000000009
102095,2023-05-12,1265,North,Clothing,717.97,4,0,credit card,Delivered,2871.88
102096,2023-04-12,1094,North,Clothng,650.17,6,105,Credit Card,Returned,-195.05100000000016
102097,2023-01-19,1261,North,Home,963.13,1,5,credit card,Cancelled,914.9735
102098,2023-03-23,1070,West,Clothng,1417.34,6,0,COD,In Transit,8504.039999999999
102099,2023-10-06,1218,North,Electronics,173.05,6,0,Debit Card,Delivered,1038.3000000000002
102100,2023-12-05,1532,East,Home,680.53,3,0,Credit Card,Returned,2041.59
102101,2023-12-31,1091,north,Clothing,292.65,3,5,credit card,Delivered,834.0524999999999
102102,2023-11-27,1126,,Electronics,1341.69,1,0,,In Transit,1341.69
102103,2023-05-09,1079,North,electronics,1447.05,1,5,,Returned,1374.6975
102104,2023-12-10,1237,SOUTH,Clothing,720.66,3,105,Credit Card,Returned,-108.0990000000001
102105,2023-11-06,1371,SOUTH,Clothng,160.5,3,10,Credit Card,Cancelled,433.35
102106,2023-03-30,1485,North,Clothing,1179.02,3,15,Credit Card,delivered,3006.5009999999997
102107,2023-08-01,1024,North,electronics,1047.23,3,0,UPI,In Transit,3141.69
102108,2023-05-23,1155,East,Clothing,535.23,5,5,COD,delivered,2542.3424999999997
102109,2023-03-06,1516,North,Electronics,1331.67,5,0,,In Transit,6658.35
102110,2023-03-17,1529,North,,1463.87,6,20,,Delivered,7026.576
102111,2023-07-18,1056,north,Clothing,838.99,2,0,COD,delivered,1677.98
102112,2023-05-23,1018,SOUTH,Home,850.76,6,5,Debit Card,Returned,4849.331999999999
102113,2023-11-12,1383,East,electronics,449.78,1,10,,Cancelled,404.80199999999996
102114,2023-04-03,1192,SOUTH,Clothing,878.84,0,5,credit card,In Transit,0.0
102115,2023-11-01,1236,East,electronics,662.27,2,20,Debit Card,Cancelled,1059.632
102116,2023-08-12,1386,SOUTH,,456.78,0,0,credit card,In Transit,0.0
102117,2023-10-18,1425,North,Electronics,105.44,0,0,Credit Card,Returned,0.0
102118,2023-04-12,1276,SOUTH,Home,382.8,4,15,,Returned,1301.9868462741824
102119,2023-09-24,1226,SOUTH,Clothng,300.79,7,5,credit card,Returned,2000.2535
102120,2023-12-21,1551,East,Clothing,815.35,1,5,credit card,Returned,774.5825
102121,2023-04-20,1322,,Electronics,904.5,5,0,Credit Card,Returned,4522.5
102122,2023-11-26,1152,South,electronics,914.81,2,15,Debit Card,Cancelled,1555.177
102123,2023-09-22,1236,East,,585.33,6,105,credit card,Delivered,-175.5990000000002
102124,2023-01-03,1054,East,electronics,634.74,1,10,,delivered,571.2660000000001
102125,2023-03-26,1435,East,,1252.19,3,20,Debit Card,Cancelled,3005.2560000000003
102126,2023-10-09,1108,West,,716.97,1,5,Debit Card,delivered,681.1215
102127,2023-11-24,1183,,Electronics,1481.72,0,0,COD,Delivered,0.0
102128,2023-10-31,1367,West,Clothing,662.23,5,0,,In Transit,3311.15
102129,2023-04-27,1197,West,Clothng,976.12,3,10,,Delivered,2635.5240000000003
102130,2023-08-09,1370,East,Clothing,80.29,1,5,Credit Card,Delivered,76.27550000000001
102131,2023-06-03,1372,South,Home,981.74,1,15,Credit Card,In Transit,834.479
102132,2023-06-02,1496,East,Clothing,1277.88,5,10,UPI,delivered,5750.460000000001
102133,2023-01-12,1598,North,,1413.97,0,105,,Returned,-0.0
102134,2023-05-13,1200,South,,1495.99,6,5,Debit Card,In Transit,8527.143
102135,2023-10-31,1508,West,Home,426.86,3,5,UPI,In Transit,1216.551
102136,2023-10-20,1321,SOUTH,electronics,865.18,0,0,,Delivered,0.0
102137,2023-10-27,1274,SOUTH,,678.82,5,5,Credit Card,In Transit,3224.395
102138,2023-08-16,1210,,Home,847.91,1,20,Credit Card,Cancelled,678.328
102139,2023-09-28,1503,north,,240.39,6,0,,Returned,1442.34
102140,2023-02-12,1117,,Clothng,1284.94,2,105,UPI,Delivered,-128.4940000000001
102141,2023-12-09,1553,South,,1364.81,2,105,Credit Card,delivered,-136.4810000000001
102142,2023-11-22,1041,West,Electronics,677.24,4,10,Credit Card,delivered,1754.487394934946
102143,2023-10-29,1314,South,Home,424.24,7,0,COD,delivered,2969.6800000000003
102144,2023-12-30,1328,South,Clothing,215.55,2,0,credit card,delivered,431.1
102145,2023-01-21,1016,SOUTH,Home,1027.23,5,0,,delivered,5136.15
102146,2023-04-17,1282,East,electronics,471.79,7,0,COD,Delivered,3302.53
102147,2023-12-02,1257,North,,1364.76,5,5,credit card,Cancelled,6482.61
102148,2023-10-30,1574,north,Home,1008.16,5,0,,Cancelled,5040.8
102149,2023-04-27,1573,West,Clothng,970.3,3,15,COD,delivered,3522.3815633339677
102150,2023-05-04,1018,South,Home,841.31,4,0,COD,Cancelled,3365.24
102151,2023-10-08,1528,north,Clothng,73.44,3,0,,Returned,220.32
102152,2023-10-19,1422,South,,1398.22,6,5,Debit Card,Cancelled,7969.853999999999
102153,2023-07-22,1465,SOUTH,Clothing,943.77,7,105,UPI,In Transit,-330.3195000000003
102154,2023-02-20,1372,North,,1491.12,2,10,,delivered,4492.815084791809
102155,2023-09-28,1080,SOUTH,electronics,808.35,6,5,COD,In Transit,4607.595
102156,2023-11-20,1550,north,Electronics,1066.62,7,15,Debit Card,In Transit,6346.388999999999
102157,2023-10-04,1547,West,Clothing,89.03,7,15,COD,delivered,529.7285
102158,2023-05-21,1423,South,Clothing,949.45,2,20,UPI,Delivered,1637.388562506089
102159,2023-10-02,1428,North,Electronics,1148.15,1,0,Debit Card,Cancelled,1148.15
102160,2023-10-17,1387,SOUTH,Home,1168.88,3,20,,Returned,2805.3120000000004
102161,2023-11-30,1203,north,,1156.32,0,0,credit card,Delivered,0.0
102162,2023-02-21,1195,SOUTH,Home,343.29,6,-5,UPI,Returned,2162.7270000000003
102163,2023-01-27,1284,South,Home,1463.22,1,0,Credit Card,delivered,1463.22
102164,2023-06-06,1195,South,,1492.8,3,-5,,Cancelled,4702.32
102165,2023-08-27,1306,West,electronics,118.02,7,105,,Delivered,-41.30700000000004
102166,2023-06-05,1013,North,Clothing,1404.99,5,0,,delivered,7024.95
102167,2023-10-18,1145,East,Clothng,437.73,4,105,Debit Card,Delivered,-87.54600000000008
102168,2023-05-16,1056,SOUTH,Electronics,1035.48,6,0,Credit Card,In Transit,6212.88
102169,2023-05-24,1209,South,Clothing,510.48,3,0,Debit Card,Cancelled,1531.44
102170,2023-04-16,1528,north,Home,1451.79,4,5,credit card,Cancelled,5516.802
102171,2023-06-07,1343,SOUTH,Electronics,156.75,6,105,Debit Card,delivered,-47.02500000000004
102172,2023-05-26,1278,West,Clothng,749.13,4,5,,delivered,2846.694
102173,2023-01-02,1208,West,Clothing,644.93,6,10,COD,delivered,4253.893210572886
102174,2023-03-18,1334,South,Clothing,492.41,2,10,Credit Card,Cancelled,886.3380000000001
102175,2023-05-12,1287,South,electronics,970.07,0,105,Credit Card,In Transit,-0.0
102176,2023-03-31,1251,South,Clothing,200.93,6,15,Debit Card,Cancelled,1024.743
102177,2023-12-11,1264,,Clothing,1076.41,7,0,COD,delivered,7534.870000000001
102178,2023-12-16,1270,East,Clothng,1470.99,3,0,COD,Returned,5354.361252399206
102179,2023-09-20,1418,South,Clothng,1207.82,0,0,Debit Card,In Transit,0.0
102180,2023-12-17,1210,SOUTH,Electronics,1290.73,4,10,UPI,Cancelled,4646.628000000001
102181,2023-04-18,1364,SOUTH,Home,542.66,2,0,credit card,Returned,1085.32
102182,2023-03-15,1075,,Clothng,490.71,6,0,Debit Card,In Transit,2944.2599999999998
102183,2023-02-08,1320,,Electronics,777.99,0,20,,Cancelled,0.0
102184,2023-06-08,1432,North,Clothing,73.36,1,0,COD,delivered,73.36
102185,2023-03-12,1108,north,Electronics,1418.31,4,10,credit card,Cancelled,5105.916
102186,2023-11-08,1521,South,Electronics,219.96,1,0,Debit Card,In Transit,219.96
102187,2023-08-29,1046,SOUTH,Electronics,1355.0,5,0,credit card,delivered,6775.0
102188,2023-10-25,1378,,,129.96,0,0,UPI,Delivered,0.0
102189,2023-02-05,1095,SOUTH,Electronics,1234.82,0,5,COD,Returned,0.0
102190,2023-03-25,1102,SOUTH,Clothng,232.18,0,20,UPI,delivered,0.0
102191,2023-09-20,1145,,,62.01,5,0,UPI,delivered,268.88210859792355
102192,2023-11-06,1026,East,Home,1080.64,7,0,COD,In Transit,7564.4800000000005
102193,2023-06-21,1529,,Electronics,424.0,3,15,,In Transit,1081.2
102194,2023-06-22,1081,,electronics,1073.17,4,15,UPI,Returned,3648.7780000000002
102195,2023-12-28,1427,north,Clothing,834.85,4,15,Debit Card,In Transit,2838.49
102196,2023-02-16,1583,,Clothing,167.67,6,105,Debit Card,delivered,-50.301000000000045
102197,2023-05-21,1478,West,,1398.53,6,15,credit card,Returned,7132.503
102198,2023-04-28,1161,,Clothing,681.21,6,5,Debit Card,Returned,3882.897
102199,2023-10-04,1401,SOUTH,Clothing,1103.0,4,20,Debit Card,Cancelled,3529.6000000000004
102200,2023-08-02,1507,South,,754.03,3,5,credit card,delivered,2148.9855000000002
102201,2023-08-08,1037,SOUTH,Clothing,908.52,7,0,Credit Card,delivered,6359.639999999999
102202,2023-01-26,1510,north,Electronics,457.65,0,0,COD,In Transit,0.0
102203,2023-01-09,1392,West,Home,304.54,0,0,Debit Card,delivered,0.0
102204,2023-09-28,1493,,,816.14,5,0,credit card,In Transit,4080.7
102205,2023-01-10,1199,East,electronics,663.13,1,0,UPI,delivered,803.2825592523578
102206,2023-05-01,1254,North,,588.22,3,0,UPI,Cancelled,1764.66
102207,2023-05-05,1178,,Clothng,1010.49,2,20,,delivered,1616.784
102208,2023-06-19,1546,South,electronics,1037.31,3,-5,Debit Card,Cancelled,3267.5265
102209,2023-03-13,1593,North,Clothng,73.65,5,10,COD,delivered,331.425
102210,2023-06-01,1388,East,,511.42,7,20,credit card,delivered,2863.952
102211,2023-07-27,1397,north,Clothng,620.59,1,0,,Delivered,620.59
102212,2023-02-18,1157,north,electronics,149.85,1,-5,,delivered,157.3425
102213,2023-06-03,1003,East,Electronics,357.67,6,5,credit card,Cancelled,2038.7189999999998
102214,2023-12-13,1166,SOUTH,,82.2,6,0,credit card,Returned,493.20000000000005
102215,2023-10-20,1467,East,,1494.38,1,0,credit card,Cancelled,1494.38
102216,2023-03-09,1408,,Clothing,1106.15,0,0,credit card,delivered,0.0
102217,2023-02-19,1411,South,,135.74,2,0,COD,In Transit,271.48
102218,2023-06-01,1203,West,,35.27,1,0,credit card,Delivered,35.27
102219,2023-01-19,1193,,Electronics,1080.34,4,0,COD,In Transit,4321.36
102220,2023-04-10,1234,,Clothing,661.59,0,0,COD,Delivered,0.0
102221,2023-03-01,1149,,Home,1181.26,7,0,COD,Delivered,7828.523506811749
102222,2023-06-16,1158,North,Clothng,1385.6,7,105,UPI,In Transit,-484.9600000000004
102223,2023-07-21,1278,North,electronics,900.95,2,0,Credit Card,delivered,1801.9
102224,2023-12-11,1403,north,Home,284.73,4,0,,Cancelled,1138.92
102225,2023-05-26,1310,,Clothing,1174.38,2,10,Debit Card,In Transit,2113.8840000000005
102226,2023-06-13,1067,SOUTH,Electronics,1433.94,5,20,UPI,Returned,5735.760000000001
102227,2023-08-30,1462,north,electronics,872.45,2,0,Credit Card,Delivered,1744.9
102228,2023-03-10,1087,South,Clothng,1024.59,4,20,,Cancelled,3278.688
102229,2023-06-24,1216,East,,509.52,3,0,UPI,Returned,1528.56
102230,2023-02-18,1000,North,,575.38,2,0,,Cancelled,1150.76
102231,2023-04-18,1134,,Home,1103.31,3,0,COD,delivered,3309.93
102232,2023-08-14,1350,South,Clothng,1392.02,2,10,COD,Returned,2505.636
102233,2023-06-10,1139,north,Clothing,945.34,5,0,credit card,In Transit,4726.7
102234,2023-04-29,1132,north,Clothng,1185.82,4,10,COD,Cancelled,4268.952
102235,2023-05-29,1177,North,Electronics,261.59,2,0,UPI,In Transit,523.18
102236,2023-05-30,1357,north,Home,321.88,1,15,,In Transit,273.598
102237,2023-10-20,1379,SOUTH,Home,800.39,5,0,Debit Card,Cancelled,4001.95
102238,2023-05-23,1449,north,Electronics,268.95,1,5,,Cancelled,255.50249999999997
102239,2023-06-09,1585,West,Clothng,954.32,7,10,COD,Delivered,3081.0578446964605
102240,2023-01-11,1462,East,Electronics,441.02,7,10,,Delivered,2778.426
102241,2023-05-18,1107,north,electronics,1188.34,5,0,Credit Card,Returned,5941.7
102242,2023-03-19,1121,West,Electronics,1213.12,5,20,,Returned,4852.48
102243,2023-03-18,1016,South,Clothng,698.36,6,15,UPI,Returned,3561.636
102244,2023-09-11,1195,north,Electronics,275.31,2,0,Credit Card,Delivered,550.62
102245,2023-09-15,1326,SOUTH,Clothing,971.93,4,105,credit card,In Transit,-194.38600000000017
102246,2023-11-16,1317,South,,1489.22,6,10,credit card,delivered,8041.788
102247,2023-10-18,1478,,Electronics,935.77,4,5,,delivered,3555.926
102248,2023-09-20,1251,north,,58.48,0,0,Debit Card,Cancelled,0.0
102249,2023-03-26,1502,North,Electronics,30.85,4,5,UPI,Delivered,117.23
102250,2023-05-26,1118,West,Clothng,483.94,3,0,Debit Card,Cancelled,1451.82
102251,2023-11-19,1497,West,electronics,297.7,2,5,Credit Card,delivered,378.47678149429163
102252,2023-02-11,1485,North,electronics,1220.51,1,5,Debit Card,Cancelled,1159.4845
102253,2023-05-05,1044,East,,1267.98,4,15,Credit Card,Delivered,4311.132
102254,2023-06-16,1313,,Clothng,391.64,1,0,Debit Card,Delivered,391.64
102255,2023-08-29,1178,SOUTH,Clothng,491.84,0,20,credit card,Delivered,0.0
102256,2023-10-07,1417,West,Clothng,358.19,2,0,UPI,delivered,716.38
102257,2023-07-07,1555,South,Clothing,1363.03,4,5,Debit Card,Delivered,5179.513999999999
102258,2023-10-29,1077,SOUTH,Home,756.46,6,15,,Returned,3857.946
102259,2023-01-19,1325,West,Electronics,985.92,1,10,Credit Card,Returned,887.328
102260,2023-03-09,1356,,Clothng,626.15,6,0,,Delivered,3756.8999999999996
102261,2023-08-06,1415,East,Clothng,948.37,5,0,UPI,Returned,4741.85
102262,2023-04-12,1514,,Clothng,581.85,6,0,,Delivered,3491.1000000000004
102263,2023-02-11,1213,South,electronics,512.82,4,10,credit card,delivered,1846.1520000000003
102264,2023-10-15,1073,,Clothng,953.55,0,0,credit card,Returned,0.0
102265,2023-06-16,1562,SOUTH,Electronics,888.64,6,15,COD,delivered,4532.064
102266,2023-04-19,1578,South,Clothng,443.82,5,10,UPI,Returned,1997.19
102267,2023-02-05,1508,North,Electronics,228.28,1,0,Debit Card,In Transit,228.28
102268,2023-08-20,1331,north,Clothing,556.02,1,0,credit card,In Transit,556.02
102269,2023-08-17,1092,North,Home,625.72,2,0,Debit Card,delivered,1251.44
102270,2023-12-19,1518,SOUTH,electronics,944.88,6,0,Debit Card,Returned,5669.28
102271,2023-06-13,1268,north,Electronics,1372.22,6,5,Credit Card,In Transit,7821.6539999999995
102272,2023-03-14,1375,North,,59.1,2,5,,Delivered,112.28999999999999
102273,2023-05-16,1003,north,Clothing,369.27,1,15,Debit Card,Cancelled,313.87949999999995
102274,2023-12-19,1137,West,Home,294.61,5,0,COD,In Transit,1473.0500000000002
102275,2023-03-11,1230,,Home,755.93,7,-5,UPI,In Transit,5556.085499999999
102276,2023-07-15,1599,South,Home,647.4,6,0,UPI,Delivered,3884.3999999999996
102277,2023-09-26,1528,north,Electronics,1094.91,7,0,Credit Card,In Transit,7664.370000000001
102278,2023-02-18,1051,West,Clothing,367.41,2,10,COD,In Transit,661.3380000000001
102279,2023-11-12,1324,,Clothng,893.78,7,20,,In Transit,5005.168000000001
102280,2023-05-10,1276,,,1326.37,1,0,COD,Returned,1326.37
102281,2023-01-05,1535,East,Clothing,1366.46,5,15,UPI,In Transit,5807.455
102282,2023-01-27,1485,North,Clothing,1438.38,3,20,COD,Cancelled,3452.1120000000005
102283,2023-06-09,1515,East,Clothing,1161.03,4,15,,Returned,3947.502
102284,2023-05-29,1151,SOUTH,Electronics,1359.45,6,0,credit card,Returned,8156.700000000001
102285,2023-09-21,1482,West,,355.62,3,20,Debit Card,delivered,853.4880000000002
102286,2023-08-18,1258,East,Electronics,300.38,3,15,Debit Card,In Transit,765.9689999999999
102287,2023-07-19,1323,East,,14.7,4,10,UPI,Cancelled,52.92
102288,2023-02-19,1167,,,1061.73,1,15,UPI,Cancelled,902.4705
102289,2023-03-08,1309,West,Electronics,1406.51,7,105,,delivered,-492.2785000000004
102290,2023-10-27,1478,,,284.47,1,5,COD,Cancelled,270.2465
102291,2023-02-27,1055,South,Clothing,957.23,2,0,,Returned,1914.46
102292,2023-09-16,1472,north,Electronics,1120.96,0,5,Credit Card,Delivered,0.0
102293,2023-12-08,1295,SOUTH,,1391.78,1,0,UPI,Returned,1391.78
102294,2023-11-22,1460,SOUTH,Home,972.06,7,0,UPI,Delivered,6804.42
102295,2023-05-10,1323,North,Electronics,1455.59,4,10,UPI,Cancelled,5240.124
102296,2023-08-03,1140,,electronics,520.29,0,0,,In Transit,0.0
102297,2023-06-21,1261,north,Electronics,528.14,4,10,,Delivered,1901.304
102298,2023-09-15,1419,North,Electronics,816.8,4,20,COD,Returned,2613.76
102299,2023-04-12,1240,SOUTH,Electronics,578.34,4,5,credit card,Returned,2197.692
102300,2023-07-28,1354,north,,7.13,6,-5,UPI,Returned,44.919000000000004
102301,2023-10-18,1588,East,Electronics,1099.0,6,0,credit card,Returned,6594.0
102302,2023-12-20,1179,South,electronics,1128.82,0,20,,delivered,0.0
102303,2023-10-13,1065,East,Clothng,1121.73,3,20,COD,Cancelled,2692.152
102304,2023-04-26,1347,South,Electronics,520.81,7,0,,In Transit,3645.6699999999996
102305,2023-09-21,1170,,Home,785.82,6,0,Credit Card,delivered,4714.92
102306,2023-05-30,1473,West,electronics,543.16,5,0,Debit Card,Cancelled,2715.7999999999997
102307,2023-10-27,1533,North,Clothng,28.97,4,20,Debit Card,Delivered,92.70400000000001
102308,2023-02-05,1366,North,,845.86,7,20,,delivered,4736.816000000001
102309,2023-11-29,1106,West,Electronics,190.02,6,0,Debit Card,delivered,1140.1200000000001
102310,2023-10-14,1438,north,Clothng,124.66,2,10,Debit Card,delivered,224.388
102311,2023-10-30,1226,West,Home,1134.47,1,0,COD,delivered,1134.47
102312,2023-11-07,1443,,electronics,19.21,5,5,Debit Card,Delivered,91.2475
102313,2023-07-27,1441,SOUTH,electronics,1438.72,7,105,COD,Returned,-503.5520000000005
102314,2023-04-16,1395,West,,775.31,1,0,Credit Card,delivered,1278.7054766370154
102315,2023-06-07,1580,South,,1474.61,1,-5,UPI,Cancelled,1548.3405
102316,2023-05-01,1083,SOUTH,,91.71,0,20,UPI,Returned,0.0
102317,2023-02-24,1550,West,Clothng,877.38,2,105,UPI,Delivered,-87.73800000000007
102318,2023-01-12,1012,North,Electronics,527.24,2,0,COD,In Transit,1054.48
102319,2023-05-25,1492,East,Clothing,1266.01,5,0,COD,Delivered,6330.05
102320,2023-05-16,1267,South,electronics,545.03,2,0,COD,In Transit,1090.06
102321,2023-01-03,1524,,Clothing,394.43,2,15,Credit Card,Cancelled,670.531
102322,2023-05-24,1119,South,electronics,1287.04,7,10,credit card,In Transit,8108.351999999999
102323,2023-01-30,1352,north,,565.11,2,0,COD,delivered,1130.22
102324,2023-08-25,1056,East,Electronics,30.17,5,15,COD,Returned,128.22250000000003
102325,2023-10-06,1039,South,Electronics,588.48,3,0,UPI,Returned,1765.44
102326,2023-12-14,1335,West,electronics,983.51,2,0,,delivered,1967.02
102327,2023-04-25,1172,South,Clothng,385.27,6,5,Debit Card,Returned,2196.0389999999998
102328,2023-04-14,1546,South,,650.82,7,0,Debit Card,Delivered,4555.740000000001
102329,2023-04-28,1258,South,Electronics,89.79,7,0,Credit Card,delivered,628.5300000000001
102330,2023-01-05,1516,north,Electronics,884.2,2,0,Debit Card,delivered,1768.4
102331,2023-12-26,1522,South,Home,1135.66,0,20,credit card,Returned,0.0
102332,2023-09-05,1116,South,Electronics,622.9,0,15,UPI,In Transit,0.0
102333,2023-12-30,1183,north,Home,633.25,6,5,Credit Card,Cancelled,3609.5249999999996
102334,2023-11-17,1115,SOUTH,Electronics,136.98,2,15,Debit Card,In Transit,232.86599999999999
102335,2023-05-01,1161,East,Electronics,306.9,3,10,Debit Card,Delivered,828.63
102336,2023-10-13,1578,,Clothng,236.24,7,0,,delivered,1653.68
102337,2023-05-29,1542,SOUTH,Clothng,725.12,2,15,UPI,delivered,1232.704
102338,2023-03-25,1586,North,,796.24,6,10,Credit Card,Delivered,4299.696000000001
102339,2023-08-19,1236,north,Electronics,1423.67,2,10,UPI,Cancelled,2562.606
102340,2023-10-15,1065,north,,114.48,2,10,Credit Card,delivered,206.06400000000002
102341,2023-06-10,1069,South,,901.8,4,10,Debit Card,In Transit,3246.48
102342,2023-09-29,1446,South,,792.12,3,0,UPI,Delivered,2376.36
102343,2023-02-07,1415,,,776.77,1,20,UPI,delivered,621.416
102344,2023-08-14,1531,North,electronics,1310.37,6,0,credit card,In Transit,7862.219999999999
102345,2023-05-22,1440,South,electronics,312.28,2,20,,Delivered,499.64799999999997
102346,2023-10-19,1463,West,Electronics,65.96,6,0,UPI,Delivered,395.76
102347,2023-05-31,1395,South,electronics,1010.05,1,0,Credit Card,Delivered,1010.05
102348,2023-04-24,1550,South,Electronics,521.01,3,10,credit card,Cancelled,1406.727
102349,2023-08-25,1556,West,Clothng,31.3,7,0,UPI,Delivered,219.1
102350,2023-03-07,1394,North,Clothing,380.8,6,20,UPI,Returned,1827.8400000000001
102351,2023-12-27,1325,West,Home,467.44,2,5,credit card,Returned,888.136
102352,2023-12-07,1090,north,electronics,927.17,7,10,Debit Card,Delivered,5841.170999999999
102353,2023-09-15,1069,West,electronics,263.02,1,0,UPI,delivered,263.02
102354,2023-09-06,1165,East,Clothng,622.52,6,0,COD,Returned,3735.12
102355,2023-11-27,1213,north,electronics,726.3,5,0,,In Transit,3631.5
102356,2023-11-19,1334,South,Electronics,691.56,1,10,Debit Card,In Transit,622.404
102357,2023-06-29,1368,,Electronics,1461.04,3,10,UPI,delivered,3944.808
102358,2023-07-09,1583,north,Clothing,73.03,2,10,Debit Card,In Transit,131.454
102359,2023-06-03,1048,North,Clothing,1426.7,4,105,Credit Card,delivered,-285.34000000000026
102360,2023-07-15,1051,North,Clothing,875.0,3,10,Debit Card,In Transit,2362.5
102361,2023-11-07,1288,West,Electronics,1194.61,7,-5,credit card,Delivered,8780.383499999998
102362,2023-09-19,1238,north,,648.44,4,0,UPI,In Transit,2593.76
102363,2023-05-23,1132,South,,683.49,2,0,Debit Card,Delivered,1366.98
102364,2023-12-08,1165,North,Clothing,1319.59,1,0,COD,In Transit,1319.59
102365,2023-11-12,1373,SOUTH,Clothing,1344.42,5,0,Credit Card,In Transit,6722.1
102366,2023-04-11,1372,South,Electronics,361.84,5,5,Credit Card,In Transit,1718.7399999999998
102367,2023-09-01,1477,SOUTH,Clothng,302.87,6,5,Debit Card,Delivered,1726.359
102368,2023-01-12,1478,East,electronics,746.87,7,10,credit card,In Transit,1580.1656259514295
102369,2023-08-27,1590,SOUTH,Home,1350.91,3,15,Credit Card,In Transit,3444.8205000000003
102370,2023-02-18,1299,North,,486.92,3,105,Debit Card,Cancelled,-73.03800000000007
102371,2023-02-11,1081,West,,979.76,7,20,Debit Card,Delivered,5486.656
102372,2023-06-15,1086,East,Electronics,1063.69,3,0,Credit Card,Returned,3191.07
102373,2023-03-23,1224,north,Electronics,1169.12,0,0,Debit Card,delivered,0.0
102374,2023-10-18,1015,South,Home,848.07,5,0,Debit Card,Cancelled,4240.35
102375,2023-06-07,1357,North,Home,606.67,5,0,,In Transit,3033.35
102376,2023-08-04,1162,East,Clothing,1450.69,2,5,COD,Returned,2756.311
102377,2023-06-07,1513,East,Home,918.94,0,10,Debit Card,Returned,0.0
102378,2023-05-14,1349,North,electronics,1094.2,3,0,,In Transit,3282.6000000000004
102379,2023-03-08,1463,north,electronics,520.75,3,15,,In Transit,1327.9125
102380,2023-12-02,1374,north,,1006.57,7,15,Debit Card,Cancelled,5989.0915
102381,2023-01-07,1091,West,electronics,390.41,4,0,credit card,Delivered,1561.64
102382,2023-01-14,1180,,electronics,371.42,6,0,Credit Card,Cancelled,2228.52
102383,2023-03-14,1300,SOUTH,electronics,1073.51,0,20,,Delivered,0.0
102384,2023-06-12,1188,north,Clothing,784.49,6,5,,Returned,4471.593
102385,2023-03-07,1313,West,,1026.5,1,0,credit card,delivered,1026.5
102386,2023-12-13,1492,SOUTH,Electronics,407.81,6,0,UPI,In Transit,2446.86
102387,2023-05-10,1127,East,,900.09,5,0,credit card,Cancelled,4500.45
102388,2023-07-25,1518,North,,668.68,2,0,UPI,Returned,1337.36
102389,2023-10-03,1425,north,,897.46,1,20,UPI,Cancelled,717.9680000000001
102390,2023-09-13,1558,West,Home,439.87,1,0,credit card,Delivered,439.87
102391,2023-09-23,1564,East,Electronics,1074.6,7,0,COD,In Transit,7522.199999999999
102392,2023-01-25,1186,north,Home,1209.86,2,0,credit card,Delivered,2419.72
102393,2023-10-08,1549,South,Clothing,393.58,3,15,,Delivered,1003.629
102394,2023-09-10,1452,,Clothing,454.43,5,0,Credit Card,Delivered,2272.15
102395,2023-11-06,1470,East,Clothng,993.43,7,0,credit card,Returned,6954.009999999999
102396,2023-10-16,1564,north,Clothng,1044.9,4,10,COD,In Transit,3761.6400000000003
102397,2023-06-13,1223,East,Clothing,1057.63,3,5,credit card,delivered,3014.2455
102398,2023-04-05,1153,North,Clothing,1025.63,6,0,COD,Cancelled,6153.780000000001
102399,2023-09-27,1559,North,Home,592.25,3,0,Credit Card,Delivered,1776.75
102400,2023-11-17,1350,,Clothing,595.31,0,15,Debit Card,In Transit,0.0
102401,2023-04-20,1146,North,Electronics,385.95,7,105,COD,Cancelled,-135.08250000000012
102402,2023-12-02,1575,SOUTH,Home,239.47,1,0,COD,In Transit,239.47
102403,2023-11-06,1348,South,Clothing,1040.4,1,0,,Cancelled,1243.1106523716498
102404,2023-08-26,1181,North,Home,144.32,5,0,COD,In Transit,721.5999999999999
102405,2023-01-25,1178,South,Home,1407.0,6,15,Credit Card,delivered,7175.7
102406,2023-05-21,1038,North,electronics,1240.9,7,10,UPI,In Transit,7817.670000000001
102407,2023-04-27,1002,SOUTH,Clothng,1286.97,1,15,COD,In Transit,1093.9245
102408,2023-01-25,1063,East,Home,1360.47,7,10,Credit Card,Delivered,8570.961000000001
102409,2023-03-20,1028,north,,615.86,4,-5,,Delivered,2586.612
102410,2023-03-09,1371,north,Home,1270.82,4,20,,Delivered,4066.624
102411,2023-06-22,1522,North,,241.3,6,15,Debit Card,In Transit,1230.63
102412,2023-01-12,1096,north,electronics,37.35,7,5,COD,delivered,248.37749999999997
102413,2023-10-15,1441,North,Clothing,1178.41,4,0,UPI,Cancelled,4713.64
102414,2023-05-08,1202,North,Home,116.82,2,5,Credit Card,Delivered,221.95799999999997
102415,2023-04-06,1410,,electronics,1482.84,6,5,Debit Card,Returned,8452.187999999998
102416,2023-04-02,1020,West,Electronics,1013.82,5,10,UPI,In Transit,4562.1900000000005
102417,2023-05-21,1550,West,electronics,1131.41,4,0,Debit Card,delivered,4525.64
102418,2023-01-31,1101,,Clothng,372.48,7,10,UPI,delivered,2346.6240000000003
102419,2023-11-30,1045,West,Clothng,1012.43,0,5,credit card,Delivered,0.0
102420,2023-01-20,1065,South,Clothing,69.61,0,10,credit card,Delivered,0.0
102421,2023-05-26,1163,West,,1257.55,3,0,credit card,Returned,3772.6499999999996
102422,2023-11-12,1110,North,Clothing,258.59,3,5,Debit Card,Returned,736.9815
102423,2023-06-09,1337,SOUTH,,1047.55,5,0,credit card,Delivered,5237.75
102424,2023-12-15,1122,SOUTH,,340.6,6,20,Credit Card,Cancelled,1634.88
102425,2023-02-12,1446,East,,107.34,3,5,Credit Card,Delivered,305.919
102426,2023-09-11,1290,West,,724.83,3,0,credit card,Delivered,2174.4900000000002
102427,2023-05-10,1411,SOUTH,Clothng,258.08,0,0,UPI,delivered,0.0
102428,2023-03-01,1280,West,Clothng,1095.52,3,10,UPI,Delivered,2957.904
102429,2023-05-31,1042,East,Home,360.16,7,0,Debit Card,Delivered,2521.1200000000003
102430,2023-10-14,1485,SOUTH,Clothng,517.0,0,105,UPI,Delivered,-0.0
102431,2023-01-05,1595,North,Clothing,853.32,4,5,COD,Cancelled,3242.616
102432,2023-09-23,1050,South,Clothng,431.03,4,0,UPI,delivered,1724.12
102433,2023-12-11,1209,,Clothing,570.09,5,10,Credit Card,In Transit,2565.405
102434,2023-05-10,1125,,Electronics,1224.35,2,0,,In Transit,2448.7
102435,2023-09-24,1491,,Clothng,272.92,3,20,UPI,In Transit,655.008
102436,2023-06-27,1508,West,Clothing,127.89,4,0,Debit Card,In Transit,511.56
102437,2023-09-10,1580,SOUTH,,495.89,4,105,UPI,delivered,-99.17800000000008
102438,2023-02-25,1257,SOUTH,electronics,639.44,6,10,Debit Card,Delivered,3452.9760000000006
102439,2023-03-24,1187,East,,816.28,5,20,COD,In Transit,3265.12
102440,2023-04-09,1229,North,Home,561.77,7,0,credit card,Delivered,3932.39
102441,2023-05-29,1188,north,Clothing,1185.92,1,0,COD,In Transit,1185.92
102442,2023-11-25,1414,SOUTH,,63.78,1,15,Credit Card,Cancelled,54.213
102443,2023-06-05,1009,South,Clothng,650.49,5,10,,Delivered,2927.205
102444,2023-07-09,1113,East,Clothng,576.47,0,0,COD,delivered,0.0
102445,2023-09-20,1075,SOUTH,Electronics,973.13,2,0,COD,Cancelled,1946.26
102446,2023-03-21,1501,SOUTH,electronics,1449.58,6,0,Credit Card,Cancelled,8697.48
102447,2023-09-09,1084,East,Clothing,768.01,6,10,Credit Card,delivered,4147.254
102448,2023-04-07,1048,East,,1480.38,5,0,credit card,Cancelled,7401.900000000001
102449,2023-09-17,1494,West,electronics,456.86,7,0,credit card,Delivered,3198.02
102450,2023-09-17,1386,SOUTH,Electronics,51.15,1,0,UPI,Returned,51.15
102451,2023-04-13,1388,north,Home,252.67,2,5,Debit Card,Returned,480.073
102452,2023-02-09,1217,South,electronics,595.71,4,0,Credit Card,In Transit,2382.84
102453,2023-09-30,1345,North,Electronics,477.92,5,105,COD,In Transit,-119.4800000000001
102454,2023-04-11,1229,North,Clothing,150.1,0,0,COD,Delivered,0.0
102455,2023-12-25,1254,north,Home,651.83,2,-5,credit card,delivered,1368.843
102456,2023-11-04,1235,East,Clothng,510.48,1,5,Debit Card,Delivered,484.956
102457,2023-08-09,1025,East,Electronics,188.32,4,0,Credit Card,In Transit,753.28
102458,2023-11-04,1583,East,Clothng,447.7,5,0,credit card,Cancelled,2238.5
102459,2023-05-04,1260,SOUTH,Home,1330.22,6,10,Debit Card,Delivered,7183.188
102460,2023-08-19,1270,East,Electronics,456.56,3,10,Credit Card,Delivered,1232.712
102461,2023-06-27,1122,East,Electronics,1072.36,6,5,COD,delivered,6112.451999999999
102462,2023-03-04,1256,SOUTH,Home,920.01,7,0,COD,In Transit,6440.07
102463,2023-04-26,1420,SOUTH,Clothing,643.64,7,-5,credit card,Delivered,4730.754
102464,2023-07-10,1258,north,Electronics,362.34,6,105,Debit Card,Cancelled,-108.7020000000001
102465,2023-03-03,1046,West,Home,556.68,4,5,COD,Cancelled,2115.3839999999996
102466,2023-09-13,1524,SOUTH,electronics,890.2,1,10,Debit Card,Returned,801.1800000000001
102467,2023-01-07,1207,South,Clothng,529.38,5,5,credit card,In Transit,2514.555
102468,2023-06-04,1310,East,Electronics,326.27,1,0,UPI,Cancelled,326.27
102469,2023-04-02,1148,West,electronics,179.11,3,0,Debit Card,delivered,537.33
102470,2023-01-14,1437,North,Electronics,1320.25,7,5,,In Transit,8779.6625
102471,2023-08-17,1154,north,Clothing,663.27,6,20,Debit Card,Cancelled,3183.696
102472,2023-03-27,1089,West,Home,939.69,4,0,credit card,Delivered,3758.76
102473,2023-05-13,1357,SOUTH,Electronics,738.16,2,10,,In Transit,1328.6879999999999
102474,2023-07-02,1173,East,Home,1309.49,2,20,UPI,Cancelled,2095.184
102475,2023-03-03,1216,East,,822.67,4,0,COD,Delivered,2352.7176052527166
102476,2023-08-07,1455,East,Electronics,723.77,7,0,Credit Card,Returned,5066.389999999999
102477,2023-09-03,1198,West,Clothing,1387.28,2,15,credit card,In Transit,3834.9232001727323
102478,2023-08-18,1485,East,Clothing,1080.94,6,0,Credit Card,In Transit,6485.64
102479,2023-03-20,1532,SOUTH,electronics,171.77,7,0,UPI,Cancelled,1202.39
102480,2023-05-29,1199,West,Clothing,270.67,5,0,,Returned,1353.3500000000001
102481,2023-05-18,1370,East,Home,1181.75,4,0,UPI,delivered,4727.0
102482,2023-11-10,1447,North,,1254.6,4,20,Debit Card,Cancelled,4014.72
102483,2023-03-06,1247,North,Clothing,820.06,1,10,Credit Card,Cancelled,738.054
102484,2023-01-13,1263,South,Electronics,833.91,0,5,Credit Card,delivered,0.0
102485,2023-08-01,1057,East,Clothing,949.74,1,5,UPI,delivered,902.2529999999999
102486,2023-08-30,1301,East,,661.48,2,105,,delivered,-66.14800000000007
102487,2023-08-01,1030,West,Home,1021.9,0,0,Credit Card,delivered,0.0
102488,2023-06-30,1497,West,Electronics,167.18,4,0,COD,delivered,668.72
102489,2023-12-04,1248,,electronics,1442.11,2,105,UPI,Delivered,-144.21100000000013
102490,2023-06-22,1270,East,electronics,1126.48,7,105,Debit Card,Delivered,-394.26800000000037
102491,2023-06-09,1393,South,electronics,948.61,3,0,Debit Card,delivered,2845.83
102492,2023-06-13,1501,East,Electronics,477.9,2,0,Debit Card,Returned,955.8
102493,2023-07-07,1591,SOUTH,electronics,245.63,0,5,Credit Card,Returned,0.0
102494,2023-07-10,1083,West,Clothing,616.97,0,0,UPI,delivered,0.0
102495,2023-11-04,1364,East,Electronics,994.06,4,10,Debit Card,Delivered,3578.616
102496,2023-09-13,1548,West,Electronics,952.4,5,0,UPI,Returned,5095.484281255037
102497,2023-07-02,1341,East,Electronics,577.05,3,0,Credit Card,Delivered,1731.1499999999999
102498,2023-04-27,1406,north,Clothng,921.86,4,5,COD,Cancelled,1838.9308721849418
102499,2023-10-09,1424,West,Home,1221.55,3,105,COD,Delivered,-183.23250000000016
102500,2023-07-15,1092,South,Clothng,44.3,3,5,COD,delivered,126.25499999999997
102501,2023-02-03,1411,north,Clothng,678.68,4,0,Credit Card,In Transit,2714.72
102502,2023-02-21,1431,SOUTH,Clothng,1139.04,6,105,Debit Card,delivered,-341.7120000000003
102503,2023-04-22,1158,East,Home,821.49,2,5,Credit Card,Cancelled,1560.831
102504,2023-09-09,1013,,Clothng,978.96,7,0,UPI,Delivered,6852.72
102505,2023-03-23,1372,SOUTH,electronics,777.43,1,0,COD,Returned,777.43
102506,2023-08-20,1224,West,Electronics,1487.85,3,0,UPI,delivered,4463.549999999999
102507,2023-08-15,1504,north,Electronics,86.66,7,5,Credit Card,Returned,576.289
102508,2023-08-21,1072,SOUTH,Clothing,739.11,6,5,credit card,Delivered,4212.927
102509,2023-08-09,1248,South,,141.67,0,0,credit card,Cancelled,0.0
102510,2023-02-11,1510,,electronics,243.88,4,0,Credit Card,delivered,975.52
102511,2023-01-21,1215,West,Home,577.64,5,0,Debit Card,Returned,2888.2
102512,2023-02-11,1540,north,,237.53,6,5,,delivered,1353.921
102513,2023-04-23,1219,SOUTH,Electronics,1445.71,2,0,UPI,delivered,2891.42
102514,2023-04-15,1220,north,Clothng,1420.45,7,0,Credit Card,Returned,9943.15
102515,2023-07-11,1388,north,Clothing,507.48,6,-5,Credit Card,Cancelled,3197.1240000000003
102516,2023-01-17,1553,SOUTH,Clothing,961.42,3,5,credit card,delivered,2740.0469999999996
102517,2023-04-30,1041,North,Electronics,802.96,5,0,COD,Cancelled,4014.8
102518,2023-05-09,1282,East,electronics,1224.3,6,10,COD,Cancelled,6611.219999999999
102519,2023-05-10,1057,West,,943.03,2,0,,Delivered,1886.06
102520,2023-03-01,1536,West,Clothing,5.38,7,15,Debit Card,Returned,22.10240696391872
102521,2023-02-17,1072,,Electronics,1145.95,6,15,Debit Card,Delivered,5844.345
102522,2023-01-29,1128,,electronics,1121.54,4,10,,In Transit,4037.544
102523,2023-04-07,1598,,Electronics,767.04,5,15,Debit Card,Delivered,3259.9199999999996
102524,2023-01-10,1425,West,Electronics,1354.86,0,0,credit card,delivered,0.0
102525,2023-08-30,1124,north,electronics,1363.13,3,15,Credit Card,delivered,3475.9815000000003
102526,2023-11-10,1066,,electronics,788.25,7,0,Debit Card,delivered,5517.75
102527,2023-08-20,1005,SOUTH,electronics,913.94,3,0,credit card,In Transit,2741.82
102528,2023-10-04,1313,East,Electronics,1494.8,5,-5,UPI,Cancelled,7847.700000000001
102529,2023-10-11,1325,South,Clothing,451.74,2,5,Credit Card,delivered,858.3059999999999
102530,2023-07-22,1564,West,Home,490.3,4,105,,Delivered,-98.06000000000009
102531,2023-09-04,1577,SOUTH,Home,278.25,6,0,UPI,Cancelled,1669.5
102532,2023-10-17,1505,East,Electronics,1344.32,7,5,COD,Delivered,8939.728
102533,2023-09-21,1081,East,Electronics,1118.01,6,0,COD,Delivered,6708.0599999999995
102534,2023-08-02,1598,North,Clothing,162.94,1,10,Credit Card,delivered,146.64600000000002
102535,2023-07-19,1001,SOUTH,electronics,1472.74,3,0,Debit Card,Delivered,4418.22
102536,2023-03-20,1203,West,Electronics,1097.79,6,0,Credit Card,In Transit,6586.74
102537,2023-12-09,1403,,Clothng,1276.53,0,0,Debit Card,Cancelled,0.0
102538,2023-12-10,1102,north,electronics,76.99,3,15,,delivered,196.32449999999997
102539,2023-06-22,1535,,Electronics,759.92,3,0,COD,delivered,2279.7599999999998
102540,2023-03-10,1367,East,Clothng,1049.4,1,20,Credit Card,Delivered,839.5200000000001
102541,2023-03-28,1211,East,,816.71,1,0,Credit Card,Delivered,816.71
102542,2023-04-11,1576,South,Clothing,1001.64,4,0,,Returned,4006.56
102543,2023-01-08,1208,,Clothng,1227.72,6,0,Debit Card,Returned,7366.32
102544,2023-11-29,1116,North,Electronics,564.63,6,105,COD,delivered,-169.38900000000012
102545,2023-07-19,1477,East,Home,1273.76,3,0,COD,delivered,3821.2799999999997
102546,2023-03-28,1104,East,Electronics,248.56,3,0,Debit Card,Delivered,745.6800000000001
102547,2023-02-12,1494,north,Home,409.97,2,15,,In Transit,696.9490000000001
102548,2023-04-19,1045,north,Clothing,69.8,2,0,Debit Card,In Transit,139.6
102549,2023-06-01,1330,South,Clothing,549.82,6,15,,Delivered,2804.082
102550,2023-01-17,1215,SOUTH,electronics,572.96,7,0,Debit Card,Returned,4010.7200000000003
102551,2023-05-13,1491,South,electronics,1208.88,5,5,COD,Returned,5742.18
102552,2023-05-28,1448,South,Home,981.43,5,0,COD,In Transit,4907.15
102553,2023-10-04,1535,north,Home,657.9,0,5,Credit Card,delivered,0.0
102554,2023-08-20,1510,,Clothing,979.91,6,15,,Delivered,4997.541
102555,2023-11-10,1457,,Clothng,83.91,6,15,COD,delivered,427.941
102556,2023-08-16,1546,,Home,274.51,6,5,,Returned,1564.7069999999999
102557,2023-05-19,1535,SOUTH,Home,942.29,0,-5,,In Transit,0.0
102558,2023-07-30,1539,north,Clothng,963.84,2,0,UPI,delivered,1927.68
102559,2023-01-28,1483,North,electronics,1162.33,5,0,UPI,Returned,5811.65
102560,2023-02-20,1015,West,electronics,607.48,6,10,Debit Card,Returned,3280.3920000000003
102561,2023-09-18,1570,West,Home,1085.22,0,10,,Returned,0.0
102562,2023-09-18,1242,North,electronics,1027.55,3,0,Debit Card,delivered,3082.6499999999996
102563,2023-12-16,1206,,electronics,1445.27,7,10,Debit Card,Cancelled,9105.201
102564,2023-12-18,1270,West,,326.62,5,0,Credit Card,In Transit,1633.1
102565,2023-01-08,1114,SOUTH,electronics,829.76,1,15,UPI,Returned,705.2959999999999
102566,2023-11-16,1579,north,Clothing,904.64,5,20,UPI,delivered,3618.56
102567,2023-05-18,1298,West,Electronics,1497.98,3,10,COD,Delivered,4044.5460000000007
102568,2023-02-07,1482,SOUTH,Home,305.77,2,0,UPI,In Transit,611.54
102569,2023-04-21,1396,north,Home,787.21,4,10,COD,Delivered,2833.956
102570,2023-08-08,1393,SOUTH,Clothing,522.55,4,15,,Delivered,1776.6699999999998
102571,2023-12-03,1074,North,Electronics,791.21,2,0,Credit Card,delivered,1582.42
102572,2023-08-11,1481,South,Electronics,352.03,7,5,Debit Card,Cancelled,2340.9995
102573,2023-05-16,1102,North,Clothing,76.18,3,105,Debit Card,delivered,-11.427000000000012
102574,2023-09-13,1296,West,Clothng,860.99,0,0,,delivered,0.0
102575,2023-12-26,1177,north,Clothng,507.1,5,0,COD,In Transit,2535.5
102576,2023-11-25,1214,SOUTH,Electronics,277.0,5,0,credit card,delivered,1385.0
102577,2023-02-18,1314,West,Clothng,489.28,0,10,,In Transit,0.0
102578,2023-10-19,1038,West,Clothng,78.67,4,-5,COD,Returned,330.41400000000004
102579,2023-11-20,1258,South,Clothng,1425.91,6,10,,In Transit,7699.914000000001
102580,2023-03-19,1006,,Electronics,873.82,6,0,Credit Card,delivered,5242.92
102581,2023-04-15,1048,West,Clothng,1223.08,2,10,,Returned,2201.544
102582,2023-06-18,1537,South,Home,637.56,6,10,,Returned,3830.0617112968416
102583,2023-08-05,1160,north,,1355.46,2,10,UPI,Cancelled,2439.828
102584,2023-04-29,1175,north,Electronics,727.56,6,0,COD,delivered,4365.36
102585,2023-07-09,1590,SOUTH,Clothing,863.05,1,10,Credit Card,Delivered,776.745
102586,2023-09-12,1001,,Clothng,740.23,4,5,Debit Card,delivered,2812.874
102587,2023-09-23,1454,South,electronics,1101.25,7,0,credit card,Delivered,7708.75
102588,2023-05-29,1275,North,Electronics,852.15,2,5,credit card,Cancelled,1619.0849999999998
102589,2023-06-13,1497,north,Clothing,411.04,1,105,COD,delivered,-20.55200000000002
102590,2023-05-20,1027,,,222.58,0,0,,Cancelled,0.0
102591,2023-12-13,1332,SOUTH,Home,911.16,4,105,UPI,Delivered,-182.23200000000014
102592,2023-09-15,1000,North,Clothing,736.32,4,0,,In Transit,2945.28
102593,2023-09-26,1187,north,Clothng,148.48,2,15,COD,delivered,252.41599999999997
102594,2023-06-30,1055,north,electronics,596.45,2,0,credit card,Returned,1192.9
102595,2023-06-09,1546,SOUTH,Clothng,774.59,3,0,credit card,Returned,2323.77
102596,2023-12-17,1111,SOUTH,Clothing,1241.21,6,10,,Cancelled,6702.534000000001
102597,2023-10-15,1309,East,Electronics,118.77,0,10,,In Transit,0.0
102598,2023-10-15,1035,West,electronics,526.0,0,15,,Returned,0.0
102599,2023-08-14,1438,West,electronics,1234.87,5,10,Debit Card,Returned,5556.915
102600,2023-01-11,1591,North,Clothing,974.39,1,10,UPI,delivered,876.951
102601,2023-01-10,1594,West,,438.49,7,-5,UPI,Returned,3222.9015000000004
102602,2023-09-28,1576,North,,1268.78,1,5,credit card,Delivered,1205.341
102603,2023-09-30,1324,,Clothng,742.47,3,0,credit card,Cancelled,2227.41
102604,2023-07-02,1306,north,Clothing,750.04,5,0,COD,Returned,4360.143326994936
102605,2023-06-02,1533,East,electronics,1465.0,0,0,COD,delivered,0.0
102606,2023-11-11,1108,East,Clothing,1420.94,6,15,Debit Card,Delivered,7246.793999999999
102607,2023-11-30,1371,north,electronics,541.01,6,0,credit card,Returned,3246.06
102608,2023-05-04,1356,SOUTH,Clothng,215.17,7,0,COD,Cancelled,1506.1899999999998
102609,2023-04-24,1180,South,Electronics,491.87,6,0,Debit Card,Cancelled,2951.2200000000003
102610,2023-10-05,1355,South,Electronics,50.57,6,10,UPI,Cancelled,273.07800000000003
102611,2023-08-01,1067,West,Clothing,36.05,1,0,credit card,Returned,36.05
102612,2023-06-21,1291,SOUTH,electronics,596.31,0,0,Credit Card,Delivered,0.0
102613,2023-10-15,1180,North,Electronics,1411.82,6,10,credit card,In Transit,5020.368768979749
102614,2023-06-23,1465,,electronics,1307.68,0,15,COD,Cancelled,0.0
102615,2023-04-23,1433,East,Clothng,769.61,5,0,credit card,Delivered,3848.05
102616,2023-05-02,1463,West,Clothing,850.01,1,10,Credit Card,delivered,765.009
102617,2023-02-01,1533,north,electronics,13.87,2,0,credit card,delivered,27.74
102618,2023-08-10,1065,SOUTH,Clothing,327.17,2,-5,COD,Delivered,687.057
102619,2023-04-29,1020,East,electronics,42.04,5,0,UPI,delivered,210.2
102620,2023-02-08,1383,North,,1133.04,1,105,COD,delivered,-56.65200000000005
102621,2023-09-25,1558,North,,222.74,7,105,Debit Card,Cancelled,-77.95900000000007
102622,2023-08-21,1038,South,electronics,1304.23,3,15,COD,Returned,3325.7865
102623,2023-01-18,1284,West,Clothng,966.77,4,0,Debit Card,Returned,3867.08
102624,2023-05-29,1596,north,Clothing,347.98,5,5,credit card,Returned,1652.905
102625,2023-05-29,1335,East,Home,240.79,0,0,Debit Card,Returned,0.0
102626,2023-05-06,1187,,electronics,943.3,5,20,,Delivered,3773.2000000000003
102627,2023-10-29,1242,North,electronics,1351.75,4,15,credit card,Cancelled,4595.95
102628,2023-12-26,1072,East,,1078.95,7,105,Debit Card,Delivered,-377.6325000000004
102629,2023-08-26,1478,north,Electronics,526.08,5,10,COD,delivered,2367.36
102630,2023-05-15,1560,East,,883.14,1,5,Credit Card,Cancelled,838.983
102631,2023-05-31,1100,West,Clothing,469.59,0,5,credit card,In Transit,0.0
102632,2023-08-24,1513,South,,1498.73,4,0,Debit Card,Returned,5994.92
102633,2023-08-12,1175,East,Home,1124.51,6,5,Credit Card,delivered,6409.706999999999
102634,2023-07-22,1237,SOUTH,Clothng,923.5,2,10,Debit Card,Returned,2431.1875768041095
102635,2023-09-13,1058,South,Home,637.77,3,-5,Debit Card,Returned,2008.9755
102636,2023-03-27,1098,north,Clothng,929.14,5,10,Debit Card,Returned,4181.13
102637,2023-05-30,1494,South,Home,515.72,5,20,COD,In Transit,2062.8800000000006
102638,2023-08-23,1513,East,,48.15,4,20,Debit Card,delivered,109.88715112039564
102639,2023-12-11,1296,East,Home,595.66,3,5,Credit Card,Returned,1697.6309999999999
102640,2023-01-22,1210,SOUTH,,1396.07,5,0,,Returned,6980.349999999999
102641,2023-12-14,1122,North,,941.32,7,10,Debit Card,Cancelled,5930.316000000001
102642,2023-10-12,1228,SOUTH,Clothing,130.51,2,5,,Returned,247.96899999999997
102643,2023-09-26,1593,East,,1328.07,4,0,UPI,Cancelled,5312.28
102644,2023-09-15,1387,,Electronics,406.97,1,0,credit card,delivered,406.97
102645,2023-01-29,1139,South,Home,369.44,0,105,COD,delivered,-0.0
102646,2023-08-01,1540,SOUTH,electronics,449.15,2,0,UPI,delivered,898.3
102647,2023-10-10,1390,SOUTH,electronics,867.92,3,10,UPI,Cancelled,2343.384
102648,2023-02-19,1269,,electronics,819.31,3,20,Credit Card,In Transit,1966.344
102649,2023-04-05,1011,,Electronics,739.66,2,10,Credit Card,In Transit,1331.388
102650,2023-03-29,1388,,,1077.72,6,10,,Returned,5819.688
102651,2023-02-13,1336,North,Home,478.22,1,15,,delivered,406.487
102652,2023-10-05,1505,East,Clothng,1174.19,5,5,COD,Delivered,5577.4025
102653,2023-06-20,1105,East,Clothng,267.11,1,0,COD,Returned,267.11
102654,2023-07-08,1031,north,Clothing,1175.02,5,105,credit card,In Transit,-293.7550000000003
102655,2023-12-19,1073,North,Electronics,997.4,5,5,Debit Card,In Transit,4737.65
102656,2023-07-03,1170,north,Home,1026.4,3,10,COD,delivered,2771.28
102657,2023-01-03,1068,north,,724.92,5,5,COD,Cancelled,3443.37
102658,2023-07-10,1361,north,electronics,1002.17,2,0,,Returned,2004.34
102659,2023-04-28,1432,West,Electronics,124.3,6,105,Debit Card,Cancelled,-37.29000000000003
102660,2023-01-19,1099,north,Electronics,1278.07,5,15,credit card,In Transit,5431.7975
102661,2023-01-23,1008,SOUTH,Home,88.04,2,0,Credit Card,delivered,176.08
102662,2023-01-30,1573,South,,227.37,0,105,credit card,In Transit,-0.0
102663,2023-10-22,1028,SOUTH,Clothing,867.3,3,15,Debit Card,delivered,2211.615
102664,2023-04-18,1113,SOUTH,,1110.42,7,5,Credit Card,Delivered,7384.293000000001
102665,2023-10-08,1461,East,Clothing,119.0,1,10,Credit Card,Cancelled,107.10000000000001
102666,2023-05-08,1142,West,Clothing,1381.54,4,0,Credit Card,Returned,5526.16
102667,2023-08-17,1389,north,electronics,1460.54,1,10,credit card,delivered,1314.486
102668,2023-04-21,1156,East,electronics,910.9,1,0,,Delivered,910.9
102669,2023-05-16,1334,North,Home,724.46,6,5,Debit Card,Delivered,4129.422
102670,2023-12-28,1259,North,,1113.39,7,10,credit card,Cancelled,7014.357000000001
102671,2023-07-05,1081,East,Clothing,495.89,4,20,credit card,delivered,1586.848
102672,2023-05-24,1440,South,Home,742.43,6,15,UPI,Returned,3786.393
102673,2023-03-13,1171,East,Clothing,1374.65,7,0,COD,Returned,9622.550000000001
102674,2023-05-09,1230,East,Electronics,1433.7,3,20,credit card,Returned,3440.8800000000006
102675,2023-12-30,1074,West,Clothng,1390.97,5,10,UPI,In Transit,6259.365000000001
102676,2023-09-18,1269,North,Clothng,397.36,0,10,,In Transit,0.0
102677,2023-01-03,1061,North,Clothing,352.54,1,0,,delivered,352.54
102678,2023-04-14,1319,north,Home,450.01,6,20,Debit Card,Returned,2160.0480000000002
102679,2023-08-12,1101,SOUTH,electronics,664.76,5,-5,UPI,Delivered,3489.9900000000002
102680,2023-11-16,1428,East,,474.68,1,15,credit card,Returned,632.5304452883872
102681,2023-12-28,1254,East,Clothing,564.45,3,-5,Debit Card,delivered,1778.0175000000002
102682,2023-12-20,1531,South,Clothing,932.85,3,0,UPI,Returned,2798.55
102683,2023-01-10,1569,,,1144.98,2,20,credit card,Cancelled,1831.968
102684,2023-10-29,1111,,electronics,1104.66,3,5,Debit Card,Returned,3148.2810000000004
102685,2023-08-19,1312,North,Clothing,1222.56,7,0,Debit Card,Delivered,8557.92
102686,2023-08-07,1460,South,Electronics,53.12,3,10,COD,delivered,143.42399999999998
102687,2023-03-07,1461,West,electronics,76.36,1,10,,delivered,68.724
102688,2023-04-22,1091,north,Electronics,1185.13,0,0,credit card,Delivered,0.0
102689,2023-01-13,1051,South,Clothng,801.95,6,0,COD,delivered,4811.700000000001
102690,2023-03-27,1519,North,,869.32,1,0,Debit Card,Returned,869.32
102691,2023-08-22,1097,West,electronics,83.62,6,0,Debit Card,delivered,501.72
102692,2023-03-31,1235,East,electronics,386.69,5,0,UPI,Returned,1933.45
102693,2023-11-10,1373,West,Home,959.34,6,0,COD,delivered,5756.04
102694,2023-02-23,1580,SOUTH,Home,1289.48,3,0,Credit Card,Returned,3868.44
102695,2023-01-12,1556,South,,1375.89,2,105,credit card,Returned,-137.58900000000014
102696,2023-07-28,1233,North,electronics,753.13,0,15,,Delivered,0.0
102697,2023-01-14,1031,South,Clothng,820.48,2,0,COD,Delivered,1640.96
102698,2023-05-01,1288,East,Clothing,1250.41,4,105,Debit Card,In Transit,-250.08200000000025
102699,2023-01-20,1578,,,808.75,2,10,UPI,Delivered,1455.75
102700,2023-03-16,1541,East,,777.7,7,5,credit card,Returned,5171.705
102701,2023-08-31,1113,North,Home,1358.1,2,5,,Returned,1968.6172781937303
102702,2023-08-11,1203,SOUTH,Clothng,1185.95,5,5,credit card,delivered,5633.2625
102703,2023-03-11,1028,north,,1364.06,3,0,UPI,delivered,4092.18
102704,2023-11-08,1473,West,Clothng,331.28,7,0,Debit Card,In Transit,2318.96
102705,2023-07-30,1252,West,,788.94,5,5,,Returned,3747.465
102706,2023-04-11,1385,East,Home,1264.5,3,5,Credit Card,In Transit,3603.825
102707,2023-07-05,1061,South,Clothing,171.17,7,15,UPI,Returned,1018.4614999999998
102708,2023-05-12,1514,,Home,1193.02,5,0,Credit Card,Delivered,5965.1
102709,2023-04-21,1429,South,,278.55,3,15,COD,delivered,710.3025
102710,2023-05-12,1579,SOUTH,Clothng,1213.14,7,10,credit card,In Transit,7642.782000000001
102711,2023-01-20,1536,north,Electronics,919.94,7,105,,Cancelled,-321.97900000000027
102712,2023-01-24,1140,South,Home,293.89,7,0,Debit Card,Returned,2057.23
102713,2023-08-15,1299,West,Clothng,712.66,6,-5,Credit Card,Delivered,4489.758
102714,2023-06-03,1310,,Home,1024.45,3,20,Debit Card,Cancelled,2458.6800000000003
102715,2023-10-20,1470,South,,952.61,7,10,COD,Delivered,6001.443
102716,2023-08-18,1392,,Clothng,643.73,3,10,Credit Card,Delivered,1738.0710000000001
102717,2023-11-06,1444,north,Clothing,1349.55,2,0,Debit Card,Returned,2699.1
102718,2023-12-25,1171,West,Clothng,781.3,4,105,Debit Card,Delivered,-219.97085184459667
102719,2023-07-21,1575,,electronics,761.27,3,0,COD,In Transit,2283.81
102720,2023-02-07,1030,South,Electronics,98.06,4,10,UPI,Cancelled,353.016
102721,2023-09-17,1046,West,,1383.57,4,0,,Delivered,5534.28
102722,2023-07-07,1129,East,Clothng,269.79,1,5,COD,Delivered,256.3005
102723,2023-02-26,1351,East,,794.88,1,10,Credit Card,delivered,715.392
102724,2023-01-20,1580,SOUTH,Home,1206.33,0,-5,Credit Card,delivered,0.0
102725,2023-09-30,1057,East,Home,327.1,6,5,credit card,In Transit,1864.47
102726,2023-04-29,1105,South,Clothng,793.42,7,105,Debit Card,delivered,-159.2702403140069
102727,2023-03-12,1329,north,electronics,364.82,7,10,,Delivered,2298.366
102728,2023-01-04,1382,West,Clothng,1140.74,7,0,Credit Card,Delivered,7985.18
102729,2023-08-09,1161,,Clothing,848.69,5,0,UPI,Cancelled,4243.450000000001
102730,2023-01-14,1285,North,electronics,1284.68,1,15,UPI,delivered,1091.978
102731,2023-01-03,1070,East,,1342.36,3,0,COD,Returned,4027.08
102732,2023-08-04,1453,East,Clothng,974.86,4,5,Credit Card,delivered,3704.468
102733,2023-08-17,1566,North,,1089.46,5,0,,Delivered,5447.3
102734,2023-12-02,1396,,Electronics,826.08,7,5,,Cancelled,5706.766387911846
102735,2023-07-05,1514,,electronics,579.72,0,15,Credit Card,delivered,0.0
102736,2023-02-24,1025,North,Clothng,973.94,7,5,credit card,Cancelled,6476.701
102737,2023-09-11,1312,,Electronics,1362.89,1,0,credit card,delivered,1362.89
102738,2023-01-24,1125,South,Clothng,627.94,2,0,credit card,In Transit,1255.88
102739,2023-06-11,1407,,Clothing,475.04,6,0,Credit Card,Delivered,2850.2400000000002
102740,2023-06-07,1564,West,Home,585.71,5,0,COD,Delivered,2928.55
102741,2023-03-23,1197,,,655.92,0,10,,Returned,0.0
102742,2023-06-08,1187,East,Clothng,114.97,3,10,COD,Delivered,310.419
102743,2023-07-07,1483,north,electronics,750.17,5,0,COD,Returned,3750.85
102744,2023-03-01,1449,South,Clothng,744.0,4,5,COD,Delivered,2827.2
102745,2023-11-01,1522,South,Clothng,884.72,3,5,UPI,delivered,2521.4519999999998
102746,2023-11-15,1353,,Clothng,547.42,3,0,Credit Card,delivered,1642.2599999999998
102747,2023-07-30,1596,north,Clothng,921.6,5,10,Debit Card,In Transit,5472.342097650556
102748,2023-06-01,1099,north,electronics,1317.93,7,0,Credit Card,delivered,9225.51
102749,2023-04-19,1557,SOUTH,electronics,1433.43,2,5,COD,Cancelled,2723.517
102750,2023-03-17,1555,north,Clothng,877.5,2,15,UPI,delivered,1491.75
102751,2023-01-30,1277,,Home,68.67,7,0,UPI,Returned,480.69
102752,2023-11-10,1490,,Clothng,1454.01,5,10,Credit Card,In Transit,6830.195800140918
102753,2023-04-27,1254,North,,1060.26,7,5,Debit Card,Cancelled,4398.386486134412
102754,2023-12-22,1380,East,,507.27,5,0,COD,Cancelled,2536.35
102755,2023-07-11,1541,SOUTH,electronics,225.0,5,15,UPI,Delivered,956.25
102756,2023-01-19,1263,,,219.41,6,10,COD,Returned,1184.814
102757,2023-06-22,1328,North,,255.78,6,5,COD,delivered,1457.946
102758,2023-08-16,1114,SOUTH,Clothing,73.13,4,10,,delivered,263.268
102759,2023-12-16,1275,East,Clothng,1353.72,1,20,COD,Delivered,1082.976
102760,2023-07-02,1487,SOUTH,Clothng,813.45,3,105,credit card,delivered,-122.01750000000013
102761,2023-04-23,1280,North,Clothng,1051.44,5,10,,Cancelled,4731.4800000000005
102762,2023-07-02,1274,West,Clothng,1243.02,6,20,COD,delivered,5966.496
102763,2023-05-26,1327,,Electronics,1188.35,1,0,COD,delivered,1188.35
102764,2023-11-15,1210,East,Clothng,1324.5,4,5,Debit Card,Cancelled,5033.099999999999
102765,2023-04-26,1551,South,electronics,1451.05,3,0,,Returned,4353.15
102766,2023-04-23,1025,East,electronics,661.41,1,0,,Returned,661.41
102767,2023-09-08,1026,East,Electronics,1425.75,3,5,Debit Card,Cancelled,4063.3875
102768,2023-09-08,1082,East,Clothng,1086.32,7,15,credit card,Cancelled,3150.331183645075
102769,2023-10-30,1412,West,Home,110.65,2,5,,In Transit,210.235
102770,2023-11-09,1166,,Clothng,1024.27,5,10,credit card,In Transit,4609.215
102771,2023-04-28,1168,North,electronics,1031.64,7,5,COD,delivered,6860.406
102772,2023-10-28,1228,,Clothing,1359.26,2,5,UPI,delivered,2582.594
102773,2023-06-10,1366,South,,562.53,0,0,UPI,In Transit,0.0
102774,2023-07-17,1527,North,Clothing,879.44,4,0,Credit Card,delivered,3517.76
102775,2023-09-17,1537,SOUTH,Home,23.22,5,0,UPI,Returned,116.1
102776,2023-05-28,1523,SOUTH,Clothng,501.45,7,10,UPI,Returned,3159.135
102777,2023-08-28,1071,SOUTH,Electronics,98.05,1,0,Debit Card,Delivered,98.05
102778,2023-02-16,1105,North,Clothng,785.2,3,0,Credit Card,In Transit,2355.6000000000004
102779,2023-07-17,1281,north,Home,1227.08,6,10,Credit Card,Returned,6626.232
102780,2023-02-16,1132,West,Home,313.63,0,5,Debit Card,Delivered,0.0
102781,2023-03-19,1533,north,,793.52,4,5,UPI,Cancelled,3015.3759999999997
102782,2023-05-04,1268,,Home,309.99,4,0,UPI,Returned,1239.96
102783,2023-03-16,1411,SOUTH,Clothing,185.43,4,5,Credit Card,Delivered,704.634
102784,2023-12-25,1017,West,,768.94,1,15,UPI,delivered,482.23799750685464
102785,2023-05-17,1116,North,Clothng,123.33,7,20,Credit Card,Delivered,690.648
102786,2023-03-31,1143,SOUTH,Clothng,883.1,5,15,UPI,Returned,3753.1749999999997
102787,2023-11-21,1550,North,Electronics,51.85,2,0,COD,delivered,103.7
102788,2023-03-02,1421,West,Home,164.54,0,10,Debit Card,delivered,0.0
102789,2023-05-18,1368,North,Home,827.25,7,0,,Delivered,5790.75
102790,2023-02-19,1557,North,electronics,889.15,1,0,credit card,Delivered,889.15
102791,2023-09-16,1049,South,,48.34,3,0,COD,Returned,145.02
102792,2023-04-17,1105,,electronics,862.2,1,15,UPI,delivered,732.87
102793,2023-04-23,1215,north,,1258.56,3,10,credit card,In Transit,3398.112
102794,2023-12-16,1424,north,Clothing,1084.86,3,10,,Delivered,2929.122
102795,2023-09-11,1071,north,,201.12,4,10,COD,In Transit,724.032
102796,2023-04-28,1445,East,Clothng,890.75,1,0,,In Transit,890.75
102797,2023-07-17,1185,South,Electronics,1010.02,2,5,Debit Card,delivered,1919.0379999999998
102798,2023-12-03,1069,SOUTH,,60.66,3,10,credit card,Returned,163.78199999999998
102799,2023-12-31,1149,SOUTH,,1283.74,6,10,,In Transit,6932.196000000001
102800,2023-02-20,1245,SOUTH,,1359.87,4,15,credit card,Returned,4623.557999999999
102801,2023-09-02,1537,north,Electronics,1276.43,2,0,Debit Card,Delivered,2552.86
102802,2023-02-04,1098,,Home,1237.82,7,15,,delivered,7365.0289999999995
102803,2023-10-29,1277,north,Electronics,1118.72,7,5,COD,Cancelled,7439.487999999999
102804,2023-03-10,1562,,Home,951.98,7,10,credit card,delivered,5997.474000000001
102805,2023-12-15,1454,South,Clothng,1019.55,1,5,,Cancelled,968.5724999999999
102806,2023-11-16,1103,,Electronics,1210.56,2,-5,Debit Card,Delivered,2542.176
102807,2023-02-18,1232,North,Home,995.44,1,0,,Returned,1128.788112307233
102808,2023-03-15,1393,north,Clothng,494.95,3,10,,Delivered,1336.365
102809,2023-07-11,1500,SOUTH,Clothng,567.06,7,10,COD,delivered,3572.4779999999996
102810,2023-09-18,1250,North,Home,1346.1,0,0,UPI,Cancelled,0.0
102811,2023-12-22,1520,north,Home,30.6,0,0,Credit Card,Cancelled,0.0
102812,2023-03-11,1078,West,Clothing,1049.74,7,15,UPI,delivered,9200.724316428288
102813,2023-03-31,1051,East,Clothng,1432.39,5,0,UPI,delivered,7161.950000000001
102814,2023-09-17,1225,north,Home,1060.81,5,0,Credit Card,Delivered,5304.049999999999
102815,2023-05-06,1050,West,Clothng,1490.9,3,105,,In Transit,-223.63500000000025
102816,2023-08-19,1185,South,Electronics,1032.88,2,15,UPI,Cancelled,1755.8960000000002
102817,2023-10-22,1033,West,electronics,56.37,1,0,UPI,delivered,56.37
102818,2023-05-09,1130,South,electronics,1241.38,7,10,Debit Card,Delivered,7820.694
102819,2023-10-07,1442,north,,430.52,0,5,Debit Card,In Transit,0.0
102820,2023-11-09,1431,South,Home,671.86,7,20,COD,Returned,5013.303156137695
102821,2023-04-10,1496,West,Home,471.58,1,15,credit card,delivered,400.84299999999996
102822,2023-11-22,1402,,Clothng,406.49,3,20,,In Transit,975.576
102823,2023-10-24,1322,East,,649.95,2,0,COD,Returned,1299.9
102824,2023-07-01,1209,North,Home,571.23,6,10,Debit Card,Returned,3084.6420000000003
102825,2023-06-23,1328,North,Clothng,951.84,1,0,Debit Card,Delivered,852.096038134265
102826,2023-11-12,1371,East,Home,1220.66,7,0,Credit Card,Cancelled,8544.62
102827,2023-12-30,1459,SOUTH,Clothng,449.15,2,15,Credit Card,delivered,763.555
102828,2023-07-07,1132,North,Home,324.51,6,0,Debit Card,In Transit,1947.06
102829,2023-02-26,1120,north,Clothing,1002.01,0,10,UPI,Returned,0.0
102830,2023-01-31,1451,SOUTH,Clothng,1007.13,1,20,COD,Cancelled,805.7040000000001
102831,2023-03-25,1128,north,Clothing,1352.19,4,0,Debit Card,Returned,5408.76
102832,2023-06-01,1090,West,Clothing,28.84,0,0,,delivered,0.0
102833,2023-02-05,1574,West,Clothing,1280.3,2,15,Debit Card,delivered,2176.5099999999998
102834,2023-08-01,1028,SOUTH,Clothing,783.9,3,-5,Credit Card,Delivered,2469.285
102835,2023-12-30,1523,SOUTH,Electronics,933.85,4,15,COD,delivered,3175.09
102836,2023-04-16,1332,SOUTH,,141.6,5,10,COD,delivered,637.2
102837,2023-12-08,1296,SOUTH,electronics,651.76,1,0,credit card,delivered,651.76
102838,2023-08-08,1129,South,Electronics,344.82,7,0,Debit Card,Cancelled,2413.74
102839,2023-06-12,1292,,Home,385.07,5,10,credit card,In Transit,1732.815
102840,2023-08-08,1172,SOUTH,Home,758.62,0,0,Credit Card,In Transit,0.0
102841,2023-09-27,1023,,,1219.62,7,20,credit card,delivered,6829.872
102842,2023-04-30,1098,SOUTH,electronics,1116.95,1,5,UPI,In Transit,1061.1025
102843,2023-12-02,1405,West,electronics,888.54,1,5,Debit Card,delivered,844.1129999999999
102844,2023-07-01,1355,north,electronics,811.43,4,15,Debit Card,In Transit,2758.8619999999996
102845,2023-04-16,1138,,Clothing,643.82,4,15,COD,In Transit,2188.9880000000003
102846,2023-08-05,1502,West,Electronics,1459.2,4,10,credit card,Returned,5253.12
102847,2023-07-24,1173,North,Home,842.49,4,-5,COD,Cancelled,3538.458
102848,2023-03-11,1028,South,Electronics,384.68,3,105,,Returned,-57.70200000000005
102849,2023-02-13,1495,South,Electronics,348.99,7,-5,credit card,Returned,2565.0765000000006
102850,2023-11-25,1350,north,Electronics,918.97,7,20,credit card,In Transit,5146.232
102851,2023-10-28,1553,SOUTH,electronics,786.63,2,15,Credit Card,Delivered,1337.271
102852,2023-08-16,1298,West,,16.51,4,10,credit card,Delivered,59.43600000000001
102853,2023-07-03,1191,North,,1245.95,0,0,COD,Cancelled,0.0
102854,2023-04-17,1063,West,electronics,1057.66,7,0,,delivered,7403.620000000001
102855,2023-03-25,1214,SOUTH,Home,994.43,1,0,credit card,In Transit,994.43
102856,2023-12-04,1165,SOUTH,Home,107.83,5,0,credit card,Cancelled,539.15
102857,2023-09-07,1542,East,Home,546.27,4,5,Debit Card,Returned,2075.826
102858,2023-12-29,1231,West,,1403.4,0,0,Debit Card,In Transit,0.0
102859,2023-01-21,1540,north,,1294.57,3,-5,,Returned,4077.8955
102860,2023-07-15,1194,West,Electronics,431.89,0,20,Debit Card,Cancelled,0.0
102861,2023-06-27,1505,South,electronics,239.8,5,0,UPI,Delivered,1199.0
102862,2023-01-07,1333,North,Clothing,676.39,5,0,Debit Card,Cancelled,3381.95
102863,2023-03-11,1303,,Electronics,536.97,0,20,UPI,In Transit,0.0
102864,2023-05-07,1436,north,Clothng,1024.93,3,20,,In Transit,2459.8320000000003
102865,2023-06-09,1322,East,,1449.82,7,-5,UPI,delivered,10656.177
102866,2023-09-05,1501,North,Electronics,547.69,5,105,,Delivered,-136.92250000000013
102867,2023-07-22,1392,North,electronics,98.03,3,105,COD,In Transit,-14.704500000000015
102868,2023-05-28,1598,,Clothng,1346.93,1,5,Debit Card,Delivered,1123.6946619620073
102869,2023-05-23,1148,South,Electronics,61.73,4,0,credit card,In Transit,84.94423124922521
102870,2023-07-18,1404,South,electronics,1429.39,5,15,Credit Card,Delivered,2205.49332249504
102871,2023-06-03,1282,South,electronics,998.55,0,0,credit card,Cancelled,0.0
102872,2023-05-22,1361,north,,1412.83,7,20,Debit Card,Delivered,6605.956000496017
102873,2023-11-09,1378,West,Clothing,303.49,2,5,credit card,Returned,576.631
102874,2023-06-14,1197,North,Electronics,65.85,2,15,Debit Card,Cancelled,111.945
102875,2023-11-10,1555,West,electronics,734.87,6,0,Debit Card,In Transit,4409.22
102876,2023-01-21,1355,West,Home,678.68,1,5,credit card,In Transit,644.7459999999999
102877,2023-03-23,1539,South,electronics,500.58,2,10,UPI,delivered,901.044
102878,2023-03-10,1428,West,Clothing,1436.7,1,-5,COD,Returned,1508.535
102879,2023-05-11,1016,North,electronics,1234.76,7,0,COD,delivered,8643.32
102880,2023-03-28,1378,North,,994.07,4,-5,COD,Cancelled,4175.094
102881,2023-08-06,1505,SOUTH,Electronics,248.47,6,20,COD,delivered,1192.656
102882,2023-11-01,1075,East,,1102.81,1,15,Credit Card,Cancelled,937.3884999999999
102883,2023-12-11,1230,north,Electronics,1091.88,3,15,,delivered,2784.2940000000003
102884,2023-12-07,1247,West,Clothng,640.48,3,10,Debit Card,Delivered,1729.296
102885,2023-06-10,1301,north,Electronics,1387.55,6,0,Credit Card,Cancelled,8325.3
102886,2023-06-27,1214,north,Clothng,254.63,7,0,COD,Cancelled,1782.4099999999999
102887,2023-04-27,1157,north,,404.67,7,20,COD,Delivered,2266.152
102888,2023-07-15,1068,,Home,99.52,3,15,credit card,Delivered,253.77599999999998
102889,2023-11-23,1392,SOUTH,Clothing,1194.2,5,0,COD,Returned,5971.0
102890,2023-03-27,1084,north,Home,934.53,3,10,Debit Card,Delivered,2523.231
102891,2023-10-16,1266,SOUTH,Clothng,475.84,3,5,COD,delivered,1356.144
102892,2023-03-22,1068,North,electronics,249.9,7,0,COD,Delivered,1749.3
102893,2023-06-01,1346,,electronics,65.02,3,5,Credit Card,Delivered,115.47903412660995
102894,2023-03-02,1422,West,Home,254.28,3,0,Debit Card,Cancelled,464.1256088946105
102895,2023-03-02,1173,SOUTH,electronics,682.66,5,0,UPI,Cancelled,3413.2999999999997
102896,2023-12-20,1114,East,Clothng,374.53,3,5,credit card,Delivered,1067.4105
102897,2023-01-28,1219,north,,392.18,3,10,UPI,Returned,1058.886
102898,2023-02-12,1030,,Clothing,1313.99,4,0,,Cancelled,5255.96
102899,2023-06-18,1522,East,Electronics,775.13,7,5,Credit Card,delivered,5154.6145
102900,2023-03-27,1342,North,Clothng,1095.23,7,0,COD,delivered,7666.610000000001
102901,2023-06-26,1376,North,Clothng,58.39,5,0,credit card,Delivered,291.95
102902,2023-01-17,1129,South,Electronics,550.92,3,0,,Delivered,1652.7599999999998
102903,2023-04-08,1538,north,Electronics,721.36,1,0,,Returned,721.36
102904,2023-07-17,1001,South,Clothing,283.69,6,0,Debit Card,Delivered,1702.1399999999999
102905,2023-04-08,1100,,Clothing,184.69,7,20,credit card,In Transit,1034.264
102906,2023-03-06,1532,East,Clothing,1306.1,4,5,,In Transit,4963.179999999999
102907,2023-11-26,1057,West,electronics,1409.45,5,0,Credit Card,Delivered,7047.25
102908,2023-12-07,1388,South,Clothng,122.82,2,0,COD,In Transit,245.64
102909,2023-01-05,1340,North,,526.78,0,0,Credit Card,delivered,0.0
102910,2023-01-02,1019,north,Electronics,1437.64,5,15,,Delivered,6109.97
102911,2023-01-22,1254,East,Clothng,129.33,6,0,Debit Card,delivered,775.98
102912,2023-04-22,1316,SOUTH,Clothng,967.24,4,0,UPI,delivered,3868.96
102913,2023-02-26,1037,,Clothing,1458.47,3,5,COD,In Transit,4156.639499999999
102914,2023-03-07,1536,,Clothing,1467.44,4,10,COD,Returned,5282.784000000001
102915,2023-11-26,1385,North,Clothng,709.48,0,0,Credit Card,delivered,0.0
102916,2023-04-08,1025,SOUTH,Clothing,248.31,0,10,Credit Card,In Transit,0.0
102917,2023-05-24,1453,,electronics,307.12,5,0,Credit Card,Returned,1535.6
102918,2023-05-05,1322,West,Electronics,1334.95,3,0,,In Transit,4004.8500000000004
102919,2023-06-16,1512,north,Clothng,1367.97,3,10,COD,In Transit,3693.519
102920,2023-03-27,1012,West,Electronics,913.78,1,15,Credit Card,Delivered,776.713
102921,2023-03-17,1559,,electronics,1150.43,0,10,credit card,Cancelled,0.0
102922,2023-12-10,1370,West,Clothing,1111.2,3,0,,Returned,3333.6000000000004
102923,2023-10-21,1290,,Home,994.42,0,5,,In Transit,0.0
102924,2023-02-28,1331,north,electronics,1241.78,7,0,credit card,delivered,8692.46
102925,2023-05-18,1260,north,Home,1029.68,1,15,credit card,delivered,875.2280000000001
102926,2023-04-09,1204,SOUTH,Electronics,803.33,2,10,,Cancelled,1407.5330976076227
102927,2023-07-11,1386,West,Clothng,359.25,0,0,COD,Returned,0.0
102928,2023-08-31,1467,East,Clothing,1117.11,7,10,Credit Card,Delivered,7037.793
102929,2023-11-15,1414,SOUTH,electronics,712.79,7,10,Debit Card,Returned,4490.577
102930,2023-02-18,1068,north,Clothing,445.71,7,0,Credit Card,delivered,3130.1268342608278
102931,2023-02-01,1471,North,Home,1203.91,1,20,COD,delivered,963.1280000000002
102932,2023-10-04,1103,,Home,1046.59,1,20,credit card,Delivered,837.2719999999999
102933,2023-01-20,1160,SOUTH,,1406.32,6,0,COD,Delivered,8437.92
102934,2023-06-03,1199,South,Clothng,252.34,1,-5,Credit Card,delivered,264.957
102935,2023-03-09,1215,East,Home,975.54,4,5,COD,In Transit,3707.0519999999997
102936,2023-08-02,1211,,Clothng,370.14,5,15,Debit Card,In Transit,1573.0949999999998
102937,2023-05-23,1507,SOUTH,,1355.86,3,20,COD,Delivered,3254.0640000000003
102938,2023-08-20,1015,north,electronics,153.75,0,5,UPI,In Transit,0.0
102939,2023-08-01,1497,north,,985.96,5,0,COD,Delivered,4929.8
102940,2023-03-20,1331,East,Clothng,1187.67,4,-5,Credit Card,Returned,4988.214000000001
102941,2023-08-02,1550,South,Home,535.6,0,0,UPI,Returned,0.0
102942,2023-04-26,1255,SOUTH,Electronics,1431.44,5,0,credit card,Returned,7157.200000000001
102943,2023-04-02,1171,SOUTH,Clothng,1276.84,4,0,Credit Card,Delivered,5107.36
102944,2023-09-27,1497,West,Clothing,445.45,7,20,,Delivered,2494.5200000000004
102945,2023-06-17,1470,North,Electronics,16.27,3,-5,Debit Card,In Transit,51.2505
102946,2023-02-27,1383,north,Clothng,448.5,1,0,COD,In Transit,448.5
102947,2023-10-11,1588,SOUTH,Clothing,425.56,5,20,COD,In Transit,1702.2400000000002
102948,2023-01-26,1506,SOUTH,,1335.5,7,0,Credit Card,Cancelled,9348.5
102949,2023-03-07,1526,,Electronics,1450.85,5,105,COD,Delivered,-362.7125000000003
102950,2023-09-05,1324,,Clothng,110.31,7,10,COD,Returned,694.9530000000001
102951,2023-09-11,1213,SOUTH,electronics,709.59,0,0,credit card,Returned,0.0
102952,2023-02-13,1207,South,,824.76,1,0,COD,Cancelled,824.76
102953,2023-04-07,1168,North,Clothing,143.9,6,0,COD,Cancelled,863.4000000000001
102954,2023-02-11,1329,SOUTH,electronics,569.36,3,0,credit card,Returned,1708.08
102955,2023-08-15,1279,East,Home,479.04,7,15,,Delivered,2850.288
102956,2023-09-19,1304,north,,806.4,0,0,COD,Returned,0.0
102957,2023-06-16,1145,West,,993.48,2,105,,Returned,-99.34800000000008
102958,2023-10-06,1515,,Clothng,1056.71,2,10,credit card,Cancelled,1902.0780000000002
102959,2023-03-30,1089,East,Clothng,209.45,2,10,Debit Card,Cancelled,377.01
102960,2023-06-27,1452,north,Clothing,1220.36,3,0,COD,In Transit,3661.08
102961,2023-07-16,1059,,,1019.42,7,20,Credit Card,Cancelled,5708.752
102962,2023-11-03,1310,South,Clothng,1334.17,2,10,UPI,Returned,2401.5060000000003
102963,2023-09-24,1527,,Home,676.76,5,20,Debit Card,In Transit,2707.0400000000004
102964,2023-09-25,1226,North,Clothng,1341.37,6,105,COD,Returned,-402.41100000000034
102965,2023-03-15,1473,North,,1299.33,0,0,Credit Card,Delivered,0.0
102966,2023-01-08,1540,north,Electronics,660.42,6,0,UPI,Delivered,3962.5199999999995
102967,2023-10-24,1078,East,electronics,574.81,6,20,credit card,Cancelled,2759.0879999999997
102968,2023-06-13,1432,West,,1399.55,6,20,COD,In Transit,6717.84
102969,2023-03-26,1152,South,Home,1074.17,5,10,,delivered,4833.765
102970,2023-03-13,1400,north,,1392.73,2,0,,Delivered,2785.46
102971,2023-02-24,1278,South,Home,1196.48,6,10,credit card,Delivered,6460.992
102972,2023-02-16,1056,North,,915.9,7,0,Debit Card,Delivered,6411.3
102973,2023-08-26,1185,SOUTH,electronics,178.2,6,0,,Delivered,1069.1999999999998
102974,2023-04-14,1397,SOUTH,electronics,440.76,0,5,UPI,Cancelled,0.0
102975,2023-07-29,1157,West,Home,1453.42,7,0,,In Transit,10173.94
102976,2023-02-11,1358,South,,482.54,5,5,UPI,Delivered,2292.065
102977,2023-11-12,1439,north,electronics,144.42,3,105,,Cancelled,-21.663000000000018
102978,2023-09-25,1588,West,Clothing,1062.79,1,20,credit card,In Transit,850.232
102979,2023-09-20,1465,,,1102.34,5,-5,credit card,In Transit,5787.285
102980,2023-12-02,1445,,electronics,431.76,4,20,,delivered,1381.632
102981,2023-12-31,1487,East,Electronics,450.02,2,0,Debit Card,Returned,900.04
102982,2023-09-16,1529,SOUTH,Electronics,706.0,4,20,Credit Card,Delivered,2259.2000000000003
102983,2023-10-10,1072,north,Clothing,37.57,7,-5,,Cancelled,276.1395
102984,2023-04-24,1016,South,electronics,1185.04,1,-5,COD,In Transit,1244.292
102985,2023-12-29,1530,West,Electronics,479.05,3,10,Credit Card,delivered,1293.4350000000002
102986,2023-02-09,1325,north,,1281.38,5,0,,Returned,6406.900000000001
102987,2023-08-08,1545,West,Clothng,1204.93,3,0,UPI,In Transit,3614.79
102988,2023-05-09,1595,West,electronics,993.8,1,0,COD,In Transit,993.8
102989,2023-01-08,1201,West,Clothing,490.69,4,105,Debit Card,Delivered,-98.13800000000009
102990,2023-04-11,1343,South,electronics,776.89,5,5,Credit Card,Returned,2248.667078409833
102991,2023-06-25,1522,north,Home,670.02,2,20,Credit Card,Returned,1072.032
102992,2023-04-17,1399,North,Home,511.63,0,5,COD,Cancelled,0.0
102993,2023-04-11,1217,North,Electronics,1272.96,6,10,Debit Card,delivered,6873.984
102994,2023-09-17,1444,South,Home,727.84,3,0,,Cancelled,2183.52
102995,2023-09-03,1221,,Clothing,1249.92,7,0,Debit Card,delivered,8749.44
102996,2023-10-02,1382,South,Electronics,162.3,1,5,,Cancelled,154.185
102997,2023-02-01,1591,SOUTH,Clothing,215.83,5,10,Credit Card,delivered,971.2350000000001
102998,2023-05-17,1006,West,,1466.09,7,0,,Delivered,10262.63
102999,2023-01-12,1271,north,Clothing,883.71,4,15,Credit Card,delivered,3004.614
103000,2023-10-29,1015,north,Home,767.11,2,0,credit card,Cancelled,1534.22
103001,2023-01-16,1423,East,,787.12,7,20,COD,Returned,4407.872
103002,2023-05-09,1523,East,Home,326.83,4,0,Debit Card,In Transit,1307.32
103003,2023-03-04,1020,North,Clothing,1079.46,2,10,UPI,delivered,1943.028
103004,2023-04-19,1227,East,Home,131.75,5,0,COD,delivered,658.75
103005,2023-01-21,1287,East,Home,862.12,0,15,,Returned,0.0
103006,2023-06-07,1133,North,Home,858.3,0,5,credit card,Delivered,0.0
103007,2023-09-26,1282,SOUTH,electronics,1371.71,7,10,COD,Cancelled,8641.773000000001
103008,2023-06-11,1403,,,791.64,6,-5,Credit Card,Delivered,4987.332
103009,2023-09-17,1065,North,,209.91,7,0,COD,delivered,1469.37
103010,2023-04-12,1436,,,861.27,1,0,,delivered,861.27
103011,2023-08-11,1258,East,Clothing,141.53,1,15,COD,Delivered,120.3005
103012,2023-02-28,1102,north,Clothng,309.67,2,10,COD,Cancelled,557.4060000000001
103013,2023-09-04,1566,East,Clothing,51.51,2,0,,delivered,103.02
103014,2023-05-08,1100,West,,772.37,2,5,UPI,delivered,1467.503
103015,2023-10-10,1197,,Electronics,131.38,7,0,credit card,Delivered,919.66
103016,2023-11-21,1225,,Home,706.74,2,0,COD,In Transit,1413.48
103017,2023-01-25,1462,West,Home,1399.75,6,5,COD,Returned,7978.575
103018,2023-05-11,1236,West,Clothng,1081.04,7,20,UPI,delivered,6053.8240000000005
103019,2023-12-19,1025,SOUTH,Electronics,120.73,5,5,Debit Card,Cancelled,573.4675
103020,2023-07-15,1120,South,electronics,340.19,5,10,COD,In Transit,1530.855
103021,2023-10-08,1505,West,Clothing,1012.13,0,20,,Delivered,0.0
103022,2023-06-03,1181,,electronics,1342.58,1,0,,Delivered,1342.58
103023,2023-05-13,1542,north,Electronics,54.21,6,15,COD,Cancelled,276.471
103024,2023-08-15,1314,,Clothng,1219.61,1,20,Debit Card,In Transit,975.688
103025,2023-07-08,1272,,Electronics,844.91,3,0,,Cancelled,2534.73
103026,2023-09-22,1231,SOUTH,Clothng,821.41,1,0,COD,delivered,821.41
103027,2023-05-14,1419,South,electronics,1436.93,1,105,COD,In Transit,-71.84650000000006
103028,2023-07-30,1441,South,electronics,1122.73,4,105,COD,Returned,-224.5460000000002
103029,2023-03-01,1495,West,Electronics,1275.93,4,0,credit card,Returned,5103.72
103030,2023-12-30,1023,East,Electronics,534.22,6,0,,Cancelled,3205.32
103031,2023-12-30,1108,,Home,833.77,3,0,Credit Card,Returned,2501.31
103032,2023-08-01,1501,North,Clothng,925.03,2,0,credit card,Cancelled,1850.06
103033,2023-08-04,1024,East,Home,485.77,3,5,Debit Card,delivered,1384.4444999999998
103034,2023-08-14,1186,East,Clothing,857.52,3,10,credit card,delivered,2315.304
103035,2023-05-11,1287,South,Clothing,358.8,0,20,credit card,Cancelled,0.0
103036,2023-03-17,1337,South,Electronics,219.35,5,0,UPI,delivered,1096.75
103037,2023-10-13,1036,SOUTH,electronics,564.09,1,20,Debit Card,Returned,323.9290785539794
103038,2023-10-04,1136,SOUTH,Clothing,1110.24,0,0,Debit Card,delivered,0.0
103039,2023-06-05,1507,South,Clothing,1374.7,6,0,Debit Card,Returned,8248.2
103040,2023-09-05,1226,north,Home,689.28,5,5,credit card,Returned,3274.0799999999995
103041,2023-08-06,1319,north,Home,966.02,6,0,Debit Card,Delivered,5796.12
103042,2023-07-09,1181,North,Clothing,159.04,1,0,,delivered,159.04
103043,2023-06-12,1085,South,Electronics,1357.17,6,20,UPI,delivered,6514.416000000001
103044,2023-06-29,1466,West,Home,855.06,3,0,COD,Cancelled,2565.18
103045,2023-02-03,1052,SOUTH,Clothing,1171.61,7,15,credit card,Cancelled,6971.079499999999
103046,2023-02-10,1234,South,electronics,1192.69,1,0,COD,In Transit,1192.69
103047,2023-11-03,1432,north,Home,388.44,2,0,COD,Returned,776.88
103048,2023-12-04,1495,South,Clothing,796.12,2,10,credit card,Delivered,1433.016
103049,2023-11-10,1099,north,Clothng,1440.92,3,20,,Returned,3458.2080000000005
103050,2023-03-16,1598,South,Home,139.0,6,5,credit card,delivered,792.3
103051,2023-10-06,1402,,Clothng,1026.16,4,10,Debit Card,In Transit,3694.1760000000004
103052,2023-06-25,1395,West,Home,1443.58,2,-5,UPI,Returned,3031.518
103053,2023-05-30,1526,North,Home,454.36,3,15,credit card,In Transit,1158.618
103054,2023-09-30,1414,,,1292.86,0,0,COD,Returned,0.0
103055,2023-11-21,1462,West,,1400.82,4,15,credit card,delivered,4762.788
103056,2023-04-18,1540,north,Clothng,1121.89,2,5,UPI,delivered,2131.591
103057,2023-05-19,1363,SOUTH,Electronics,350.84,7,15,Credit Card,Returned,2087.4979999999996
103058,2023-12-16,1129,SOUTH,Clothing,504.33,3,5,,Delivered,1437.3405
103059,2023-09-28,1083,East,Electronics,58.53,3,0,COD,delivered,175.59
103060,2023-12-13,1270,West,Electronics,1248.02,0,10,Credit Card,Cancelled,0.0
103061,2023-10-16,1243,South,,1275.17,7,5,Credit Card,Delivered,8479.8805
103062,2023-07-31,1387,North,Clothing,950.9,0,5,UPI,Returned,0.0
103063,2023-09-29,1213,South,,532.03,4,20,,Delivered,1702.496
103064,2023-03-07,1165,South,,119.83,5,20,credit card,Cancelled,479.32
103065,2023-09-05,1058,West,,1130.82,2,5,Credit Card,delivered,2148.558
103066,2023-06-05,1503,North,electronics,1091.16,3,5,Debit Card,delivered,3109.8060000000005
103067,2023-02-16,1122,East,Electronics,1369.34,4,5,credit card,delivered,8271.114312464011
103068,2023-07-20,1412,,Electronics,1097.15,6,5,,Cancelled,6253.755
103069,2023-05-28,1138,South,Electronics,1243.9,4,105,COD,Delivered,-248.78000000000023
103070,2023-05-04,1228,North,electronics,1120.2,6,10,credit card,Returned,8928.378097401086
103071,2023-01-01,1273,East,Home,947.88,0,0,UPI,Returned,0.0
103072,2023-09-04,1438,,Clothng,643.31,3,5,UPI,Delivered,1833.4334999999999
103073,2023-12-09,1561,South,Clothng,1353.67,1,10,COD,delivered,1218.303
103074,2023-05-08,1117,North,electronics,978.2,5,10,COD,Returned,4401.900000000001
103075,2023-07-10,1482,,Electronics,600.54,5,10,COD,delivered,1600.7266430872075
103076,2023-03-08,1394,West,Clothng,129.79,0,0,UPI,In Transit,0.0
103077,2023-01-04,1459,SOUTH,electronics,439.6,6,0,,In Transit,2637.6000000000004
103078,2023-10-30,1077,SOUTH,,817.87,3,0,,Returned,2453.61
103079,2023-10-21,1411,South,Clothing,417.07,7,5,credit card,Delivered,2773.5154999999995
103080,2023-05-23,1074,South,Clothng,335.75,4,0,Credit Card,Delivered,1343.0
103081,2023-07-10,1294,,Clothing,793.45,5,20,Credit Card,Delivered,3173.8
103082,2023-01-21,1020,North,Electronics,258.88,4,0,Debit Card,delivered,1035.52
103083,2023-08-15,1170,SOUTH,Clothng,1201.61,2,-5,UPI,In Transit,2523.381
103084,2023-11-09,1014,South,electronics,729.13,1,0,COD,delivered,729.13
103085,2023-04-27,1210,East,Home,862.92,0,0,,Cancelled,0.0
103086,2023-10-29,1559,South,Clothng,225.34,6,5,credit card,Cancelled,1284.4379999999999
103087,2023-05-22,1085,SOUTH,Clothng,490.24,5,0,,Returned,1191.267308517538
103088,2023-02-08,1148,north,Clothng,618.08,7,-5,UPI,Cancelled,4542.888000000001
103089,2023-12-21,1371,SOUTH,Clothng,1213.28,2,0,Debit Card,Delivered,2426.56
103090,2023-09-09,1479,East,electronics,1156.39,7,5,,Returned,7689.9935000000005
103091,2023-11-29,1150,North,electronics,338.35,2,-5,Credit Card,In Transit,710.5350000000001
103092,2023-07-26,1140,East,Home,926.19,1,0,credit card,In Transit,926.19
103093,2023-07-29,1068,north,electronics,368.97,0,0,Credit Card,Cancelled,0.0
103094,2023-04-25,1259,north,electronics,1482.43,0,0,credit card,Cancelled,0.0
103095,2023-08-13,1520,South,Electronics,1428.43,4,5,COD,In Transit,5428.034
103096,2023-05-14,1370,South,Electronics,847.08,0,0,credit card,Cancelled,0.0
103097,2023-09-08,1418,SOUTH,Clothing,1049.86,2,5,COD,Cancelled,1994.7339999999997
103098,2023-08-07,1100,West,Home,1203.14,4,20,UPI,delivered,3850.0480000000007
103099,2023-04-01,1242,East,Electronics,1082.89,0,20,Credit Card,In Transit,0.0
103100,2023-12-20,1511,SOUTH,Home,1051.24,6,0,credit card,In Transit,6307.4400000000005
103101,2023-02-15,1554,West,Home,1438.04,6,0,credit card,Cancelled,8628.24
103102,2023-02-07,1094,SOUTH,Clothng,896.7,1,0,Debit Card,Delivered,896.7
103103,2023-05-22,1225,north,,956.27,2,10,Credit Card,delivered,1721.286
103104,2023-04-10,1517,South,,1274.66,3,0,UPI,Delivered,3823.9800000000005
103105,2023-11-24,1213,South,,1006.49,1,20,COD,Cancelled,805.192
103106,2023-07-09,1066,SOUTH,Home,1100.73,1,15,UPI,In Transit,935.6205
103107,2023-02-04,1395,South,Clothng,355.08,0,0,Debit Card,Delivered,0.0
103108,2023-05-27,1011,North,Clothing,560.04,4,10,UPI,Returned,2016.144
103109,2023-01-30,1236,SOUTH,Clothing,225.22,7,0,COD,Delivered,1576.54
103110,2023-11-30,1398,north,,761.12,4,0,Credit Card,In Transit,3044.48
103111,2023-03-25,1406,,Clothing,686.31,6,0,,Cancelled,4117.86
103112,2023-10-08,1479,SOUTH,Clothng,1495.76,2,0,Debit Card,Delivered,2991.52
103113,2023-12-10,1221,SOUTH,,918.76,0,10,credit card,Cancelled,0.0
103114,2023-09-27,1155,South,Clothng,1180.74,4,10,credit card,delivered,4250.664
103115,2023-06-03,1427,north,Clothing,504.35,6,0,Credit Card,Returned,3026.1000000000004
103116,2023-04-12,1157,SOUTH,,1248.16,5,105,,In Transit,-312.0400000000003
103117,2023-08-03,1415,South,Clothng,924.55,7,5,UPI,In Transit,6148.257499999999
103118,2023-05-30,1325,East,electronics,1047.0,3,0,credit card,Cancelled,3141.0
103119,2023-03-24,1370,north,electronics,445.17,5,0,Debit Card,Returned,2225.85
103120,2023-04-20,1343,West,Clothng,825.21,7,10,,In Transit,5198.823
103121,2023-10-02,1261,North,Clothng,952.89,0,105,COD,Delivered,-0.0
103122,2023-07-20,1282,West,Electronics,885.7,0,10,UPI,In Transit,0.0
103123,2023-10-11,1228,,Electronics,1373.21,4,-5,,Delivered,5767.482
103124,2023-06-22,1279,north,Home,1347.92,7,5,COD,In Transit,8963.668
103125,2023-11-23,1289,SOUTH,,1456.62,1,5,,Delivered,1383.7889999999998
103126,2023-07-25,1046,South,Home,1002.8,0,5,,delivered,0.0
103127,2023-03-04,1213,,Home,1458.01,1,10,UPI,Cancelled,1312.209
103128,2023-03-14,1023,north,Clothing,1249.55,2,0,Debit Card,delivered,2499.1
103129,2023-09-08,1320,North,electronics,409.89,6,20,COD,Delivered,1967.4720000000002
103130,2023-05-04,1273,north,Clothing,644.02,2,0,Debit Card,Cancelled,1288.04
103131,2023-05-01,1555,,,361.4,7,5,COD,Returned,2403.3099999999995
103132,2023-10-02,1312,South,Clothng,11.27,7,5,UPI,Delivered,74.9455
103133,2023-04-30,1362,West,Electronics,286.13,4,10,Debit Card,In Transit,1030.068
103134,2023-11-13,1379,East,,11.07,2,0,UPI,In Transit,22.14
103135,2023-06-13,1469,West,Clothng,1081.16,5,5,,Returned,5135.51
103136,2023-10-13,1115,South,,641.17,7,5,,delivered,4263.7805
103137,2023-09-22,1041,,Clothng,472.3,5,10,UPI,Delivered,2125.35
103138,2023-11-16,1378,South,Electronics,1143.77,5,15,COD,In Transit,4861.0225
103139,2023-06-10,1205,North,Clothng,1249.57,4,15,,Cancelled,4248.538
103140,2023-11-04,1465,north,Home,1463.07,4,0,COD,Returned,8231.89513827715
103141,2023-03-30,1279,north,,964.81,5,105,Debit Card,delivered,-241.20250000000019
103142,2023-05-22,1117,West,Electronics,694.99,1,20,credit card,delivered,555.9920000000001
103143,2023-07-22,1236,,Clothng,461.37,5,0,,Cancelled,2306.85
103144,2023-11-05,1308,East,Home,337.37,1,0,,Cancelled,337.37
103145,2023-08-15,1455,East,Home,323.32,2,0,Credit Card,Returned,646.64
103146,2023-11-30,1474,North,electronics,616.74,1,5,COD,Cancelled,585.903
103147,2023-08-10,1099,South,Home,1487.72,7,20,UPI,In Transit,8331.232000000002
103148,2023-02-10,1260,North,Clothing,6.28,0,15,Credit Card,delivered,0.0
103149,2023-07-15,1304,north,Electronics,299.82,3,20,Debit Card,Cancelled,719.5680000000001
103150,2023-03-09,1353,SOUTH,Electronics,286.65,0,0,Credit Card,Delivered,0.0
103151,2023-09-21,1285,SOUTH,Electronics,1077.09,0,10,Credit Card,Cancelled,0.0
103152,2023-01-02,1327,SOUTH,Clothng,531.96,4,0,credit card,delivered,2127.84
103153,2023-12-27,1102,South,,688.6,3,0,credit card,In Transit,2065.8
103154,2023-05-05,1062,North,Clothng,227.19,4,10,Credit Card,Cancelled,817.884
103155,2023-04-20,1281,,Clothing,610.47,1,0,credit card,In Transit,610.47
103156,2023-03-27,1440,West,,159.28,5,10,credit card,Delivered,716.76
103157,2023-04-30,1292,north,Home,801.9,6,10,Credit Card,delivered,6007.445993423517
103158,2023-05-07,1006,SOUTH,Clothng,151.42,6,20,COD,Returned,726.816
103159,2023-09-12,1091,,,1186.81,6,0,credit card,delivered,7120.86
103160,2023-07-02,1189,East,Home,852.07,1,15,Credit Card,Returned,724.2595
103161,2023-01-16,1475,North,,1087.33,3,105,COD,Returned,-163.09950000000012
103162,2023-03-03,1510,north,Home,630.68,2,20,,delivered,1009.088
103163,2023-06-07,1461,north,,575.33,1,15,credit card,Returned,489.0305
103164,2023-09-25,1052,East,Clothng,151.82,0,10,Credit Card,In Transit,0.0
103165,2023-02-04,1485,East,Clothng,788.16,3,5,credit card,Delivered,2246.256
103166,2023-09-24,1489,East,Clothing,774.18,3,15,COD,Cancelled,1974.1589999999999
103167,2023-03-05,1363,SOUTH,electronics,704.81,1,15,Credit Card,Returned,599.0885
103168,2023-02-19,1111,SOUTH,Electronics,1112.07,1,10,COD,Returned,1000.8629999999999
103169,2023-09-12,1408,North,Clothng,1249.59,4,15,,delivered,4248.606
103170,2023-05-29,1006,East,Clothng,1127.43,4,5,UPI,In Transit,4284.234
103171,2023-11-21,1196,West,Home,220.08,0,0,Debit Card,Cancelled,0.0
103172,2023-10-31,1366,north,electronics,934.98,7,10,UPI,Returned,5890.374000000001
103173,2023-10-03,1249,East,Clothng,125.08,3,0,credit card,In Transit,375.24
103174,2023-12-23,1594,north,,1043.46,6,0,COD,Cancelled,6260.76
103175,2023-06-21,1239,South,electronics,575.85,2,0,Credit Card,delivered,1151.7
103176,2023-07-20,1379,,Electronics,203.09,2,0,COD,Returned,406.18
103177,2023-11-20,1470,South,,1293.77,3,20,credit card,delivered,3105.0480000000002
103178,2023-02-04,1454,East,Home,922.94,0,5,Credit Card,delivered,0.0
103179,2023-08-04,1365,north,Clothing,535.31,6,0,UPI,Returned,3211.8599999999997
103180,2023-03-06,1289,,,50.94,4,5,COD,In Transit,193.57199999999997
103181,2023-01-08,1402,South,Electronics,808.28,4,0,Debit Card,In Transit,3233.12
103182,2023-10-28,1057,East,,1385.22,4,5,,delivered,5263.836
103183,2023-12-09,1520,north,electronics,896.59,2,5,,delivered,1703.521
103184,2023-11-28,1303,East,electronics,1457.62,2,-5,credit card,Delivered,3061.002
103185,2023-03-17,1114,SOUTH,Electronics,208.99,0,0,credit card,Cancelled,0.0
103186,2023-06-23,1209,north,electronics,854.62,2,10,COD,delivered,1538.316
103187,2023-02-16,1040,South,,1198.2,1,20,UPI,delivered,958.5600000000001
103188,2023-01-15,1172,East,Clothing,790.68,2,105,UPI,Cancelled,-79.06800000000007
103189,2023-12-27,1233,South,,141.14,4,0,Debit Card,Returned,564.56
103190,2023-05-27,1589,East,Clothing,876.41,0,5,Debit Card,In Transit,0.0
103191,2023-01-26,1402,North,electronics,919.55,3,0,COD,Returned,2758.6499999999996
103192,2023-11-04,1038,South,,1094.42,3,5,Credit Card,Cancelled,3119.097
103193,2023-04-03,1118,South,electronics,1143.01,0,0,UPI,Cancelled,0.0
103194,2023-08-20,1334,West,Clothing,1157.31,1,20,Credit Card,Delivered,925.848
103195,2023-01-21,1335,,electronics,996.85,3,0,Credit Card,Delivered,2990.55
103196,2023-11-03,1538,SOUTH,Clothng,327.64,4,5,COD,In Transit,1245.032
103197,2023-02-07,1073,South,Home,609.33,3,5,Debit Card,delivered,1736.5905000000002
103198,2023-10-03,1190,north,,1165.31,3,105,Credit Card,Cancelled,-174.79650000000015
103199,2023-06-06,1323,,Clothng,1430.37,4,10,COD,Delivered,5149.331999999999
103200,2023-06-28,1146,East,electronics,123.03,2,0,Debit Card,Returned,246.06
103201,2023-05-12,1283,North,electronics,805.63,1,0,Credit Card,Delivered,805.63
103202,2023-11-07,1212,north,Home,472.22,6,0,Credit Card,Returned,2833.32
103203,2023-12-14,1393,,electronics,341.96,4,15,Debit Card,Delivered,1162.664
103204,2023-01-28,1338,north,Home,761.19,4,10,,Returned,2740.284
103205,2023-09-17,1021,north,,911.1,5,10,Debit Card,Delivered,4099.95
103206,2023-03-17,1104,north,Clothing,19.61,0,0,credit card,Delivered,0.0
103207,2023-03-08,1465,,Home,1171.41,7,15,credit card,In Transit,6969.8895
103208,2023-12-08,1458,North,Home,1230.72,1,10,COD,delivered,1107.6480000000001
103209,2023-07-13,1431,West,Clothng,1448.44,2,105,COD,Cancelled,-144.84400000000014
103210,2023-06-11,1220,SOUTH,electronics,275.06,5,10,UPI,delivered,792.7757575279571
103211,2023-12-13,1378,South,,893.86,6,0,credit card,In Transit,5363.16
103212,2023-12-27,1221,,Clothing,642.8,4,0,Debit Card,Returned,2571.2
103213,2023-09-14,1257,north,Electronics,505.57,6,0,credit card,delivered,3033.42
103214,2023-03-13,1366,South,Home,850.62,6,15,,Cancelled,4338.162
103215,2023-03-28,1348,,Electronics,1174.66,6,15,COD,Cancelled,5990.7660000000005
103216,2023-09-19,1224,South,electronics,39.46,5,0,,Returned,159.30579094992865
103217,2023-08-02,1235,north,Home,1454.25,7,0,COD,Cancelled,10179.75
103218,2023-06-02,1182,West,Electronics,1215.77,2,0,,In Transit,2431.54
103219,2023-07-29,1443,,Clothng,1127.97,5,-5,COD,delivered,5921.842500000001
103220,2023-03-02,1005,South,Electronics,1141.78,5,0,Debit Card,Cancelled,5708.9
103221,2023-09-25,1235,East,Clothng,586.65,7,0,,delivered,4106.55
103222,2023-09-19,1126,South,Clothing,1128.67,5,0,Credit Card,Delivered,5643.35
103223,2023-08-06,1103,SOUTH,electronics,583.22,4,5,COD,delivered,2216.236
103224,2023-10-10,1479,north,,1348.57,4,15,credit card,Returned,4585.138
103225,2023-05-16,1154,North,Electronics,269.95,0,20,Credit Card,In Transit,0.0
103226,2023-12-28,1256,South,Home,442.06,3,0,credit card,Cancelled,1326.18
103227,2023-04-03,1234,West,electronics,829.25,1,10,COD,In Transit,746.325
103228,2023-04-19,1499,East,Electronics,482.22,0,0,Debit Card,delivered,0.0
103229,2023-08-29,1288,East,Home,639.23,2,105,Credit Card,Cancelled,-63.92300000000006
103230,2023-12-21,1509,North,Home,741.17,5,0,Credit Card,In Transit,3705.85
103231,2023-05-22,1551,SOUTH,,1285.25,4,0,COD,Returned,4888.103504651089
103232,2023-10-18,1568,North,,787.17,5,5,,Delivered,3739.0575
103233,2023-08-25,1297,SOUTH,Home,546.88,4,0,COD,Delivered,2187.52
103234,2023-12-06,1136,South,,375.37,6,0,COD,Returned,2252.2200000000003
103235,2023-11-08,1375,north,Home,615.97,1,10,UPI,Delivered,554.373
103236,2023-06-26,1086,West,Electronics,776.03,0,15,Debit Card,Returned,0.0
103237,2023-05-21,1418,East,Clothing,1120.44,0,5,,delivered,0.0
103238,2023-07-08,1198,North,,185.97,2,10,Debit Card,Returned,334.746
103239,2023-02-18,1462,West,Clothng,336.31,6,5,COD,Delivered,1916.967
103240,2023-10-29,1436,SOUTH,Clothng,572.58,0,10,UPI,delivered,0.0
103241,2023-07-09,1309,north,Clothng,543.8,0,10,COD,Returned,0.0
103242,2023-05-16,1595,East,Clothing,590.66,3,10,COD,Returned,1594.7820000000002
103243,2023-02-12,1280,East,Home,1191.31,7,0,Debit Card,delivered,8339.17
103244,2023-12-19,1322,SOUTH,Home,489.61,1,0,UPI,Cancelled,489.61
103245,2023-03-31,1151,north,electronics,755.34,5,5,Debit Card,Delivered,3587.8650000000002
103246,2023-10-22,1301,East,Clothng,937.74,7,5,COD,Cancelled,6235.971
103247,2023-12-07,1277,north,Clothng,352.11,0,15,credit card,delivered,0.0
103248,2023-09-02,1007,East,Home,1079.45,2,0,Credit Card,delivered,2158.9
103249,2023-07-11,1234,South,Clothng,822.93,5,0,,In Transit,4114.65
103250,2023-11-14,1560,SOUTH,Home,672.94,4,0,COD,In Transit,2691.76
103251,2023-04-16,1301,north,Home,1215.63,6,0,,delivered,7293.780000000001
103252,2023-12-29,1037,West,,369.03,6,15,UPI,In Transit,1882.0529999999999
103253,2023-11-06,1135,South,Home,1325.35,0,5,credit card,Returned,0.0
103254,2023-08-21,1420,,Electronics,843.77,0,15,,Cancelled,0.0
103255,2023-09-22,1218,West,Electronics,915.72,5,5,,delivered,4349.67
103256,2023-12-10,1347,SOUTH,Electronics,1313.21,7,20,UPI,Returned,7353.9760000000015
103257,2023-02-06,1545,East,Electronics,1227.29,4,105,COD,Delivered,-245.4580000000002
103258,2023-11-01,1078,,Clothing,904.34,3,10,COD,Delivered,2441.718
103259,2023-02-10,1272,West,electronics,1131.02,1,20,Credit Card,In Transit,904.816
103260,2023-01-17,1160,South,electronics,652.81,3,5,UPI,In Transit,1860.5084999999997
103261,2023-12-10,1307,,Home,823.33,7,-5,credit card,Returned,6051.4755000000005
103262,2023-10-04,1373,,Clothng,97.79,2,20,Credit Card,Delivered,156.46400000000003
103263,2023-11-03,1008,north,Electronics,139.34,5,105,UPI,delivered,-34.835000000000036
103264,2023-02-28,1443,North,electronics,1244.99,0,10,COD,Cancelled,0.0
103265,2023-07-02,1112,West,electronics,94.21,3,15,Credit Card,In Transit,240.2355
103266,2023-02-10,1204,North,Electronics,258.25,1,5,COD,Returned,245.33749999999998
103267,2023-02-08,1404,SOUTH,Clothing,1194.77,2,0,Debit Card,In Transit,3013.2119332875295
103268,2023-07-11,1196,West,Clothing,6.71,6,0,Debit Card,Returned,40.26
103269,2023-09-24,1114,West,electronics,427.19,7,20,Credit Card,Delivered,2392.264
103270,2023-05-27,1120,north,Clothing,878.14,3,0,Credit Card,In Transit,2634.42
103271,2023-11-29,1064,East,,895.2,0,10,UPI,Returned,0.0
103272,2023-05-07,1275,South,Electronics,1166.84,1,0,credit card,Returned,1166.84
103273,2023-02-15,1238,South,electronics,761.36,0,0,credit card,In Transit,0.0
103274,2023-02-14,1301,South,Electronics,766.56,0,20,Debit Card,Cancelled,0.0
103275,2023-01-01,1391,SOUTH,Clothing,1089.34,2,20,Debit Card,delivered,1742.944
103276,2023-06-17,1521,,Electronics,750.44,1,10,Debit Card,Delivered,675.3960000000001
103277,2023-04-18,1368,East,Clothing,914.69,4,0,COD,In Transit,3658.76
103278,2023-01-19,1232,North,Clothing,1347.17,6,5,credit card,In Transit,7678.869
103279,2023-11-28,1194,South,Electronics,605.17,7,5,Credit Card,Cancelled,4024.3804999999993
103280,2023-03-13,1011,North,Clothing,580.76,0,0,Debit Card,Delivered,0.0
103281,2023-04-19,1176,East,,10.31,7,0,,In Transit,72.17
103282,2023-09-25,1216,SOUTH,Home,922.07,1,5,UPI,Cancelled,875.9665
103283,2023-08-28,1010,East,Electronics,49.51,0,0,Credit Card,delivered,0.0
103284,2023-10-28,1445,north,Home,758.7,3,10,Credit Card,Returned,2048.4900000000002
103285,2023-03-31,1163,,Electronics,1207.33,3,0,Credit Card,delivered,3621.99
103286,2023-04-13,1550,South,Clothing,827.13,1,5,credit card,delivered,785.7735
103287,2023-09-07,1052,SOUTH,Clothing,408.11,6,0,Debit Card,delivered,2448.66
103288,2023-01-08,1217,north,electronics,1180.32,2,105,UPI,delivered,-118.0320000000001
103289,2023-06-02,1359,South,,408.23,4,5,COD,Returned,857.3349588053819
103290,2023-12-13,1384,East,electronics,1100.88,3,0,UPI,Delivered,3302.6400000000003
103291,2023-06-23,1055,East,Home,917.34,2,5,UPI,Delivered,1742.946
103292,2023-12-09,1117,West,Clothing,259.14,4,20,,Cancelled,829.248
103293,2023-06-07,1252,West,electronics,1358.18,3,15,UPI,Cancelled,3463.359
103294,2023-08-03,1179,East,Clothing,304.96,4,15,COD,In Transit,1036.8639999999998
103295,2023-06-26,1414,East,Electronics,1484.43,5,0,UPI,delivered,7422.150000000001
103296,2023-06-24,1234,North,electronics,15.93,0,10,,delivered,0.0
103297,2023-12-06,1079,,Home,398.91,1,15,UPI,Returned,339.0735
103298,2023-12-04,1021,North,electronics,303.79,3,10,Debit Card,delivered,820.2330000000002
103299,2023-05-26,1476,,Clothing,25.92,3,20,,Returned,62.208000000000006
103300,2023-11-20,1439,north,Clothng,1099.89,7,0,Debit Card,In Transit,5682.267564367223
103301,2023-06-10,1569,West,Clothng,1041.67,0,0,Debit Card,Cancelled,0.0
103302,2023-05-07,1092,West,,1189.56,3,20,Credit Card,Cancelled,2854.944
103303,2023-03-23,1191,East,Clothing,388.76,3,10,,In Transit,1049.652
103304,2023-05-27,1102,East,Electronics,669.28,5,0,UPI,In Transit,3346.3999999999996
103305,2023-08-27,1395,north,electronics,990.37,3,0,credit card,delivered,2971.11
103306,2023-03-25,1006,SOUTH,Clothng,662.45,3,20,credit card,Cancelled,1589.88
103307,2023-04-23,1566,SOUTH,Electronics,1047.5,3,0,credit card,Delivered,3142.5
103308,2023-08-13,1230,SOUTH,Clothing,952.79,2,0,COD,In Transit,1905.58
103309,2023-11-28,1573,West,Electronics,176.4,3,0,Debit Card,Cancelled,529.2
103310,2023-08-31,1239,North,Clothing,1172.66,0,-5,Debit Card,Cancelled,0.0
103311,2023-05-23,1089,SOUTH,,1082.41,5,-5,Debit Card,Returned,5682.6525
103312,2023-02-10,1231,South,electronics,985.47,3,5,,Cancelled,2808.5894999999996
103313,2023-09-15,1456,north,Electronics,236.86,4,10,COD,In Transit,852.696
103314,2023-10-12,1232,SOUTH,electronics,405.65,5,0,UPI,delivered,2028.25
103315,2023-04-15,1353,South,Electronics,592.8,5,0,Credit Card,Cancelled,2964.0
103316,2023-07-21,1332,SOUTH,Clothing,423.49,4,20,,Delivered,1355.1680000000001
103317,2023-11-03,1438,North,Clothing,345.58,0,0,Debit Card,In Transit,0.0
103318,2023-11-27,1374,North,Electronics,1209.01,2,5,UPI,delivered,2297.1189999999997
103319,2023-09-23,1291,SOUTH,,959.16,6,10,credit card,delivered,5179.464
103320,2023-07-29,1344,South,Clothing,850.38,7,0,Credit Card,In Transit,5952.66
103321,2023-02-20,1427,north,Home,342.8,6,5,credit card,delivered,1953.96
103322,2023-04-28,1129,South,Home,1377.52,0,10,UPI,Delivered,0.0
103323,2023-07-20,1140,north,electronics,290.82,2,15,UPI,Cancelled,494.39399999999995
103324,2023-02-08,1414,SOUTH,Home,1193.45,1,0,credit card,In Transit,1193.45
103325,2023-01-28,1092,north,Home,1450.18,4,0,,Cancelled,5800.72
103326,2023-09-16,1283,East,,1092.0,7,10,Credit Card,Cancelled,6879.6
103327,2023-03-25,1222,West,,1489.32,5,105,credit card,delivered,-372.3300000000003
103328,2023-06-04,1462,,Clothng,978.32,5,0,credit card,In Transit,4891.6
103329,2023-04-27,1544,West,Clothng,330.1,5,105,,Cancelled,-82.52500000000008
103330,2023-01-02,1275,North,,309.71,4,15,credit card,Returned,1053.014
103331,2023-04-03,1139,East,Clothng,490.22,4,20,Credit Card,Delivered,1568.7040000000002
103332,2023-06-15,1356,West,,15.66,7,0,COD,delivered,109.62
103333,2023-12-16,1022,SOUTH,Clothng,1024.14,6,0,Credit Card,In Transit,6144.84
103334,2023-10-23,1269,north,Clothing,406.66,6,0,,In Transit,2439.96
103335,2023-09-15,1332,north,,1223.7,6,0,credit card,delivered,7342.200000000001
103336,2023-03-22,1084,South,electronics,541.96,2,105,Debit Card,Cancelled,-54.196000000000055
103337,2023-09-25,1030,South,electronics,722.53,5,0,Debit Card,delivered,1795.866542286296
103338,2023-08-23,1239,north,,1448.7,0,10,UPI,In Transit,0.0
103339,2023-11-17,1362,SOUTH,Home,367.05,2,0,COD,Returned,734.1
103340,2023-11-07,1388,north,electronics,1083.27,5,15,,Cancelled,4603.8975
103341,2023-10-28,1298,South,Home,1133.9,4,0,UPI,delivered,4535.6
103342,2023-12-23,1370,West,electronics,335.39,4,0,UPI,In Transit,1341.56
103343,2023-08-01,1098,North,Electronics,753.99,4,0,Debit Card,In Transit,3015.96
103344,2023-03-03,1046,South,Electronics,528.55,5,15,Credit Card,In Transit,2246.3375
103345,2023-02-18,1421,SOUTH,,1159.0,6,0,UPI,Returned,6954.0
103346,2023-05-07,1479,West,electronics,935.61,4,0,UPI,Cancelled,3742.44
103347,2023-08-11,1578,West,Clothing,716.59,1,0,COD,delivered,716.59
103348,2023-10-06,1061,West,Home,1170.15,4,105,Debit Card,Cancelled,-234.03000000000023
103349,2023-10-21,1108,East,electronics,356.56,7,10,Credit Card,In Transit,2246.328
103350,2023-10-11,1548,East,,1131.66,7,15,COD,Returned,6733.377
103351,2023-10-04,1118,,Home,1298.73,5,10,Credit Card,Returned,5844.285
103352,2023-04-17,1597,West,Clothng,1318.54,6,0,Credit Card,In Transit,7911.24
103353,2023-05-26,1381,SOUTH,,1176.59,2,10,UPI,Cancelled,2117.862
103354,2023-04-09,1391,north,electronics,614.98,4,0,COD,Cancelled,2459.92
103355,2023-03-14,1051,SOUTH,Clothing,1472.8,6,5,UPI,Returned,8394.96
103356,2023-05-02,1288,East,Clothng,572.49,6,10,credit card,Delivered,3091.446
103357,2023-01-30,1336,South,,959.74,3,10,Credit Card,Returned,2591.2980000000002
103358,2023-07-07,1203,,electronics,245.81,1,0,COD,Returned,245.81
103359,2023-12-30,1237,East,Electronics,1470.77,7,0,Debit Card,delivered,10295.39
103360,2023-12-20,1381,north,electronics,1057.46,5,15,UPI,Returned,4494.205
103361,2023-10-15,1135,North,Electronics,1131.3,4,15,credit card,Delivered,3846.4199999999996
103362,2023-07-14,1406,,Electronics,103.34,3,0,,Returned,310.02
103363,2023-06-05,1507,East,,1146.31,5,0,credit card,Cancelled,5731.549999999999
103364,2023-06-21,1361,SOUTH,electronics,1163.21,2,20,credit card,delivered,1861.1360000000002
103365,2023-12-01,1380,,electronics,1009.3,1,15,UPI,delivered,857.905
103366,2023-02-10,1575,SOUTH,Electronics,441.4,6,105,Debit Card,Returned,-166.40761674209926
103367,2023-03-04,1253,West,Home,737.09,4,0,COD,delivered,2948.36
103368,2023-01-23,1476,West,Clothng,170.1,2,5,Credit Card,delivered,323.19
103369,2023-12-26,1113,West,Clothing,710.02,5,0,Debit Card,Returned,3550.1
103370,2023-03-16,1019,,electronics,369.52,3,10,UPI,Delivered,997.704
103371,2023-02-17,1527,North,Clothng,526.9,5,0,,Returned,2634.5
103372,2023-06-09,1144,north,Clothng,248.09,7,0,COD,Cancelled,1736.63
103373,2023-11-09,1207,,Home,348.93,5,0,Credit Card,In Transit,1744.65
103374,2023-04-28,1530,South,Clothng,119.47,1,10,,Delivered,107.523
103375,2023-04-10,1375,SOUTH,electronics,1380.25,4,5,COD,Returned,2831.559450284633
103376,2023-06-16,1503,SOUTH,,797.96,2,10,Credit Card,Delivered,632.7618729900419
103377,2023-10-17,1165,,,598.13,1,20,Credit Card,In Transit,478.504
103378,2023-06-05,1549,,Clothng,804.87,3,15,credit card,delivered,2052.4185
103379,2023-01-07,1180,north,electronics,944.3,6,5,,delivered,5382.509999999999
103380,2023-07-15,1443,North,electronics,1383.21,4,105,,In Transit,-276.6420000000003
103381,2023-02-25,1331,,Electronics,272.15,6,5,UPI,delivered,1551.2549999999999
103382,2023-11-17,1502,West,Home,446.85,1,0,Debit Card,Delivered,446.85
103383,2023-07-12,1078,north,Clothing,1463.81,3,105,credit card,delivered,-219.5715000000002
103384,2023-02-16,1584,South,Electronics,559.93,3,0,credit card,In Transit,1679.79
103385,2023-05-28,1395,West,Clothing,38.73,2,5,COD,In Transit,73.58699999999999
103386,2023-10-02,1102,South,electronics,225.73,7,0,,In Transit,1580.11
103387,2023-06-06,1401,East,,44.38,5,5,Credit Card,Cancelled,210.805
103388,2023-07-21,1223,South,Electronics,1484.94,3,10,Credit Card,Delivered,4009.3379999999997
103389,2023-05-06,1517,West,Clothng,421.91,7,0,COD,In Transit,2953.3700000000003
103390,2023-11-01,1235,East,Clothng,1385.7,3,10,,Delivered,3741.3900000000003
103391,2023-10-21,1426,West,Clothing,1493.85,5,15,UPI,Cancelled,6348.8625
103392,2023-03-05,1115,SOUTH,electronics,901.76,0,0,Credit Card,Delivered,0.0
103393,2023-11-21,1162,West,,54.63,3,0,credit card,Returned,163.89000000000001
103394,2023-06-25,1225,East,Clothing,126.98,4,0,credit card,Cancelled,507.92
103395,2023-04-26,1229,South,,724.98,6,20,,Cancelled,3479.9040000000005
103396,2023-07-23,1181,SOUTH,Home,612.23,6,15,Credit Card,delivered,3122.373
103397,2023-11-17,1248,North,,911.24,1,20,Credit Card,In Transit,728.9920000000001
103398,2023-01-31,1317,North,Clothng,661.08,5,0,UPI,Cancelled,3305.4
103399,2023-04-23,1209,North,Electronics,1401.44,5,0,,Delivered,7007.200000000001
103400,2023-12-31,1391,North,Electronics,804.44,5,0,Credit Card,Returned,4022.2000000000003
103401,2023-11-21,1095,north,Electronics,1042.12,4,0,UPI,Delivered,4168.48
103402,2023-12-10,1085,North,,1345.25,5,5,credit card,Delivered,6389.9375
103403,2023-03-08,1414,East,Clothng,224.57,4,105,UPI,Returned,-44.91400000000004
103404,2023-03-16,1393,,,348.45,7,0,Credit Card,delivered,2439.15
103405,2023-02-14,1500,North,electronics,165.44,7,105,Debit Card,In Transit,-57.904000000000046
103406,2023-09-17,1581,West,Clothng,213.76,6,0,,Cancelled,1282.56
103407,2023-06-03,1132,,Clothng,771.31,2,-5,Credit Card,In Transit,1619.751
103408,2023-06-04,1313,North,,485.16,0,0,Debit Card,delivered,0.0
103409,2023-12-29,1220,,,637.64,5,-5,credit card,Returned,3347.61
103410,2023-08-22,1437,South,Electronics,1473.82,6,0,,In Transit,8842.92
103411,2023-02-20,1045,East,Clothng,239.27,0,-5,COD,Delivered,0.0
103412,2023-11-02,1191,East,Electronics,813.51,6,0,,Cancelled,4881.0599999999995
103413,2023-09-19,1519,,electronics,152.81,5,0,credit card,Cancelled,764.05
103414,2023-11-11,1378,SOUTH,Home,481.15,4,5,credit card,delivered,1828.37
103415,2023-05-05,1333,north,Electronics,793.65,6,0,credit card,delivered,4761.9
103416,2023-09-02,1038,West,,1420.21,1,10,UPI,Returned,1278.189
103417,2023-01-30,1292,,Clothing,589.89,0,105,credit card,delivered,-0.0
103418,2023-05-02,1161,East,Home,102.04,0,10,COD,In Transit,0.0
103419,2023-05-05,1330,South,electronics,585.3,4,15,Credit Card,Cancelled,3036.937943164716
103420,2023-02-06,1103,North,,222.88,7,0,Debit Card,Returned,1397.0309423541487
103421,2023-06-19,1160,East,Home,348.83,0,10,,delivered,0.0
103422,2023-05-04,1053,South,,929.05,2,5,,Delivered,1765.195
103423,2023-12-23,1033,North,Electronics,105.8,4,20,credit card,Cancelled,338.56
103424,2023-02-04,1241,north,,699.76,0,0,Debit Card,Returned,0.0
103425,2023-03-28,1112,East,electronics,916.15,0,10,credit card,Cancelled,0.0
103426,2023-05-14,1317,East,Clothing,635.68,0,0,UPI,In Transit,0.0
103427,2023-07-15,1022,,Electronics,33.59,4,0,Debit Card,delivered,134.36
103428,2023-10-01,1557,,Electronics,1478.35,7,0,credit card,delivered,10348.449999999999
103429,2023-07-20,1117,South,electronics,553.84,1,0,credit card,delivered,553.84
103430,2023-10-12,1211,SOUTH,electronics,1168.97,3,0,COD,Delivered,3506.91
103431,2023-03-18,1417,,Home,491.84,6,0,COD,In Transit,2951.04
103432,2023-02-28,1112,West,Clothing,715.15,5,20,COD,Delivered,2860.6000000000004
103433,2023-05-06,1043,north,,585.75,6,0,UPI,In Transit,3514.5
103434,2023-04-19,1127,West,Home,517.1,0,20,Debit Card,In Transit,0.0
103435,2023-08-12,1157,East,,37.67,6,0,UPI,In Transit,226.02
103436,2023-10-05,1393,West,,543.23,3,0,Credit Card,delivered,1629.69
103437,2023-03-09,1511,North,,1334.79,3,10,credit card,delivered,3603.933
103438,2023-03-10,1044,north,Home,1037.14,0,5,credit card,delivered,0.0
103439,2023-06-14,1107,West,Electronics,222.41,0,5,credit card,Delivered,0.0
103440,2023-11-01,1218,North,electronics,888.78,5,10,COD,Returned,3999.5099999999998
103441,2023-06-11,1442,South,Electronics,1338.89,7,0,credit card,In Transit,9372.230000000001
103442,2023-12-31,1314,West,Clothing,1051.55,3,10,COD,Delivered,2839.185
103443,2023-12-08,1176,north,Home,227.28,1,5,Credit Card,delivered,215.916
103444,2023-11-05,1227,North,Clothing,1302.41,3,0,UPI,delivered,3907.2300000000005
103445,2023-12-09,1266,West,electronics,455.81,1,20,UPI,Returned,364.648
103446,2023-02-11,1378,South,electronics,683.84,7,15,UPI,delivered,4068.848
103447,2023-12-20,1488,West,Clothng,791.58,6,0,COD,In Transit,4749.4800000000005
103448,2023-04-19,1289,North,Clothing,1276.51,2,20,,Cancelled,2042.4160000000002
103449,2023-02-20,1356,West,Electronics,1397.75,1,-5,,delivered,1467.6375
103450,2023-09-07,1203,north,Clothing,1394.83,5,5,Debit Card,Returned,6625.442499999999
103451,2023-12-07,1212,East,Home,16.89,4,0,,Cancelled,67.56
103452,2023-01-21,1551,North,electronics,1383.22,7,-5,Debit Card,In Transit,10166.667000000001
103453,2023-10-27,1322,North,electronics,86.31,6,0,Credit Card,In Transit,517.86
103454,2023-05-19,1593,North,Clothing,402.33,0,0,Debit Card,In Transit,0.0
103455,2023-12-25,1180,North,Clothing,774.91,7,0,Credit Card,Returned,5424.37
103456,2023-11-20,1498,West,,722.49,2,15,credit card,Cancelled,1228.233
103457,2023-04-02,1319,north,Clothing,909.04,3,-5,UPI,In Transit,2863.476
103458,2023-10-07,1082,South,,721.77,1,10,,delivered,649.593
103459,2023-05-05,1302,north,Home,1401.89,2,105,COD,Cancelled,-139.96847954483943
103460,2023-04-21,1261,North,Home,364.62,6,0,Credit Card,In Transit,2187.7200000000003
103461,2023-12-20,1199,SOUTH,Electronics,414.67,4,0,,Cancelled,1658.68
103462,2023-05-19,1239,West,Clothing,1381.5,7,10,COD,delivered,8703.45
103463,2023-09-30,1294,SOUTH,Electronics,119.73,1,105,COD,Delivered,-5.986500000000006
103464,2023-04-09,1511,West,Clothng,916.29,5,5,UPI,In Transit,4352.3775
103465,2023-09-09,1395,North,Home,1024.2,3,0,credit card,delivered,3072.6000000000004
103466,2023-12-04,1137,West,electronics,760.78,3,0,credit card,Returned,2282.34
103467,2023-04-14,1128,North,,1042.88,1,0,Debit Card,In Transit,1042.88
103468,2023-08-02,1048,north,Clothng,263.27,7,0,,Delivered,1842.8899999999999
103469,2023-09-06,1292,,electronics,1279.69,4,0,credit card,delivered,6312.70815156703
103470,2023-06-01,1535,East,Clothng,214.34,7,-5,UPI,delivered,1575.3990000000001
103471,2023-09-07,1310,West,Electronics,604.21,0,5,,Cancelled,0.0
103472,2023-10-02,1536,North,Electronics,117.51,0,10,COD,In Transit,0.0
103473,2023-06-14,1233,SOUTH,,820.09,3,0,Credit Card,Delivered,2460.27
103474,2023-12-07,1208,North,Home,1006.27,6,0,Credit Card,Returned,6037.62
103475,2023-01-08,1093,SOUTH,,1412.13,6,10,credit card,Cancelled,7625.502
103476,2023-10-11,1326,West,electronics,1110.31,4,20,Debit Card,In Transit,3552.992
103477,2023-01-05,1224,South,Clothng,813.95,3,5,Credit Card,Delivered,2319.7575
103478,2023-05-25,1010,SOUTH,,1399.26,0,20,Debit Card,Cancelled,0.0
103479,2023-04-11,1328,North,Clothing,720.26,3,20,Credit Card,Delivered,1728.6239999999998
103480,2023-06-13,1011,West,Clothing,844.0,7,0,Debit Card,Delivered,5908.0
103481,2023-05-27,1034,North,Home,896.17,1,0,Debit Card,Cancelled,896.17
103482,2023-03-05,1446,South,,617.92,6,10,COD,Cancelled,3336.7679999999996
103483,2023-04-01,1451,East,electronics,1258.53,6,5,UPI,In Transit,7173.621
103484,2023-04-27,1219,,Clothing,281.84,5,0,Credit Card,Cancelled,1409.1999999999998
103485,2023-12-20,1440,,Home,834.49,1,5,,In Transit,792.7655
103486,2023-09-24,1534,South,,1084.74,5,5,credit card,Delivered,5152.514999999999
103487,2023-11-06,1594,north,Home,1356.44,4,-5,UPI,Cancelled,5697.048000000001
103488,2023-06-22,1228,West,electronics,1326.46,0,0,COD,In Transit,0.0
103489,2023-02-16,1343,South,Clothing,765.57,4,0,COD,In Transit,3062.28
103490,2023-05-20,1079,East,Clothing,966.53,4,5,COD,Returned,5953.548645315512
103491,2023-09-03,1352,North,Clothing,594.39,0,10,credit card,In Transit,0.0
103492,2023-05-29,1395,West,Electronics,704.93,2,10,Credit Card,In Transit,1268.874
103493,2023-09-03,1289,SOUTH,Clothing,1359.87,2,-5,Credit Card,Returned,2855.727
103494,2023-01-05,1454,South,Clothng,1396.4,3,15,Debit Card,delivered,3560.8200000000006
103495,2023-07-03,1127,East,Electronics,1343.64,2,10,Debit Card,Cancelled,2418.552
103496,2023-01-20,1542,South,,211.86,1,0,,Returned,211.86
103497,2023-02-15,1358,north,Electronics,1275.88,6,5,Debit Card,In Transit,7272.5160000000005
103498,2023-01-12,1526,,Electronics,1422.8,5,10,credit card,In Transit,6402.6
103499,2023-03-11,1312,,Electronics,545.07,6,20,UPI,Cancelled,2616.3360000000002
103500,2023-01-17,1074,West,Home,780.38,4,105,Credit Card,Delivered,-156.07600000000014
103501,2023-05-27,1545,North,Clothng,1169.75,6,10,Debit Card,Returned,6316.650000000001
103502,2023-06-03,1195,East,electronics,845.31,3,5,credit card,delivered,2409.1335
103503,2023-10-31,1028,South,Clothing,1490.26,4,0,credit card,Cancelled,5961.04
103504,2023-04-18,1015,West,Electronics,686.29,0,0,,Cancelled,0.0
103505,2023-08-24,1422,South,electronics,1072.34,7,0,Debit Card,Returned,7506.379999999999
103506,2023-11-04,1588,West,Home,1189.92,6,0,,In Transit,7139.52
103507,2023-12-18,1592,,electronics,743.68,2,5,COD,In Transit,1412.9919999999997
103508,2023-03-11,1404,north,Electronics,1286.19,7,0,COD,delivered,9003.33
103509,2023-07-02,1530,South,,821.5,0,10,COD,Returned,0.0
103510,2023-09-07,1076,north,Clothng,620.42,3,5,Debit Card,Cancelled,1768.1969999999997
103511,2023-08-16,1228,SOUTH,electronics,166.2,5,10,credit card,Returned,747.9
103512,2023-04-12,1296,SOUTH,Electronics,593.15,1,5,credit card,Delivered,563.4925
103513,2023-03-16,1509,,Electronics,1102.23,2,0,Credit Card,Cancelled,2272.158823106285
103514,2023-08-04,1572,East,Clothing,1382.32,0,105,COD,delivered,-0.0
103515,2023-07-22,1537,north,,381.26,5,0,Debit Card,delivered,1906.3
103516,2023-07-11,1582,West,Clothing,536.08,7,-5,Credit Card,Cancelled,3940.1880000000006
103517,2023-09-06,1325,East,,235.17,6,0,credit card,In Transit,1411.02
103518,2023-08-30,1362,South,Clothng,1037.63,2,5,Credit Card,Cancelled,1971.497
103519,2023-06-28,1358,South,Clothing,1440.48,4,0,COD,Cancelled,5761.92
103520,2023-08-07,1323,West,Clothng,963.22,1,0,UPI,Delivered,963.22
103521,2023-03-23,1325,North,Home,927.53,6,5,COD,Cancelled,5286.921
103522,2023-04-02,1164,North,Home,832.47,7,15,COD,Returned,4953.1965
103523,2023-06-24,1572,South,,137.24,5,0,Debit Card,Returned,686.2
103524,2023-08-27,1454,,,1095.61,2,10,UPI,delivered,1972.098
103525,2023-09-17,1152,,Clothing,905.06,6,0,,In Transit,5430.36
103526,2023-12-31,1126,West,Home,993.91,1,0,UPI,delivered,993.91
103527,2023-06-12,1192,North,electronics,1348.72,5,-5,UPI,Delivered,7080.780000000001
103528,2023-02-17,1529,north,electronics,1177.02,4,20,credit card,Cancelled,3766.464
103529,2023-11-25,1009,South,electronics,1172.47,7,5,Credit Card,delivered,7796.9255
103530,2023-11-24,1091,SOUTH,Home,1391.14,4,0,credit card,Cancelled,5564.56
103531,2023-04-26,1138,north,electronics,1484.95,0,0,,delivered,0.0
103532,2023-12-03,1480,West,Clothng,874.02,7,105,UPI,Cancelled,-305.90700000000027
103533,2023-12-03,1448,SOUTH,Electronics,167.78,3,0,Debit Card,delivered,503.34000000000003
103534,2023-08-13,1332,north,,691.4,0,20,,Returned,0.0
103535,2023-12-18,1339,North,Clothing,1182.46,1,0,COD,Delivered,1182.46
103536,2023-11-24,1051,,Clothng,46.45,7,105,COD,delivered,-16.257500000000014
103537,2023-05-27,1465,North,electronics,90.05,0,0,credit card,Returned,0.0
103538,2023-03-04,1474,SOUTH,Electronics,105.4,5,0,,In Transit,471.5422349573796
103539,2023-10-21,1400,East,Clothing,1097.9,2,10,credit card,delivered,1976.2200000000003
103540,2023-11-19,1438,,Clothng,754.24,5,105,Debit Card,Cancelled,-188.56000000000014
103541,2023-11-21,1597,South,Clothing,556.5,0,105,COD,Delivered,-0.0
103542,2023-01-13,1508,SOUTH,,162.9,3,15,credit card,Returned,415.39500000000004
103543,2023-07-08,1152,West,Home,1099.7,5,15,Credit Card,Returned,4673.724999999999
103544,2023-10-14,1513,South,electronics,484.92,5,10,credit card,Delivered,2182.14
103545,2023-07-27,1502,north,Clothng,401.66,5,15,credit card,delivered,1707.055
103546,2023-04-24,1005,,Clothng,980.22,3,20,UPI,Cancelled,2352.528
103547,2023-01-22,1499,West,Electronics,840.72,7,5,Credit Card,In Transit,5590.788
103548,2023-12-15,1117,West,Electronics,546.8,5,10,Credit Card,delivered,2460.6
103549,2023-08-02,1484,North,Electronics,964.02,1,5,Debit Card,Delivered,915.819
103550,2023-06-20,1467,north,Clothing,410.48,4,10,UPI,delivered,1477.728
103551,2023-11-19,1160,North,electronics,1193.27,3,20,Credit Card,delivered,2863.848
103552,2023-02-23,1269,North,Clothing,347.83,1,0,UPI,Delivered,347.83
103553,2023-10-25,1055,,electronics,242.46,3,0,UPI,Delivered,727.38
103554,2023-11-16,1227,East,Clothng,1174.75,3,5,COD,In Transit,3348.0375
103555,2023-05-06,1148,North,Clothing,1063.3,7,0,Credit Card,Delivered,7443.099999999999
103556,2023-10-04,1045,South,Clothing,278.05,4,5,COD,Delivered,1056.59
103557,2023-07-23,1143,West,Clothing,178.79,2,-5,credit card,Delivered,375.459
103558,2023-07-13,1339,,Home,1258.41,7,10,credit card,Returned,7927.983000000001
103559,2023-06-18,1412,North,,1166.01,7,20,COD,Delivered,6529.656
103560,2023-06-01,1519,SOUTH,electronics,494.25,1,0,credit card,Delivered,167.5222781538516
103561,2023-02-04,1343,South,electronics,989.01,3,-5,COD,Delivered,3115.3815
103562,2023-07-03,1386,north,Clothing,190.62,6,10,Debit Card,In Transit,1029.348
103563,2023-10-13,1472,West,Home,763.04,3,0,UPI,delivered,3246.3100634917214
103564,2023-02-26,1274,,Clothing,33.0,0,10,Debit Card,Delivered,0.0
103565,2023-08-10,1352,SOUTH,electronics,590.44,5,105,Credit Card,Delivered,-147.61000000000016
103566,2023-10-30,1065,,,116.89,2,0,Debit Card,In Transit,233.78
103567,2023-06-12,1078,,,715.35,4,10,Debit Card,delivered,2575.26
103568,2023-01-19,1597,SOUTH,Clothng,635.41,6,-5,credit card,In Transit,4003.083
103569,2023-09-21,1201,north,Home,669.36,1,0,,Cancelled,669.36
103570,2023-10-09,1557,SOUTH,,72.77,3,10,,Cancelled,196.479
103571,2023-04-23,1112,South,Home,545.62,5,5,COD,Cancelled,2591.6949999999997
103572,2023-11-23,1090,,Clothing,1135.94,1,0,Credit Card,Delivered,1135.94
103573,2023-01-30,1140,north,Clothng,556.53,7,10,,In Transit,3506.139
103574,2023-05-15,1288,,electronics,1074.18,4,0,credit card,Delivered,4296.72
103575,2023-03-08,1588,SOUTH,,557.37,2,15,Credit Card,Cancelled,947.529
103576,2023-03-06,1410,north,,637.74,0,0,UPI,delivered,0.0
103577,2023-10-19,1376,north,Electronics,848.02,7,0,COD,delivered,5936.139999999999
103578,2023-01-25,1383,North,electronics,1426.27,2,5,credit card,In Transit,2709.913
103579,2023-02-06,1151,North,,167.75,7,0,Debit Card,delivered,1174.25
103580,2023-01-01,1318,North,,54.21,0,0,UPI,Cancelled,0.0
103581,2023-02-06,1368,SOUTH,electronics,913.9,1,20,Debit Card,In Transit,731.12
103582,2023-05-21,1559,West,Clothng,1423.9,2,-5,,In Transit,2990.1900000000005
103583,2023-08-20,1461,South,Home,1484.64,7,20,Credit Card,Cancelled,8313.984000000002
103584,2023-05-16,1011,SOUTH,electronics,728.83,2,5,UPI,Cancelled,1384.777
103585,2023-07-07,1155,,Home,704.78,2,20,credit card,Cancelled,1127.648
103586,2023-05-08,1476,North,Clothng,969.22,4,-5,Debit Card,Cancelled,4070.724
103587,2023-07-20,1400,north,Clothng,835.67,1,5,,In Transit,793.8865
103588,2023-05-07,1176,SOUTH,Clothing,952.96,6,0,Debit Card,delivered,5717.76
103589,2023-09-14,1340,north,Electronics,1311.63,0,0,Credit Card,Cancelled,0.0
103590,2023-06-13,1056,,Clothng,1120.73,2,5,Credit Card,Returned,2129.3869999999997
103591,2023-02-04,1447,north,Clothng,747.83,1,-5,,In Transit,785.2215000000001
103592,2023-07-13,1202,north,Home,695.49,6,10,COD,Delivered,3755.6460000000006
103593,2023-07-10,1201,East,Clothng,961.2,5,10,,delivered,4325.400000000001
103594,2023-04-14,1329,West,electronics,686.28,4,0,COD,In Transit,2745.12
103595,2023-01-23,1362,South,Clothing,689.38,4,0,,Cancelled,2779.119713840048
103596,2023-09-22,1453,South,Clothing,29.38,5,5,,Returned,139.555
103597,2023-10-17,1355,North,electronics,265.23,1,105,Credit Card,Delivered,-13.261500000000012
103598,2023-09-17,1215,East,,735.33,0,0,COD,delivered,0.0
103599,2023-12-24,1554,SOUTH,Clothng,1234.87,1,20,,Cancelled,987.896
103600,2023-03-16,1022,SOUTH,Electronics,421.7,1,0,Debit Card,In Transit,421.7
103601,2023-12-21,1154,South,Clothng,786.35,3,10,Credit Card,In Transit,2123.1450000000004
103602,2023-03-13,1185,West,Clothing,520.72,6,10,UPI,delivered,2811.8880000000004
103603,2023-09-16,1248,north,Electronics,161.68,4,20,Credit Card,Returned,517.3760000000001
103604,2023-07-07,1133,,,1437.66,0,0,,Cancelled,0.0
103605,2023-06-22,1320,North,Home,1282.74,3,0,credit card,delivered,3848.2200000000003
103606,2023-10-17,1389,West,Home,122.35,5,0,credit card,delivered,611.75
103607,2023-02-14,1433,South,Clothng,1081.08,1,-5,Credit Card,In Transit,1126.4558028343426
103608,2023-03-02,1021,East,Clothng,524.63,5,0,UPI,delivered,2623.15
103609,2023-03-24,1599,North,Electronics,1492.3,4,0,Credit Card,Delivered,5969.2
103610,2023-05-03,1124,South,Electronics,457.09,3,5,UPI,Delivered,1302.7065
103611,2023-12-24,1078,SOUTH,,361.91,6,5,,Cancelled,2062.8869999999997
103612,2023-01-16,1050,North,Clothng,854.0,3,20,Debit Card,delivered,2049.6
103613,2023-03-07,1175,South,Clothing,1253.51,0,-5,Debit Card,In Transit,0.0
103614,2023-05-25,1252,SOUTH,Home,292.82,6,5,UPI,Cancelled,1669.074
103615,2023-06-11,1245,,,1065.56,1,-5,COD,Returned,1118.838
103616,2023-08-22,1105,SOUTH,Electronics,96.8,7,15,Debit Card,In Transit,575.96
103617,2023-05-24,1192,north,Clothing,1378.81,7,0,credit card,Returned,9651.67
103618,2023-12-24,1315,East,Clothng,126.21,0,-5,Credit Card,Cancelled,0.0
103619,2023-07-07,1301,north,electronics,1371.78,3,10,,Delivered,3703.806
103620,2023-11-18,1547,South,Electronics,738.76,6,5,COD,In Transit,4210.931999999999
103621,2023-01-13,1267,,,674.9,3,10,credit card,In Transit,1822.2299999999998
103622,2023-07-03,1169,West,electronics,1460.09,0,5,Credit Card,Cancelled,0.0
103623,2023-04-21,1550,,Clothing,1485.62,3,0,credit card,In Transit,4456.86
103624,2023-10-17,1454,,Home,977.02,6,15,COD,In Transit,4982.802
103625,2023-10-22,1291,,Clothing,195.04,2,20,UPI,Cancelled,312.064
103626,2023-08-03,1563,north,Home,761.72,4,15,Credit Card,delivered,2589.848
103627,2023-04-30,1140,West,Clothing,796.1,1,0,credit card,Cancelled,796.1
103628,2023-02-24,1145,SOUTH,Electronics,774.1,4,105,,In Transit,-154.82000000000014
103629,2023-01-27,1424,South,Electronics,856.39,1,0,,Cancelled,856.39
103630,2023-04-28,1313,East,,32.99,6,0,credit card,In Transit,197.94
103631,2023-08-09,1183,West,electronics,1068.28,3,0,COD,Returned,1310.5869126243738
103632,2023-08-19,1127,South,Clothing,1070.03,7,0,COD,Returned,7490.21
103633,2023-02-22,1286,West,Clothing,177.63,6,5,,Delivered,1012.4909999999999
103634,2023-10-22,1252,north,electronics,857.51,0,10,,Cancelled,0.0
103635,2023-11-17,1385,South,Clothng,854.7,7,20,COD,Cancelled,4786.320000000001
103636,2023-08-21,1229,north,,1025.26,0,105,UPI,Returned,-0.0
103637,2023-06-07,1270,North,Clothing,132.67,3,20,Debit Card,Returned,318.408
103638,2023-09-26,1414,South,,941.62,1,5,credit card,Returned,894.539
103639,2023-01-21,1197,West,Clothing,424.72,3,15,UPI,Delivered,1083.036
103640,2023-02-22,1322,North,Clothing,762.97,1,20,credit card,Delivered,610.3760000000001
103641,2023-10-02,1055,north,Clothng,1161.12,3,5,,delivered,3309.1919999999996
103642,2023-11-09,1202,north,Electronics,1059.94,7,15,UPI,Cancelled,6306.643
103643,2023-10-08,1137,West,,182.76,3,5,,Delivered,520.866
103644,2023-08-02,1421,North,electronics,888.82,3,0,,In Transit,2666.46
103645,2023-01-31,1056,,,1453.83,7,5,,Cancelled,9667.9695
103646,2023-12-03,1561,SOUTH,Clothng,239.37,0,10,Credit Card,delivered,0.0
103647,2023-07-02,1070,East,Home,1280.1,1,15,Debit Card,Returned,1088.0849999999998
103648,2023-01-23,1593,West,Home,1055.31,5,0,,delivered,5276.549999999999
103649,2023-02-01,1371,north,Clothng,1162.13,3,10,credit card,Cancelled,3137.751
103650,2023-03-15,1599,South,Clothng,426.53,4,-5,COD,Returned,1791.426
103651,2023-01-10,1513,North,Electronics,435.39,4,105,Debit Card,delivered,-87.07800000000007
103652,2023-02-23,1083,SOUTH,,1359.5,6,0,credit card,delivered,8157.0
103653,2023-02-21,1042,East,,542.95,6,0,Credit Card,Cancelled,3257.7000000000003
103654,2023-05-28,1132,South,Home,99.21,0,10,,Delivered,0.0
103655,2023-06-09,1394,North,electronics,902.89,2,5,credit card,In Transit,1715.491
103656,2023-01-14,1064,SOUTH,,191.6,5,0,credit card,delivered,958.0
103657,2023-06-27,1289,West,Clothing,1195.91,0,0,credit card,In Transit,0.0
103658,2023-02-22,1375,SOUTH,Clothing,964.41,2,20,Debit Card,Cancelled,1543.056
103659,2023-12-01,1466,West,Electronics,1312.72,0,15,,Cancelled,0.0
103660,2023-01-22,1212,,Electronics,1178.33,6,5,credit card,Delivered,6716.480999999999
103661,2023-01-30,1147,North,Home,172.61,4,5,COD,Returned,655.918
103662,2023-07-10,1572,SOUTH,electronics,574.7,3,10,,In Transit,1551.69
103663,2023-09-17,1470,East,electronics,1162.97,1,0,UPI,delivered,817.3938464750681
103664,2023-07-24,1148,SOUTH,Clothng,628.93,6,5,COD,Returned,3584.901
103665,2023-02-28,1087,North,Electronics,1458.69,3,0,Credit Card,In Transit,5626.304658634682
103666,2023-09-21,1323,South,,1104.93,4,5,Debit Card,In Transit,4198.734
103667,2023-01-12,1395,South,Clothing,28.17,7,0,UPI,Returned,197.19
103668,2023-04-29,1403,SOUTH,,1320.58,1,10,Debit Card,Returned,1188.522
103669,2023-10-17,1081,SOUTH,Clothing,155.7,2,10,Debit Card,Delivered,280.26
103670,2023-12-04,1285,West,Home,215.08,2,0,credit card,delivered,430.16
103671,2023-09-05,1381,North,Clothing,1103.07,4,0,COD,delivered,3909.012102269631
103672,2023-12-20,1269,West,,1298.13,1,0,UPI,delivered,1298.13
103673,2023-05-07,1291,East,,806.84,3,10,credit card,Returned,2178.468
103674,2023-03-16,1452,,electronics,437.13,4,0,UPI,Delivered,1748.52
103675,2023-12-27,1023,South,electronics,530.22,2,0,,Cancelled,1183.3995426031315
103676,2023-07-23,1310,north,Electronics,517.62,7,10,,Delivered,3261.0060000000003
103677,2023-02-18,1460,north,,493.38,4,15,COD,Returned,1677.492
103678,2023-03-20,1207,North,Home,368.15,7,0,credit card,Delivered,2577.0499999999997
103679,2023-08-29,1437,North,Clothing,915.26,3,5,UPI,Returned,2608.4909999999995
103680,2023-12-15,1537,north,Electronics,1351.11,0,-5,,In Transit,0.0
103681,2023-06-03,1335,North,Clothng,464.09,7,-5,credit card,In Transit,3411.0615
103682,2023-10-01,1421,South,Clothng,284.11,7,0,Debit Card,Cancelled,1988.77
103683,2023-04-06,1320,East,Clothing,1258.67,5,20,,In Transit,5034.68
103684,2023-08-02,1496,East,Clothing,1113.97,5,10,Credit Card,Cancelled,5012.865000000001
103685,2023-10-21,1586,West,Clothing,1396.6,6,105,UPI,delivered,-418.9800000000003
103686,2023-07-28,1162,South,electronics,252.45,5,5,,Returned,1199.1375
103687,2023-12-09,1540,,Clothing,220.66,0,15,COD,delivered,0.0
103688,2023-03-29,1164,North,Clothng,814.44,3,15,UPI,delivered,2076.822
103689,2023-11-02,1565,North,Clothing,923.58,6,5,Credit Card,Cancelled,8752.302325966082
103690,2023-09-21,1294,,,722.86,1,15,UPI,Returned,614.431
103691,2023-11-21,1041,West,Home,900.46,7,0,UPI,Cancelled,6303.22
103692,2023-11-16,1284,West,Clothng,274.67,4,0,,Delivered,1098.68
103693,2023-06-06,1386,North,Home,722.02,3,5,UPI,delivered,2057.757
103694,2023-06-05,1137,North,Clothng,988.85,0,-5,COD,Returned,0.0
103695,2023-05-19,1186,,Electronics,651.9,7,5,Credit Card,delivered,4335.135
103696,2023-05-01,1430,South,,1020.77,6,10,,Delivered,5512.158
103697,2023-03-06,1553,,Clothng,679.53,2,10,Credit Card,Delivered,726.9048915600324
103698,2023-04-17,1415,West,,503.73,5,0,COD,Returned,2518.65
103699,2023-05-27,1425,,Clothng,458.89,5,0,UPI,Returned,2294.45
103700,2023-05-17,1415,,Home,619.3,3,15,UPI,Delivered,1579.215
103701,2023-06-11,1025,,Home,39.52,7,105,,delivered,-13.832000000000015
103702,2023-04-10,1370,South,Clothng,1004.45,5,0,Credit Card,In Transit,5022.25
103703,2023-12-04,1384,SOUTH,Clothng,1268.43,5,5,UPI,delivered,6025.0425000000005
103704,2023-11-03,1055,North,electronics,535.17,7,0,Debit Card,In Transit,3746.1899999999996
103705,2023-05-21,1252,north,,73.82,3,0,UPI,Cancelled,221.45999999999998
103706,2023-03-24,1105,,,1480.23,3,0,UPI,Returned,4440.6900000000005
103707,2023-06-26,1129,north,,399.23,6,5,credit card,Delivered,2275.611
103708,2023-07-17,1375,SOUTH,,194.3,0,0,Credit Card,Cancelled,0.0
103709,2023-04-22,1307,North,Electronics,557.78,0,0,Credit Card,delivered,0.0
103710,2023-02-25,1090,West,Electronics,1109.14,5,15,Debit Card,In Transit,4713.845
103711,2023-06-28,1392,north,Clothing,444.41,6,105,Debit Card,Returned,-133.32300000000012
103712,2023-07-05,1533,West,Clothng,864.18,3,0,Debit Card,In Transit,2592.54
103713,2023-08-06,1109,north,Clothng,626.26,3,10,Credit Card,delivered,1690.902
103714,2023-11-12,1560,West,Clothng,181.06,5,0,credit card,delivered,905.3
103715,2023-08-05,1584,,Clothng,498.78,1,-5,credit card,Delivered,523.7189999999999
103716,2023-04-30,1339,north,,1088.68,2,10,COD,Cancelled,1959.6240000000003
103717,2023-06-24,1564,West,,919.95,4,20,Credit Card,Returned,2943.84
103718,2023-01-23,1355,SOUTH,Electronics,184.07,4,0,COD,Delivered,736.28
103719,2023-08-01,1167,South,Home,249.17,7,10,UPI,In Transit,525.8574546100139
103720,2023-08-23,1556,West,electronics,962.9,5,5,Debit Card,Cancelled,4573.775
103721,2023-01-13,1451,South,,1221.06,6,0,COD,Returned,7326.36
103722,2023-04-11,1104,South,,527.46,7,0,,In Transit,3692.2200000000003
103723,2023-01-24,1149,North,,894.99,4,10,COD,Returned,3221.964
103724,2023-12-30,1145,,Home,260.11,0,15,Credit Card,Returned,0.0
103725,2023-01-11,1298,SOUTH,Home,470.51,6,0,Debit Card,Cancelled,2823.06
103726,2023-09-30,1166,South,Electronics,35.3,7,10,Debit Card,In Transit,222.39
103727,2023-10-08,1047,East,,1153.57,6,0,credit card,Delivered,6921.42
103728,2023-04-04,1238,,electronics,604.51,7,0,COD,Delivered,4231.57
103729,2023-07-20,1006,South,Clothng,1225.11,0,10,credit card,Delivered,0.0
103730,2023-01-21,1463,West,,1064.02,1,0,COD,Returned,1064.02
103731,2023-12-06,1452,South,Electronics,1243.97,5,5,Credit Card,delivered,5908.8575
103732,2023-07-30,1370,West,Electronics,432.06,0,0,Credit Card,Cancelled,0.0
103733,2023-05-20,1548,West,electronics,281.74,5,10,UPI,Delivered,1267.8300000000002
103734,2023-10-20,1486,East,Clothing,1458.0,5,5,COD,Cancelled,6925.5
103735,2023-10-25,1210,South,Electronics,1077.41,7,105,COD,Returned,-377.09350000000035
103736,2023-04-11,1164,South,Home,1251.89,6,0,Debit Card,Cancelled,7511.34
103737,2023-10-31,1124,north,Home,24.63,3,15,Debit Card,Delivered,62.8065
103738,2023-12-25,1336,,Clothng,534.92,2,0,credit card,Delivered,1069.84
103739,2023-01-28,1191,north,Electronics,1115.51,2,5,UPI,Returned,2119.469
103740,2023-02-10,1213,North,Clothng,121.58,5,10,Credit Card,Returned,547.11
103741,2023-12-21,1573,West,Electronics,853.17,2,0,COD,In Transit,1706.34
103742,2023-10-30,1327,East,electronics,646.46,2,5,credit card,Returned,1228.2740000000001
103743,2023-05-26,1380,north,,31.34,4,0,UPI,delivered,125.36
103744,2023-09-13,1577,South,Electronics,357.78,6,0,Debit Card,delivered,2146.68
103745,2023-08-15,1238,North,Clothing,430.76,4,0,UPI,Delivered,1723.04
103746,2023-08-24,1531,East,Home,172.23,3,15,credit card,Returned,439.1864999999999
103747,2023-12-27,1081,SOUTH,electronics,949.15,1,15,Credit Card,delivered,806.7774999999999
103748,2023-01-13,1362,South,,367.38,6,0,Debit Card,delivered,2204.2799999999997
103749,2023-07-29,1504,South,,420.04,0,5,,In Transit,0.0
103750,2023-08-17,1201,SOUTH,Home,1347.87,7,0,Debit Card,Returned,9435.09
103751,2023-04-10,1503,West,,703.35,7,0,Credit Card,In Transit,4923.45
103752,2023-01-31,1036,West,Clothng,591.23,7,15,Debit Card,Cancelled,3517.8185000000003
103753,2023-01-16,1588,north,electronics,1087.19,0,10,credit card,In Transit,0.0
103754,2023-05-17,1401,north,Clothing,1364.87,4,0,Debit Card,Cancelled,5459.48
103755,2023-11-25,1175,South,Home,42.43,5,0,COD,Cancelled,212.15
103756,2023-06-15,1544,,Electronics,675.12,2,20,UPI,Returned,1080.192
103757,2023-11-06,1569,South,Electronics,918.12,3,0,credit card,Cancelled,2754.36
103758,2023-04-10,1466,north,Electronics,481.25,1,0,Credit Card,Cancelled,254.00671692293864
103759,2023-04-19,1200,SOUTH,electronics,1159.75,4,10,credit card,In Transit,4175.1
103760,2023-12-09,1539,north,Clothing,1457.36,5,10,COD,Returned,6558.12
103761,2023-06-22,1546,South,,1415.42,3,5,Debit Card,Returned,4033.947
103762,2023-08-25,1393,East,Clothing,402.64,7,20,Debit Card,Cancelled,2254.784
103763,2023-06-11,1041,South,Clothing,343.38,5,0,,In Transit,1716.9
103764,2023-08-04,1596,East,Home,1436.45,3,15,credit card,In Transit,3662.9475
103765,2023-09-21,1392,East,electronics,690.65,4,0,Debit Card,In Transit,2762.6
103766,2023-09-20,1440,South,Electronics,316.41,3,10,Debit Card,In Transit,854.307
103767,2023-10-19,1505,,Home,1061.96,6,20,COD,Delivered,5097.408
103768,2023-10-01,1319,,,430.21,2,5,Credit Card,Cancelled,817.3989999999999
103769,2023-01-03,1552,North,Clothing,404.53,3,15,,Cancelled,1031.5514999999998
103770,2023-01-28,1214,north,Electronics,1319.48,1,20,,Cancelled,1055.584
103771,2023-11-22,1070,,electronics,247.91,3,0,,Returned,743.73
103772,2023-05-29,1567,West,Clothng,101.27,6,15,UPI,Returned,516.477
103773,2023-01-28,1235,South,Clothing,407.43,0,-5,credit card,In Transit,0.0
103774,2023-11-06,1280,East,Clothing,912.38,6,10,Credit Card,Returned,7560.80722262506
103775,2023-03-06,1161,South,Clothing,189.02,3,0,UPI,delivered,567.0600000000001
103776,2023-12-22,1190,north,Clothing,710.03,7,0,Credit Card,Cancelled,4970.21
103777,2023-01-21,1008,SOUTH,Electronics,942.87,5,0,credit card,Cancelled,4714.35
103778,2023-09-09,1059,,electronics,1273.86,7,0,,Delivered,8917.019999999999
103779,2023-08-23,1224,,Home,348.66,7,5,COD,Delivered,2318.5890000000004
103780,2023-08-15,1581,,Electronics,1226.93,4,0,COD,delivered,4907.72
103781,2023-01-13,1286,East,electronics,356.18,0,0,COD,Delivered,0.0
103782,2023-11-09,1168,West,Home,1016.77,4,5,Credit Card,In Transit,3863.7259999999997
103783,2023-02-18,1061,West,Clothing,648.86,5,5,credit card,In Transit,3082.085
103784,2023-04-28,1348,,electronics,176.45,1,10,Debit Card,Cancelled,158.805
103785,2023-02-23,1441,West,Clothing,1072.82,2,15,Debit Card,In Transit,1823.7939999999999
103786,2023-05-18,1013,SOUTH,electronics,330.56,1,0,COD,Delivered,330.56
103787,2023-02-22,1163,,,269.05,0,0,Credit Card,delivered,0.0
103788,2023-02-13,1419,North,Clothng,540.69,5,0,Debit Card,In Transit,2703.4500000000003
103789,2023-10-30,1519,East,Clothing,981.67,7,5,Credit Card,Cancelled,6528.1055
103790,2023-02-22,1547,SOUTH,Clothing,354.82,5,0,credit card,Cancelled,1774.1
103791,2023-03-15,1559,East,Clothing,279.57,7,15,COD,Delivered,1663.4415
103792,2023-02-15,1596,,,19.88,2,0,UPI,In Transit,39.76
103793,2023-01-13,1027,SOUTH,Electronics,710.11,3,-5,COD,Delivered,2236.8465
103794,2023-06-14,1445,,Home,645.83,0,5,UPI,Cancelled,0.0
103795,2023-04-12,1207,SOUTH,Clothing,354.63,2,5,Debit Card,delivered,673.7969999999999
103796,2023-10-07,1469,,Clothing,85.21,6,15,,In Transit,434.57099999999997
103797,2023-09-15,1103,North,Electronics,646.74,6,15,UPI,delivered,3298.374
103798,2023-12-03,1425,East,Electronics,1183.37,4,10,,In Transit,4260.132
103799,2023-12-22,1100,SOUTH,Clothng,1074.35,7,-5,Credit Card,Cancelled,7896.472499999999
103800,2023-05-18,1540,North,electronics,1291.89,2,5,,In Transit,2454.591
103801,2023-06-12,1521,South,Clothing,19.33,4,20,UPI,Cancelled,61.855999999999995
103802,2023-04-21,1105,,electronics,1449.8,6,0,Debit Card,Returned,8698.8
103803,2023-04-12,1276,north,Electronics,515.41,6,20,Debit Card,Cancelled,2473.9680000000003
103804,2023-01-17,1064,SOUTH,Electronics,1485.64,4,0,COD,Cancelled,5942.56
103805,2023-09-25,1187,West,Clothng,382.67,5,0,Debit Card,In Transit,1913.3500000000001
103806,2023-07-01,1316,North,Home,709.95,2,10,Credit Card,delivered,1277.91
103807,2023-01-24,1137,North,,534.12,5,0,UPI,Cancelled,2670.6
103808,2023-01-29,1342,SOUTH,,536.86,6,0,credit card,In Transit,4053.0152813607556
103809,2023-06-20,1104,North,,1264.21,5,0,Debit Card,Cancelled,6321.05
103810,2023-08-16,1545,South,Electronics,1120.9,7,10,,Delivered,7061.670000000001
103811,2023-07-07,1379,North,Clothing,1488.27,1,20,UPI,Delivered,1190.616
103812,2023-12-12,1109,north,Clothng,922.2,1,10,COD,Delivered,829.98
103813,2023-08-18,1544,north,Home,697.57,5,20,credit card,Delivered,2790.2800000000007
103814,2023-11-17,1353,,,139.66,5,5,COD,delivered,263.19218013352906
103815,2023-12-06,1316,,Clothng,1494.86,7,0,Credit Card,Cancelled,10464.019999999999
103816,2023-04-29,1265,West,Electronics,829.54,4,0,COD,Delivered,3318.16
103817,2023-06-05,1064,South,,1052.21,5,10,UPI,In Transit,4734.945000000001
103818,2023-09-29,1332,north,Home,613.08,0,0,credit card,Delivered,0.0
103819,2023-06-24,1512,SOUTH,electronics,823.83,2,0,COD,Returned,1647.66
103820,2023-04-14,1132,East,Home,1414.15,0,5,COD,Returned,0.0
103821,2023-04-02,1591,East,Clothing,253.8,1,10,,delivered,228.42000000000002
103822,2023-07-05,1539,East,,442.1,0,0,,Returned,0.0
103823,2023-10-10,1534,,,232.33,3,20,Credit Card,In Transit,712.521342081068
103824,2023-06-30,1495,SOUTH,electronics,1189.36,3,15,UPI,Delivered,3032.868
103825,2023-06-19,1368,North,electronics,97.76,1,15,COD,Returned,83.096
103826,2023-07-06,1098,SOUTH,,127.04,0,105,UPI,Returned,-0.0
103827,2023-06-24,1316,North,Clothing,451.25,2,0,Debit Card,delivered,902.5
103828,2023-08-10,1122,East,electronics,773.71,7,10,Credit Card,Returned,4874.3730000000005
103829,2023-08-21,1319,West,Electronics,612.38,1,20,,Delivered,489.904
103830,2023-06-11,1592,West,,72.0,3,10,Credit Card,Cancelled,194.4
103831,2023-05-14,1494,North,Home,1436.45,1,15,Credit Card,Delivered,1220.9825
103832,2023-08-12,1456,East,Home,1429.54,0,5,UPI,Returned,0.0
103833,2023-06-02,1521,SOUTH,Clothing,422.64,0,10,,Returned,0.0
103834,2023-02-02,1519,West,Electronics,1098.63,0,0,,Returned,0.0
103835,2023-02-24,1314,North,electronics,869.97,4,105,COD,delivered,-173.99400000000017
103836,2023-01-07,1541,SOUTH,,360.03,0,20,COD,In Transit,0.0
103837,2023-09-01,1478,East,Home,396.95,5,20,UPI,Delivered,1587.8000000000002
103838,2023-11-09,1019,South,Home,739.27,3,10,UPI,Returned,1996.029
103839,2023-05-06,1559,East,Home,631.76,6,0,Debit Card,Cancelled,3790.56
103840,2023-01-12,1129,,Home,440.39,3,0,credit card,delivered,1321.17
103841,2023-01-16,1292,East,Clothng,1212.23,4,20,credit card,In Transit,3879.1360000000004
103842,2023-07-27,1131,SOUTH,Clothing,724.79,3,0,Credit Card,Returned,2174.37
103843,2023-02-12,1355,SOUTH,electronics,984.0,3,0,COD,Delivered,2952.0
103844,2023-05-15,1053,north,,287.96,1,10,,Cancelled,259.164
103845,2023-08-16,1386,north,,802.59,6,5,Credit Card,delivered,4574.763
103846,2023-04-21,1264,SOUTH,,480.37,6,10,,Delivered,2593.9980000000005
103847,2023-11-03,1214,SOUTH,electronics,791.99,0,5,COD,Delivered,0.0
103848,2023-06-09,1459,South,Clothing,1172.33,5,10,COD,delivered,5275.485
103849,2023-11-27,1457,South,Electronics,1154.53,5,20,Debit Card,Delivered,4618.12
103850,2023-09-21,1042,East,Clothing,534.56,1,0,UPI,Cancelled,534.56
103851,2023-08-13,1585,,Home,1042.94,5,0,UPI,Cancelled,5214.700000000001
103852,2023-08-05,1277,West,Home,1412.23,1,5,UPI,Delivered,1341.6185
103853,2023-02-14,1129,,Clothing,940.38,6,105,credit card,Returned,-282.11400000000026
103854,2023-08-02,1349,South,Clothing,226.87,6,0,UPI,Delivered,1361.22
103855,2023-02-28,1543,East,electronics,1021.16,7,0,credit card,Returned,7148.12
103856,2023-05-12,1105,,electronics,161.83,6,10,,Delivered,1469.9686062673043
103857,2023-04-14,1000,North,Clothng,1308.81,5,5,Credit Card,In Transit,6216.847499999999
103858,2023-07-14,1583,north,,777.41,3,105,credit card,Cancelled,-116.6115000000001
103859,2023-06-06,1431,,Clothng,580.79,6,20,COD,Delivered,2787.792
103860,2023-04-08,1305,West,,90.22,7,5,Debit Card,Cancelled,599.963
103861,2023-08-14,1526,East,Home,574.27,2,10,Debit Card,delivered,1033.686
103862,2023-07-24,1052,,Clothng,1355.29,0,0,COD,In Transit,0.0
103863,2023-03-20,1519,SOUTH,Clothng,36.37,2,10,,Returned,65.466
103864,2023-05-04,1329,North,Electronics,714.6,3,15,Credit Card,delivered,2379.7357223779513
103865,2023-08-06,1557,north,Clothing,1397.08,4,0,Debit Card,In Transit,5588.32
103866,2023-01-04,1324,North,electronics,595.29,1,0,COD,delivered,595.29
103867,2023-03-31,1113,East,Clothng,645.12,7,-5,Debit Card,Cancelled,4741.6320000000005
103868,2023-04-14,1146,South,electronics,869.95,5,5,credit card,In Transit,4132.2625
103869,2023-04-29,1165,north,,697.09,5,10,,delivered,3136.905
103870,2023-05-13,1378,North,Clothng,257.06,3,0,Debit Card,Returned,771.1800000000001
103871,2023-11-08,1138,South,,32.74,5,5,,In Transit,155.51500000000001
103872,2023-04-06,1298,West,Clothng,916.67,3,20,,In Transit,2200.008
103873,2023-11-27,1275,East,Home,1381.61,7,0,credit card,delivered,14978.487068938031
103874,2023-05-23,1177,East,Electronics,164.01,2,10,,Delivered,295.218
103875,2023-10-15,1353,north,,320.37,4,0,credit card,Returned,1281.48
103876,2023-01-28,1153,North,Clothing,558.49,1,5,Debit Card,Returned,530.5654999999999
103877,2023-10-05,1200,West,Clothing,1214.07,5,-5,Debit Card,delivered,6373.867499999999
103878,2023-08-21,1114,SOUTH,Home,407.54,4,10,,Cancelled,1467.144
103879,2023-01-17,1553,north,Home,1323.67,4,-5,credit card,Cancelled,5559.414000000001
103880,2023-02-28,1067,SOUTH,Clothing,87.16,4,-5,Debit Card,Delivered,366.072
103881,2023-03-31,1444,north,,1411.73,0,-5,,Delivered,0.0
103882,2023-07-18,1444,North,Clothing,843.32,4,20,Credit Card,delivered,2698.6240000000003
103883,2023-12-28,1325,West,Electronics,989.87,6,0,UPI,Cancelled,5939.22
103884,2023-01-26,1358,North,Clothng,554.7,3,-5,UPI,Returned,1747.3050000000003
103885,2023-01-25,1144,East,Electronics,1174.08,0,0,COD,Cancelled,0.0
103886,2023-10-28,1274,SOUTH,Clothing,254.02,6,0,,delivered,1524.1200000000001
103887,2023-12-05,1508,South,Clothng,78.12,0,0,UPI,Cancelled,0.0
103888,2023-09-24,1178,,Clothing,596.3,4,0,Credit Card,In Transit,3870.853268044449
103889,2023-06-30,1476,East,Electronics,1281.28,5,10,,delivered,5765.76
103890,2023-12-26,1413,East,Electronics,1133.62,5,5,UPI,In Transit,5384.694999999999
103891,2023-03-09,1152,SOUTH,,778.15,5,0,UPI,delivered,3890.75
103892,2023-12-17,1103,north,,860.35,5,5,Credit Card,Returned,4086.6625
103893,2023-11-17,1074,East,Electronics,199.19,3,5,credit card,delivered,567.6914999999999
103894,2023-02-18,1127,,Clothng,1261.82,7,15,UPI,delivered,7507.829
103895,2023-06-24,1567,West,,1181.5,5,0,COD,delivered,5907.5
103896,2023-02-21,1344,East,,986.42,1,0,UPI,delivered,986.42
103897,2023-04-12,1530,West,electronics,701.96,4,0,UPI,Delivered,2807.84
103898,2023-08-04,1158,North,electronics,1446.87,0,0,Credit Card,In Transit,0.0
103899,2023-07-07,1537,north,,1319.15,1,10,Credit Card,delivered,1187.2350000000001
103900,2023-02-26,1425,West,Clothing,968.42,5,5,,delivered,4599.994999999999
103901,2023-02-16,1022,East,Clothng,560.84,1,0,COD,Delivered,560.84
103902,2023-06-08,1046,north,Home,928.94,0,0,Debit Card,Cancelled,0.0
103903,2023-06-23,1524,,,865.28,5,0,Credit Card,Delivered,4326.4
103904,2023-08-30,1143,north,electronics,594.39,1,105,Debit Card,Delivered,-26.106857356171545
103905,2023-10-09,1584,West,Clothng,463.48,3,0,COD,Delivered,1390.44
103906,2023-08-29,1588,West,Clothng,613.48,3,20,UPI,delivered,1472.352
103907,2023-01-05,1418,South,electronics,863.0,4,15,,Delivered,2934.2
103908,2023-03-25,1084,South,Clothng,645.06,7,0,UPI,Delivered,4515.42
103909,2023-11-04,1415,north,Clothng,399.04,4,105,,Delivered,-79.80800000000008
103910,2023-12-27,1481,SOUTH,electronics,1142.64,6,15,Debit Card,delivered,6999.818824045327
103911,2023-09-05,1455,SOUTH,Electronics,799.54,1,10,COD,Returned,719.586
103912,2023-02-23,1296,South,,106.17,0,5,COD,Returned,0.0
103913,2023-06-10,1111,East,Clothing,555.63,3,10,Credit Card,Cancelled,1500.201
103914,2023-08-14,1229,North,Home,1327.95,2,0,Debit Card,delivered,2655.9
103915,2023-01-15,1095,north,Clothing,1134.08,7,0,,Delivered,7938.5599999999995
103916,2023-08-12,1377,North,Electronics,488.25,4,20,Credit Card,Delivered,1562.4
103917,2023-03-02,1155,South,Electronics,1407.58,6,20,Debit Card,Delivered,6756.384
103918,2023-05-02,1420,West,Clothng,119.52,3,0,Credit Card,Returned,358.56
103919,2023-10-04,1104,,Clothing,1442.05,6,15,Credit Card,Delivered,7354.454999999999
103920,2023-02-15,1329,north,Electronics,372.33,5,15,COD,Delivered,1582.4025
103921,2023-10-21,1438,South,Clothing,18.6,1,0,COD,Returned,18.6
103922,2023-03-03,1131,East,Electronics,653.54,6,5,UPI,Delivered,3725.1779999999994
103923,2023-03-27,1381,,Home,541.66,7,5,UPI,Cancelled,3602.0389999999998
103924,2023-07-29,1137,north,Electronics,810.94,3,15,COD,In Transit,2067.897
103925,2023-03-19,1269,north,Clothing,1196.18,3,20,COD,Cancelled,2870.8320000000003
103926,2023-07-21,1549,SOUTH,Clothng,1264.43,1,0,Credit Card,delivered,1264.43
103927,2023-10-29,1395,West,Clothing,604.84,4,10,UPI,Cancelled,2177.424
103928,2023-08-11,1556,north,electronics,647.62,4,15,COD,Cancelled,2201.908
103929,2023-08-10,1463,West,Clothing,226.53,2,15,Debit Card,Returned,385.101
103930,2023-01-03,1449,South,Home,76.08,7,0,Debit Card,delivered,532.56
103931,2023-01-06,1330,East,,963.62,2,5,UPI,Cancelled,1830.878
103932,2023-04-03,1252,,Home,101.33,4,20,Debit Card,In Transit,373.5292979889527
103933,2023-01-08,1284,,Home,1102.08,4,0,,Cancelled,4408.32
103934,2023-08-23,1273,East,Electronics,810.94,7,5,Credit Card,Delivered,5392.750999999999
103935,2023-04-18,1019,north,Home,301.88,6,20,UPI,Returned,1449.0240000000001
103936,2023-06-10,1238,north,Clothing,811.59,7,0,,Delivered,5681.13
103937,2023-07-28,1269,South,,278.58,4,20,COD,delivered,891.456
103938,2023-08-28,1417,SOUTH,Clothng,660.91,4,0,,delivered,2643.64
103939,2023-11-27,1309,SOUTH,Home,1200.34,3,0,Debit Card,Returned,3601.0199999999995
103940,2023-11-29,1030,SOUTH,Clothing,695.57,2,0,Credit Card,Cancelled,1391.14
103941,2023-02-19,1103,West,Electronics,227.31,1,0,COD,delivered,227.31
103942,2023-01-11,1185,SOUTH,Electronics,1087.12,7,0,credit card,In Transit,7609.839999999999
103943,2023-12-17,1127,East,Clothng,284.22,0,10,Credit Card,Returned,0.0
103944,2023-06-05,1209,,Clothng,1109.13,1,0,Debit Card,Delivered,1109.13
103945,2023-03-11,1413,,Clothing,721.63,7,-5,Credit Card,In Transit,5303.9805
103946,2023-06-18,1280,West,Clothng,683.34,5,5,credit card,Returned,3245.8650000000002
103947,2023-09-29,1252,South,Clothng,1277.9,7,5,credit card,In Transit,8498.035
103948,2023-03-09,1018,East,Electronics,1064.36,0,5,Credit Card,Returned,0.0
103949,2023-12-21,1135,,Clothing,54.2,3,10,COD,Delivered,146.34000000000003
103950,2023-09-09,1222,East,,447.78,5,5,,Cancelled,2126.9549999999995
103951,2023-02-17,1002,,Clothng,1307.03,2,0,COD,Returned,2614.06
103952,2023-07-03,1235,North,Clothing,32.4,0,20,credit card,delivered,0.0
103953,2023-11-16,1464,South,Home,820.15,4,5,UPI,Delivered,3116.5699999999997
103954,2023-07-06,1227,South,Electronics,1093.1,5,0,UPI,Delivered,8012.360312794599
103955,2023-03-31,1498,North,,934.67,3,5,COD,In Transit,2663.8095
103956,2023-11-28,1520,West,Electronics,1142.0,7,10,UPI,delivered,7194.6
103957,2023-05-19,1138,,Electronics,1089.91,7,0,COD,In Transit,7629.370000000001
103958,2023-12-23,1275,,electronics,1039.59,0,20,Debit Card,Delivered,0.0
103959,2023-03-30,1290,,Clothing,1233.2,4,10,COD,Returned,4439.52
103960,2023-10-01,1052,SOUTH,Home,970.31,5,10,Debit Card,delivered,4366.3949999999995
103961,2023-01-19,1109,SOUTH,Clothng,606.62,3,5,,Delivered,1728.867
103962,2023-11-07,1003,SOUTH,Home,710.5,7,105,credit card,delivered,-248.6750000000002
103963,2023-12-24,1046,SOUTH,Clothing,1076.5,5,0,UPI,Returned,5382.5
103964,2023-06-03,1093,SOUTH,Electronics,1315.08,0,10,,Cancelled,0.0
103965,2023-09-17,1559,North,electronics,411.97,4,0,,In Transit,1647.88
103966,2023-04-18,1212,South,Clothing,516.4,2,15,credit card,In Transit,877.8799999999999
103967,2023-10-12,1435,West,,1396.46,6,0,Credit Card,Delivered,8378.76
103968,2023-02-28,1507,East,,869.88,3,0,Credit Card,Delivered,2609.64
103969,2023-05-05,1204,SOUTH,Clothing,272.55,0,20,,Returned,0.0
103970,2023-12-20,1380,North,Clothng,997.22,7,5,,Delivered,6631.513
103971,2023-09-30,1072,,Home,1486.19,4,0,credit card,Delivered,5944.76
103972,2023-04-17,1515,West,Home,1236.06,2,10,COD,Delivered,2224.908
103973,2023-10-26,1075,West,Clothng,1119.88,5,15,COD,delivered,4759.490000000001
103974,2023-09-02,1076,West,electronics,316.03,4,0,UPI,delivered,1264.12
103975,2023-12-02,1409,North,Electronics,1314.83,6,0,credit card,Cancelled,7888.98
103976,2023-09-04,1105,East,Electronics,791.05,2,105,Credit Card,delivered,-79.10500000000006
103977,2023-01-08,1550,SOUTH,,1334.49,0,10,credit card,In Transit,0.0
103978,2023-05-21,1475,West,electronics,498.09,7,0,credit card,Cancelled,4962.062566062325
103979,2023-12-28,1274,North,Clothng,97.77,4,20,UPI,Delivered,312.86400000000003
103980,2023-01-08,1087,,Clothing,716.58,6,5,COD,In Transit,4084.5060000000003
103981,2023-12-18,1076,South,Home,408.41,4,0,,Cancelled,1633.64
103982,2023-04-04,1076,,Clothing,1074.27,1,0,Credit Card,Cancelled,1074.27
103983,2023-11-17,1441,North,Home,1435.87,3,0,UPI,In Transit,4307.61
103984,2023-02-08,1539,North,Clothing,1038.01,4,20,Credit Card,Cancelled,3321.632
103985,2023-03-22,1244,North,Clothng,1330.97,6,0,Credit Card,In Transit,7985.82
103986,2023-07-06,1577,West,Clothng,682.27,2,0,COD,Cancelled,1364.54
103987,2023-03-25,1381,North,electronics,1158.6,3,20,,Cancelled,2780.64
103988,2023-03-29,1569,South,Clothing,1265.35,0,0,,Cancelled,0.0
103989,2023-08-30,1141,West,Clothing,1067.76,6,10,COD,In Transit,5765.9039999999995
103990,2023-12-08,1367,,electronics,764.13,3,0,UPI,Cancelled,2292.39
103991,2023-04-03,1083,South,electronics,940.67,1,10,Debit Card,delivered,846.603
103992,2023-03-27,1142,north,Clothng,1052.26,7,0,UPI,delivered,7365.82
103993,2023-02-13,1351,,Clothng,383.36,0,0,UPI,delivered,0.0
103994,2023-05-17,1544,North,,1215.32,4,10,Debit Card,delivered,4375.152
103995,2023-03-15,1151,SOUTH,Clothing,1425.74,6,10,Credit Card,delivered,7698.996000000001
103996,2023-02-05,1157,SOUTH,Clothng,700.53,5,10,credit card,Delivered,3152.3849999999998
103997,2023-04-11,1445,West,Clothng,1053.1,0,10,Debit Card,Cancelled,0.0
103998,2023-06-05,1302,SOUTH,Clothing,1106.85,6,5,credit card,Returned,6309.044999999999
103999,2023-09-12,1449,,electronics,995.06,7,5,Credit Card,Delivered,6617.148999999999
104000,2023-06-20,1223,West,Clothing,822.94,7,10,Debit Card,In Transit,5184.522
104001,2023-08-04,1042,,Electronics,1323.06,0,10,COD,Delivered,0.0
104002,2023-06-19,1263,North,Clothing,676.15,1,10,UPI,Returned,608.535
104003,2023-09-09,1002,East,Electronics,96.35,2,10,Debit Card,Delivered,173.43
104004,2023-12-26,1267,East,Clothing,1267.61,0,0,Debit Card,Cancelled,0.0
104005,2023-11-18,1595,South,Electronics,1012.6,6,0,Credit Card,delivered,6075.6
104006,2023-02-24,1015,North,Electronics,1274.64,7,0,COD,Cancelled,8922.480000000001
104007,2023-04-01,1333,SOUTH,Clothing,212.13,2,-5,Debit Card,Delivered,445.473
104008,2023-10-05,1463,North,,50.98,3,15,COD,Returned,129.999
104009,2023-04-11,1058,north,Clothng,1401.89,5,10,credit card,In Transit,6537.444157126342
104010,2023-06-04,1176,East,Home,225.85,1,0,Debit Card,Cancelled,225.85
104011,2023-12-15,1062,SOUTH,Clothng,1215.43,7,0,COD,Returned,7408.567457840793
104012,2023-12-30,1560,,Electronics,1235.7,4,20,UPI,In Transit,3954.2400000000002
104013,2023-05-21,1306,,Clothing,1064.51,7,20,Credit Card,delivered,5961.256
104014,2023-06-22,1245,East,Clothing,201.24,6,0,,Cancelled,1207.44
104015,2023-01-10,1288,North,Clothing,1002.76,6,15,COD,Cancelled,5114.075999999999
104016,2023-08-16,1331,SOUTH,Clothing,1334.18,6,5,Credit Card,delivered,7604.826
104017,2023-09-22,1526,South,,641.17,0,0,,delivered,0.0
104018,2023-09-05,1254,,Home,623.21,5,15,Debit Card,Delivered,2648.6425
104019,2023-09-04,1509,North,electronics,667.07,5,10,Debit Card,In Transit,3001.8150000000005
104020,2023-06-04,1462,South,Electronics,128.0,2,15,credit card,Returned,217.6
104021,2023-02-03,1198,SOUTH,Home,1338.58,0,0,Credit Card,delivered,0.0
104022,2023-05-09,1270,East,Clothng,1304.43,6,0,UPI,Delivered,7826.58
104023,2023-06-09,1557,north,electronics,1496.87,5,0,UPI,In Transit,7484.349999999999
104024,2023-03-30,1063,West,electronics,879.85,7,0,COD,In Transit,6158.95
104025,2023-04-03,1229,East,Clothing,1128.03,6,5,UPI,Cancelled,6429.771
104026,2023-11-23,1248,South,Home,307.99,6,0,,Delivered,1847.94
104027,2023-08-29,1245,North,Clothng,1002.96,6,5,Credit Card,Delivered,5716.872
104028,2023-11-19,1586,,Clothing,976.35,1,0,Debit Card,Cancelled,976.35
104029,2023-04-27,1156,SOUTH,Clothing,1352.31,4,15,Credit Card,Returned,4597.853999999999
104030,2023-04-04,1563,East,,1247.04,3,10,Credit Card,delivered,3367.008
104031,2023-06-12,1087,,Electronics,1408.01,7,10,Debit Card,Cancelled,8870.463
104032,2023-04-09,1312,,electronics,1303.91,3,0,,delivered,3911.7300000000005
104033,2023-04-23,1065,north,Clothng,1303.7,2,0,Credit Card,Delivered,2607.4
104034,2023-12-25,1019,SOUTH,electronics,100.27,5,0,UPI,Cancelled,501.34999999999997
104035,2023-04-01,1032,South,Home,1269.71,3,0,COD,Returned,3809.13
104036,2023-12-12,1557,SOUTH,Electronics,913.18,2,0,COD,delivered,1826.36
104037,2023-07-25,1072,SOUTH,Clothing,573.76,4,0,Credit Card,delivered,2295.04
104038,2023-01-17,1342,North,Electronics,89.49,6,10,,delivered,565.5182626005939
104039,2023-10-01,1132,West,Clothing,1018.12,7,105,Debit Card,Delivered,-356.3420000000003
104040,2023-06-22,1054,,Electronics,495.66,7,0,credit card,delivered,3469.6200000000003
104041,2023-04-26,1060,South,Clothing,704.33,0,20,,In Transit,0.0
104042,2023-12-15,1519,North,electronics,1024.18,1,0,Credit Card,delivered,1024.18
104043,2023-06-30,1271,,electronics,1368.1,4,10,Credit Card,Delivered,4925.16
104044,2023-04-01,1245,West,electronics,1239.03,4,10,credit card,Cancelled,4460.508
104045,2023-03-23,1175,North,electronics,678.64,3,-5,COD,delivered,2137.7160000000003
104046,2023-11-20,1316,West,Electronics,584.74,3,0,,delivered,1754.22
104047,2023-04-24,1130,West,Clothing,363.47,1,0,COD,Cancelled,363.47
104048,2023-09-14,1101,West,electronics,561.78,7,0,credit card,In Transit,3932.46
104049,2023-02-27,1309,North,Electronics,171.01,0,5,Debit Card,Delivered,0.0
104050,2023-06-03,1291,SOUTH,Clothing,1456.8,4,-5,Credit Card,Cancelled,6118.56
104051,2023-12-31,1494,West,Electronics,863.01,5,15,UPI,Delivered,3667.7925
104052,2023-04-26,1360,SOUTH,,196.07,3,15,COD,Cancelled,257.20718045131264
104053,2023-12-09,1337,,electronics,532.44,7,5,COD,Returned,3540.726
104054,2023-09-23,1578,,Home,822.82,4,20,,In Transit,2633.0240000000003
104055,2023-11-11,1009,South,Electronics,801.66,0,5,COD,Returned,0.0
104056,2023-07-22,1048,north,electronics,58.08,7,0,Debit Card,Cancelled,406.56
104057,2023-02-10,1486,SOUTH,Clothng,1426.51,2,20,credit card,Cancelled,2282.416
104058,2023-04-15,1320,,Clothing,416.69,0,0,Debit Card,Delivered,0.0
104059,2023-07-12,1568,north,,29.2,4,0,COD,Cancelled,116.8
104060,2023-10-05,1132,West,electronics,119.28,4,0,,Delivered,477.12
104061,2023-12-20,1582,north,Clothng,872.39,1,10,Credit Card,Delivered,785.151
104062,2023-08-25,1082,north,Electronics,210.99,7,10,COD,Cancelled,1329.237
104063,2023-08-09,1056,West,Electronics,67.38,7,0,Credit Card,Delivered,471.65999999999997
104064,2023-03-09,1375,SOUTH,Clothng,572.54,7,15,,In Transit,3406.613
104065,2023-07-16,1348,West,,936.03,4,15,Credit Card,Returned,3182.502
104066,2023-09-13,1270,South,Clothng,172.2,7,-5,COD,Cancelled,1265.6699999999998
104067,2023-05-19,1482,East,Clothing,473.43,7,10,COD,Delivered,2982.6090000000004
104068,2023-11-08,1110,North,Electronics,629.55,3,15,Credit Card,Delivered,1605.3524999999997
104069,2023-05-29,1075,West,Clothng,243.39,5,15,Debit Card,Delivered,1034.4074999999998
104070,2023-04-09,1157,West,Home,761.58,1,0,Debit Card,Delivered,761.58
104071,2023-03-17,1531,north,Home,132.4,4,0,,In Transit,529.6
104072,2023-10-09,1328,South,Clothng,74.55,7,5,Debit Card,Cancelled,495.7575
104073,2023-04-19,1121,,Clothing,782.15,0,0,UPI,Cancelled,0.0
104074,2023-07-07,1040,,Electronics,375.61,4,0,Credit Card,In Transit,1502.44
104075,2023-07-18,1166,north,Home,147.58,0,5,UPI,In Transit,0.0
104076,2023-10-30,1022,SOUTH,Clothng,638.75,0,0,UPI,In Transit,0.0
104077,2023-11-23,1278,West,Clothng,1373.14,4,0,Credit Card,Cancelled,5492.56
104078,2023-06-03,1468,West,electronics,1087.67,0,5,UPI,delivered,0.0
104079,2023-02-09,1399,north,Clothng,1224.35,5,15,,Returned,5203.4875
104080,2023-05-13,1008,West,Clothing,1308.51,2,20,,In Transit,2093.616
104081,2023-05-12,1012,SOUTH,Home,1459.08,1,5,Credit Card,In Transit,1386.126
104082,2023-10-06,1051,East,electronics,1146.05,4,5,credit card,Cancelled,4354.99
104083,2023-12-28,1208,North,Home,914.57,6,0,credit card,Cancelled,5487.42
104084,2023-03-25,1549,North,Home,551.31,2,0,Credit Card,Returned,1102.62
104085,2023-08-30,1401,North,Clothing,276.56,7,0,Credit Card,Delivered,1935.92
104086,2023-04-26,1190,East,Clothng,1031.56,0,15,Credit Card,Cancelled,0.0
104087,2023-04-19,1050,West,Clothing,1492.45,0,5,Debit Card,Returned,0.0
104088,2023-08-09,1392,north,Clothng,703.7,1,15,Credit Card,Cancelled,598.145
104089,2023-02-10,1299,,electronics,1086.9,2,15,,Cancelled,1847.73
104090,2023-05-27,1195,South,Clothing,745.16,2,0,,Cancelled,1490.32
104091,2023-04-22,1416,West,Clothing,650.74,4,5,COD,delivered,2472.812
104092,2023-04-13,1419,East,,618.41,7,5,credit card,delivered,4112.4265
104093,2023-02-15,1521,SOUTH,Electronics,759.41,0,5,credit card,In Transit,0.0
104094,2023-11-20,1355,East,Clothing,553.51,6,5,Credit Card,delivered,3155.0069999999996
104095,2023-09-28,1147,,,1124.42,3,105,credit card,Returned,-168.66300000000015
104096,2023-07-14,1364,North,Electronics,1312.04,7,20,Credit Card,Cancelled,8736.074990449559
104097,2023-10-07,1363,West,Clothng,1324.91,6,-5,Credit Card,delivered,8346.933
104098,2023-10-10,1401,,Clothng,345.41,4,0,credit card,Cancelled,1381.64
104099,2023-02-09,1491,North,Clothng,1344.38,4,0,credit card,Delivered,5377.52
104100,2023-07-08,1228,South,,515.62,4,0,COD,In Transit,2062.48
104101,2023-06-13,1574,SOUTH,,467.41,1,0,UPI,delivered,467.41
104102,2023-01-24,1536,North,Electronics,1091.5,1,5,COD,Cancelled,1036.925
104103,2023-01-24,1267,South,Clothng,460.52,7,10,COD,Delivered,2901.276
104104,2023-01-04,1404,East,Home,84.18,4,5,credit card,In Transit,319.884
104105,2023-11-19,1010,North,Clothing,563.56,5,-5,,In Transit,2958.69
104106,2023-10-17,1319,North,,1083.59,3,-5,COD,Delivered,3413.3084999999996
104107,2023-06-30,1125,north,,493.8,2,0,,delivered,987.6
104108,2023-09-05,1305,SOUTH,,946.19,2,20,credit card,delivered,1513.9040000000002
104109,2023-04-26,1510,SOUTH,Electronics,991.88,0,5,Debit Card,Cancelled,0.0
104110,2023-10-06,1088,,Clothng,1101.94,2,5,Credit Card,Returned,2093.686
104111,2023-12-31,1354,East,Home,1346.21,6,15,UPI,Cancelled,6865.671
104112,2023-03-10,1351,north,Clothing,651.68,2,0,,Cancelled,1303.36
104113,2023-12-17,1013,,Clothing,253.82,3,20,Debit Card,Cancelled,609.168
104114,2023-09-11,1256,South,Clothng,481.79,2,10,,Delivered,867.2220000000001
104115,2023-06-30,1208,,Home,651.09,6,20,Credit Card,In Transit,3125.232
104116,2023-11-14,1280,South,Electronics,1072.27,3,105,Credit Card,In Transit,-160.84050000000013
104117,2023-06-18,1442,East,,24.62,1,5,UPI,Returned,23.389
104118,2023-11-09,1388,SOUTH,,477.1,3,0,COD,delivered,1431.3000000000002
104119,2023-09-06,1482,South,Clothng,1170.86,1,0,Credit Card,Cancelled,1170.86
104120,2023-07-07,1146,East,Clothing,1007.93,3,0,UPI,Delivered,3023.79
104121,2023-02-23,1278,,,1098.95,4,0,,Delivered,4395.8
104122,2023-11-22,1520,South,Clothing,1218.66,6,20,,Cancelled,5849.568000000001
104123,2023-12-23,1433,West,Clothing,1175.94,5,0,,Delivered,5879.700000000001
104124,2023-11-09,1143,North,Clothng,1024.86,7,105,,Delivered,-401.5360127829953
104125,2023-05-18,1288,,electronics,662.29,1,15,,Cancelled,562.9464999999999
104126,2023-06-17,1385,SOUTH,electronics,1475.48,1,0,credit card,Returned,1475.48
104127,2023-04-13,1013,,electronics,855.76,2,5,Credit Card,Delivered,1625.944
104128,2023-03-26,1256,West,Home,308.14,1,5,Credit Card,In Transit,292.73299999999995
104129,2023-11-13,1345,East,Clothng,442.76,3,5,COD,In Transit,1261.866
104130,2023-07-31,1344,East,Clothing,1041.88,4,5,COD,In Transit,3959.1440000000002
104131,2023-01-03,1399,,,1387.49,4,0,credit card,Cancelled,5549.96
104132,2023-06-28,1206,West,Home,272.19,2,10,Credit Card,In Transit,489.942
104133,2023-12-08,1171,,electronics,128.11,3,5,COD,delivered,365.11350000000004
104134,2023-10-30,1463,North,Electronics,1322.89,3,15,UPI,Delivered,3373.3695
104135,2023-11-28,1269,North,Home,1373.34,0,20,,Returned,0.0
104136,2023-02-07,1220,north,Home,418.19,7,0,,In Transit,2927.33
104137,2023-08-27,1151,South,Clothng,569.04,1,0,Credit Card,Cancelled,569.04
104138,2023-06-18,1182,north,,991.98,2,15,,Returned,1686.366
104139,2023-12-09,1398,North,Home,498.25,4,105,,Cancelled,-99.65000000000009
104140,2023-11-10,1071,West,,1316.35,6,5,UPI,Returned,3634.0716222347296
104141,2023-11-02,1417,South,Clothng,165.83,5,0,Debit Card,Returned,829.1500000000001
104142,2023-01-30,1282,West,Electronics,61.78,0,0,credit card,Delivered,0.0
104143,2023-07-09,1073,north,Clothing,316.69,7,0,COD,Returned,2216.83
104144,2023-12-23,1354,East,Clothing,432.7,3,0,Debit Card,delivered,1298.1
104145,2023-01-25,1496,West,electronics,173.83,1,5,COD,delivered,165.1385
104146,2023-04-22,1327,north,electronics,103.21,4,10,Debit Card,delivered,201.69824379467352
104147,2023-07-25,1534,north,Electronics,1134.63,6,0,,Cancelled,6807.780000000001
104148,2023-07-04,1579,north,Clothing,250.59,0,0,COD,Delivered,0.0
104149,2023-02-16,1446,East,electronics,1371.31,3,0,credit card,Cancelled,4113.93
104150,2023-08-16,1372,East,,555.16,4,20,Credit Card,In Transit,1776.512
104151,2023-02-08,1361,,Home,1007.56,4,5,UPI,delivered,5356.292551509396
104152,2023-01-16,1092,East,Clothng,341.98,3,105,Debit Card,Delivered,-51.29700000000005
104153,2023-01-22,1320,South,electronics,364.28,3,5,UPI,delivered,1038.1979999999999
104154,2023-08-01,1323,East,Electronics,864.19,2,0,UPI,Delivered,1728.38
104155,2023-11-06,1383,East,Clothing,843.16,4,0,COD,Cancelled,3372.64
104156,2023-05-29,1574,East,Electronics,1154.25,3,10,Credit Card,Cancelled,3116.475
104157,2023-08-29,1345,West,Clothng,1137.93,5,5,COD,delivered,5405.1675000000005
104158,2023-09-29,1102,East,Clothng,1007.68,7,10,UPI,Returned,6348.383999999999
104159,2023-02-28,1214,South,Electronics,676.45,6,15,,Delivered,3449.895
104160,2023-10-14,1191,north,electronics,1336.51,6,15,credit card,In Transit,6816.200999999999
104161,2023-07-21,1193,West,electronics,935.75,5,0,Credit Card,Returned,4678.75
104162,2023-02-01,1379,North,Clothing,1485.35,6,20,Credit Card,Cancelled,7129.679999999999
104163,2023-06-11,1402,East,,1229.96,0,5,,Delivered,0.0
104164,2023-09-12,1599,,Clothing,71.24,6,0,UPI,Returned,427.43999999999994
104165,2023-09-11,1010,,Home,484.29,1,5,COD,In Transit,460.0755
104166,2023-01-09,1186,north,,859.95,6,10,,Returned,4643.7300000000005
104167,2023-05-19,1014,north,Home,1083.6,5,0,credit card,In Transit,7721.818642241984
104168,2023-01-10,1296,West,Clothing,827.75,2,5,Debit Card,Cancelled,1572.725
104169,2023-08-02,1410,,,1180.26,3,0,COD,Delivered,3540.7799999999997
104170,2023-09-30,1584,North,,427.57,1,0,Credit Card,Cancelled,427.57
104171,2023-11-20,1051,SOUTH,Home,279.95,2,0,,Delivered,559.9
104172,2023-02-17,1027,,Electronics,85.61,4,0,COD,Returned,342.44
104173,2023-04-21,1576,,electronics,862.1,1,0,Debit Card,Cancelled,262.86292180639964
104174,2023-06-02,1016,South,,1034.46,5,0,credit card,Delivered,5172.3
104175,2023-05-03,1350,SOUTH,,492.59,2,20,,In Transit,788.144
104176,2023-12-23,1427,north,Home,922.31,3,0,credit card,Delivered,2766.93
104177,2023-04-12,1228,SOUTH,,82.98,3,5,Debit Card,Cancelled,236.493
104178,2023-08-29,1209,,Home,153.44,6,0,Debit Card,Cancelled,920.64
104179,2023-11-17,1430,north,Electronics,1054.12,2,15,UPI,Returned,1792.0039999999997
104180,2023-07-10,1293,SOUTH,,555.26,4,0,Credit Card,In Transit,2221.04
104181,2023-08-05,1581,north,Clothng,1008.64,6,0,UPI,Delivered,6051.84
104182,2023-02-20,1103,north,Clothing,1248.42,5,0,COD,Cancelled,6242.1
104183,2023-10-19,1203,West,Electronics,1279.67,2,105,Debit Card,Delivered,-127.96700000000013
104184,2023-03-22,1052,North,Clothng,262.39,0,10,UPI,delivered,0.0
104185,2023-03-29,1374,north,Electronics,732.0,2,0,Credit Card,In Transit,1464.0
104186,2023-07-13,1053,South,electronics,1102.22,2,0,Credit Card,In Transit,2204.44
104187,2023-04-14,1275,,Electronics,1162.1,5,0,Debit Card,delivered,5810.5
104188,2023-09-28,1334,,Electronics,1178.09,3,0,,In Transit,3534.2699999999995
104189,2023-04-06,1030,South,electronics,346.11,6,15,UPI,delivered,1765.1609999999998
104190,2023-07-17,1134,East,,292.84,4,5,credit card,Delivered,1112.792
104191,2023-01-01,1057,north,Clothing,887.07,6,10,Debit Card,delivered,4790.178
104192,2023-06-16,1104,north,Clothng,1112.92,2,0,COD,Returned,2225.84
104193,2023-05-06,1265,north,Home,482.11,1,10,UPI,delivered,433.899
104194,2023-11-09,1521,SOUTH,Clothing,161.53,3,0,UPI,Delivered,484.59000000000003
104195,2023-03-22,1495,north,Electronics,1076.54,3,0,Debit Card,In Transit,3229.62
104196,2023-09-08,1252,north,Home,453.05,7,10,,Returned,2854.215
104197,2023-06-18,1294,South,electronics,253.71,2,0,UPI,delivered,507.42
104198,2023-03-14,1157,North,Clothing,225.85,5,10,UPI,Delivered,1016.325
104199,2023-05-21,1548,North,,475.79,1,20,COD,Returned,380.63200000000006
104200,2023-03-11,1066,East,Clothng,891.05,2,0,,Returned,1782.1
104201,2023-09-19,1298,South,Clothing,540.81,1,20,COD,Returned,432.64799999999997
104202,2023-12-06,1462,north,Clothing,35.89,3,0,credit card,delivered,107.67
104203,2023-11-04,1100,North,,149.88,1,0,COD,Delivered,149.88
104204,2023-09-02,1055,West,Home,439.3,6,10,credit card,Delivered,2372.2200000000003
104205,2023-01-03,1331,West,electronics,991.26,2,10,COD,Delivered,1784.268
104206,2023-12-03,1392,West,,152.28,0,0,credit card,Cancelled,0.0
104207,2023-03-04,1380,north,electronics,843.18,0,15,,In Transit,0.0
104208,2023-02-18,1091,north,,184.23,1,105,COD,Delivered,-9.211500000000008
104209,2023-03-17,1446,East,Clothing,321.36,5,0,COD,Cancelled,1606.8000000000002
104210,2023-06-24,1108,,electronics,262.42,2,20,Debit Card,Cancelled,419.87200000000007
104211,2023-04-19,1316,East,Home,105.51,4,10,COD,Returned,379.836
104212,2023-07-02,1167,East,Home,1008.64,0,-5,credit card,In Transit,0.0
104213,2023-07-11,1434,SOUTH,Clothng,697.79,7,0,Debit Card,Returned,4884.53
104214,2023-03-06,1441,West,electronics,1247.42,3,15,credit card,In Transit,3180.9210000000003
104215,2023-12-03,1217,north,Clothng,152.84,6,0,COD,Returned,917.04
104216,2023-09-28,1221,West,,221.38,2,20,COD,delivered,354.208
104217,2023-04-10,1527,East,Electronics,463.15,2,10,credit card,In Transit,833.67
104218,2023-02-01,1277,north,Home,1149.97,6,0,,Cancelled,6899.82
104219,2023-12-18,1568,South,Clothing,462.11,0,0,,Cancelled,0.0
104220,2023-05-08,1573,North,Home,615.59,6,20,,In Transit,2954.8320000000003
104221,2023-12-05,1465,North,Electronics,455.9,6,10,UPI,Returned,2461.8599999999997
104222,2023-02-12,1583,East,Clothing,124.94,4,0,Debit Card,delivered,499.76
104223,2023-03-19,1029,,electronics,1409.45,7,5,Debit Card,delivered,9372.842499999999
104224,2023-11-10,1358,West,electronics,825.07,6,20,,Delivered,3960.3360000000002
104225,2023-10-16,1287,South,Home,1182.81,3,0,COD,In Transit,3548.43
104226,2023-09-27,1085,north,Clothing,989.24,4,0,Debit Card,delivered,3956.96
104227,2023-06-11,1233,,,773.81,3,-5,credit card,Returned,2437.5015
104228,2023-07-08,1312,West,Clothing,139.07,0,0,COD,Returned,0.0
104229,2023-09-04,1364,East,Clothng,965.89,2,0,Debit Card,Cancelled,1931.78
104230,2023-08-04,1268,West,Electronics,237.28,3,0,Credit Card,delivered,711.84
104231,2023-11-11,1130,East,electronics,624.5,2,20,Debit Card,delivered,999.2
104232,2023-12-05,1350,SOUTH,Home,945.52,1,0,,Returned,945.52
104233,2023-06-17,1179,North,Clothing,1174.43,1,10,credit card,Cancelled,1056.987
104234,2023-12-05,1479,,electronics,1029.14,7,20,Debit Card,delivered,5763.184000000001
104235,2023-07-12,1162,North,Home,1008.94,0,0,UPI,Returned,0.0
104236,2023-10-10,1095,West,electronics,227.82,7,20,,Cancelled,1275.7920000000001
104237,2023-12-02,1509,South,Home,522.46,0,5,UPI,Cancelled,0.0
104238,2023-01-13,1364,north,electronics,69.15,5,10,COD,Returned,311.175
104239,2023-08-28,1352,East,,1080.62,0,0,UPI,Cancelled,0.0
104240,2023-11-16,1435,north,Clothng,1429.12,1,10,credit card,Cancelled,1680.0581360461902
104241,2023-05-27,1082,North,Electronics,399.85,3,0,Credit Card,Delivered,1248.8418148604776
104242,2023-07-23,1224,South,electronics,136.11,6,0,Credit Card,Cancelled,816.6600000000001
104243,2023-03-21,1411,South,Electronics,715.98,6,-5,COD,delivered,4510.674
104244,2023-02-12,1117,north,electronics,1285.76,6,0,COD,Cancelled,7714.5599999999995
104245,2023-03-30,1481,North,Clothing,830.2,4,20,UPI,delivered,2656.6400000000003
104246,2023-05-28,1191,north,Clothng,74.93,6,0,credit card,Returned,449.58000000000004
104247,2023-04-05,1590,West,,1461.54,0,0,UPI,Cancelled,0.0
104248,2023-05-31,1589,South,Clothng,1243.83,6,20,credit card,Returned,5970.384
104249,2023-01-02,1106,South,Electronics,201.73,4,0,credit card,In Transit,806.92
104250,2023-01-22,1381,West,Clothing,1383.09,4,20,Credit Card,Cancelled,4425.888
104251,2023-11-09,1389,North,Home,678.78,1,5,credit card,Returned,432.0351103924775
104252,2023-11-24,1243,South,Clothng,560.99,5,0,Debit Card,In Transit,2804.95
104253,2023-01-07,1584,,,694.27,3,10,credit card,delivered,1874.529
104254,2023-07-25,1467,SOUTH,Clothing,1252.69,1,0,Credit Card,delivered,1252.69
104255,2023-04-24,1537,SOUTH,Clothing,990.92,0,0,,delivered,0.0
104256,2023-09-29,1209,SOUTH,Electronics,93.58,1,15,UPI,delivered,79.54299999999999
104257,2023-03-24,1072,East,,1436.62,1,0,credit card,delivered,1436.62
104258,2023-06-28,1308,,Clothing,225.94,1,0,Debit Card,Delivered,225.94
104259,2023-07-29,1589,East,Clothing,1119.62,0,20,COD,Returned,0.0
104260,2023-11-24,1185,North,Home,956.02,0,20,UPI,In Transit,0.0
104261,2023-05-04,1252,West,Electronics,285.35,7,5,COD,In Transit,1897.5775
104262,2023-04-23,1012,north,Electronics,260.24,1,5,Debit Card,Cancelled,247.228
104263,2023-01-12,1298,,,1306.14,1,10,Credit Card,Returned,1175.526
104264,2023-05-06,1075,North,Clothing,632.44,4,5,,Delivered,2403.272
104265,2023-02-22,1050,north,Home,983.59,7,5,Credit Card,Delivered,6540.8735
104266,2023-11-27,1148,North,electronics,758.59,3,105,,Returned,-113.7885000000001
104267,2023-10-10,1121,East,Clothng,1092.39,4,0,UPI,delivered,4369.56
104268,2023-05-20,1210,SOUTH,Electronics,721.47,5,10,credit card,delivered,3246.6150000000002
104269,2023-04-07,1279,West,Home,434.63,3,20,credit card,Returned,1043.1119999999999
104270,2023-01-05,1537,East,,548.26,7,10,COD,In Transit,3837.624534155443
104271,2023-02-26,1155,West,Home,1289.32,5,20,Credit Card,delivered,5157.28
104272,2023-11-30,1237,,Clothing,704.71,3,0,credit card,Cancelled,1840.2912195123033
104273,2023-03-10,1375,north,Clothng,324.11,1,0,,Delivered,163.76843446190992
104274,2023-04-28,1081,North,Electronics,1402.24,7,20,credit card,delivered,7852.544000000001
104275,2023-02-28,1491,South,electronics,1195.92,7,0,Credit Card,In Transit,8371.44
104276,2023-02-02,1355,South,Clothing,88.22,4,15,Credit Card,delivered,299.948
104277,2023-11-14,1272,West,Electronics,1498.42,3,0,Debit Card,delivered,4495.26
104278,2023-02-19,1579,SOUTH,,1043.92,5,15,COD,Delivered,4436.66
104279,2023-01-19,1043,SOUTH,Electronics,244.6,3,5,Credit Card,Cancelled,697.1099999999999
104280,2023-08-02,1572,West,Home,359.57,0,0,Debit Card,Cancelled,0.0
104281,2023-07-16,1122,East,Clothng,1040.21,3,5,Credit Card,In Transit,3351.4500621476045
104282,2023-02-16,1348,South,electronics,1170.74,6,10,UPI,Returned,9403.536314882105
104283,2023-06-16,1329,East,Clothng,362.36,1,0,,Returned,362.36
104284,2023-10-16,1408,north,Home,389.17,2,10,,Returned,700.5060000000001
104285,2023-05-21,1322,South,electronics,464.15,0,5,UPI,In Transit,0.0
104286,2023-03-25,1110,north,electronics,899.04,2,0,UPI,delivered,1798.08
104287,2023-07-01,1088,North,Clothing,261.87,7,15,Credit Card,Cancelled,1558.1265
104288,2023-03-20,1432,East,electronics,160.84,1,0,credit card,Cancelled,160.84
104289,2023-08-03,1098,West,Electronics,1019.9,6,0,credit card,delivered,6119.4
104290,2023-01-14,1538,South,Clothng,1169.75,7,5,UPI,Cancelled,7778.8375
104291,2023-08-03,1145,East,,753.89,2,10,COD,Cancelled,423.2103977474787
104292,2023-05-08,1256,West,,548.93,7,-5,,Returned,4034.6355
104293,2023-11-06,1188,North,Clothng,650.9,3,0,Debit Card,Returned,3004.648163958098
104294,2023-09-05,1239,South,Clothing,585.67,2,0,UPI,Delivered,1171.34
104295,2023-01-29,1502,north,electronics,1440.18,4,0,,Delivered,5760.72
104296,2023-10-07,1270,North,Home,1153.29,1,15,Debit Card,Cancelled,980.2964999999999
104297,2023-12-04,1519,SOUTH,Electronics,316.09,4,5,Debit Card,Returned,1201.1419999999998
104298,2023-11-15,1549,West,Clothing,579.36,2,15,UPI,Delivered,984.912
104299,2023-07-21,1113,South,electronics,818.3,7,0,credit card,Delivered,5728.099999999999
104300,2023-12-27,1338,South,,921.41,6,20,COD,Returned,4422.768
104301,2023-02-26,1567,,Home,704.93,7,5,,Delivered,4687.784499999999
104302,2023-08-06,1358,,electronics,1216.14,7,-5,UPI,delivered,8938.629000000003
104303,2023-03-03,1333,North,Clothing,1152.57,4,0,Debit Card,delivered,4610.28
104304,2023-06-06,1168,South,Home,760.21,0,5,,Returned,0.0
104305,2023-07-21,1338,West,Home,1282.37,2,15,Credit Card,Returned,2180.0289999999995
104306,2023-01-17,1260,North,Home,1127.88,5,10,Credit Card,Delivered,5075.460000000001
104307,2023-11-18,1198,north,Home,1168.98,4,0,,Cancelled,4675.92
104308,2023-01-06,1210,North,electronics,1434.82,3,105,,In Transit,-215.22300000000018
104309,2023-02-27,1286,North,Home,403.37,2,0,Debit Card,delivered,806.74
104310,2023-11-21,1471,north,electronics,405.13,6,0,UPI,delivered,2430.7799999999997
104311,2023-11-14,1481,SOUTH,Home,1333.98,5,5,credit card,Returned,6336.405
104312,2023-06-18,1022,,Home,1159.48,6,5,UPI,Cancelled,6609.036
104313,2023-03-23,1559,West,Clothing,1390.19,0,15,COD,Returned,0.0
104314,2023-08-07,1108,SOUTH,electronics,99.38,3,0,,Delivered,298.14
104315,2023-06-26,1295,SOUTH,,943.5,2,5,Credit Card,Cancelled,1792.6499999999999
104316,2023-07-23,1005,SOUTH,electronics,221.22,6,5,Debit Card,Delivered,1260.954
104317,2023-03-12,1549,,Clothng,758.33,3,0,credit card,delivered,2274.9900000000002
104318,2023-09-23,1202,East,,237.84,2,-5,UPI,Returned,499.46400000000006
104319,2023-04-08,1324,,Clothing,196.48,2,20,COD,Returned,314.368
104320,2023-12-11,1243,SOUTH,electronics,23.19,1,5,UPI,In Transit,22.0305
104321,2023-10-18,1326,East,Clothing,947.21,4,0,COD,Cancelled,3788.84
104322,2023-07-27,1046,north,,541.74,2,-5,UPI,delivered,1137.654
104323,2023-01-02,1590,,Clothing,162.26,0,0,credit card,In Transit,0.0
104324,2023-05-04,1012,West,Clothing,487.64,5,0,credit card,In Transit,2438.2
104325,2023-10-07,1379,SOUTH,Electronics,257.57,4,0,Debit Card,Returned,1030.28
104326,2023-03-15,1364,South,electronics,1412.83,1,0,credit card,Cancelled,1412.83
104327,2023-06-15,1341,north,Clothing,483.41,4,20,COD,Returned,1546.9120000000003
104328,2023-01-22,1220,East,Electronics,504.26,4,10,Debit Card,Cancelled,1815.336
104329,2023-06-03,1072,,Electronics,1260.59,2,105,credit card,In Transit,-187.07173921980026
104330,2023-10-22,1045,West,Home,973.39,0,0,Credit Card,Delivered,0.0
104331,2023-08-07,1503,North,Home,1066.71,2,5,COD,delivered,2026.749
104332,2023-06-06,1273,West,,955.82,6,105,Debit Card,In Transit,-286.74600000000027
104333,2023-08-18,1554,West,electronics,1419.56,0,20,COD,Returned,0.0
104334,2023-01-20,1207,SOUTH,Home,314.47,6,15,Debit Card,delivered,1603.797
104335,2023-02-10,1123,SOUTH,,1483.61,0,0,COD,In Transit,0.0
104336,2023-05-28,1009,,electronics,1247.28,3,15,Credit Card,Cancelled,3180.564
104337,2023-04-18,1328,,,885.51,2,0,credit card,Returned,1771.02
104338,2023-03-25,1186,East,Electronics,995.25,7,5,UPI,In Transit,6618.412499999999
104339,2023-11-18,1542,,Electronics,974.99,7,10,UPI,Cancelled,6142.437000000001
104340,2023-11-05,1059,East,electronics,92.3,6,10,UPI,Cancelled,498.41999999999996
104341,2023-10-17,1441,SOUTH,,330.93,1,15,Debit Card,Cancelled,281.2905
104342,2023-11-19,1216,SOUTH,,1442.4,5,10,credit card,delivered,6490.8
104343,2023-05-14,1001,South,Home,803.87,7,0,,Returned,5627.09
104344,2023-07-26,1535,South,Home,570.64,7,5,Debit Card,Cancelled,3794.756
104345,2023-10-10,1355,north,electronics,1144.25,4,10,Debit Card,In Transit,4119.3
104346,2023-09-23,1164,SOUTH,Clothng,789.16,3,0,Debit Card,Cancelled,2367.48
104347,2023-03-14,1090,North,Home,24.68,6,0,,Returned,148.07999999999998
104348,2023-12-18,1166,South,Clothing,1105.68,1,0,Debit Card,delivered,1105.68
104349,2023-02-17,1206,East,Home,1099.67,5,5,credit card,Cancelled,5223.4325
104350,2023-11-22,1281,West,Clothng,251.9,5,105,UPI,In Transit,-35.27376799704716
104351,2023-08-21,1064,,,1435.21,2,0,COD,Returned,2870.42
104352,2023-04-10,1515,,Electronics,339.74,0,5,Debit Card,Cancelled,0.0
104353,2023-02-28,1156,north,Electronics,689.34,6,15,credit card,delivered,3515.634
104354,2023-09-15,1305,South,,176.53,2,0,Credit Card,Delivered,353.06
104355,2023-03-06,1394,West,Electronics,906.91,5,-5,COD,In Transit,4761.2775
104356,2023-03-24,1073,West,Home,566.3,2,0,Debit Card,Cancelled,1132.6
104357,2023-06-03,1186,South,Electronics,532.99,3,20,Debit Card,Cancelled,1279.1760000000002
104358,2023-09-23,1573,North,Clothng,1241.33,6,0,COD,Delivered,7447.98
104359,2023-11-05,1336,North,Clothng,19.29,1,0,COD,Returned,19.29
104360,2023-03-20,1567,north,Home,1197.93,5,0,Debit Card,Delivered,5989.650000000001
104361,2023-11-11,1239,North,,859.32,6,0,credit card,Returned,5155.92
104362,2023-05-30,1532,north,Clothing,1479.22,7,20,Credit Card,Cancelled,8283.632000000001
104363,2023-02-17,1140,East,Home,886.22,3,0,credit card,Delivered,2658.66
104364,2023-09-05,1264,South,Electronics,87.79,1,10,,Cancelled,79.01100000000001
104365,2023-10-05,1138,West,Home,80.71,7,0,UPI,Delivered,564.9699999999999
104366,2023-12-22,1458,north,Clothng,1325.31,3,20,UPI,Cancelled,3180.744
104367,2023-04-08,1069,,Home,1262.62,4,15,UPI,Cancelled,4292.907999999999
104368,2023-01-25,1384,North,Home,522.11,0,5,Debit Card,Cancelled,0.0
104369,2023-10-11,1197,,Clothing,928.96,7,0,Credit Card,delivered,6502.72
104370,2023-10-28,1204,north,Clothng,736.94,7,10,Credit Card,Delivered,4642.722
104371,2023-03-09,1567,SOUTH,electronics,1450.91,0,0,,delivered,0.0
104372,2023-01-07,1430,north,electronics,1425.19,0,0,Debit Card,Cancelled,0.0
104373,2023-11-01,1324,North,Clothng,1475.84,4,10,Debit Card,In Transit,5313.023999999999
104374,2023-05-17,1441,SOUTH,electronics,1300.34,5,105,Debit Card,Returned,-325.08500000000026
104375,2023-06-13,1287,SOUTH,Electronics,1364.78,5,20,Credit Card,Delivered,5459.12
104376,2023-03-24,1225,North,electronics,329.83,4,10,Debit Card,Delivered,1187.388
104377,2023-05-18,1063,SOUTH,Electronics,1247.36,0,5,COD,Returned,0.0
104378,2023-03-14,1559,South,Clothng,1064.74,0,105,COD,delivered,-0.0
104379,2023-08-25,1497,West,electronics,1444.37,1,5,COD,Returned,1372.1515
104380,2023-02-15,1059,,electronics,859.04,1,5,Debit Card,In Transit,816.088
104381,2023-04-16,1396,South,,132.32,7,-5,COD,Cancelled,972.552
104382,2023-10-15,1256,South,Electronics,898.11,2,0,,Returned,1796.22
104383,2023-09-19,1576,North,Electronics,1031.44,7,0,Debit Card,Returned,7220.08
104384,2023-06-25,1238,North,Home,334.38,6,10,,Cancelled,1805.652
104385,2023-06-15,1037,,Clothing,594.2,6,0,COD,Delivered,3565.2000000000003
104386,2023-05-25,1024,West,electronics,899.76,6,0,Debit Card,In Transit,5398.5599999999995
104387,2023-11-26,1409,north,,564.29,3,5,credit card,Returned,1608.2264999999998
104388,2023-10-10,1460,South,Clothing,565.55,1,5,UPI,Returned,537.2724999999999
104389,2023-02-23,1570,SOUTH,,203.96,1,105,credit card,Delivered,-10.19800000000001
104390,2023-06-27,1416,West,Clothing,1411.42,1,0,UPI,In Transit,1411.42
104391,2023-09-01,1356,South,electronics,1126.99,1,0,UPI,Cancelled,1126.99
104392,2023-12-07,1382,north,,6.86,7,0,COD,Cancelled,48.02
104393,2023-05-07,1157,SOUTH,Electronics,1149.59,4,10,UPI,delivered,4138.523999999999
104394,2023-09-28,1568,South,Home,1110.99,2,15,UPI,In Transit,741.3951583338269
104395,2023-05-12,1432,East,,19.55,1,5,credit card,In Transit,18.5725
104396,2023-04-03,1047,,Clothng,557.56,5,0,UPI,Returned,2787.7999999999997
104397,2023-03-14,1327,West,electronics,912.09,3,10,Debit Card,delivered,2462.643
104398,2023-09-05,1432,,electronics,681.86,6,5,,Cancelled,3886.602
104399,2023-12-14,1430,North,Clothng,1168.09,1,0,,In Transit,1168.09
104400,2023-09-30,1055,South,Clothing,641.06,4,5,Debit Card,In Transit,2436.028
104401,2023-02-12,1576,SOUTH,Home,235.03,5,5,COD,Delivered,1116.3925
104402,2023-02-10,1267,SOUTH,Clothing,1464.74,6,105,credit card,Cancelled,-299.90096413617295
104403,2023-06-19,1068,West,Clothng,366.85,0,20,Credit Card,Delivered,0.0
104404,2023-07-31,1448,West,Clothng,1077.95,7,15,,delivered,6413.802500000001
104405,2023-06-17,1256,,Home,219.02,0,20,credit card,In Transit,0.0
104406,2023-02-08,1489,SOUTH,Clothng,496.87,6,15,,delivered,2534.0370000000003
104407,2023-09-02,1048,SOUTH,Clothng,665.83,2,-5,Credit Card,Delivered,1398.2430000000002
104408,2023-05-31,1315,SOUTH,,292.39,0,0,UPI,Cancelled,0.0
104409,2023-04-21,1412,South,Home,677.69,1,5,Credit Card,In Transit,643.8055
104410,2023-02-16,1433,SOUTH,electronics,239.96,6,15,UPI,Cancelled,1223.796
104411,2023-03-04,1001,North,Clothing,840.71,4,10,,delivered,4152.089625621731
104412,2023-08-13,1144,SOUTH,electronics,997.25,2,0,credit card,Returned,3259.976164502295
104413,2023-03-10,1365,North,electronics,98.34,5,0,credit card,Cancelled,491.70000000000005
104414,2023-10-26,1419,South,,1307.34,1,0,COD,Cancelled,1307.34
104415,2023-10-17,1572,West,Clothing,281.79,0,0,,Cancelled,0.0
104416,2023-10-23,1560,North,electronics,341.92,3,0,COD,In Transit,1025.76
104417,2023-07-22,1443,South,Home,993.72,7,5,,delivered,6608.237999999999
104418,2023-03-02,1433,SOUTH,Clothing,705.78,1,20,UPI,delivered,564.624
104419,2023-11-14,1554,South,Electronics,751.6,3,15,,In Transit,1916.5800000000002
104420,2023-11-10,1056,SOUTH,,196.59,5,20,,Cancelled,771.6839674004815
104421,2023-06-10,1561,,electronics,1209.58,3,20,UPI,Cancelled,2902.992
104422,2023-11-27,1177,South,Clothng,927.5,5,5,Debit Card,Returned,4405.625
104423,2023-01-16,1292,West,Clothing,207.4,2,0,Debit Card,Cancelled,414.8
104424,2023-12-04,1045,North,Electronics,564.13,4,0,,Delivered,2256.52
104425,2023-04-04,1169,,Clothng,1216.56,0,-5,Debit Card,Cancelled,0.0
104426,2023-10-31,1270,West,Electronics,854.69,7,0,credit card,Returned,5982.83
104427,2023-05-18,1416,East,electronics,167.43,0,15,,Delivered,0.0
104428,2023-12-04,1138,SOUTH,Clothng,562.3,7,0,Credit Card,Returned,3936.0999999999995
104429,2023-02-07,1246,North,electronics,367.83,1,-5,UPI,Returned,386.2215
104430,2023-05-07,1147,West,Clothng,778.61,6,5,COD,delivered,4438.076999999999
104431,2023-10-02,1229,North,Clothing,1265.82,0,20,UPI,In Transit,0.0
104432,2023-06-13,1373,East,Home,657.22,2,0,,Returned,1314.44
104433,2023-11-15,1079,north,Home,652.85,0,0,Credit Card,Cancelled,0.0
104434,2023-03-18,1064,SOUTH,Electronics,1358.5,1,10,UPI,delivered,1222.65
104435,2023-06-23,1087,SOUTH,,866.4,0,105,COD,Delivered,-0.0
104436,2023-12-24,1087,South,Clothng,851.46,4,5,COD,In Transit,1056.2802947219982
104437,2023-11-17,1203,SOUTH,electronics,396.56,5,-5,Credit Card,delivered,2081.94
104438,2023-04-01,1381,SOUTH,,913.55,3,15,COD,Returned,2329.5525
104439,2023-08-26,1475,West,Clothing,865.99,3,15,credit card,delivered,2208.2745
104440,2023-09-21,1572,,Clothing,598.29,5,5,COD,Cancelled,2841.8774999999996
104441,2023-06-28,1538,SOUTH,Clothing,1486.09,3,0,Credit Card,Cancelled,4458.2699999999995
104442,2023-07-28,1213,SOUTH,Home,1323.43,4,0,Credit Card,Cancelled,5293.72
104443,2023-03-14,1073,East,electronics,1125.63,2,105,UPI,In Transit,-112.56300000000012
104444,2023-04-17,1060,,Clothing,808.33,1,105,COD,delivered,-40.416500000000035
104445,2023-12-11,1542,East,Clothing,695.78,4,15,COD,delivered,2365.652
104446,2023-10-22,1218,North,Electronics,281.42,1,0,,Returned,172.49704765849717
104447,2023-10-11,1011,North,Clothng,462.08,2,0,,Delivered,924.16
104448,2023-12-19,1414,SOUTH,Clothng,1162.07,4,105,Credit Card,Cancelled,-232.4140000000002
104449,2023-07-01,1031,SOUTH,Clothng,683.35,0,0,,Delivered,0.0
104450,2023-02-06,1159,South,,1323.99,6,20,UPI,Delivered,6355.152000000001
104451,2023-05-17,1236,North,Electronics,226.13,2,0,UPI,Cancelled,452.26
104452,2023-12-04,1180,West,Home,764.98,3,5,credit card,Cancelled,2180.1929999999998
104453,2023-02-25,1557,SOUTH,,972.21,4,20,credit card,Returned,3111.072
104454,2023-07-06,1340,West,Electronics,777.69,2,0,Credit Card,In Transit,1555.38
104455,2023-12-07,1457,SOUTH,Clothing,1334.39,2,0,UPI,Cancelled,2668.78
104456,2023-09-15,1079,West,electronics,1484.4,4,105,UPI,Delivered,-296.8800000000003
104457,2023-02-27,1472,north,,178.17,3,10,credit card,Returned,481.059
104458,2023-12-29,1111,West,,199.28,5,15,,delivered,846.9399999999999
104459,2023-05-03,1291,,Clothing,199.83,3,15,credit card,Returned,509.5665
104460,2023-07-07,1382,North,Clothing,1023.36,2,0,Credit Card,Cancelled,2046.72
104461,2023-08-18,1016,SOUTH,electronics,562.15,1,0,UPI,Cancelled,562.15
104462,2023-06-17,1492,North,Clothng,1101.31,5,5,Credit Card,In Transit,5231.222499999999
104463,2023-04-24,1330,,,611.18,7,0,credit card,Returned,4278.259999999999
104464,2023-09-09,1485,,Electronics,943.27,5,5,COD,Cancelled,4480.5325
104465,2023-04-17,1405,West,Home,1155.94,2,15,credit card,Delivered,1965.098
104466,2023-02-06,1116,East,Clothing,824.58,4,0,UPI,Delivered,3298.32
104467,2023-12-01,1554,East,Clothing,811.56,4,10,Credit Card,Returned,2921.616
104468,2023-04-02,1114,,Home,136.91,4,0,,In Transit,547.64
104469,2023-01-18,1548,East,Electronics,619.12,3,0,,Returned,1857.3600000000001
104470,2023-12-20,1546,SOUTH,Clothing,820.94,0,5,UPI,In Transit,0.0
104471,2023-03-04,1335,South,Home,695.66,4,20,credit card,Delivered,2226.112
104472,2023-05-30,1335,north,Clothing,1351.67,4,0,credit card,Cancelled,5406.68
104473,2023-05-19,1146,West,Clothng,1360.26,5,10,Debit Card,delivered,6121.17
104474,2023-07-05,1121,South,Clothng,1233.77,1,10,credit card,Cancelled,1110.393
104475,2023-07-04,1080,East,Clothing,566.07,1,0,UPI,Delivered,566.07
104476,2023-07-24,1374,West,Clothing,1077.36,2,5,Credit Card,Delivered,2046.9839999999997
104477,2023-09-17,1569,South,Clothng,595.96,2,-5,Credit Card,Cancelled,1251.516
104478,2023-08-02,1062,North,Clothing,352.73,2,5,Debit Card,Cancelled,670.187
104479,2023-09-13,1503,East,Electronics,517.64,4,0,,Delivered,689.7149685934215
104480,2023-05-15,1448,South,Electronics,111.09,1,10,UPI,Cancelled,99.98100000000001
104481,2023-03-02,1427,SOUTH,electronics,501.01,2,10,credit card,delivered,901.818
104482,2023-12-29,1426,North,Electronics,693.81,7,0,COD,delivered,4856.67
104483,2023-11-06,1420,East,,1433.44,1,0,Credit Card,Returned,1433.44
104484,2023-03-29,1321,north,,473.55,4,0,UPI,delivered,1894.2
104485,2023-11-20,1165,,,1354.17,5,0,Debit Card,Delivered,6770.85
104486,2023-07-26,1596,East,Clothing,347.14,4,0,COD,Delivered,1388.56
104487,2023-05-09,1460,SOUTH,Clothing,290.5,2,5,,Returned,551.9499999999999
104488,2023-11-07,1458,north,Home,780.9,4,0,UPI,In Transit,3123.6
104489,2023-01-03,1188,north,,1010.4,4,20,credit card,Returned,3233.28
104490,2023-08-30,1463,north,,71.28,7,10,,In Transit,449.064
104491,2023-05-01,1378,West,Electronics,335.49,1,20,Credit Card,In Transit,416.0186958085245
104492,2023-04-12,1001,West,Clothng,686.25,0,5,credit card,Cancelled,0.0
104493,2023-02-07,1363,,Clothng,499.85,7,0,Debit Card,delivered,3498.9500000000003
104494,2023-12-07,1071,north,electronics,1070.37,3,5,Credit Card,In Transit,2679.0322118585937
104495,2023-05-13,1426,,Home,769.19,7,20,COD,Cancelled,7270.715218460149
104496,2023-07-21,1169,North,Clothng,244.74,2,0,Credit Card,Returned,489.48
104497,2023-12-14,1204,north,electronics,1342.23,6,0,credit card,Returned,8053.38
104498,2023-01-21,1336,South,Electronics,442.89,0,0,,In Transit,0.0
104499,2023-08-30,1471,north,Home,1098.04,5,0,UPI,Cancelled,5490.2
104500,2023-04-19,1194,West,Home,1170.97,6,0,UPI,Delivered,7025.82
104501,2023-10-30,1274,West,,1444.92,2,0,UPI,delivered,2889.84
104502,2023-03-25,1006,South,Clothing,750.27,0,0,Debit Card,In Transit,0.0
104503,2023-03-24,1565,South,,925.67,4,10,Debit Card,Delivered,3332.412
104504,2023-10-18,1572,East,Electronics,505.64,2,0,UPI,delivered,1011.28
104505,2023-03-10,1598,North,,1018.88,0,10,COD,Delivered,0.0
104506,2023-05-09,1177,North,Home,697.76,3,5,credit card,Cancelled,1988.6159999999998
104507,2023-07-15,1241,North,,659.29,4,5,COD,In Transit,2505.3019999999997
104508,2023-05-20,1202,SOUTH,electronics,1283.92,7,0,UPI,Delivered,8987.44
104509,2023-10-10,1542,West,,80.0,2,5,credit card,Delivered,152.0
104510,2023-11-08,1461,North,Clothng,1323.53,5,0,Debit Card,Delivered,6617.65
104511,2023-08-22,1079,East,Electronics,1278.84,7,5,Credit Card,In Transit,8504.285999999998
104512,2023-01-23,1522,East,Electronics,762.02,5,10,Credit Card,Cancelled,3429.09
104513,2023-06-02,1416,North,Home,737.85,2,0,credit card,Cancelled,1929.0067533489546
104514,2023-10-04,1383,South,,545.9,0,0,COD,Delivered,0.0
104515,2023-03-02,1390,East,Home,1491.29,7,0,credit card,Cancelled,10439.029999999999
104516,2023-11-15,1125,,Home,171.2,7,0,COD,delivered,1198.3999999999999
104517,2023-02-21,1493,South,electronics,887.37,2,0,,Cancelled,1774.74
104518,2023-12-10,1046,,Clothing,1024.11,6,105,COD,Delivered,-307.2330000000003
104519,2023-06-02,1475,West,Home,1401.82,4,0,Credit Card,delivered,5607.28
104520,2023-08-25,1463,SOUTH,Clothing,1171.4,1,5,Debit Card,In Transit,1112.83
104521,2023-11-07,1122,East,Clothing,967.55,7,10,UPI,Returned,6095.565
104522,2023-10-29,1473,South,Electronics,179.63,5,10,Debit Card,Cancelled,808.335
104523,2023-02-01,1133,,Clothng,563.73,7,-5,UPI,delivered,4143.4155
104524,2023-02-24,1561,North,Clothng,212.57,7,20,,Returned,1190.392
104525,2023-12-18,1022,,,1322.41,0,15,Credit Card,In Transit,0.0
104526,2023-02-05,1565,,electronics,1125.68,3,105,UPI,Returned,-168.85200000000015
104527,2023-04-20,1234,West,electronics,1137.52,7,0,,In Transit,7962.639999999999
104528,2023-06-26,1058,north,Clothng,980.12,2,10,COD,Delivered,1764.2160000000001
104529,2023-12-28,1163,north,,763.03,4,20,credit card,Delivered,2441.696
104530,2023-11-10,1215,North,Clothng,229.21,2,10,UPI,In Transit,412.57800000000003
104531,2023-10-22,1182,West,,497.89,3,105,Debit Card,Returned,-74.68350000000007
104532,2023-12-02,1568,West,,209.69,4,0,Credit Card,Cancelled,838.76
104533,2023-04-07,1089,West,,1088.75,3,5,Credit Card,Returned,3102.9375
104534,2023-08-01,1310,West,,244.54,4,105,,Returned,-48.908000000000044
104535,2023-11-13,1556,north,Electronics,1054.66,1,0,credit card,Cancelled,1054.66
104536,2023-05-17,1256,South,Electronics,1039.92,5,15,COD,Returned,4419.66
104537,2023-01-06,1532,West,Clothng,691.66,4,0,COD,Returned,3841.2209525729663
104538,2023-04-19,1532,South,,207.17,3,10,Credit Card,delivered,559.359
104539,2023-02-04,1051,,Home,475.63,0,-5,COD,In Transit,0.0
104540,2023-02-08,1337,,,483.54,7,0,,Delivered,3384.78
104541,2023-05-30,1170,West,Home,1052.08,5,0,credit card,In Transit,5260.4
104542,2023-04-28,1066,East,Electronics,175.05,7,0,Credit Card,Returned,1931.7648054355452
104543,2023-09-18,1299,SOUTH,,1244.46,6,20,COD,Cancelled,5973.408
104544,2023-03-28,1231,East,Clothing,1142.71,1,15,UPI,Cancelled,971.3035
104545,2023-03-17,1067,,Clothng,283.53,2,0,UPI,Delivered,567.06
104546,2023-11-09,1505,SOUTH,,1080.15,1,0,,Delivered,1080.15
104547,2023-08-02,1027,East,electronics,1004.43,1,20,COD,Delivered,803.544
104548,2023-10-12,1050,West,Home,1123.44,2,20,UPI,Cancelled,1797.5040000000001
104549,2023-08-27,1259,South,,287.45,4,0,credit card,Returned,1149.8
104550,2023-06-14,1590,SOUTH,Clothing,240.6,7,0,Debit Card,Delivered,1684.2
104551,2023-03-28,1585,north,Home,358.54,1,15,credit card,Delivered,304.759
104552,2023-05-21,1183,North,Clothing,551.98,7,5,,Cancelled,3670.667
104553,2023-06-09,1022,SOUTH,Clothng,1191.53,5,105,credit card,Returned,-297.8825000000002
104554,2023-02-15,1128,SOUTH,Clothng,1108.2,7,5,COD,Delivered,7369.53
104555,2023-04-22,1290,north,Clothng,1388.55,1,10,credit card,Returned,1249.695
104556,2023-02-14,1500,West,Electronics,92.65,0,5,COD,delivered,0.0
104557,2023-09-04,1185,East,Clothing,22.28,5,-5,Credit Card,Delivered,116.97000000000001
104558,2023-04-14,1478,East,,1050.21,0,0,COD,Delivered,0.0
104559,2023-03-26,1570,,electronics,422.53,5,0,,Cancelled,2112.6499999999996
104560,2023-05-14,1491,South,electronics,504.45,3,0,COD,delivered,1711.968434019092
104561,2023-04-18,1512,West,Clothng,822.47,2,20,Credit Card,delivered,1315.9520000000002
104562,2023-01-18,1066,north,electronics,158.11,5,5,Debit Card,delivered,751.0225
104563,2023-04-04,1466,West,Home,965.83,5,0,,In Transit,4829.150000000001
104564,2023-05-30,1284,West,Clothing,491.1,4,5,Credit Card,Cancelled,1866.18
104565,2023-09-03,1416,East,Clothing,950.91,7,0,COD,Cancelled,6656.37
104566,2023-10-16,1099,north,Clothing,1251.84,4,0,,Delivered,6321.346143100852
104567,2023-07-28,1188,North,Home,260.81,7,0,UPI,Cancelled,1825.67
104568,2023-05-06,1387,SOUTH,,1396.66,3,10,COD,Delivered,3770.9820000000004
104569,2023-08-23,1240,East,Electronics,798.38,4,15,Credit Card,Delivered,2714.4919999999997
104570,2023-05-02,1416,north,Home,1384.78,6,20,COD,In Transit,3680.2294728939323
104571,2023-05-18,1175,South,Clothing,315.56,7,-5,Credit Card,Cancelled,2319.366
104572,2023-04-25,1386,SOUTH,Clothing,908.82,6,5,credit card,Cancelled,5180.273999999999
104573,2023-06-11,1470,SOUTH,Clothing,608.81,4,15,Debit Card,In Transit,2069.9539999999997
104574,2023-07-20,1232,East,,1162.46,6,0,Debit Card,In Transit,6974.76
104575,2023-08-22,1451,,electronics,910.83,7,0,,Cancelled,6375.81
104576,2023-01-28,1276,South,Electronics,744.3,0,0,Credit Card,Cancelled,0.0
104577,2023-01-11,1228,East,Home,1369.91,6,5,Debit Card,Delivered,7808.487
104578,2023-07-25,1170,West,Clothing,568.79,4,0,UPI,Returned,2275.16
104579,2023-06-16,1212,,Clothng,333.87,4,0,,Delivered,1335.48
104580,2023-09-04,1281,north,Electronics,914.11,6,10,UPI,delivered,4936.194
104581,2023-02-16,1040,South,Clothng,937.92,7,0,Debit Card,delivered,6565.44
104582,2023-09-03,1121,SOUTH,Electronics,661.45,3,10,Credit Card,Returned,1785.9150000000002
104583,2023-05-07,1226,East,Clothing,732.48,3,5,,In Transit,2087.5679999999998
104584,2023-05-27,1293,SOUTH,Electronics,1439.53,7,0,UPI,delivered,10076.71
104585,2023-04-28,1599,South,Electronics,1100.37,1,0,Debit Card,In Transit,1100.37
104586,2023-06-01,1266,SOUTH,Clothing,170.35,4,0,COD,In Transit,681.4
104587,2023-03-13,1540,East,,322.13,4,0,UPI,Delivered,1288.52
104588,2023-12-29,1450,,Clothng,1463.49,5,10,credit card,In Transit,6585.705
104589,2023-05-17,1448,East,,1091.07,4,15,,Returned,3709.6379999999995
104590,2023-06-24,1060,North,Clothng,1372.99,0,0,UPI,Delivered,0.0
104591,2023-10-16,1501,SOUTH,electronics,459.27,6,0,,Returned,2755.62
104592,2023-01-19,1146,North,Clothng,1114.09,5,20,Debit Card,In Transit,4456.36
104593,2023-07-14,1333,,Clothng,1072.43,4,0,Debit Card,delivered,4289.72
104594,2023-11-26,1141,North,Electronics,445.56,0,0,,In Transit,0.0
104595,2023-06-24,1043,SOUTH,electronics,828.47,1,5,Debit Card,Returned,787.0465
104596,2023-12-20,1143,South,Clothing,942.99,5,10,Credit Card,Cancelled,4243.455
104597,2023-05-21,1332,West,Clothing,724.29,6,10,,Cancelled,3911.1659999999997
104598,2023-09-03,1496,,Home,1241.63,6,15,Credit Card,delivered,6332.313
104599,2023-04-03,1395,East,electronics,1250.14,7,0,,Returned,8750.980000000001
104600,2023-08-27,1054,north,Electronics,1276.65,7,5,COD,delivered,5933.040870818844
104601,2023-07-24,1306,,Home,1206.12,2,0,COD,Delivered,2412.24
104602,2023-02-17,1422,North,Home,734.68,4,15,UPI,In Transit,2497.912
104603,2023-09-02,1416,South,Clothing,575.25,5,20,Debit Card,Delivered,3689.7417448877604
104604,2023-11-16,1324,SOUTH,Clothng,1247.91,6,0,COD,Cancelled,7487.460000000001
104605,2023-11-13,1079,South,Electronics,737.85,3,0,Debit Card,In Transit,2213.55
104606,2023-10-22,1030,South,electronics,373.33,5,0,UPI,Delivered,1866.6499999999999
104607,2023-05-08,1111,SOUTH,Home,763.48,3,0,Credit Card,Cancelled,2290.44
104608,2023-12-10,1557,north,Electronics,217.07,4,0,COD,Delivered,868.28
104609,2023-10-09,1563,SOUTH,Clothing,1038.99,0,5,credit card,In Transit,0.0
104610,2023-01-17,1471,north,Home,507.2,3,105,credit card,Delivered,-76.08000000000007
104611,2023-03-12,1073,SOUTH,Home,394.68,5,0,credit card,In Transit,1973.4
104612,2023-09-26,1552,North,,1434.98,7,0,credit card,Delivered,10044.86
104613,2023-11-21,1478,north,Clothing,1166.44,5,0,credit card,delivered,5832.200000000001
104614,2023-10-09,1588,North,,1181.67,6,0,credit card,Delivered,7090.02
104615,2023-11-01,1386,,Clothing,937.46,7,0,credit card,Delivered,6562.22
104616,2023-01-07,1563,north,Clothing,1259.56,3,15,COD,delivered,3211.8779999999997
104617,2023-11-10,1432,north,,1139.95,1,0,credit card,Cancelled,1139.95
104618,2023-11-01,1411,SOUTH,Electronics,900.17,6,105,,In Transit,-270.0510000000002
104619,2023-04-13,1466,north,Electronics,1441.88,1,5,,Returned,1369.786
104620,2023-11-05,1598,North,Electronics,291.43,1,5,credit card,Cancelled,276.8585
104621,2023-07-12,1247,,Clothng,1415.35,3,0,UPI,In Transit,4246.049999999999
104622,2023-08-29,1580,SOUTH,Home,605.15,3,10,COD,Delivered,1633.905
104623,2023-03-03,1119,East,Electronics,794.96,5,5,,Cancelled,1488.012796873704
104624,2023-01-17,1066,,Clothng,188.5,4,0,UPI,Delivered,754.0
104625,2023-06-20,1572,,Home,812.46,4,0,Debit Card,Cancelled,3249.84
104626,2023-01-25,1326,North,Electronics,918.75,0,-5,credit card,Cancelled,0.0
104627,2023-09-08,1469,,Clothing,1496.56,7,0,Credit Card,Returned,10475.92
104628,2023-09-10,1492,East,electronics,1462.91,3,5,credit card,delivered,4169.293500000001
104629,2023-07-26,1285,South,Electronics,1449.76,6,0,credit card,Cancelled,8698.56
104630,2023-01-29,1311,SOUTH,electronics,525.84,7,0,UPI,Delivered,3680.88
104631,2023-04-27,1308,South,Electronics,1486.94,6,0,Debit Card,Returned,8921.64
104632,2023-10-09,1096,SOUTH,Clothing,685.94,7,0,UPI,Cancelled,4801.58
104633,2023-05-24,1112,,electronics,1278.5,4,10,COD,delivered,4602.6
104634,2023-01-25,1455,SOUTH,Clothng,328.4,4,5,Debit Card,Delivered,1247.9199999999998
104635,2023-11-06,1462,North,Clothing,761.22,1,15,,Returned,647.037
104636,2023-06-05,1131,East,electronics,1449.19,1,15,Debit Card,In Transit,1231.8115
104637,2023-03-14,1120,SOUTH,electronics,1420.81,6,0,Debit Card,delivered,8524.86
104638,2023-04-30,1196,East,,1027.18,6,10,UPI,In Transit,5546.772
104639,2023-11-08,1481,SOUTH,,1197.73,1,15,credit card,In Transit,1018.0705
104640,2023-11-17,1038,East,Clothing,268.76,2,10,credit card,Returned,483.768
104641,2023-04-03,1565,South,Clothing,1083.88,7,10,credit card,Returned,6828.444
104642,2023-03-27,1511,North,Clothing,928.99,4,15,credit card,Returned,3158.566
104643,2023-12-02,1473,SOUTH,Home,141.87,1,0,credit card,In Transit,141.87
104644,2023-12-30,1160,West,Clothng,174.17,1,15,COD,Delivered,148.0445
104645,2023-04-28,1288,East,Electronics,167.12,3,0,Credit Card,Returned,501.36
104646,2023-08-21,1199,East,,1087.91,6,10,,delivered,5874.714000000001
104647,2023-07-18,1527,West,electronics,216.86,5,0,Debit Card,Returned,802.0048823401386
104648,2023-07-25,1502,North,,704.26,1,20,Credit Card,Returned,563.408
104649,2023-12-05,1247,East,Electronics,538.69,3,5,COD,Returned,1535.2665000000002
104650,2023-05-27,1382,North,Clothing,828.0,0,10,credit card,In Transit,0.0
104651,2023-09-28,1217,East,,1061.18,1,15,COD,Delivered,902.003
104652,2023-05-19,1086,,Clothng,1028.66,5,20,,Returned,4114.64
104653,2023-06-30,1081,north,Clothng,775.7,3,15,,In Transit,1978.0350000000003
104654,2023-01-30,1061,,Home,699.18,5,0,COD,delivered,3495.8999999999996
104655,2023-02-26,1499,East,,599.73,1,20,Credit Card,Delivered,479.78400000000005
104656,2023-08-20,1041,north,Clothing,1293.56,0,10,Debit Card,In Transit,0.0
104657,2023-05-26,1011,SOUTH,electronics,499.62,1,10,UPI,Cancelled,449.658
104658,2023-02-17,1114,North,Home,392.75,3,-5,UPI,delivered,1237.1625000000001
104659,2023-07-13,1217,East,Clothing,1116.26,0,0,,delivered,0.0
104660,2023-08-12,1105,South,Home,542.85,0,0,Debit Card,Cancelled,0.0
104661,2023-05-16,1527,South,,1271.26,0,5,credit card,In Transit,0.0
104662,2023-01-22,1471,West,Electronics,495.19,2,15,COD,In Transit,841.823
104663,2023-01-06,1386,South,,1054.41,3,5,credit card,delivered,3005.0685000000003
104664,2023-07-23,1225,north,Clothing,72.44,2,10,,In Transit,130.392
104665,2023-08-27,1480,South,electronics,581.42,5,5,COD,Cancelled,2761.745
104666,2023-07-04,1407,South,electronics,518.13,0,10,UPI,In Transit,0.0
104667,2023-12-26,1456,South,Clothing,1225.93,2,20,,delivered,1961.4880000000003
104668,2023-10-19,1020,East,Home,1450.75,1,0,,In Transit,1450.75
104669,2023-12-01,1202,West,Clothng,694.02,2,10,Debit Card,Delivered,1249.236
104670,2023-08-08,1416,North,Clothing,1238.13,4,15,Credit Card,Cancelled,4209.642
104671,2023-04-26,1415,West,,1051.04,5,5,,Cancelled,4992.44
104672,2023-11-09,1447,north,electronics,1451.24,0,0,Credit Card,Returned,0.0
104673,2023-02-18,1511,East,Electronics,1217.61,0,0,Debit Card,In Transit,0.0
104674,2023-06-22,1084,SOUTH,electronics,120.83,6,15,,Cancelled,616.233
104675,2023-03-23,1166,East,Clothng,1071.36,7,0,,In Transit,7499.5199999999995
104676,2023-11-18,1383,,electronics,805.57,5,0,UPI,Delivered,4027.8500000000004
104677,2023-11-29,1467,South,Clothng,29.57,5,0,COD,delivered,147.85
104678,2023-02-14,1071,South,Clothing,380.71,3,5,Credit Card,delivered,1085.0234999999998
104679,2023-12-01,1520,north,electronics,1383.02,1,15,UPI,Returned,1175.567
104680,2023-01-20,1472,SOUTH,Home,1389.46,6,15,,Returned,7086.246
104681,2023-08-09,1257,,,1199.28,5,0,Debit Card,Cancelled,5996.4
104682,2023-05-03,1274,East,Home,1472.76,6,10,credit card,Cancelled,7952.9039999999995
104683,2023-08-22,1019,SOUTH,,1210.79,5,15,UPI,Cancelled,5145.8575
104684,2023-08-09,1489,North,electronics,20.26,6,0,UPI,Delivered,121.56
104685,2023-11-19,1489,West,electronics,435.31,3,0,credit card,Returned,1305.93
104686,2023-12-05,1325,East,,50.78,5,20,,Returned,203.12
104687,2023-01-03,1528,SOUTH,Electronics,145.69,2,10,UPI,delivered,262.242
104688,2023-07-01,1088,North,electronics,332.17,4,10,Credit Card,Returned,1195.8120000000001
104689,2023-07-25,1485,North,Electronics,757.82,4,0,,Returned,3031.28
104690,2023-11-16,1349,,Electronics,1272.06,4,20,Credit Card,Delivered,4070.592
104691,2023-02-09,1083,,,1293.64,5,10,Credit Card,Cancelled,5821.380000000001
104692,2023-02-28,1386,West,Electronics,926.22,6,20,UPI,Delivered,4445.856
104693,2023-03-03,1086,North,Electronics,1392.62,4,105,,In Transit,-206.31331891870548
104694,2023-05-12,1306,north,Clothing,752.59,1,105,UPI,delivered,-17.94278163860614
104695,2023-03-01,1153,North,Home,1334.11,2,20,UPI,delivered,2134.576
104696,2023-11-27,1439,SOUTH,Electronics,683.83,4,0,,delivered,2735.32
104697,2023-05-02,1263,,Home,419.45,0,20,,Cancelled,0.0
104698,2023-04-17,1420,north,Electronics,1375.04,5,0,,Cancelled,6875.2
104699,2023-04-06,1492,,Home,584.96,2,20,,Cancelled,935.9360000000001
104700,2023-12-13,1410,,electronics,757.59,1,0,Debit Card,delivered,757.59
104701,2023-08-23,1172,,electronics,496.65,4,10,,delivered,1787.94
104702,2023-03-03,1003,North,Home,995.94,1,0,credit card,delivered,995.94
104703,2023-09-13,1471,South,Electronics,1492.57,5,15,,In Transit,6343.4225
104704,2023-02-18,1109,North,Clothing,43.14,4,0,UPI,In Transit,172.56
104705,2023-12-14,1036,,Home,1350.27,0,5,credit card,delivered,0.0
104706,2023-06-08,1582,north,Clothng,10.87,2,20,COD,Cancelled,17.392
104707,2023-05-04,1030,North,Clothing,549.52,6,10,Credit Card,Cancelled,2967.408
104708,2023-11-13,1380,,Clothng,257.07,0,0,Debit Card,In Transit,0.0
104709,2023-07-26,1267,,Home,1137.23,4,5,credit card,In Transit,4321.474
104710,2023-02-17,1010,North,Electronics,80.66,3,0,Credit Card,delivered,326.054332194773
104711,2023-05-16,1343,North,Clothng,832.46,7,10,Debit Card,delivered,5244.4980000000005
104712,2023-07-20,1543,north,Home,445.91,2,105,,Cancelled,-44.591000000000044
104713,2023-09-07,1568,North,Clothing,204.84,1,10,Credit Card,Returned,184.356
104714,2023-11-10,1165,West,Electronics,1158.87,4,0,UPI,Cancelled,4635.48
104715,2023-12-23,1341,SOUTH,Clothng,330.04,0,0,UPI,Cancelled,0.0
104716,2023-11-14,1481,West,Home,339.39,5,105,,delivered,-84.84750000000007
104717,2023-10-22,1018,north,Electronics,416.24,6,0,Credit Card,Returned,2497.44
104718,2023-11-10,1183,South,Electronics,882.22,3,10,,Returned,2381.994
104719,2023-07-28,1544,West,electronics,991.2,6,5,,delivered,5649.84
104720,2023-12-21,1009,,Electronics,31.32,5,15,Debit Card,Delivered,133.10999999999999
104721,2023-07-30,1591,SOUTH,Home,366.6,4,20,Credit Card,delivered,1173.1200000000001
104722,2023-07-11,1191,East,Clothing,649.3,7,0,COD,In Transit,4545.099999999999
104723,2023-02-13,1319,SOUTH,,501.31,1,10,,Returned,451.17900000000003
104724,2023-01-29,1579,West,electronics,1326.84,0,5,Debit Card,delivered,0.0
104725,2023-02-28,1474,East,Home,1182.62,2,0,Debit Card,Cancelled,2365.24
104726,2023-03-12,1426,north,Home,940.71,3,0,Credit Card,Cancelled,2822.13
104727,2023-04-02,1058,SOUTH,Home,510.37,4,5,credit card,Cancelled,1939.406
104728,2023-09-22,1435,South,Clothng,1052.51,4,0,,delivered,4210.04
104729,2023-08-08,1096,East,Clothng,1266.24,4,20,,Delivered,4051.9680000000003
104730,2023-08-03,1495,East,Clothing,894.27,4,0,Credit Card,In Transit,3577.08
104731,2023-10-04,1277,SOUTH,Home,1177.77,0,0,credit card,Cancelled,0.0
104732,2023-03-05,1264,West,Clothng,1124.91,2,0,Debit Card,delivered,2249.82
104733,2023-12-12,1008,East,Clothng,859.75,1,0,UPI,Delivered,859.75
104734,2023-10-19,1456,north,Clothng,471.71,3,5,,Returned,1344.3735
104735,2023-09-02,1272,SOUTH,Clothing,1119.94,6,0,UPI,Returned,6719.64
104736,2023-03-03,1007,north,Clothing,314.16,7,15,,In Transit,1869.2520000000002
104737,2023-11-28,1207,SOUTH,Home,1170.34,4,105,Credit Card,delivered,-234.06800000000018
104738,2023-06-19,1122,north,electronics,1207.8,5,15,,delivered,5133.15
104739,2023-09-26,1032,West,Home,1234.11,4,0,credit card,Cancelled,4936.44
104740,2023-09-24,1512,SOUTH,Clothng,712.01,2,-5,,Delivered,1495.221
104741,2023-02-23,1203,,,292.76,2,0,Credit Card,In Transit,585.52
104742,2023-01-16,1517,South,Clothng,154.09,7,5,COD,Delivered,1024.6985
104743,2023-01-08,1516,West,Electronics,1116.33,0,5,Credit Card,In Transit,0.0
104744,2023-04-14,1442,north,,1329.96,0,0,Credit Card,delivered,0.0
104745,2023-02-28,1591,SOUTH,,978.0,5,20,Credit Card,delivered,3912.0
104746,2023-11-09,1338,West,Home,220.52,5,0,Credit Card,In Transit,1102.6000000000001
104747,2023-02-09,1437,north,Clothng,1402.67,0,10,credit card,Delivered,0.0
104748,2023-08-25,1444,North,Clothng,1483.71,3,0,,Returned,4451.13
104749,2023-04-04,1135,North,electronics,652.9,5,15,credit card,Returned,2774.825
104750,2023-08-10,1386,East,Electronics,894.26,0,15,credit card,Cancelled,0.0
104751,2023-07-23,1024,South,Home,1166.96,4,0,COD,Cancelled,4667.84
104752,2023-05-18,1505,North,Clothing,1105.9,0,10,COD,Delivered,0.0
104753,2023-10-27,1324,,Home,1451.84,6,15,,delivered,7404.383999999999
104754,2023-07-26,1337,north,,176.75,3,10,,Delivered,477.225
104755,2023-12-02,1094,West,Home,873.18,0,10,Credit Card,In Transit,0.0
104756,2023-03-22,1544,SOUTH,electronics,1039.44,0,10,credit card,Returned,0.0
104757,2023-08-06,1145,West,Home,1335.7,4,0,COD,Cancelled,5342.8
104758,2023-01-02,1230,East,electronics,1311.79,5,10,UPI,Delivered,5903.055
104759,2023-06-27,1494,West,,1467.11,4,5,Credit Card,Delivered,5575.017999999999
104760,2023-12-12,1037,North,electronics,770.56,6,5,Debit Card,In Transit,4392.191999999999
104761,2023-10-06,1424,West,Clothng,1246.99,6,20,credit card,delivered,5985.552000000001
104762,2023-05-26,1436,North,Clothing,643.79,7,0,Credit Card,delivered,4506.53
104763,2023-11-14,1367,North,,636.36,4,0,,Returned,2545.44
104764,2023-08-12,1344,South,electronics,383.76,0,0,Credit Card,Cancelled,0.0
104765,2023-03-03,1159,East,Electronics,1228.26,4,0,Debit Card,delivered,4913.04
104766,2023-10-21,1549,,,1478.79,2,0,,delivered,2957.58
104767,2023-08-27,1540,,Electronics,388.23,1,105,UPI,delivered,-19.411500000000018
104768,2023-07-14,1143,north,Clothing,88.92,1,0,COD,Delivered,88.92
104769,2023-06-15,1587,,electronics,1224.24,4,10,COD,delivered,6338.418655775251
104770,2023-08-10,1575,North,,932.24,5,0,Debit Card,In Transit,4661.2
104771,2023-03-02,1344,SOUTH,,1439.75,3,10,Debit Card,Returned,3887.3250000000003
104772,2023-05-09,1268,East,Clothing,382.1,6,105,COD,delivered,-114.63000000000012
104773,2023-06-22,1267,north,Clothng,111.19,4,0,UPI,Cancelled,444.76
104774,2023-06-05,1168,,Electronics,741.2,5,20,UPI,Delivered,2964.8
104775,2023-04-20,1032,,,132.77,4,105,Credit Card,In Transit,-26.554000000000027
104776,2023-09-26,1376,SOUTH,Home,396.38,0,10,Debit Card,Returned,0.0
104777,2023-12-22,1213,West,Electronics,193.34,6,0,Debit Card,Delivered,1160.04
104778,2023-10-05,1561,East,electronics,340.08,6,10,Debit Card,In Transit,1836.432
104779,2023-03-15,1439,SOUTH,Clothing,163.69,5,20,,Delivered,654.7600000000001
104780,2023-07-26,1491,,Electronics,1431.09,6,0,COD,Returned,8586.539999999999
104781,2023-10-06,1392,East,Home,421.45,3,5,COD,Returned,1201.1325
104782,2023-11-22,1488,East,Home,668.63,4,0,COD,delivered,2674.52
104783,2023-12-06,1028,,Clothing,1348.42,2,0,UPI,Cancelled,2696.84
104784,2023-12-23,1038,West,Clothing,1017.6,5,20,COD,delivered,4070.4
104785,2023-12-06,1172,West,Electronics,928.97,1,5,Credit Card,Delivered,882.5215
104786,2023-07-23,1016,,electronics,1059.82,5,0,,delivered,5299.099999999999
104787,2023-06-10,1055,East,Clothng,1244.09,7,10,COD,Returned,7837.767
104788,2023-01-28,1225,SOUTH,Home,1317.12,2,0,,Returned,2634.24
104789,2023-09-14,1557,South,Clothing,965.75,6,0,,Returned,5794.5
104790,2023-06-14,1066,North,Clothng,1335.56,7,5,UPI,delivered,9659.745028123836
104791,2023-03-04,1196,West,Clothng,805.42,2,5,Debit Card,In Transit,1530.2979999999998
104792,2023-01-22,1022,,Clothng,419.55,6,0,,delivered,2517.3
104793,2023-03-11,1236,South,electronics,1320.71,2,0,Credit Card,delivered,2641.42
104794,2023-04-06,1565,West,Clothing,814.5,3,5,UPI,delivered,2321.325
104795,2023-06-12,1137,East,Home,1359.68,3,20,credit card,delivered,3263.232
104796,2023-03-20,1472,,Clothing,65.05,5,20,,Returned,260.2
104797,2023-01-05,1552,South,Electronics,599.29,7,0,,Cancelled,4195.03
104798,2023-11-12,1228,,Home,1421.97,3,10,Debit Card,delivered,5649.099954465043
104799,2023-04-30,1316,SOUTH,Clothing,378.23,1,20,COD,delivered,302.584
104800,2023-10-29,1597,SOUTH,Home,1412.6,7,5,UPI,Cancelled,9393.789999999999
104801,2023-06-27,1560,north,Electronics,1431.08,6,-5,credit card,delivered,9015.804
104802,2023-06-25,1200,North,,1323.8,0,-5,UPI,Cancelled,0.0
104803,2023-08-05,1257,North,Home,847.68,5,0,COD,Returned,4238.4
104804,2023-02-25,1479,West,,972.17,4,0,UPI,In Transit,3888.68
104805,2023-07-06,1177,North,Clothng,1305.08,4,0,credit card,delivered,5220.32
104806,2023-08-20,1122,,electronics,1164.97,5,0,UPI,In Transit,5824.85
104807,2023-09-12,1341,,Electronics,946.99,0,-5,Credit Card,delivered,0.0
104808,2023-04-14,1170,north,Home,1473.48,4,-5,Credit Card,Delivered,6188.616
104809,2023-03-18,1058,SOUTH,Electronics,1030.09,5,0,COD,Delivered,5150.45
104810,2023-08-18,1464,South,Clothng,1463.35,5,10,credit card,Returned,6585.075
104811,2023-09-15,1259,South,,90.8,2,10,credit card,In Transit,163.44
104812,2023-09-21,1372,SOUTH,electronics,212.75,1,0,credit card,In Transit,212.75
104813,2023-11-27,1094,East,Electronics,679.93,7,10,credit card,Cancelled,4283.558999999999
104814,2023-07-01,1124,SOUTH,,580.39,4,-5,credit card,Cancelled,2437.638
104815,2023-09-13,1040,South,Clothng,1175.19,1,0,Debit Card,delivered,1175.19
104816,2023-02-07,1253,West,Clothng,245.12,6,0,UPI,Cancelled,1470.72
104817,2023-06-25,1006,north,Clothng,1464.26,5,0,,Cancelled,7321.3
104818,2023-01-27,1470,SOUTH,,476.02,0,0,credit card,In Transit,0.0
104819,2023-10-03,1510,East,Home,646.24,5,0,,Delivered,3231.2
104820,2023-05-20,1580,West,Clothing,415.74,4,5,Credit Card,In Transit,1579.812
104821,2023-10-26,1068,SOUTH,Electronics,871.15,1,5,,Cancelled,827.5925
104822,2023-10-14,1080,West,Clothing,92.65,2,15,,delivered,157.505
104823,2023-04-01,1541,SOUTH,Clothng,228.77,7,0,UPI,Delivered,1601.39
104824,2023-03-02,1584,West,Clothing,1119.97,2,0,,Cancelled,2239.94
104825,2023-12-31,1261,,,283.82,5,20,COD,Cancelled,1448.58182115602
104826,2023-12-13,1088,North,Clothng,357.09,0,20,COD,delivered,0.0
104827,2023-06-12,1207,West,Clothng,1190.51,6,0,credit card,delivered,7143.0599999999995
104828,2023-12-17,1212,,electronics,144.49,7,0,Debit Card,Cancelled,1011.4300000000001
104829,2023-05-23,1265,North,electronics,659.02,3,20,Debit Card,Cancelled,1581.6480000000001
104830,2023-09-10,1292,South,,39.48,4,0,UPI,In Transit,157.92
104831,2023-09-26,1206,North,,523.48,5,0,Debit Card,Returned,2617.4
104832,2023-10-18,1332,West,Clothing,1049.98,2,5,,delivered,1994.962
104833,2023-07-06,1076,north,Electronics,139.7,2,0,COD,delivered,279.4
104834,2023-10-31,1287,north,Clothing,1333.06,0,0,credit card,In Transit,0.0
104835,2023-10-18,1046,South,,1364.7,2,5,Credit Card,Delivered,2592.93
104836,2023-03-27,1199,West,Electronics,161.96,4,15,,Delivered,550.664
104837,2023-06-15,1426,North,Clothing,1486.14,0,20,COD,Delivered,0.0
104838,2023-04-24,1209,north,Home,449.81,1,105,COD,delivered,-22.49050000000002
104839,2023-12-22,1419,SOUTH,Home,130.73,0,0,UPI,Returned,0.0
104840,2023-07-02,1153,East,Electronics,12.58,6,0,,Returned,75.48
104841,2023-07-26,1521,West,electronics,615.74,4,15,Debit Card,In Transit,2093.516
104842,2023-09-13,1414,,Electronics,946.57,6,5,Credit Card,Delivered,5395.449
104843,2023-08-23,1352,,Clothing,501.61,4,0,Credit Card,Delivered,2006.44
104844,2023-12-21,1156,SOUTH,Clothng,1255.89,1,0,Debit Card,Cancelled,1255.89
104845,2023-01-03,1260,SOUTH,Home,1076.33,5,0,credit card,In Transit,5381.65
104846,2023-07-27,1076,West,Clothng,528.49,0,5,Debit Card,In Transit,0.0
104847,2023-07-16,1487,East,Home,1102.79,4,0,credit card,delivered,4411.16
104848,2023-12-07,1130,north,Clothing,1411.03,4,105,Credit Card,delivered,-282.20600000000024
104849,2023-05-05,1578,East,Home,144.18,1,0,,In Transit,144.18
104850,2023-05-18,1454,South,Electronics,462.63,3,105,UPI,Returned,-69.39450000000005
104851,2023-12-05,1162,North,Clothng,697.67,0,20,COD,In Transit,0.0
104852,2023-01-25,1014,North,,749.5,7,5,,Returned,4984.175
104853,2023-03-09,1231,SOUTH,Clothng,815.58,4,15,Credit Card,delivered,2772.972
104854,2023-03-02,1194,north,Clothing,454.44,2,10,Credit Card,In Transit,817.992
104855,2023-01-29,1541,East,,1002.55,1,0,Credit Card,Returned,1002.55
104856,2023-01-19,1358,SOUTH,Clothng,969.4,3,0,COD,Cancelled,2908.2
104857,2023-06-20,1330,West,Clothing,868.84,3,5,credit card,Cancelled,857.3808653747121
104858,2023-03-15,1426,SOUTH,electronics,175.07,1,10,UPI,In Transit,157.563
104859,2023-03-02,1496,West,Electronics,718.07,3,5,,Delivered,2046.4995
104860,2023-06-02,1485,West,Home,537.56,4,5,,In Transit,2042.7279999999996
104861,2023-10-03,1448,South,Home,739.1,3,5,UPI,delivered,2106.435
104862,2023-02-17,1412,South,Home,1383.19,0,5,UPI,delivered,0.0
104863,2023-07-30,1329,West,electronics,723.39,7,5,credit card,Cancelled,4810.5435
104864,2023-12-09,1146,north,Electronics,25.9,2,5,,Returned,49.209999999999994
104865,2023-05-19,1258,South,Clothng,661.06,7,20,Debit Card,Cancelled,3701.936
104866,2023-04-20,1291,South,Clothng,1231.87,7,10,Debit Card,Returned,7760.781
104867,2023-07-02,1142,North,Electronics,1171.19,4,15,UPI,In Transit,3982.0460000000003
104868,2023-01-28,1364,SOUTH,,772.52,1,10,Credit Card,Delivered,695.268
104869,2023-07-16,1089,North,Electronics,378.4,2,10,Credit Card,delivered,681.12
104870,2023-07-10,1163,north,Home,700.31,5,10,COD,In Transit,3151.395
104871,2023-11-11,1480,South,Clothng,847.73,4,0,Debit Card,Cancelled,3390.92
104872,2023-02-20,1083,,Electronics,1499.81,2,105,Credit Card,In Transit,-149.98100000000014
104873,2023-05-29,1076,South,Clothng,968.05,3,0,UPI,Delivered,2904.1499999999996
104874,2023-09-25,1516,East,Electronics,1042.93,5,0,COD,Returned,5214.650000000001
104875,2023-02-19,1484,north,Clothing,739.72,1,0,Debit Card,Delivered,739.72
104876,2023-09-03,1589,,Home,534.96,1,0,COD,Cancelled,534.96
104877,2023-04-23,1598,SOUTH,Electronics,1220.36,7,15,Credit Card,Delivered,6372.658467223258
104878,2023-06-19,1103,SOUTH,electronics,744.92,0,5,UPI,delivered,0.0
104879,2023-06-15,1451,,Electronics,1492.06,3,20,UPI,Delivered,3580.9440000000004
104880,2023-01-14,1486,SOUTH,Clothing,688.4,7,0,UPI,In Transit,4818.8
104881,2023-07-22,1338,,electronics,106.66,0,0,Credit Card,Returned,0.0
104882,2023-10-15,1565,north,electronics,1025.45,0,0,credit card,delivered,0.0
104883,2023-07-08,1477,,Electronics,74.73,3,10,,delivered,208.32630931830306
104884,2023-06-04,1222,,Clothing,379.5,4,20,,delivered,1214.4
104885,2023-02-24,1008,East,electronics,533.84,5,5,UPI,Cancelled,2535.7400000000002
104886,2023-07-01,1052,East,Home,1110.53,6,0,,Cancelled,6663.18
104887,2023-07-29,1076,North,,743.88,0,105,credit card,In Transit,-0.0
104888,2023-03-16,1502,north,Home,47.83,2,0,UPI,Returned,95.66
104889,2023-10-04,1315,north,Clothng,927.19,5,5,credit card,Delivered,4404.1525
104890,2023-05-13,1164,East,Clothng,620.1,4,5,Debit Card,In Transit,2356.38
104891,2023-12-09,1278,West,Clothing,1383.14,7,0,,Cancelled,9681.980000000001
104892,2023-02-28,1026,West,electronics,751.85,3,0,Debit Card,In Transit,2255.55
104893,2023-12-11,1069,North,Home,1064.92,1,0,UPI,Returned,1064.92
104894,2023-07-01,1217,West,Home,332.21,4,20,COD,In Transit,1063.072
104895,2023-12-05,1364,West,,1142.66,7,10,COD,delivered,7198.758000000001
104896,2023-11-17,1305,West,Clothing,1082.83,0,20,Credit Card,Delivered,0.0
104897,2023-03-05,1123,South,electronics,1356.6,2,5,Debit Card,Cancelled,2577.5399999999995
104898,2023-11-23,1018,North,Clothing,55.56,7,10,Debit Card,Cancelled,350.028
104899,2023-09-17,1256,East,Electronics,674.01,5,15,COD,Returned,2864.5425
104900,2023-07-12,1295,West,Home,1020.34,3,-5,UPI,Returned,4152.536245620573
104901,2023-05-23,1021,SOUTH,Clothing,147.27,1,0,Credit Card,Returned,147.27
104902,2023-04-14,1449,,Clothing,618.85,5,0,Debit Card,Cancelled,3461.969340268891
104903,2023-08-02,1551,South,,1413.51,2,15,Credit Card,delivered,2402.967
104904,2023-08-30,1549,West,Electronics,656.72,6,105,Debit Card,Delivered,-197.0160000000002
104905,2023-07-28,1047,,Clothng,1478.18,1,105,credit card,Returned,-73.90900000000006
104906,2023-04-03,1586,,Home,89.97,3,10,credit card,Cancelled,242.91899999999998
104907,2023-05-22,1182,South,,1078.16,5,0,Credit Card,delivered,5390.8
104908,2023-04-22,1434,North,Clothing,873.62,4,0,COD,Returned,3494.48
104909,2023-02-28,1106,SOUTH,Home,753.31,0,-5,COD,Returned,0.0
104910,2023-02-12,1187,SOUTH,Clothng,1456.42,3,5,Debit Card,Delivered,4150.797
104911,2023-07-26,1085,SOUTH,Clothing,198.83,7,0,,Delivered,1391.8100000000002
104912,2023-09-25,1455,West,Electronics,1344.52,2,-5,credit card,In Transit,2823.492
104913,2023-10-23,1136,South,Home,1038.4,4,0,credit card,Returned,4153.6
104914,2023-04-28,1335,SOUTH,,392.2,5,15,Credit Card,In Transit,1666.85
104915,2023-01-20,1468,,Electronics,1353.0,1,10,,Cancelled,1217.7
104916,2023-08-10,1570,,Clothng,646.8,4,0,Credit Card,Delivered,2587.2
104917,2023-06-15,1402,north,Clothng,1222.27,4,0,COD,delivered,4889.08
104918,2023-05-11,1539,north,Home,586.31,2,0,COD,Returned,1172.62
104919,2023-06-05,1071,South,Clothng,1277.14,0,10,,Returned,0.0
104920,2023-07-03,1023,West,electronics,956.76,6,5,,In Transit,5453.531999999999
104921,2023-03-31,1484,West,,215.86,7,0,COD,Delivered,1511.02
104922,2023-04-04,1055,North,Home,976.25,7,105,UPI,In Transit,-341.6875000000003
104923,2023-01-13,1222,North,electronics,291.06,4,0,credit card,Returned,1164.24
104924,2023-11-18,1178,SOUTH,Clothng,620.82,4,0,credit card,Delivered,2483.28
104925,2023-10-20,1433,East,Home,259.59,0,0,Credit Card,Returned,0.0
104926,2023-08-18,1449,,electronics,37.91,0,0,credit card,Delivered,0.0
104927,2023-11-18,1491,North,Clothng,321.77,1,105,Credit Card,Returned,-16.088500000000014
104928,2023-10-19,1188,West,Clothing,806.88,5,0,,delivered,4034.4
104929,2023-01-26,1577,,Clothing,724.93,7,5,,In Transit,4820.784499999999
104930,2023-03-16,1419,East,Electronics,754.74,1,20,UPI,Delivered,699.5514301609073
104931,2023-12-30,1248,North,Clothing,375.29,0,10,,In Transit,0.0
104932,2023-10-26,1587,South,electronics,1029.32,6,0,COD,Delivered,9437.436046662653
104933,2023-05-30,1163,north,,1057.87,3,20,UPI,Delivered,2538.888
104934,2023-05-28,1254,North,Clothing,540.16,0,15,COD,Delivered,0.0
104935,2023-01-08,1475,North,Home,1322.35,1,0,COD,Returned,1322.35
104936,2023-01-29,1416,South,Home,967.81,2,10,Credit Card,Cancelled,1742.058
104937,2023-10-23,1169,West,Home,1070.99,2,-5,COD,Returned,2249.079
104938,2023-07-28,1316,SOUTH,Clothing,419.62,5,5,UPI,Cancelled,1993.1949999999997
104939,2023-05-08,1173,South,Clothing,5.91,4,15,Debit Card,Returned,20.094
104940,2023-12-06,1469,SOUTH,Electronics,1298.74,6,105,,Cancelled,-389.62200000000036
104941,2023-04-26,1344,North,,1234.52,2,10,Credit Card,Delivered,2222.136
104942,2023-05-24,1444,West,,189.17,1,0,,Delivered,189.17
104943,2023-11-14,1017,East,Clothng,564.29,2,0,COD,Cancelled,1128.58
104944,2023-08-23,1069,North,Electronics,993.7,6,10,COD,Cancelled,5365.9800000000005
104945,2023-01-07,1337,South,electronics,979.91,6,0,credit card,In Transit,9455.720931499003
104946,2023-02-14,1591,East,Home,1291.22,3,105,Credit Card,Delivered,-193.68300000000016
104947,2023-08-27,1526,north,Clothing,214.7,0,5,Credit Card,Returned,0.0
104948,2023-06-04,1455,East,Clothng,647.76,0,5,UPI,In Transit,0.0
104949,2023-06-30,1268,South,Clothng,150.35,1,15,Debit Card,Cancelled,127.79749999999999
104950,2023-08-03,1187,,Clothing,587.44,4,5,UPI,Returned,2232.272
104951,2023-03-29,1568,East,Electronics,27.59,6,0,UPI,delivered,165.54
104952,2023-09-13,1528,South,Clothng,1347.92,0,0,UPI,delivered,0.0
104953,2023-03-14,1433,,,792.93,7,10,Debit Card,delivered,4995.459
104954,2023-06-28,1287,North,Electronics,1275.45,2,20,UPI,Returned,2040.7200000000003
104955,2023-07-31,1566,,Clothing,94.56,6,10,,Cancelled,510.624
104956,2023-10-20,1498,West,Electronics,345.05,3,0,Credit Card,Returned,1035.15
104957,2023-08-22,1440,north,,392.77,7,0,Debit Card,In Transit,2749.39
104958,2023-08-27,1302,,Home,583.1,4,20,COD,In Transit,1865.92
104959,2023-08-11,1086,West,Clothing,1205.29,4,-5,credit card,delivered,5062.218
104960,2023-04-29,1437,West,,582.9,4,0,credit card,Cancelled,3284.637460634424
104961,2023-11-09,1540,West,Clothing,310.96,7,15,,In Transit,1850.2119999999998
104962,2023-09-21,1021,,,102.16,0,5,Credit Card,Delivered,0.0
104963,2023-07-26,1559,South,,123.84,5,5,credit card,Delivered,588.24
104964,2023-04-05,1516,South,Clothng,1141.27,4,20,,delivered,3652.0640000000003
104965,2023-08-10,1502,north,Clothng,669.98,7,0,,delivered,4689.860000000001
104966,2023-10-03,1466,South,Clothng,1090.64,7,5,credit card,delivered,7252.756
104967,2023-08-19,1100,SOUTH,Home,1025.02,1,0,credit card,In Transit,1025.02
104968,2023-11-05,1582,South,Home,207.37,2,0,,Cancelled,414.74
104969,2023-04-29,1140,South,,218.62,5,10,,delivered,983.79
104970,2023-09-25,1137,South,electronics,1134.24,3,0,COD,Returned,3402.7200000000003
104971,2023-09-30,1577,North,Clothing,1083.3,2,10,credit card,delivered,1949.94
104972,2023-03-05,1227,north,Clothng,570.16,1,0,UPI,In Transit,570.16
104973,2023-10-25,1280,SOUTH,Clothing,120.75,1,10,,Cancelled,108.675
104974,2023-12-16,1430,South,,23.09,6,0,Credit Card,delivered,138.54
104975,2023-01-11,1039,north,Electronics,435.79,5,15,Credit Card,Delivered,1852.1075
104976,2023-04-08,1518,East,,18.79,2,10,,delivered,33.822
104977,2023-03-12,1210,North,Home,348.96,0,105,Credit Card,delivered,-0.0
104978,2023-12-30,1301,,electronics,632.15,6,-5,COD,Cancelled,3982.5449999999996
104979,2023-02-27,1085,South,Electronics,186.52,1,0,COD,Returned,186.52
104980,2023-10-17,1396,SOUTH,Clothing,160.9,4,0,,delivered,643.6
104981,2023-09-08,1252,North,Home,1345.17,3,10,credit card,delivered,3631.9590000000003
104982,2023-10-03,1532,SOUTH,Clothng,880.28,7,10,UPI,In Transit,5545.764
104983,2023-02-19,1380,,Electronics,1402.01,3,0,credit card,Cancelled,4206.03
104984,2023-12-24,1443,,Home,522.01,1,0,Credit Card,In Transit,522.01
104985,2023-08-04,1032,North,Clothing,1017.33,4,10,UPI,delivered,3662.3880000000004
104986,2023-02-21,1259,East,,311.01,2,-5,Credit Card,delivered,653.121
104987,2023-09-28,1233,north,Clothing,929.42,7,-5,UPI,Delivered,6831.237
104988,2023-03-25,1514,North,Electronics,198.73,3,0,,In Transit,596.1899999999999
104989,2023-10-20,1307,West,Electronics,8.11,4,0,Debit Card,Cancelled,32.44
104990,2023-05-06,1069,,,1397.64,4,0,COD,delivered,5590.56
104991,2023-10-23,1453,East,Electronics,834.57,0,5,COD,Delivered,0.0
104992,2023-03-13,1438,,electronics,1390.78,1,15,,Delivered,1182.163
104993,2023-10-23,1363,West,Clothng,504.08,4,15,Credit Card,Returned,1713.8719999999998
104994,2023-08-24,1480,East,Home,495.04,6,5,Credit Card,Cancelled,2821.728
104995,2023-02-25,1143,,,603.98,2,0,Debit Card,Delivered,1207.96
104996,2023-12-26,1023,West,Clothing,1060.53,3,0,credit card,Cancelled,3181.59
104997,2023-04-20,1424,West,Clothing,850.88,6,-5,UPI,delivered,5360.544
104998,2023-07-11,1174,,Clothng,1388.41,0,0,,Returned,0.0
104999,2023-04-03,1324,,Electronics,43.03,2,0,Debit Card,Cancelled,86.06
